Build and inspect Linux Electron artifacts	Set up job	﻿2026-09-11T13:49:45.3371936Z Current runner version: '2.337.0'
Build and inspect Linux Electron artifacts	Set up job	2026-09-11T13:49:45.3391344Z ##[group]Runner Image Provisioner
Build and inspect Linux Electron artifacts	Set up job	2026-09-11T13:49:45.3392113Z Hosted Compute Agent
Build and inspect Linux Electron artifacts	Set up job	2026-09-11T13:49:45.3392646Z Version: 20260828.587
Build and inspect Linux Electron artifacts	Set up job	2026-09-11T13:49:45.3393173Z Commit: abac92662cab4cc7352de4f9f9d2e2419aad9c29
Build and inspect Linux Electron artifacts	Set up job	2026-09-11T13:49:45.3393826Z Build Date: 2026-08-28T16:44:25Z
Build and inspect Linux Electron artifacts	Set up job	2026-09-11T13:49:45.3394404Z Worker ID: {1c9a74f0-adc0-421b-9784-e76c4a2875e0}
Build and inspect Linux Electron artifacts	Set up job	2026-09-11T13:49:45.3395353Z Azure Region: centralus
Build and inspect Linux Electron artifacts	Set up job	2026-09-11T13:49:45.3395881Z ##[endgroup]
Build and inspect Linux Electron artifacts	Set up job	2026-09-11T13:49:45.3397015Z ##[group]Operating System
Build and inspect Linux Electron artifacts	Set up job	2026-09-11T13:49:45.3397498Z Ubuntu
Build and inspect Linux Electron artifacts	Set up job	2026-09-11T13:49:45.3397981Z 22.04.5
Build and inspect Linux Electron artifacts	Set up job	2026-09-11T13:49:45.3398396Z LTS
Build and inspect Linux Electron artifacts	Set up job	2026-09-11T13:49:45.3398826Z ##[endgroup]
Build and inspect Linux Electron artifacts	Set up job	2026-09-11T13:49:45.3399280Z ##[group]Runner Image
Build and inspect Linux Electron artifacts	Set up job	2026-09-11T13:49:45.3399777Z Image: ubuntu-22.04
Build and inspect Linux Electron artifacts	Set up job	2026-09-11T13:49:45.3400276Z Version: 20260907.292.1
Build and inspect Linux Electron artifacts	Set up job	2026-09-11T13:49:45.3401120Z Included Software: https://github.com/actions/runner-images/blob/ubuntu22/20260907.292/images/ubuntu/Ubuntu2204-Readme.md
Build and inspect Linux Electron artifacts	Set up job	2026-09-11T13:49:45.3402538Z Image Release: https://github.com/actions/runner-images/releases/tag/ubuntu22%2F20260907.292
Build and inspect Linux Electron artifacts	Set up job	2026-09-11T13:49:45.3403341Z ##[endgroup]
Build and inspect Linux Electron artifacts	Set up job	2026-09-11T13:49:45.3404230Z ##[group]GITHUB_TOKEN Permissions
Build and inspect Linux Electron artifacts	Set up job	2026-09-11T13:49:45.3406262Z Contents: read
Build and inspect Linux Electron artifacts	Set up job	2026-09-11T13:49:45.3406787Z Metadata: read
Build and inspect Linux Electron artifacts	Set up job	2026-09-11T13:49:45.3407245Z ##[endgroup]
Build and inspect Linux Electron artifacts	Set up job	2026-09-11T13:49:45.3408871Z Secret source: Actions
Build and inspect Linux Electron artifacts	Set up job	2026-09-11T13:49:45.3409654Z Cache mode: write
Build and inspect Linux Electron artifacts	Set up job	2026-09-11T13:49:45.3410395Z Prepare workflow directory
Build and inspect Linux Electron artifacts	Set up job	2026-09-11T13:49:45.4004886Z Prepare all required actions
Build and inspect Linux Electron artifacts	Set up job	2026-09-11T13:49:45.4048146Z Getting action download info
Build and inspect Linux Electron artifacts	Set up job	2026-09-11T13:49:45.6623299Z Download action repository 'actions/checkout@v4' (SHA:11d5960a326750d5838078e36cf38b85af677262)
Build and inspect Linux Electron artifacts	Set up job	2026-09-11T13:49:46.1781574Z Download action repository 'actions/setup-node@v4' (SHA:49933ea5288caeca8642d1e84afbd3f7d6820020)
Build and inspect Linux Electron artifacts	Set up job	2026-09-11T13:49:48.1545465Z Download action repository 'actions/upload-artifact@v4' (SHA:ea165f8d65b6e75b540449e92b4886f43607fa02)
Build and inspect Linux Electron artifacts	Set up job	2026-09-11T13:49:48.3919473Z Complete job name: Build and inspect Linux Electron artifacts
Build and inspect Linux Electron artifacts	Checkout exact source head	﻿2026-09-11T13:49:48.4674212Z Node 20 is being deprecated. This workflow is running with Node 24 by default. If you need to temporarily use Node 20, you can set the ACTIONS_ALLOW_USE_UNSECURE_NODE_VERSION=true environment variable. For more information see: https://github.blog/changelog/2025-09-19-deprecation-of-node-20-on-github-actions-runners/
Build and inspect Linux Electron artifacts	Checkout exact source head	2026-09-11T13:49:48.4682935Z ##[group]Run actions/checkout@v4
Build and inspect Linux Electron artifacts	Checkout exact source head	2026-09-11T13:49:48.4683935Z with:
Build and inspect Linux Electron artifacts	Checkout exact source head	2026-09-11T13:49:48.4684938Z   ref: df6bdc7d7a066280501140d21c401c7896b9d86a
Build and inspect Linux Electron artifacts	Checkout exact source head	2026-09-11T13:49:48.4685976Z   repository: donal0c/sartracker-web
Build and inspect Linux Electron artifacts	Checkout exact source head	2026-09-11T13:49:48.4692949Z   token: ***
Build and inspect Linux Electron artifacts	Checkout exact source head	2026-09-11T13:49:48.4693666Z   ssh-strict: true
Build and inspect Linux Electron artifacts	Checkout exact source head	2026-09-11T13:49:48.4694369Z   ssh-user: git
Build and inspect Linux Electron artifacts	Checkout exact source head	2026-09-11T13:49:48.4695242Z   persist-credentials: true
Build and inspect Linux Electron artifacts	Checkout exact source head	2026-09-11T13:49:48.4696062Z   clean: true
Build and inspect Linux Electron artifacts	Checkout exact source head	2026-09-11T13:49:48.4696801Z   sparse-checkout-cone-mode: true
Build and inspect Linux Electron artifacts	Checkout exact source head	2026-09-11T13:49:48.4697683Z   fetch-depth: 1
Build and inspect Linux Electron artifacts	Checkout exact source head	2026-09-11T13:49:48.4698436Z   fetch-tags: false
Build and inspect Linux Electron artifacts	Checkout exact source head	2026-09-11T13:49:48.4699224Z   show-progress: true
Build and inspect Linux Electron artifacts	Checkout exact source head	2026-09-11T13:49:48.4700203Z   lfs: false
Build and inspect Linux Electron artifacts	Checkout exact source head	2026-09-11T13:49:48.4701142Z   submodules: false
Build and inspect Linux Electron artifacts	Checkout exact source head	2026-09-11T13:49:48.4702418Z   set-safe-directory: true
Build and inspect Linux Electron artifacts	Checkout exact source head	2026-09-11T13:49:48.4703671Z   allow-unsafe-pr-checkout: false
Build and inspect Linux Electron artifacts	Checkout exact source head	2026-09-11T13:49:48.4705395Z env:
Build and inspect Linux Electron artifacts	Checkout exact source head	2026-09-11T13:49:48.4707017Z   NODE_VERSION: 22
Build and inspect Linux Electron artifacts	Checkout exact source head	2026-09-11T13:49:48.4708643Z   EXPECTED_SOURCE_SHA: df6bdc7d7a066280501140d21c401c7896b9d86a
Build and inspect Linux Electron artifacts	Checkout exact source head	2026-09-11T13:49:48.4710514Z ##[endgroup]
Build and inspect Linux Electron artifacts	Checkout exact source head	2026-09-11T13:49:48.5592429Z Syncing repository: donal0c/sartracker-web
Build and inspect Linux Electron artifacts	Checkout exact source head	2026-09-11T13:49:48.5595089Z ##[group]Getting Git version info
Build and inspect Linux Electron artifacts	Checkout exact source head	2026-09-11T13:49:48.5596310Z Working directory is '/home/runner/work/sartracker-web/sartracker-web'
Build and inspect Linux Electron artifacts	Checkout exact source head	2026-09-11T13:49:48.5598162Z [command]/usr/bin/git version
Build and inspect Linux Electron artifacts	Checkout exact source head	2026-09-11T13:49:48.5671199Z git version 2.55.0
Build and inspect Linux Electron artifacts	Checkout exact source head	2026-09-11T13:49:48.5688844Z ##[endgroup]
Build and inspect Linux Electron artifacts	Checkout exact source head	2026-09-11T13:49:48.5700843Z Temporarily overriding HOME='/home/runner/work/_temp/702c009b-1b44-4d75-977c-1a781fc1d6ae' before making global git config changes
Build and inspect Linux Electron artifacts	Checkout exact source head	2026-09-11T13:49:48.5703992Z Adding repository directory to the temporary git global config as a safe directory
Build and inspect Linux Electron artifacts	Checkout exact source head	2026-09-11T13:49:48.5710472Z [command]/usr/bin/git config --global --add safe.directory /home/runner/work/sartracker-web/sartracker-web
Build and inspect Linux Electron artifacts	Checkout exact source head	2026-09-11T13:49:48.5740021Z Deleting the contents of '/home/runner/work/sartracker-web/sartracker-web'
Build and inspect Linux Electron artifacts	Checkout exact source head	2026-09-11T13:49:48.5743389Z ##[group]Initializing the repository
Build and inspect Linux Electron artifacts	Checkout exact source head	2026-09-11T13:49:48.5747341Z [command]/usr/bin/git init /home/runner/work/sartracker-web/sartracker-web
Build and inspect Linux Electron artifacts	Checkout exact source head	2026-09-11T13:49:48.5850657Z hint: Using 'master' as the name for the initial branch. This default branch name
Build and inspect Linux Electron artifacts	Checkout exact source head	2026-09-11T13:49:48.5853763Z hint: will change to "main" in Git 3.0. To configure the initial branch name
Build and inspect Linux Electron artifacts	Checkout exact source head	2026-09-11T13:49:48.5856390Z hint: to use in all of your new repositories, which will suppress this warning,
Build and inspect Linux Electron artifacts	Checkout exact source head	2026-09-11T13:49:48.5858506Z hint: call:
Build and inspect Linux Electron artifacts	Checkout exact source head	2026-09-11T13:49:48.5859698Z hint:
Build and inspect Linux Electron artifacts	Checkout exact source head	2026-09-11T13:49:48.5861044Z hint: 	git config --global init.defaultBranch <name>
Build and inspect Linux Electron artifacts	Checkout exact source head	2026-09-11T13:49:48.5862822Z hint:
Build and inspect Linux Electron artifacts	Checkout exact source head	2026-09-11T13:49:48.5864395Z hint: Names commonly chosen instead of 'master' are 'main', 'trunk' and
Build and inspect Linux Electron artifacts	Checkout exact source head	2026-09-11T13:49:48.5866994Z hint: 'development'. The just-created branch can be renamed via this command:
Build and inspect Linux Electron artifacts	Checkout exact source head	2026-09-11T13:49:48.5868864Z hint:
Build and inspect Linux Electron artifacts	Checkout exact source head	2026-09-11T13:49:48.5869981Z hint: 	git branch -m <name>
Build and inspect Linux Electron artifacts	Checkout exact source head	2026-09-11T13:49:48.5871270Z hint:
Build and inspect Linux Electron artifacts	Checkout exact source head	2026-09-11T13:49:48.5872957Z hint: Disable this message with "git config set advice.defaultBranchName false"
Build and inspect Linux Electron artifacts	Checkout exact source head	2026-09-11T13:49:48.5876065Z Initialized empty Git repository in /home/runner/work/sartracker-web/sartracker-web/.git/
Build and inspect Linux Electron artifacts	Checkout exact source head	2026-09-11T13:49:48.5881014Z [command]/usr/bin/git remote add origin https://github.com/donal0c/sartracker-web
Build and inspect Linux Electron artifacts	Checkout exact source head	2026-09-11T13:49:48.5885720Z ##[endgroup]
Build and inspect Linux Electron artifacts	Checkout exact source head	2026-09-11T13:49:48.5887787Z ##[group]Disabling automatic garbage collection
Build and inspect Linux Electron artifacts	Checkout exact source head	2026-09-11T13:49:48.5889739Z [command]/usr/bin/git config --local gc.auto 0
Build and inspect Linux Electron artifacts	Checkout exact source head	2026-09-11T13:49:48.5904528Z ##[endgroup]
Build and inspect Linux Electron artifacts	Checkout exact source head	2026-09-11T13:49:48.5906735Z ##[group]Setting up auth
Build and inspect Linux Electron artifacts	Checkout exact source head	2026-09-11T13:49:48.5908838Z [command]/usr/bin/git config --local --name-only --get-regexp core\.sshCommand
Build and inspect Linux Electron artifacts	Checkout exact source head	2026-09-11T13:49:48.5933591Z [command]/usr/bin/git submodule foreach --recursive sh -c "git config --local --name-only --get-regexp 'core\.sshCommand' && git config --local --unset-all 'core.sshCommand' || :"
Build and inspect Linux Electron artifacts	Checkout exact source head	2026-09-11T13:49:48.6792258Z [command]/usr/bin/git config --local --name-only --get-regexp http\.https\:\/\/github\.com\/\.extraheader
Build and inspect Linux Electron artifacts	Checkout exact source head	2026-09-11T13:49:48.6819086Z [command]/usr/bin/git submodule foreach --recursive sh -c "git config --local --name-only --get-regexp 'http\.https\:\/\/github\.com\/\.extraheader' && git config --local --unset-all 'http.https://github.com/.extraheader' || :"
Build and inspect Linux Electron artifacts	Checkout exact source head	2026-09-11T13:49:48.6987635Z [command]/usr/bin/git config --local --name-only --get-regexp ^includeIf\.gitdir:
Build and inspect Linux Electron artifacts	Checkout exact source head	2026-09-11T13:49:48.7012891Z [command]/usr/bin/git submodule foreach --recursive git config --local --show-origin --name-only --get-regexp remote.origin.url
Build and inspect Linux Electron artifacts	Checkout exact source head	2026-09-11T13:49:48.7178431Z [command]/usr/bin/git config --local http.https://github.com/.extraheader AUTHORIZATION: basic ***
Build and inspect Linux Electron artifacts	Checkout exact source head	2026-09-11T13:49:48.7207623Z ##[endgroup]
Build and inspect Linux Electron artifacts	Checkout exact source head	2026-09-11T13:49:48.7214910Z ##[group]Fetching the repository
Build and inspect Linux Electron artifacts	Checkout exact source head	2026-09-11T13:49:48.7217664Z [command]/usr/bin/git -c protocol.version=2 fetch --no-tags --prune --no-recurse-submodules --depth=1 origin df6bdc7d7a066280501140d21c401c7896b9d86a
Build and inspect Linux Electron artifacts	Checkout exact source head	2026-09-11T13:49:50.8078526Z From https://github.com/donal0c/sartracker-web
Build and inspect Linux Electron artifacts	Checkout exact source head	2026-09-11T13:49:50.8079491Z  * branch            df6bdc7d7a066280501140d21c401c7896b9d86a -> FETCH_HEAD
Build and inspect Linux Electron artifacts	Checkout exact source head	2026-09-11T13:49:50.8081774Z ##[endgroup]
Build and inspect Linux Electron artifacts	Checkout exact source head	2026-09-11T13:49:50.8082492Z ##[group]Determining the checkout info
Build and inspect Linux Electron artifacts	Checkout exact source head	2026-09-11T13:49:50.8083329Z ##[endgroup]
Build and inspect Linux Electron artifacts	Checkout exact source head	2026-09-11T13:49:50.8096172Z [command]/usr/bin/git sparse-checkout disable
Build and inspect Linux Electron artifacts	Checkout exact source head	2026-09-11T13:49:50.8159956Z [command]/usr/bin/git config --local --unset-all extensions.worktreeConfig
Build and inspect Linux Electron artifacts	Checkout exact source head	2026-09-11T13:49:50.8183070Z ##[group]Checking out the ref
Build and inspect Linux Electron artifacts	Checkout exact source head	2026-09-11T13:49:50.8206048Z [command]/usr/bin/git checkout --progress --force df6bdc7d7a066280501140d21c401c7896b9d86a
Build and inspect Linux Electron artifacts	Checkout exact source head	2026-09-11T13:49:51.0075257Z Note: switching to 'df6bdc7d7a066280501140d21c401c7896b9d86a'.
Build and inspect Linux Electron artifacts	Checkout exact source head	2026-09-11T13:49:51.0076415Z 
Build and inspect Linux Electron artifacts	Checkout exact source head	2026-09-11T13:49:51.0077620Z You are in 'detached HEAD' state. You can look around, make experimental
Build and inspect Linux Electron artifacts	Checkout exact source head	2026-09-11T13:49:51.0078438Z changes and commit them, and you can discard any commits you make in this
Build and inspect Linux Electron artifacts	Checkout exact source head	2026-09-11T13:49:51.0079275Z state without impacting any branches by switching back to a branch.
Build and inspect Linux Electron artifacts	Checkout exact source head	2026-09-11T13:49:51.0079694Z 
Build and inspect Linux Electron artifacts	Checkout exact source head	2026-09-11T13:49:51.0080015Z If you want to create a new branch to retain commits you create, you may
Build and inspect Linux Electron artifacts	Checkout exact source head	2026-09-11T13:49:51.0080616Z do so (now or later) by using -c with the switch command. Example:
Build and inspect Linux Electron artifacts	Checkout exact source head	2026-09-11T13:49:51.0081312Z 
Build and inspect Linux Electron artifacts	Checkout exact source head	2026-09-11T13:49:51.0081525Z   git switch -c <new-branch-name>
Build and inspect Linux Electron artifacts	Checkout exact source head	2026-09-11T13:49:51.0081765Z 
Build and inspect Linux Electron artifacts	Checkout exact source head	2026-09-11T13:49:51.0082292Z Or undo this operation with:
Build and inspect Linux Electron artifacts	Checkout exact source head	2026-09-11T13:49:51.0082504Z 
Build and inspect Linux Electron artifacts	Checkout exact source head	2026-09-11T13:49:51.0082724Z   git switch -
Build and inspect Linux Electron artifacts	Checkout exact source head	2026-09-11T13:49:51.0082944Z 
Build and inspect Linux Electron artifacts	Checkout exact source head	2026-09-11T13:49:51.0083203Z Turn off this advice by setting config variable advice.detachedHead to false
Build and inspect Linux Electron artifacts	Checkout exact source head	2026-09-11T13:49:51.0083526Z 
Build and inspect Linux Electron artifacts	Checkout exact source head	2026-09-11T13:49:51.0083764Z HEAD is now at df6bdc7 fix(tracking): admit history chunks separately and avoid unused replies [DON-254]
Build and inspect Linux Electron artifacts	Checkout exact source head	2026-09-11T13:49:51.0089173Z ##[endgroup]
Build and inspect Linux Electron artifacts	Checkout exact source head	2026-09-11T13:49:51.0129220Z [command]/usr/bin/git log -1 --format=%H
Build and inspect Linux Electron artifacts	Checkout exact source head	2026-09-11T13:49:51.0151102Z df6bdc7d7a066280501140d21c401c7896b9d86a
Build and inspect Linux Electron artifacts	Bind exact source head and tree	﻿2026-09-11T13:49:51.0317009Z ##[group]Run set -euo pipefail
Build and inspect Linux Electron artifacts	Bind exact source head and tree	2026-09-11T13:49:51.0317475Z [36;1mset -euo pipefail[0m
Build and inspect Linux Electron artifacts	Bind exact source head and tree	2026-09-11T13:49:51.0317869Z [36;1mACTUAL_SOURCE_SHA="$(git rev-parse HEAD)"[0m
Build and inspect Linux Electron artifacts	Bind exact source head and tree	2026-09-11T13:49:51.0318261Z [36;1mSOURCE_TREE_SHA="$(git rev-parse HEAD^{tree})"[0m
Build and inspect Linux Electron artifacts	Bind exact source head and tree	2026-09-11T13:49:51.0318695Z [36;1mSOURCE_DIRTY="$(git status --porcelain --untracked-files=all)"[0m
Build and inspect Linux Electron artifacts	Bind exact source head and tree	2026-09-11T13:49:51.0319161Z [36;1mif [ "$ACTUAL_SOURCE_SHA" != "$EXPECTED_SOURCE_SHA" ]; then[0m
Build and inspect Linux Electron artifacts	Bind exact source head and tree	2026-09-11T13:49:51.0319621Z [36;1m  echo "::error::Checked-out source head does not match EXPECTED_SOURCE_SHA."[0m
Build and inspect Linux Electron artifacts	Bind exact source head and tree	2026-09-11T13:49:51.0320070Z [36;1m  exit 1[0m
Build and inspect Linux Electron artifacts	Bind exact source head and tree	2026-09-11T13:49:51.0320385Z [36;1mfi[0m
Build and inspect Linux Electron artifacts	Bind exact source head and tree	2026-09-11T13:49:51.0320643Z [36;1mif [ -n "$SOURCE_DIRTY" ]; then[0m
Build and inspect Linux Electron artifacts	Bind exact source head and tree	2026-09-11T13:49:51.0321013Z [36;1m  echo "::error::Checked-out source tree is not clean."[0m
Build and inspect Linux Electron artifacts	Bind exact source head and tree	2026-09-11T13:49:51.0321357Z [36;1m  exit 1[0m
Build and inspect Linux Electron artifacts	Bind exact source head and tree	2026-09-11T13:49:51.0321607Z [36;1mfi[0m
Build and inspect Linux Electron artifacts	Bind exact source head and tree	2026-09-11T13:49:51.0321904Z [36;1mmkdir -p tmp/electron-validation-evidence[0m
Build and inspect Linux Electron artifacts	Bind exact source head and tree	2026-09-11T13:49:51.0322369Z [36;1mexport ACTUAL_SOURCE_SHA SOURCE_TREE_SHA[0m
Build and inspect Linux Electron artifacts	Bind exact source head and tree	2026-09-11T13:49:51.0322722Z [36;1mnode --input-type=module <<'NODE' \[0m
Build and inspect Linux Electron artifacts	Bind exact source head and tree	2026-09-11T13:49:51.0323114Z [36;1m  > tmp/electron-validation-evidence/source-binding.json[0m
Build and inspect Linux Electron artifacts	Bind exact source head and tree	2026-09-11T13:49:51.0323486Z [36;1mconst binding = {[0m
Build and inspect Linux Electron artifacts	Bind exact source head and tree	2026-09-11T13:49:51.0323872Z [36;1m  schema: 'sartracker-electron-linux-source-binding-v1',[0m
Build and inspect Linux Electron artifacts	Bind exact source head and tree	2026-09-11T13:49:51.0324287Z [36;1m  repositoryHead: process.env.ACTUAL_SOURCE_SHA,[0m
Build and inspect Linux Electron artifacts	Bind exact source head and tree	2026-09-11T13:49:51.0324904Z [36;1m  repositoryTree: process.env.SOURCE_TREE_SHA,[0m
Build and inspect Linux Electron artifacts	Bind exact source head and tree	2026-09-11T13:49:51.0325363Z [36;1m  repositoryDirty: false,[0m
Build and inspect Linux Electron artifacts	Bind exact source head and tree	2026-09-11T13:49:51.0325677Z [36;1m}[0m
Build and inspect Linux Electron artifacts	Bind exact source head and tree	2026-09-11T13:49:51.0326006Z [36;1mprocess.stdout.write(`${JSON.stringify(binding, null, 2)}\n`)[0m
Build and inspect Linux Electron artifacts	Bind exact source head and tree	2026-09-11T13:49:51.0326352Z [36;1mNODE[0m
Build and inspect Linux Electron artifacts	Bind exact source head and tree	2026-09-11T13:49:51.1637162Z shell: /usr/bin/bash -e {0}
Build and inspect Linux Electron artifacts	Bind exact source head and tree	2026-09-11T13:49:51.1637708Z env:
Build and inspect Linux Electron artifacts	Bind exact source head and tree	2026-09-11T13:49:51.1637989Z   NODE_VERSION: 22
Build and inspect Linux Electron artifacts	Bind exact source head and tree	2026-09-11T13:49:51.1638379Z   EXPECTED_SOURCE_SHA: df6bdc7d7a066280501140d21c401c7896b9d86a
Build and inspect Linux Electron artifacts	Bind exact source head and tree	2026-09-11T13:49:51.1638774Z ##[endgroup]
Build and inspect Linux Electron artifacts	Install Linux Electron runtime deps	﻿2026-09-11T13:49:51.2827830Z ##[group]Run # These packages come from Ubuntu, not runner-added Chrome or
Build and inspect Linux Electron artifacts	Install Linux Electron runtime deps	2026-09-11T13:49:51.2828413Z [36;1m# These packages come from Ubuntu, not runner-added Chrome or[0m
Build and inspect Linux Electron artifacts	Install Linux Electron runtime deps	2026-09-11T13:49:51.2828907Z [36;1m# Microsoft feeds. Keep their index failures out of this install.[0m
Build and inspect Linux Electron artifacts	Install Linux Electron runtime deps	2026-09-11T13:49:51.2829306Z [36;1mtest -s /etc/apt/sources.list[0m
Build and inspect Linux Electron artifacts	Install Linux Electron runtime deps	2026-09-11T13:49:51.2829706Z [36;1msudo apt-get -o Dir::Etc::sourceparts=- update[0m
Build and inspect Linux Electron artifacts	Install Linux Electron runtime deps	2026-09-11T13:49:51.2830089Z [36;1msudo apt-get -o Dir::Etc::sourceparts=- install -y \[0m
Build and inspect Linux Electron artifacts	Install Linux Electron runtime deps	2026-09-11T13:49:51.2830550Z [36;1m  dbus-x11 \[0m
Build and inspect Linux Electron artifacts	Install Linux Electron runtime deps	2026-09-11T13:49:51.2830852Z [36;1m  gnome-keyring \[0m
Build and inspect Linux Electron artifacts	Install Linux Electron runtime deps	2026-09-11T13:49:51.2831128Z [36;1m  imagemagick \[0m
Build and inspect Linux Electron artifacts	Install Linux Electron runtime deps	2026-09-11T13:49:51.2831416Z [36;1m  libasound2 \[0m
Build and inspect Linux Electron artifacts	Install Linux Electron runtime deps	2026-09-11T13:49:51.2831694Z [36;1m  libatk-bridge2.0-0 \[0m
Build and inspect Linux Electron artifacts	Install Linux Electron runtime deps	2026-09-11T13:49:51.2831986Z [36;1m  libatk1.0-0 \[0m
Build and inspect Linux Electron artifacts	Install Linux Electron runtime deps	2026-09-11T13:49:51.2832254Z [36;1m  libcups2 \[0m
Build and inspect Linux Electron artifacts	Install Linux Electron runtime deps	2026-09-11T13:49:51.2832547Z [36;1m  libdrm2 \[0m
Build and inspect Linux Electron artifacts	Install Linux Electron runtime deps	2026-09-11T13:49:51.2832799Z [36;1m  libfuse2 \[0m
Build and inspect Linux Electron artifacts	Install Linux Electron runtime deps	2026-09-11T13:49:51.2833175Z [36;1m  libgbm1 \[0m
Build and inspect Linux Electron artifacts	Install Linux Electron runtime deps	2026-09-11T13:49:51.2833437Z [36;1m  libgl1-mesa-dri \[0m
Build and inspect Linux Electron artifacts	Install Linux Electron runtime deps	2026-09-11T13:49:51.2833720Z [36;1m  libglx-mesa0 \[0m
Build and inspect Linux Electron artifacts	Install Linux Electron runtime deps	2026-09-11T13:49:51.2834004Z [36;1m  mesa-utils \[0m
Build and inspect Linux Electron artifacts	Install Linux Electron runtime deps	2026-09-11T13:49:51.2834297Z [36;1m  squashfs-tools \[0m
Build and inspect Linux Electron artifacts	Install Linux Electron runtime deps	2026-09-11T13:49:51.2834569Z [36;1m  openbox \[0m
Build and inspect Linux Electron artifacts	Install Linux Electron runtime deps	2026-09-11T13:49:51.2835096Z [36;1m  libgtk-3-0 \[0m
Build and inspect Linux Electron artifacts	Install Linux Electron runtime deps	2026-09-11T13:49:51.2835390Z [36;1m  libnss3 \[0m
Build and inspect Linux Electron artifacts	Install Linux Electron runtime deps	2026-09-11T13:49:51.2835651Z [36;1m  libxdamage1 \[0m
Build and inspect Linux Electron artifacts	Install Linux Electron runtime deps	2026-09-11T13:49:51.2835971Z [36;1m  libxkbcommon0 \[0m
Build and inspect Linux Electron artifacts	Install Linux Electron runtime deps	2026-09-11T13:49:51.2836247Z [36;1m  libxrandr2 \[0m
Build and inspect Linux Electron artifacts	Install Linux Electron runtime deps	2026-09-11T13:49:51.2836490Z [36;1m  libxss1 \[0m
Build and inspect Linux Electron artifacts	Install Linux Electron runtime deps	2026-09-11T13:49:51.2836781Z [36;1m  xdotool \[0m
Build and inspect Linux Electron artifacts	Install Linux Electron runtime deps	2026-09-11T13:49:51.2837031Z [36;1m  x11-utils \[0m
Build and inspect Linux Electron artifacts	Install Linux Electron runtime deps	2026-09-11T13:49:51.2837283Z [36;1m  xvfb[0m
Build and inspect Linux Electron artifacts	Install Linux Electron runtime deps	2026-09-11T13:49:51.2872184Z shell: /usr/bin/bash -e {0}
Build and inspect Linux Electron artifacts	Install Linux Electron runtime deps	2026-09-11T13:49:51.2872630Z env:
Build and inspect Linux Electron artifacts	Install Linux Electron runtime deps	2026-09-11T13:49:51.2872885Z   NODE_VERSION: 22
Build and inspect Linux Electron artifacts	Install Linux Electron runtime deps	2026-09-11T13:49:51.2873596Z   EXPECTED_SOURCE_SHA: df6bdc7d7a066280501140d21c401c7896b9d86a
Build and inspect Linux Electron artifacts	Install Linux Electron runtime deps	2026-09-11T13:49:51.2874004Z ##[endgroup]
Build and inspect Linux Electron artifacts	Install Linux Electron runtime deps	2026-09-11T13:49:51.3591917Z Get:1 file:/etc/apt/apt-mirrors.txt Mirrorlist [144 B]
Build and inspect Linux Electron artifacts	Install Linux Electron runtime deps	2026-09-11T13:49:51.4975557Z Hit:2 http://azure.archive.ubuntu.com/ubuntu jammy InRelease
Build and inspect Linux Electron artifacts	Install Linux Electron runtime deps	2026-09-11T13:49:51.4986828Z Get:3 http://azure.archive.ubuntu.com/ubuntu jammy-updates InRelease [128 kB]
Build and inspect Linux Electron artifacts	Install Linux Electron runtime deps	2026-09-11T13:49:51.4997247Z Get:4 http://azure.archive.ubuntu.com/ubuntu jammy-backports InRelease [127 kB]
Build and inspect Linux Electron artifacts	Install Linux Electron runtime deps	2026-09-11T13:49:51.5013779Z Get:5 http://azure.archive.ubuntu.com/ubuntu jammy-security InRelease [129 kB]
Build and inspect Linux Electron artifacts	Install Linux Electron runtime deps	2026-09-11T13:49:51.6469900Z Get:6 http://azure.archive.ubuntu.com/ubuntu jammy-updates/main amd64 Packages [3795 kB]
Build and inspect Linux Electron artifacts	Install Linux Electron runtime deps	2026-09-11T13:49:51.6662537Z Get:7 http://azure.archive.ubuntu.com/ubuntu jammy-updates/restricted amd64 Packages [6542 kB]
Build and inspect Linux Electron artifacts	Install Linux Electron runtime deps	2026-09-11T13:49:51.6910599Z Get:8 http://azure.archive.ubuntu.com/ubuntu jammy-updates/restricted Translation-en [1256 kB]
Build and inspect Linux Electron artifacts	Install Linux Electron runtime deps	2026-09-11T13:49:51.6986605Z Get:9 http://azure.archive.ubuntu.com/ubuntu jammy-updates/universe amd64 Packages [1282 kB]
Build and inspect Linux Electron artifacts	Install Linux Electron runtime deps	2026-09-11T13:49:51.7010738Z Get:10 http://azure.archive.ubuntu.com/ubuntu jammy-updates/universe Translation-en [323 kB]
Build and inspect Linux Electron artifacts	Install Linux Electron runtime deps	2026-09-11T13:49:51.7029177Z Get:11 http://azure.archive.ubuntu.com/ubuntu jammy-updates/multiverse amd64 Packages [76.8 kB]
Build and inspect Linux Electron artifacts	Install Linux Electron runtime deps	2026-09-11T13:49:51.7037435Z Get:12 http://azure.archive.ubuntu.com/ubuntu jammy-updates/multiverse Translation-en [15.9 kB]
Build and inspect Linux Electron artifacts	Install Linux Electron runtime deps	2026-09-11T13:49:51.7690177Z Get:13 http://azure.archive.ubuntu.com/ubuntu jammy-security/main amd64 Packages [3526 kB]
Build and inspect Linux Electron artifacts	Install Linux Electron runtime deps	2026-09-11T13:49:51.7817102Z Get:14 http://azure.archive.ubuntu.com/ubuntu jammy-security/main Translation-en [495 kB]
Build and inspect Linux Electron artifacts	Install Linux Electron runtime deps	2026-09-11T13:49:51.7838406Z Get:15 http://azure.archive.ubuntu.com/ubuntu jammy-security/restricted amd64 Packages [6306 kB]
Build and inspect Linux Electron artifacts	Install Linux Electron runtime deps	2026-09-11T13:49:51.8496225Z Get:16 http://azure.archive.ubuntu.com/ubuntu jammy-security/restricted Translation-en [1211 kB]
Build and inspect Linux Electron artifacts	Install Linux Electron runtime deps	2026-09-11T13:49:51.8551486Z Get:17 http://azure.archive.ubuntu.com/ubuntu jammy-security/universe amd64 Packages [1048 kB]
Build and inspect Linux Electron artifacts	Install Linux Electron runtime deps	2026-09-11T13:49:51.8599212Z Get:18 http://azure.archive.ubuntu.com/ubuntu jammy-security/universe Translation-en [235 kB]
Build and inspect Linux Electron artifacts	Install Linux Electron runtime deps	2026-09-11T13:49:51.8617695Z Get:19 http://azure.archive.ubuntu.com/ubuntu jammy-security/multiverse amd64 Packages [69.4 kB]
Build and inspect Linux Electron artifacts	Install Linux Electron runtime deps	2026-09-11T13:49:51.8620384Z Get:20 http://azure.archive.ubuntu.com/ubuntu jammy-security/multiverse Translation-en [12.9 kB]
Build and inspect Linux Electron artifacts	Install Linux Electron runtime deps	2026-09-11T13:49:59.6059293Z Fetched 26.6 MB in 3s (9381 kB/s)
Build and inspect Linux Electron artifacts	Install Linux Electron runtime deps	2026-09-11T13:50:00.5375966Z Reading package lists...
Build and inspect Linux Electron artifacts	Install Linux Electron runtime deps	2026-09-11T13:50:00.5925040Z Reading package lists...
Build and inspect Linux Electron artifacts	Install Linux Electron runtime deps	2026-09-11T13:50:00.7768166Z Building dependency tree...
Build and inspect Linux Electron artifacts	Install Linux Electron runtime deps	2026-09-11T13:50:00.7777758Z Reading state information...
Build and inspect Linux Electron artifacts	Install Linux Electron runtime deps	2026-09-11T13:50:00.9495674Z libatk-bridge2.0-0 is already the newest version (2.38.0-3).
Build and inspect Linux Electron artifacts	Install Linux Electron runtime deps	2026-09-11T13:50:00.9496279Z libatk-bridge2.0-0 set to manually installed.
Build and inspect Linux Electron artifacts	Install Linux Electron runtime deps	2026-09-11T13:50:00.9496790Z libatk1.0-0 is already the newest version (2.36.0-3build1).
Build and inspect Linux Electron artifacts	Install Linux Electron runtime deps	2026-09-11T13:50:00.9497391Z libatk1.0-0 set to manually installed.
Build and inspect Linux Electron artifacts	Install Linux Electron runtime deps	2026-09-11T13:50:00.9497876Z libxdamage1 is already the newest version (1:1.1.5-2build2).
Build and inspect Linux Electron artifacts	Install Linux Electron runtime deps	2026-09-11T13:50:00.9498524Z libxdamage1 set to manually installed.
Build and inspect Linux Electron artifacts	Install Linux Electron runtime deps	2026-09-11T13:50:00.9499008Z libxkbcommon0 is already the newest version (1.4.0-1).
Build and inspect Linux Electron artifacts	Install Linux Electron runtime deps	2026-09-11T13:50:00.9499609Z libxkbcommon0 set to manually installed.
Build and inspect Linux Electron artifacts	Install Linux Electron runtime deps	2026-09-11T13:50:00.9499983Z libxrandr2 is already the newest version (2:1.5.2-1build1).
Build and inspect Linux Electron artifacts	Install Linux Electron runtime deps	2026-09-11T13:50:00.9500372Z libxrandr2 set to manually installed.
Build and inspect Linux Electron artifacts	Install Linux Electron runtime deps	2026-09-11T13:50:00.9500772Z libxss1 is already the newest version (1:1.2.3-1build2).
Build and inspect Linux Electron artifacts	Install Linux Electron runtime deps	2026-09-11T13:50:00.9501163Z squashfs-tools is already the newest version (1:4.5-3build1).
Build and inspect Linux Electron artifacts	Install Linux Electron runtime deps	2026-09-11T13:50:00.9501580Z squashfs-tools set to manually installed.
Build and inspect Linux Electron artifacts	Install Linux Electron runtime deps	2026-09-11T13:50:00.9501944Z libasound2 is already the newest version (1.2.6.1-1ubuntu1.2).
Build and inspect Linux Electron artifacts	Install Linux Electron runtime deps	2026-09-11T13:50:00.9502317Z libasound2 set to manually installed.
Build and inspect Linux Electron artifacts	Install Linux Electron runtime deps	2026-09-11T13:50:00.9502684Z libcups2 is already the newest version (2.4.1op1-1ubuntu4.21).
Build and inspect Linux Electron artifacts	Install Linux Electron runtime deps	2026-09-11T13:50:00.9503034Z libcups2 set to manually installed.
Build and inspect Linux Electron artifacts	Install Linux Electron runtime deps	2026-09-11T13:50:00.9503372Z libdrm2 is already the newest version (2.4.113-2~ubuntu0.22.04.1).
Build and inspect Linux Electron artifacts	Install Linux Electron runtime deps	2026-09-11T13:50:00.9503766Z libdrm2 set to manually installed.
Build and inspect Linux Electron artifacts	Install Linux Electron runtime deps	2026-09-11T13:50:00.9504111Z libgbm1 is already the newest version (23.2.1-1ubuntu3.1~22.04.4).
Build and inspect Linux Electron artifacts	Install Linux Electron runtime deps	2026-09-11T13:50:00.9504544Z libgbm1 set to manually installed.
Build and inspect Linux Electron artifacts	Install Linux Electron runtime deps	2026-09-11T13:50:00.9505187Z libgl1-mesa-dri is already the newest version (23.2.1-1ubuntu3.1~22.04.4).
Build and inspect Linux Electron artifacts	Install Linux Electron runtime deps	2026-09-11T13:50:00.9505568Z libgl1-mesa-dri set to manually installed.
Build and inspect Linux Electron artifacts	Install Linux Electron runtime deps	2026-09-11T13:50:00.9505967Z libglx-mesa0 is already the newest version (23.2.1-1ubuntu3.1~22.04.4).
Build and inspect Linux Electron artifacts	Install Linux Electron runtime deps	2026-09-11T13:50:00.9506364Z libglx-mesa0 set to manually installed.
Build and inspect Linux Electron artifacts	Install Linux Electron runtime deps	2026-09-11T13:50:00.9506718Z libgtk-3-0 is already the newest version (3.24.33-1ubuntu2.2).
Build and inspect Linux Electron artifacts	Install Linux Electron runtime deps	2026-09-11T13:50:00.9507127Z libnss3 is already the newest version (2:3.98-0ubuntu0.22.04.4).
Build and inspect Linux Electron artifacts	Install Linux Electron runtime deps	2026-09-11T13:50:00.9507571Z imagemagick is already the newest version (8:6.9.11.60+dfsg-1.3ubuntu0.22.04.5).
Build and inspect Linux Electron artifacts	Install Linux Electron runtime deps	2026-09-11T13:50:00.9508053Z xvfb is already the newest version (2:21.1.4-2ubuntu1.7~22.04.16).
Build and inspect Linux Electron artifacts	Install Linux Electron runtime deps	2026-09-11T13:50:00.9508443Z The following additional packages will be installed:
Build and inspect Linux Electron artifacts	Install Linux Electron runtime deps	2026-09-11T13:50:00.9515517Z   gcr gnome-keyring-pkcs11 libegl-mesa0 libegl1 libgck-1-0 libgcr-base-3-1
Build and inspect Linux Electron artifacts	Install Linux Electron runtime deps	2026-09-11T13:50:00.9516013Z   libgcr-ui-3-1 libgles2 libid3tag0 libimlib2 libobrender32v5 libobt2v5
Build and inspect Linux Electron artifacts	Install Linux Electron runtime deps	2026-09-11T13:50:00.9516482Z   libpam-gnome-keyring libpangoxft-1.0-0 libstartup-notification0
Build and inspect Linux Electron artifacts	Install Linux Electron runtime deps	2026-09-11T13:50:00.9517102Z   libxcb-shape0 libxcb-util1 libxdo3 libxv1 libxxf86dga1 mesa-utils-bin obconf
Build and inspect Linux Electron artifacts	Install Linux Electron runtime deps	2026-09-11T13:50:00.9517523Z   pinentry-gnome3 scrot
Build and inspect Linux Electron artifacts	Install Linux Electron runtime deps	2026-09-11T13:50:00.9518007Z Suggested packages:
Build and inspect Linux Electron artifacts	Install Linux Electron runtime deps	2026-09-11T13:50:00.9518584Z   tint2 openbox-gnome-session openbox-kde-session pinentry-doc
Build and inspect Linux Electron artifacts	Install Linux Electron runtime deps	2026-09-11T13:50:01.2145669Z The following NEW packages will be installed:
Build and inspect Linux Electron artifacts	Install Linux Electron runtime deps	2026-09-11T13:50:01.2147441Z   dbus-x11 gcr gnome-keyring gnome-keyring-pkcs11 libegl-mesa0 libegl1
Build and inspect Linux Electron artifacts	Install Linux Electron runtime deps	2026-09-11T13:50:01.2148319Z   libfuse2 libgck-1-0 libgcr-base-3-1 libgcr-ui-3-1 libgles2 libid3tag0
Build and inspect Linux Electron artifacts	Install Linux Electron runtime deps	2026-09-11T13:50:01.2151381Z   libimlib2 libobrender32v5 libobt2v5 libpam-gnome-keyring libpangoxft-1.0-0
Build and inspect Linux Electron artifacts	Install Linux Electron runtime deps	2026-09-11T13:50:01.2152469Z   libstartup-notification0 libxcb-shape0 libxcb-util1 libxdo3 libxv1
Build and inspect Linux Electron artifacts	Install Linux Electron runtime deps	2026-09-11T13:50:01.2159012Z   libxxf86dga1 mesa-utils mesa-utils-bin obconf openbox pinentry-gnome3 scrot
Build and inspect Linux Electron artifacts	Install Linux Electron runtime deps	2026-09-11T13:50:01.2159597Z   x11-utils xdotool
Build and inspect Linux Electron artifacts	Install Linux Electron runtime deps	2026-09-11T13:50:01.2310984Z 0 upgraded, 31 newly installed, 0 to remove and 58 not upgraded.
Build and inspect Linux Electron artifacts	Install Linux Electron runtime deps	2026-09-11T13:50:01.2312668Z Need to get 3811 kB of archives.
Build and inspect Linux Electron artifacts	Install Linux Electron runtime deps	2026-09-11T13:50:01.2313269Z After this operation, 13.7 MB of additional disk space will be used.
Build and inspect Linux Electron artifacts	Install Linux Electron runtime deps	2026-09-11T13:50:01.2314116Z Get:1 file:/etc/apt/apt-mirrors.txt Mirrorlist [144 B]
Build and inspect Linux Electron artifacts	Install Linux Electron runtime deps	2026-09-11T13:50:01.2999052Z Get:2 http://azure.archive.ubuntu.com/ubuntu jammy-updates/main amd64 dbus-x11 amd64 1.12.20-2ubuntu4.1 [23.0 kB]
Build and inspect Linux Electron artifacts	Install Linux Electron runtime deps	2026-09-11T13:50:01.3357908Z Get:3 http://azure.archive.ubuntu.com/ubuntu jammy/main amd64 libgck-1-0 amd64 3.40.0-4 [81.4 kB]
Build and inspect Linux Electron artifacts	Install Linux Electron runtime deps	2026-09-11T13:50:01.3707843Z Get:4 http://azure.archive.ubuntu.com/ubuntu jammy/main amd64 libgcr-base-3-1 amd64 3.40.0-4 [209 kB]
Build and inspect Linux Electron artifacts	Install Linux Electron runtime deps	2026-09-11T13:50:01.4062053Z Get:5 http://azure.archive.ubuntu.com/ubuntu jammy/main amd64 libgcr-ui-3-1 amd64 3.40.0-4 [135 kB]
Build and inspect Linux Electron artifacts	Install Linux Electron runtime deps	2026-09-11T13:50:01.4412452Z Get:6 http://azure.archive.ubuntu.com/ubuntu jammy/main amd64 gcr amd64 3.40.0-4 [60.3 kB]
Build and inspect Linux Electron artifacts	Install Linux Electron runtime deps	2026-09-11T13:50:01.4757286Z Get:7 http://azure.archive.ubuntu.com/ubuntu jammy/main amd64 pinentry-gnome3 amd64 1.1.1-1build2 [38.3 kB]
Build and inspect Linux Electron artifacts	Install Linux Electron runtime deps	2026-09-11T13:50:01.5101707Z Get:8 http://azure.archive.ubuntu.com/ubuntu jammy-updates/main amd64 gnome-keyring amd64 40.0-3ubuntu3 [669 kB]
Build and inspect Linux Electron artifacts	Install Linux Electron runtime deps	2026-09-11T13:50:01.5480546Z Get:9 http://azure.archive.ubuntu.com/ubuntu jammy-updates/main amd64 gnome-keyring-pkcs11 amd64 40.0-3ubuntu3 [28.3 kB]
Build and inspect Linux Electron artifacts	Install Linux Electron runtime deps	2026-09-11T13:50:01.5829143Z Get:10 http://azure.archive.ubuntu.com/ubuntu jammy-updates/main amd64 libegl-mesa0 amd64 23.2.1-1ubuntu3.1~22.04.4 [118 kB]
Build and inspect Linux Electron artifacts	Install Linux Electron runtime deps	2026-09-11T13:50:01.6175529Z Get:11 http://azure.archive.ubuntu.com/ubuntu jammy/universe amd64 libfuse2 amd64 2.9.9-5ubuntu3 [90.3 kB]
Build and inspect Linux Electron artifacts	Install Linux Electron runtime deps	2026-09-11T13:50:01.6527151Z Get:12 http://azure.archive.ubuntu.com/ubuntu jammy/universe amd64 libid3tag0 amd64 0.15.1b-14 [31.3 kB]
Build and inspect Linux Electron artifacts	Install Linux Electron runtime deps	2026-09-11T13:50:01.6888774Z Get:13 http://azure.archive.ubuntu.com/ubuntu jammy/universe amd64 libimlib2 amd64 1.7.4-1build1 [195 kB]
Build and inspect Linux Electron artifacts	Install Linux Electron runtime deps	2026-09-11T13:50:01.7254108Z Get:14 http://azure.archive.ubuntu.com/ubuntu jammy/universe amd64 libobt2v5 amd64 3.6.1-10 [35.5 kB]
Build and inspect Linux Electron artifacts	Install Linux Electron runtime deps	2026-09-11T13:50:01.7597505Z Get:15 http://azure.archive.ubuntu.com/ubuntu jammy-updates/main amd64 libpangoxft-1.0-0 amd64 1.50.6+ds-2ubuntu1 [31.0 kB]
Build and inspect Linux Electron artifacts	Install Linux Electron runtime deps	2026-09-11T13:50:01.7877612Z Get:16 http://azure.archive.ubuntu.com/ubuntu jammy/universe amd64 libobrender32v5 amd64 3.6.1-10 [42.4 kB]
Build and inspect Linux Electron artifacts	Install Linux Electron runtime deps	2026-09-11T13:50:01.8157590Z Get:17 http://azure.archive.ubuntu.com/ubuntu jammy-updates/main amd64 libpam-gnome-keyring amd64 40.0-3ubuntu3 [17.1 kB]
Build and inspect Linux Electron artifacts	Install Linux Electron runtime deps	2026-09-11T13:50:01.8435212Z Get:18 http://azure.archive.ubuntu.com/ubuntu jammy/main amd64 libxcb-util1 amd64 0.4.0-1build2 [11.4 kB]
Build and inspect Linux Electron artifacts	Install Linux Electron runtime deps	2026-09-11T13:50:01.8712181Z Get:19 http://azure.archive.ubuntu.com/ubuntu jammy/main amd64 libstartup-notification0 amd64 0.12-6build2 [19.5 kB]
Build and inspect Linux Electron artifacts	Install Linux Electron runtime deps	2026-09-11T13:50:01.9394318Z Get:20 http://azure.archive.ubuntu.com/ubuntu jammy/main amd64 libxcb-shape0 amd64 1.14-3ubuntu3 [6158 B]
Build and inspect Linux Electron artifacts	Install Linux Electron runtime deps	2026-09-11T13:50:01.9673442Z Get:21 http://azure.archive.ubuntu.com/ubuntu jammy/main amd64 libxv1 amd64 2:1.0.11-1build2 [11.2 kB]
Build and inspect Linux Electron artifacts	Install Linux Electron runtime deps	2026-09-11T13:50:01.9954343Z Get:22 http://azure.archive.ubuntu.com/ubuntu jammy/main amd64 libxxf86dga1 amd64 2:1.1.5-0ubuntu3 [12.6 kB]
Build and inspect Linux Electron artifacts	Install Linux Electron runtime deps	2026-09-11T13:50:02.0231165Z Get:23 http://azure.archive.ubuntu.com/ubuntu jammy/main amd64 libegl1 amd64 1.4.0-1 [28.6 kB]
Build and inspect Linux Electron artifacts	Install Linux Electron runtime deps	2026-09-11T13:50:02.0508872Z Get:24 http://azure.archive.ubuntu.com/ubuntu jammy/main amd64 libgles2 amd64 1.4.0-1 [18.0 kB]
Build and inspect Linux Electron artifacts	Install Linux Electron runtime deps	2026-09-11T13:50:02.0785472Z Get:25 http://azure.archive.ubuntu.com/ubuntu jammy/universe amd64 mesa-utils-bin amd64 8.4.0-1ubuntu1 [53.8 kB]
Build and inspect Linux Electron artifacts	Install Linux Electron runtime deps	2026-09-11T13:50:02.1081089Z Get:26 http://azure.archive.ubuntu.com/ubuntu jammy/universe amd64 obconf amd64 1:2.0.4+git20150213-2build1 [141 kB]
Build and inspect Linux Electron artifacts	Install Linux Electron runtime deps	2026-09-11T13:50:02.1377588Z Get:27 http://azure.archive.ubuntu.com/ubuntu jammy/universe amd64 openbox amd64 3.6.1-10 [311 kB]
Build and inspect Linux Electron artifacts	Install Linux Electron runtime deps	2026-09-11T13:50:02.1672543Z Get:28 http://azure.archive.ubuntu.com/ubuntu jammy/universe amd64 scrot amd64 1.7-1 [60.5 kB]
Build and inspect Linux Electron artifacts	Install Linux Electron runtime deps	2026-09-11T13:50:02.1955157Z Get:29 http://azure.archive.ubuntu.com/ubuntu jammy/main amd64 x11-utils amd64 7.7+5build2 [206 kB]
Build and inspect Linux Electron artifacts	Install Linux Electron runtime deps	2026-09-11T13:50:02.2240724Z Get:30 http://azure.archive.ubuntu.com/ubuntu jammy/universe amd64 libxdo3 amd64 1:3.20160805.1-4 [21.0 kB]
Build and inspect Linux Electron artifacts	Install Linux Electron runtime deps	2026-09-11T13:50:02.2519713Z Get:31 http://azure.archive.ubuntu.com/ubuntu jammy/universe amd64 mesa-utils amd64 8.4.0-1ubuntu1 [1065 kB]
Build and inspect Linux Electron artifacts	Install Linux Electron runtime deps	2026-09-11T13:50:02.2855226Z Get:32 http://azure.archive.ubuntu.com/ubuntu jammy/universe amd64 xdotool amd64 1:3.20160805.1-4 [41.5 kB]
Build and inspect Linux Electron artifacts	Install Linux Electron runtime deps	2026-09-11T13:50:04.2725044Z Fetched 3811 kB in 1s (3583 kB/s)
Build and inspect Linux Electron artifacts	Install Linux Electron runtime deps	2026-09-11T13:50:04.3319714Z Selecting previously unselected package dbus-x11.
Build and inspect Linux Electron artifacts	Install Linux Electron runtime deps	2026-09-11T13:50:04.3722905Z (Reading database ... 
Build and inspect Linux Electron artifacts	Install Linux Electron runtime deps	2026-09-11T13:50:04.3723356Z (Reading database ... 5%
Build and inspect Linux Electron artifacts	Install Linux Electron runtime deps	2026-09-11T13:50:04.3723685Z (Reading database ... 10%
Build and inspect Linux Electron artifacts	Install Linux Electron runtime deps	2026-09-11T13:50:04.3723998Z (Reading database ... 15%
Build and inspect Linux Electron artifacts	Install Linux Electron runtime deps	2026-09-11T13:50:04.3724260Z (Reading database ... 20%
Build and inspect Linux Electron artifacts	Install Linux Electron runtime deps	2026-09-11T13:50:04.3724538Z (Reading database ... 25%
Build and inspect Linux Electron artifacts	Install Linux Electron runtime deps	2026-09-11T13:50:04.3725067Z (Reading database ... 30%
Build and inspect Linux Electron artifacts	Install Linux Electron runtime deps	2026-09-11T13:50:04.3725372Z (Reading database ... 35%
Build and inspect Linux Electron artifacts	Install Linux Electron runtime deps	2026-09-11T13:50:04.3725671Z (Reading database ... 40%
Build and inspect Linux Electron artifacts	Install Linux Electron runtime deps	2026-09-11T13:50:04.3725944Z (Reading database ... 45%
Build and inspect Linux Electron artifacts	Install Linux Electron runtime deps	2026-09-11T13:50:04.3726208Z (Reading database ... 50%
Build and inspect Linux Electron artifacts	Install Linux Electron runtime deps	2026-09-11T13:50:04.4119974Z (Reading database ... 55%
Build and inspect Linux Electron artifacts	Install Linux Electron runtime deps	2026-09-11T13:50:04.5793274Z (Reading database ... 60%
Build and inspect Linux Electron artifacts	Install Linux Electron runtime deps	2026-09-11T13:50:04.8620355Z (Reading database ... 65%
Build and inspect Linux Electron artifacts	Install Linux Electron runtime deps	2026-09-11T13:50:05.0786468Z (Reading database ... 70%
Build and inspect Linux Electron artifacts	Install Linux Electron runtime deps	2026-09-11T13:50:05.3164101Z (Reading database ... 75%
Build and inspect Linux Electron artifacts	Install Linux Electron runtime deps	2026-09-11T13:50:05.4802777Z (Reading database ... 80%
Build and inspect Linux Electron artifacts	Install Linux Electron runtime deps	2026-09-11T13:50:05.6712804Z (Reading database ... 85%
Build and inspect Linux Electron artifacts	Install Linux Electron runtime deps	2026-09-11T13:50:05.9204392Z (Reading database ... 90%
Build and inspect Linux Electron artifacts	Install Linux Electron runtime deps	2026-09-11T13:50:06.0610169Z (Reading database ... 95%
Build and inspect Linux Electron artifacts	Install Linux Electron runtime deps	2026-09-11T13:50:06.0610597Z (Reading database ... 100%
Build and inspect Linux Electron artifacts	Install Linux Electron runtime deps	2026-09-11T13:50:06.0611216Z (Reading database ... 262148 files and directories currently installed.)
Build and inspect Linux Electron artifacts	Install Linux Electron runtime deps	2026-09-11T13:50:06.0672463Z Preparing to unpack .../00-dbus-x11_1.12.20-2ubuntu4.1_amd64.deb ...
Build and inspect Linux Electron artifacts	Install Linux Electron runtime deps	2026-09-11T13:50:06.0775627Z Unpacking dbus-x11 (1.12.20-2ubuntu4.1) ...
Build and inspect Linux Electron artifacts	Install Linux Electron runtime deps	2026-09-11T13:50:06.1367668Z Selecting previously unselected package libgck-1-0:amd64.
Build and inspect Linux Electron artifacts	Install Linux Electron runtime deps	2026-09-11T13:50:06.1520171Z Preparing to unpack .../01-libgck-1-0_3.40.0-4_amd64.deb ...
Build and inspect Linux Electron artifacts	Install Linux Electron runtime deps	2026-09-11T13:50:06.1547580Z Unpacking libgck-1-0:amd64 (3.40.0-4) ...
Build and inspect Linux Electron artifacts	Install Linux Electron runtime deps	2026-09-11T13:50:06.1763437Z Selecting previously unselected package libgcr-base-3-1:amd64.
Build and inspect Linux Electron artifacts	Install Linux Electron runtime deps	2026-09-11T13:50:06.1908871Z Preparing to unpack .../02-libgcr-base-3-1_3.40.0-4_amd64.deb ...
Build and inspect Linux Electron artifacts	Install Linux Electron runtime deps	2026-09-11T13:50:06.1921515Z Unpacking libgcr-base-3-1:amd64 (3.40.0-4) ...
Build and inspect Linux Electron artifacts	Install Linux Electron runtime deps	2026-09-11T13:50:06.2136669Z Selecting previously unselected package libgcr-ui-3-1:amd64.
Build and inspect Linux Electron artifacts	Install Linux Electron runtime deps	2026-09-11T13:50:06.2281948Z Preparing to unpack .../03-libgcr-ui-3-1_3.40.0-4_amd64.deb ...
Build and inspect Linux Electron artifacts	Install Linux Electron runtime deps	2026-09-11T13:50:06.2293157Z Unpacking libgcr-ui-3-1:amd64 (3.40.0-4) ...
Build and inspect Linux Electron artifacts	Install Linux Electron runtime deps	2026-09-11T13:50:06.2469482Z Selecting previously unselected package gcr.
Build and inspect Linux Electron artifacts	Install Linux Electron runtime deps	2026-09-11T13:50:06.2610455Z Preparing to unpack .../04-gcr_3.40.0-4_amd64.deb ...
Build and inspect Linux Electron artifacts	Install Linux Electron runtime deps	2026-09-11T13:50:06.2620921Z Unpacking gcr (3.40.0-4) ...
Build and inspect Linux Electron artifacts	Install Linux Electron runtime deps	2026-09-11T13:50:06.3930936Z Selecting previously unselected package pinentry-gnome3.
Build and inspect Linux Electron artifacts	Install Linux Electron runtime deps	2026-09-11T13:50:06.4076521Z Preparing to unpack .../05-pinentry-gnome3_1.1.1-1build2_amd64.deb ...
Build and inspect Linux Electron artifacts	Install Linux Electron runtime deps	2026-09-11T13:50:06.4089877Z Unpacking pinentry-gnome3 (1.1.1-1build2) ...
Build and inspect Linux Electron artifacts	Install Linux Electron runtime deps	2026-09-11T13:50:06.4353241Z Selecting previously unselected package gnome-keyring.
Build and inspect Linux Electron artifacts	Install Linux Electron runtime deps	2026-09-11T13:50:06.4503385Z Preparing to unpack .../06-gnome-keyring_40.0-3ubuntu3_amd64.deb ...
Build and inspect Linux Electron artifacts	Install Linux Electron runtime deps	2026-09-11T13:50:06.4580162Z Unpacking gnome-keyring (40.0-3ubuntu3) ...
Build and inspect Linux Electron artifacts	Install Linux Electron runtime deps	2026-09-11T13:50:06.4954340Z Selecting previously unselected package gnome-keyring-pkcs11:amd64.
Build and inspect Linux Electron artifacts	Install Linux Electron runtime deps	2026-09-11T13:50:06.5109251Z Preparing to unpack .../07-gnome-keyring-pkcs11_40.0-3ubuntu3_amd64.deb ...
Build and inspect Linux Electron artifacts	Install Linux Electron runtime deps	2026-09-11T13:50:06.5130590Z Unpacking gnome-keyring-pkcs11:amd64 (40.0-3ubuntu3) ...
Build and inspect Linux Electron artifacts	Install Linux Electron runtime deps	2026-09-11T13:50:06.5347455Z Selecting previously unselected package libegl-mesa0:amd64.
Build and inspect Linux Electron artifacts	Install Linux Electron runtime deps	2026-09-11T13:50:06.5494170Z Preparing to unpack .../08-libegl-mesa0_23.2.1-1ubuntu3.1~22.04.4_amd64.deb ...
Build and inspect Linux Electron artifacts	Install Linux Electron runtime deps	2026-09-11T13:50:06.5508184Z Unpacking libegl-mesa0:amd64 (23.2.1-1ubuntu3.1~22.04.4) ...
Build and inspect Linux Electron artifacts	Install Linux Electron runtime deps	2026-09-11T13:50:06.5987524Z Selecting previously unselected package libfuse2:amd64.
Build and inspect Linux Electron artifacts	Install Linux Electron runtime deps	2026-09-11T13:50:06.6138577Z Preparing to unpack .../09-libfuse2_2.9.9-5ubuntu3_amd64.deb ...
Build and inspect Linux Electron artifacts	Install Linux Electron runtime deps	2026-09-11T13:50:06.6167809Z Unpacking libfuse2:amd64 (2.9.9-5ubuntu3) ...
Build and inspect Linux Electron artifacts	Install Linux Electron runtime deps	2026-09-11T13:50:06.7542296Z Selecting previously unselected package libid3tag0:amd64.
Build and inspect Linux Electron artifacts	Install Linux Electron runtime deps	2026-09-11T13:50:06.7698593Z Preparing to unpack .../10-libid3tag0_0.15.1b-14_amd64.deb ...
Build and inspect Linux Electron artifacts	Install Linux Electron runtime deps	2026-09-11T13:50:06.7708885Z Unpacking libid3tag0:amd64 (0.15.1b-14) ...
Build and inspect Linux Electron artifacts	Install Linux Electron runtime deps	2026-09-11T13:50:06.7927472Z Selecting previously unselected package libimlib2:amd64.
Build and inspect Linux Electron artifacts	Install Linux Electron runtime deps	2026-09-11T13:50:06.8071363Z Preparing to unpack .../11-libimlib2_1.7.4-1build1_amd64.deb ...
Build and inspect Linux Electron artifacts	Install Linux Electron runtime deps	2026-09-11T13:50:06.8082946Z Unpacking libimlib2:amd64 (1.7.4-1build1) ...
Build and inspect Linux Electron artifacts	Install Linux Electron runtime deps	2026-09-11T13:50:06.8320644Z Selecting previously unselected package libobt2v5.
Build and inspect Linux Electron artifacts	Install Linux Electron runtime deps	2026-09-11T13:50:06.8463474Z Preparing to unpack .../12-libobt2v5_3.6.1-10_amd64.deb ...
Build and inspect Linux Electron artifacts	Install Linux Electron runtime deps	2026-09-11T13:50:06.8473623Z Unpacking libobt2v5 (3.6.1-10) ...
Build and inspect Linux Electron artifacts	Install Linux Electron runtime deps	2026-09-11T13:50:06.8688933Z Selecting previously unselected package libpangoxft-1.0-0:amd64.
Build and inspect Linux Electron artifacts	Install Linux Electron runtime deps	2026-09-11T13:50:06.8832672Z Preparing to unpack .../13-libpangoxft-1.0-0_1.50.6+ds-2ubuntu1_amd64.deb ...
Build and inspect Linux Electron artifacts	Install Linux Electron runtime deps	2026-09-11T13:50:06.8844678Z Unpacking libpangoxft-1.0-0:amd64 (1.50.6+ds-2ubuntu1) ...
Build and inspect Linux Electron artifacts	Install Linux Electron runtime deps	2026-09-11T13:50:06.9246529Z Selecting previously unselected package libobrender32v5.
Build and inspect Linux Electron artifacts	Install Linux Electron runtime deps	2026-09-11T13:50:06.9395351Z Preparing to unpack .../14-libobrender32v5_3.6.1-10_amd64.deb ...
Build and inspect Linux Electron artifacts	Install Linux Electron runtime deps	2026-09-11T13:50:06.9531507Z Unpacking libobrender32v5 (3.6.1-10) ...
Build and inspect Linux Electron artifacts	Install Linux Electron runtime deps	2026-09-11T13:50:06.9742978Z Selecting previously unselected package libpam-gnome-keyring:amd64.
Build and inspect Linux Electron artifacts	Install Linux Electron runtime deps	2026-09-11T13:50:06.9896022Z Preparing to unpack .../15-libpam-gnome-keyring_40.0-3ubuntu3_amd64.deb ...
Build and inspect Linux Electron artifacts	Install Linux Electron runtime deps	2026-09-11T13:50:06.9909505Z Unpacking libpam-gnome-keyring:amd64 (40.0-3ubuntu3) ...
Build and inspect Linux Electron artifacts	Install Linux Electron runtime deps	2026-09-11T13:50:07.0108231Z Selecting previously unselected package libxcb-util1:amd64.
Build and inspect Linux Electron artifacts	Install Linux Electron runtime deps	2026-09-11T13:50:07.0254852Z Preparing to unpack .../16-libxcb-util1_0.4.0-1build2_amd64.deb ...
Build and inspect Linux Electron artifacts	Install Linux Electron runtime deps	2026-09-11T13:50:07.0431537Z Unpacking libxcb-util1:amd64 (0.4.0-1build2) ...
Build and inspect Linux Electron artifacts	Install Linux Electron runtime deps	2026-09-11T13:50:07.0620389Z Selecting previously unselected package libstartup-notification0:amd64.
Build and inspect Linux Electron artifacts	Install Linux Electron runtime deps	2026-09-11T13:50:07.0766637Z Preparing to unpack .../17-libstartup-notification0_0.12-6build2_amd64.deb ...
Build and inspect Linux Electron artifacts	Install Linux Electron runtime deps	2026-09-11T13:50:07.0780094Z Unpacking libstartup-notification0:amd64 (0.12-6build2) ...
Build and inspect Linux Electron artifacts	Install Linux Electron runtime deps	2026-09-11T13:50:07.2153713Z Selecting previously unselected package libxcb-shape0:amd64.
Build and inspect Linux Electron artifacts	Install Linux Electron runtime deps	2026-09-11T13:50:07.2307524Z Preparing to unpack .../18-libxcb-shape0_1.14-3ubuntu3_amd64.deb ...
Build and inspect Linux Electron artifacts	Install Linux Electron runtime deps	2026-09-11T13:50:07.2320250Z Unpacking libxcb-shape0:amd64 (1.14-3ubuntu3) ...
Build and inspect Linux Electron artifacts	Install Linux Electron runtime deps	2026-09-11T13:50:07.2509580Z Selecting previously unselected package libxv1:amd64.
Build and inspect Linux Electron artifacts	Install Linux Electron runtime deps	2026-09-11T13:50:07.2655820Z Preparing to unpack .../19-libxv1_2%3a1.0.11-1build2_amd64.deb ...
Build and inspect Linux Electron artifacts	Install Linux Electron runtime deps	2026-09-11T13:50:07.2668963Z Unpacking libxv1:amd64 (2:1.0.11-1build2) ...
Build and inspect Linux Electron artifacts	Install Linux Electron runtime deps	2026-09-11T13:50:07.2849196Z Selecting previously unselected package libxxf86dga1:amd64.
Build and inspect Linux Electron artifacts	Install Linux Electron runtime deps	2026-09-11T13:50:07.3001210Z Preparing to unpack .../20-libxxf86dga1_2%3a1.1.5-0ubuntu3_amd64.deb ...
Build and inspect Linux Electron artifacts	Install Linux Electron runtime deps	2026-09-11T13:50:07.3013367Z Unpacking libxxf86dga1:amd64 (2:1.1.5-0ubuntu3) ...
Build and inspect Linux Electron artifacts	Install Linux Electron runtime deps	2026-09-11T13:50:07.3221965Z Selecting previously unselected package libegl1:amd64.
Build and inspect Linux Electron artifacts	Install Linux Electron runtime deps	2026-09-11T13:50:07.3366077Z Preparing to unpack .../21-libegl1_1.4.0-1_amd64.deb ...
Build and inspect Linux Electron artifacts	Install Linux Electron runtime deps	2026-09-11T13:50:07.3378159Z Unpacking libegl1:amd64 (1.4.0-1) ...
Build and inspect Linux Electron artifacts	Install Linux Electron runtime deps	2026-09-11T13:50:07.3721546Z Selecting previously unselected package libgles2:amd64.
Build and inspect Linux Electron artifacts	Install Linux Electron runtime deps	2026-09-11T13:50:07.3876359Z Preparing to unpack .../22-libgles2_1.4.0-1_amd64.deb ...
Build and inspect Linux Electron artifacts	Install Linux Electron runtime deps	2026-09-11T13:50:07.3889023Z Unpacking libgles2:amd64 (1.4.0-1) ...
Build and inspect Linux Electron artifacts	Install Linux Electron runtime deps	2026-09-11T13:50:07.4125486Z Selecting previously unselected package mesa-utils-bin:amd64.
Build and inspect Linux Electron artifacts	Install Linux Electron runtime deps	2026-09-11T13:50:07.4273562Z Preparing to unpack .../23-mesa-utils-bin_8.4.0-1ubuntu1_amd64.deb ...
Build and inspect Linux Electron artifacts	Install Linux Electron runtime deps	2026-09-11T13:50:07.4286019Z Unpacking mesa-utils-bin:amd64 (8.4.0-1ubuntu1) ...
Build and inspect Linux Electron artifacts	Install Linux Electron runtime deps	2026-09-11T13:50:07.5085208Z Selecting previously unselected package obconf.
Build and inspect Linux Electron artifacts	Install Linux Electron runtime deps	2026-09-11T13:50:07.5233076Z Preparing to unpack .../24-obconf_1%3a2.0.4+git20150213-2build1_amd64.deb ...
Build and inspect Linux Electron artifacts	Install Linux Electron runtime deps	2026-09-11T13:50:07.5247574Z Unpacking obconf (1:2.0.4+git20150213-2build1) ...
Build and inspect Linux Electron artifacts	Install Linux Electron runtime deps	2026-09-11T13:50:07.7364475Z Selecting previously unselected package openbox.
Build and inspect Linux Electron artifacts	Install Linux Electron runtime deps	2026-09-11T13:50:07.7513716Z Preparing to unpack .../25-openbox_3.6.1-10_amd64.deb ...
Build and inspect Linux Electron artifacts	Install Linux Electron runtime deps	2026-09-11T13:50:07.7567463Z Unpacking openbox (3.6.1-10) ...
Build and inspect Linux Electron artifacts	Install Linux Electron runtime deps	2026-09-11T13:50:07.8380085Z Selecting previously unselected package scrot.
Build and inspect Linux Electron artifacts	Install Linux Electron runtime deps	2026-09-11T13:50:07.8526344Z Preparing to unpack .../26-scrot_1.7-1_amd64.deb ...
Build and inspect Linux Electron artifacts	Install Linux Electron runtime deps	2026-09-11T13:50:07.8537713Z Unpacking scrot (1.7-1) ...
Build and inspect Linux Electron artifacts	Install Linux Electron runtime deps	2026-09-11T13:50:07.8726863Z Selecting previously unselected package x11-utils.
Build and inspect Linux Electron artifacts	Install Linux Electron runtime deps	2026-09-11T13:50:07.8876481Z Preparing to unpack .../27-x11-utils_7.7+5build2_amd64.deb ...
Build and inspect Linux Electron artifacts	Install Linux Electron runtime deps	2026-09-11T13:50:07.8890072Z Unpacking x11-utils (7.7+5build2) ...
Build and inspect Linux Electron artifacts	Install Linux Electron runtime deps	2026-09-11T13:50:07.9148048Z Selecting previously unselected package libxdo3:amd64.
Build and inspect Linux Electron artifacts	Install Linux Electron runtime deps	2026-09-11T13:50:07.9293847Z Preparing to unpack .../28-libxdo3_1%3a3.20160805.1-4_amd64.deb ...
Build and inspect Linux Electron artifacts	Install Linux Electron runtime deps	2026-09-11T13:50:07.9315708Z Unpacking libxdo3:amd64 (1:3.20160805.1-4) ...
Build and inspect Linux Electron artifacts	Install Linux Electron runtime deps	2026-09-11T13:50:07.9479570Z Selecting previously unselected package mesa-utils.
Build and inspect Linux Electron artifacts	Install Linux Electron runtime deps	2026-09-11T13:50:07.9625210Z Preparing to unpack .../29-mesa-utils_8.4.0-1ubuntu1_amd64.deb ...
Build and inspect Linux Electron artifacts	Install Linux Electron runtime deps	2026-09-11T13:50:07.9636731Z Unpacking mesa-utils (8.4.0-1ubuntu1) ...
Build and inspect Linux Electron artifacts	Install Linux Electron runtime deps	2026-09-11T13:50:08.0046230Z Selecting previously unselected package xdotool.
Build and inspect Linux Electron artifacts	Install Linux Electron runtime deps	2026-09-11T13:50:08.0194041Z Preparing to unpack .../30-xdotool_1%3a3.20160805.1-4_amd64.deb ...
Build and inspect Linux Electron artifacts	Install Linux Electron runtime deps	2026-09-11T13:50:08.0202961Z Unpacking xdotool (1:3.20160805.1-4) ...
Build and inspect Linux Electron artifacts	Install Linux Electron runtime deps	2026-09-11T13:50:08.0575218Z Setting up libpangoxft-1.0-0:amd64 (1.50.6+ds-2ubuntu1) ...
Build and inspect Linux Electron artifacts	Install Linux Electron runtime deps	2026-09-11T13:50:08.0604021Z Setting up libxcb-shape0:amd64 (1.14-3ubuntu3) ...
Build and inspect Linux Electron artifacts	Install Linux Electron runtime deps	2026-09-11T13:50:08.0626283Z Setting up libxxf86dga1:amd64 (2:1.1.5-0ubuntu3) ...
Build and inspect Linux Electron artifacts	Install Linux Electron runtime deps	2026-09-11T13:50:08.0649387Z Setting up libfuse2:amd64 (2.9.9-5ubuntu3) ...
Build and inspect Linux Electron artifacts	Install Linux Electron runtime deps	2026-09-11T13:50:08.0671692Z Setting up libxcb-util1:amd64 (0.4.0-1build2) ...
Build and inspect Linux Electron artifacts	Install Linux Electron runtime deps	2026-09-11T13:50:08.0693352Z Setting up libxdo3:amd64 (1:3.20160805.1-4) ...
Build and inspect Linux Electron artifacts	Install Linux Electron runtime deps	2026-09-11T13:50:08.0716554Z Setting up libid3tag0:amd64 (0.15.1b-14) ...
Build and inspect Linux Electron artifacts	Install Linux Electron runtime deps	2026-09-11T13:50:08.0739882Z Setting up libegl-mesa0:amd64 (23.2.1-1ubuntu3.1~22.04.4) ...
Build and inspect Linux Electron artifacts	Install Linux Electron runtime deps	2026-09-11T13:50:08.0761629Z Setting up libgles2:amd64 (1.4.0-1) ...
Build and inspect Linux Electron artifacts	Install Linux Electron runtime deps	2026-09-11T13:50:08.0782016Z Setting up libxv1:amd64 (2:1.0.11-1build2) ...
Build and inspect Linux Electron artifacts	Install Linux Electron runtime deps	2026-09-11T13:50:08.0805290Z Setting up libobt2v5 (3.6.1-10) ...
Build and inspect Linux Electron artifacts	Install Linux Electron runtime deps	2026-09-11T13:50:08.0828172Z Setting up libimlib2:amd64 (1.7.4-1build1) ...
Build and inspect Linux Electron artifacts	Install Linux Electron runtime deps	2026-09-11T13:50:08.0849933Z Setting up gnome-keyring-pkcs11:amd64 (40.0-3ubuntu3) ...
Build and inspect Linux Electron artifacts	Install Linux Electron runtime deps	2026-09-11T13:50:08.0871914Z Setting up dbus-x11 (1.12.20-2ubuntu4.1) ...
Build and inspect Linux Electron artifacts	Install Linux Electron runtime deps	2026-09-11T13:50:08.0909165Z Setting up libegl1:amd64 (1.4.0-1) ...
Build and inspect Linux Electron artifacts	Install Linux Electron runtime deps	2026-09-11T13:50:08.0931699Z Setting up x11-utils (7.7+5build2) ...
Build and inspect Linux Electron artifacts	Install Linux Electron runtime deps	2026-09-11T13:50:08.1025869Z Setting up libobrender32v5 (3.6.1-10) ...
Build and inspect Linux Electron artifacts	Install Linux Electron runtime deps	2026-09-11T13:50:08.1046533Z Setting up libgck-1-0:amd64 (3.40.0-4) ...
Build and inspect Linux Electron artifacts	Install Linux Electron runtime deps	2026-09-11T13:50:08.1067989Z Setting up scrot (1.7-1) ...
Build and inspect Linux Electron artifacts	Install Linux Electron runtime deps	2026-09-11T13:50:08.1099438Z Setting up libgcr-base-3-1:amd64 (3.40.0-4) ...
Build and inspect Linux Electron artifacts	Install Linux Electron runtime deps	2026-09-11T13:50:08.1125420Z Setting up libpam-gnome-keyring:amd64 (40.0-3ubuntu3) ...
Build and inspect Linux Electron artifacts	Install Linux Electron runtime deps	2026-09-11T13:50:08.3296879Z Setting up libstartup-notification0:amd64 (0.12-6build2) ...
Build and inspect Linux Electron artifacts	Install Linux Electron runtime deps	2026-09-11T13:50:08.3328250Z Setting up obconf (1:2.0.4+git20150213-2build1) ...
Build and inspect Linux Electron artifacts	Install Linux Electron runtime deps	2026-09-11T13:50:08.3351840Z Setting up libgcr-ui-3-1:amd64 (3.40.0-4) ...
Build and inspect Linux Electron artifacts	Install Linux Electron runtime deps	2026-09-11T13:50:08.3377809Z Setting up xdotool (1:3.20160805.1-4) ...
Build and inspect Linux Electron artifacts	Install Linux Electron runtime deps	2026-09-11T13:50:08.3428371Z Setting up gcr (3.40.0-4) ...
Build and inspect Linux Electron artifacts	Install Linux Electron runtime deps	2026-09-11T13:50:08.3452363Z Setting up mesa-utils-bin:amd64 (8.4.0-1ubuntu1) ...
Build and inspect Linux Electron artifacts	Install Linux Electron runtime deps	2026-09-11T13:50:08.3477915Z Setting up openbox (3.6.1-10) ...
Build and inspect Linux Electron artifacts	Install Linux Electron runtime deps	2026-09-11T13:50:08.3572649Z update-alternatives: using /usr/bin/openbox to provide /usr/bin/x-window-manager (x-window-manager) in auto mode
Build and inspect Linux Electron artifacts	Install Linux Electron runtime deps	2026-09-11T13:50:08.3612368Z update-alternatives: using /usr/bin/openbox-session to provide /usr/bin/x-session-manager (x-session-manager) in auto mode
Build and inspect Linux Electron artifacts	Install Linux Electron runtime deps	2026-09-11T13:50:08.3665542Z Setting up mesa-utils (8.4.0-1ubuntu1) ...
Build and inspect Linux Electron artifacts	Install Linux Electron runtime deps	2026-09-11T13:50:08.4003113Z Processing triggers for libglib2.0-0:amd64 (2.72.4-0ubuntu2.9) ...
Build and inspect Linux Electron artifacts	Install Linux Electron runtime deps	2026-09-11T13:50:08.5627642Z Processing triggers for libc-bin (2.35-0ubuntu3.14) ...
Build and inspect Linux Electron artifacts	Install Linux Electron runtime deps	2026-09-11T13:50:11.2720099Z Processing triggers for man-db (2.10.2-1) ...
Build and inspect Linux Electron artifacts	Install Linux Electron runtime deps	2026-09-11T13:50:11.2826108Z Not building database; man-db/auto-update is not 'true'.
Build and inspect Linux Electron artifacts	Install Linux Electron runtime deps	2026-09-11T13:50:11.2979385Z Setting up pinentry-gnome3 (1.1.1-1build2) ...
Build and inspect Linux Electron artifacts	Install Linux Electron runtime deps	2026-09-11T13:50:11.3611103Z Processing triggers for shared-mime-info (2.1-2) ...
Build and inspect Linux Electron artifacts	Install Linux Electron runtime deps	2026-09-11T13:50:14.5326567Z Processing triggers for mailcap (3.70+nmu1ubuntu1.22.04.1) ...
Build and inspect Linux Electron artifacts	Install Linux Electron runtime deps	2026-09-11T13:50:14.6146735Z Processing triggers for hicolor-icon-theme (0.17-2) ...
Build and inspect Linux Electron artifacts	Install Linux Electron runtime deps	2026-09-11T13:50:14.9702937Z Setting up gnome-keyring (40.0-3ubuntu3) ...
Build and inspect Linux Electron artifacts	Install Linux Electron runtime deps	2026-09-11T13:50:15.0691920Z Created symlink /etc/systemd/user/graphical-session-pre.target.wants/gnome-keyring.service → /usr/lib/systemd/user/gnome-keyring.service.
Build and inspect Linux Electron artifacts	Install Linux Electron runtime deps	2026-09-11T13:50:16.9642744Z 
Build and inspect Linux Electron artifacts	Install Linux Electron runtime deps	2026-09-11T13:50:16.9643932Z Running kernel seems to be up-to-date.
Build and inspect Linux Electron artifacts	Install Linux Electron runtime deps	2026-09-11T13:50:16.9644887Z 
Build and inspect Linux Electron artifacts	Install Linux Electron runtime deps	2026-09-11T13:50:16.9645255Z No services need to be restarted.
Build and inspect Linux Electron artifacts	Install Linux Electron runtime deps	2026-09-11T13:50:16.9645807Z 
Build and inspect Linux Electron artifacts	Install Linux Electron runtime deps	2026-09-11T13:50:16.9646223Z No containers need to be restarted.
Build and inspect Linux Electron artifacts	Install Linux Electron runtime deps	2026-09-11T13:50:16.9646616Z 
Build and inspect Linux Electron artifacts	Install Linux Electron runtime deps	2026-09-11T13:50:16.9647216Z No user sessions are running outdated binaries.
Build and inspect Linux Electron artifacts	Install Linux Electron runtime deps	2026-09-11T13:50:16.9647643Z 
Build and inspect Linux Electron artifacts	Install Linux Electron runtime deps	2026-09-11T13:50:16.9647917Z No VM guests are running outdated hypervisor (qemu) binaries on this host.
Build and inspect Linux Electron artifacts	Setup Node	﻿2026-09-11T13:50:19.5519950Z Node 20 is being deprecated. This workflow is running with Node 24 by default. If you need to temporarily use Node 20, you can set the ACTIONS_ALLOW_USE_UNSECURE_NODE_VERSION=true environment variable. For more information see: https://github.blog/changelog/2025-09-19-deprecation-of-node-20-on-github-actions-runners/
Build and inspect Linux Electron artifacts	Setup Node	2026-09-11T13:50:19.5521599Z ##[group]Run actions/setup-node@v4
Build and inspect Linux Electron artifacts	Setup Node	2026-09-11T13:50:19.5521906Z with:
Build and inspect Linux Electron artifacts	Setup Node	2026-09-11T13:50:19.5522172Z   node-version: 22
Build and inspect Linux Electron artifacts	Setup Node	2026-09-11T13:50:19.5522427Z   cache: npm
Build and inspect Linux Electron artifacts	Setup Node	2026-09-11T13:50:19.5522691Z   always-auth: false
Build and inspect Linux Electron artifacts	Setup Node	2026-09-11T13:50:19.5523060Z   check-latest: false
Build and inspect Linux Electron artifacts	Setup Node	2026-09-11T13:50:19.5525425Z   token: ***
Build and inspect Linux Electron artifacts	Setup Node	2026-09-11T13:50:19.5525691Z env:
Build and inspect Linux Electron artifacts	Setup Node	2026-09-11T13:50:19.5525928Z   NODE_VERSION: 22
Build and inspect Linux Electron artifacts	Setup Node	2026-09-11T13:50:19.5526263Z   EXPECTED_SOURCE_SHA: df6bdc7d7a066280501140d21c401c7896b9d86a
Build and inspect Linux Electron artifacts	Setup Node	2026-09-11T13:50:19.5526607Z ##[endgroup]
Build and inspect Linux Electron artifacts	Setup Node	2026-09-11T13:50:19.9931102Z Found in cache @ /opt/hostedtoolcache/node/22.23.2/x64
Build and inspect Linux Electron artifacts	Setup Node	2026-09-11T13:50:19.9936668Z (node:2645) [DEP0040] DeprecationWarning: The `punycode` module is deprecated. Please use a userland alternative instead.
Build and inspect Linux Electron artifacts	Setup Node	2026-09-11T13:50:19.9937878Z (Use `node --trace-deprecation ...` to show where the warning was created)
Build and inspect Linux Electron artifacts	Setup Node	2026-09-11T13:50:19.9939673Z ##[group]Environment details
Build and inspect Linux Electron artifacts	Setup Node	2026-09-11T13:50:22.1004202Z node: v22.23.2
Build and inspect Linux Electron artifacts	Setup Node	2026-09-11T13:50:22.1004912Z npm: 10.9.8
Build and inspect Linux Electron artifacts	Setup Node	2026-09-11T13:50:22.1005443Z yarn: 1.22.22
Build and inspect Linux Electron artifacts	Setup Node	2026-09-11T13:50:22.1006877Z ##[endgroup]
Build and inspect Linux Electron artifacts	Setup Node	2026-09-11T13:50:22.1024165Z [command]/opt/hostedtoolcache/node/22.23.2/x64/bin/npm config get cache
Build and inspect Linux Electron artifacts	Setup Node	2026-09-11T13:50:22.4330442Z /home/runner/.npm
Build and inspect Linux Electron artifacts	Setup Node	2026-09-11T13:50:22.6181021Z Cache hit for: node-cache-Linux-x64-npm-e957b37c56646466ccf04e2a49116a3d968d008ffca2b920b335e73d35e187cb
Build and inspect Linux Electron artifacts	Setup Node	2026-09-11T13:50:22.6264870Z (node:2645) [DEP0169] DeprecationWarning: `url.parse()` behavior is not standardized and prone to errors that have security implications. Use the WHATWG URL API instead. CVEs are not issued for `url.parse()` vulnerabilities.
Build and inspect Linux Electron artifacts	Setup Node	2026-09-11T13:50:23.7998442Z Received 104857600 of 117089388 (89.6%), 99.9 MBs/sec
Build and inspect Linux Electron artifacts	Setup Node	2026-09-11T13:50:24.3509388Z Received 117089388 of 117089388 (100.0%), 71.9 MBs/sec
Build and inspect Linux Electron artifacts	Setup Node	2026-09-11T13:50:24.3510408Z Cache Size: ~112 MB (117089388 B)
Build and inspect Linux Electron artifacts	Setup Node	2026-09-11T13:50:24.3629230Z [command]/usr/bin/tar -xf /home/runner/work/_temp/c2d7d5f4-c679-4aad-b62c-83ca344e9d59/cache.tzst -P -C /home/runner/work/sartracker-web/sartracker-web --use-compress-program unzstd
Build and inspect Linux Electron artifacts	Setup Node	2026-09-11T13:50:24.5572935Z Cache restored successfully
Build and inspect Linux Electron artifacts	Setup Node	2026-09-11T13:50:24.5713466Z Cache restored from key: node-cache-Linux-x64-npm-e957b37c56646466ccf04e2a49116a3d968d008ffca2b920b335e73d35e187cb
Build and inspect Linux Electron artifacts	Install npm deps	﻿2026-09-11T13:50:24.5816252Z ##[group]Run npm ci
Build and inspect Linux Electron artifacts	Install npm deps	2026-09-11T13:50:24.5816566Z [36;1mnpm ci[0m
Build and inspect Linux Electron artifacts	Install npm deps	2026-09-11T13:50:24.5860749Z shell: /usr/bin/bash -e {0}
Build and inspect Linux Electron artifacts	Install npm deps	2026-09-11T13:50:24.5861155Z env:
Build and inspect Linux Electron artifacts	Install npm deps	2026-09-11T13:50:24.5861407Z   NODE_VERSION: 22
Build and inspect Linux Electron artifacts	Install npm deps	2026-09-11T13:50:24.5861737Z   EXPECTED_SOURCE_SHA: df6bdc7d7a066280501140d21c401c7896b9d86a
Build and inspect Linux Electron artifacts	Install npm deps	2026-09-11T13:50:24.5862315Z ##[endgroup]
Build and inspect Linux Electron artifacts	Install npm deps	2026-09-11T13:50:29.4603535Z npm warn deprecated inflight@1.0.6: This module is not supported, and leaks memory. Do not use it. Check out lru-cache if you want a good and tested way to coalesce async requests by a key value, which is much more comprehensive and powerful.
Build and inspect Linux Electron artifacts	Install npm deps	2026-09-11T13:50:29.5016561Z npm warn deprecated rimraf@2.6.3: Rimraf versions prior to v4 are no longer supported
Build and inspect Linux Electron artifacts	Install npm deps	2026-09-11T13:50:29.6357476Z npm warn deprecated glob@7.2.3: Old versions of glob are not supported, and contain widely publicized security vulnerabilities, which have been fixed in the current version. Please update. Support for old versions may be purchased (at exorbitant rates) by contacting i@izs.me
Build and inspect Linux Electron artifacts	Install npm deps	2026-09-11T13:50:29.7354214Z npm warn deprecated prebuild-install@7.1.3: No longer maintained. Please contact the author of the relevant native addon; alternatives are available.
Build and inspect Linux Electron artifacts	Install npm deps	2026-09-11T13:50:30.1901700Z npm warn deprecated boolean@3.2.0: Package no longer supported. Contact Support at https://www.npmjs.com/support for more info.
Build and inspect Linux Electron artifacts	Install npm deps	2026-09-11T13:50:35.1112768Z 
Build and inspect Linux Electron artifacts	Install npm deps	2026-09-11T13:50:35.1114098Z added 794 packages, and audited 795 packages in 10s
Build and inspect Linux Electron artifacts	Install npm deps	2026-09-11T13:50:35.1114437Z 
Build and inspect Linux Electron artifacts	Install npm deps	2026-09-11T13:50:35.1116499Z 245 packages are looking for funding
Build and inspect Linux Electron artifacts	Install npm deps	2026-09-11T13:50:35.1116970Z   run `npm fund` for details
Build and inspect Linux Electron artifacts	Install npm deps	2026-09-11T13:50:35.1544098Z 
Build and inspect Linux Electron artifacts	Install npm deps	2026-09-11T13:50:35.1545897Z 16 vulnerabilities (2 low, 4 moderate, 9 high, 1 critical)
Build and inspect Linux Electron artifacts	Install npm deps	2026-09-11T13:50:35.1546515Z 
Build and inspect Linux Electron artifacts	Install npm deps	2026-09-11T13:50:35.1547493Z To address issues that do not require attention, run:
Build and inspect Linux Electron artifacts	Install npm deps	2026-09-11T13:50:35.1548188Z   npm audit fix
Build and inspect Linux Electron artifacts	Install npm deps	2026-09-11T13:50:35.1548435Z 
Build and inspect Linux Electron artifacts	Install npm deps	2026-09-11T13:50:35.1548738Z To address all issues (including breaking changes), run:
Build and inspect Linux Electron artifacts	Install npm deps	2026-09-11T13:50:35.1549263Z   npm audit fix --force
Build and inspect Linux Electron artifacts	Install npm deps	2026-09-11T13:50:35.1549603Z 
Build and inspect Linux Electron artifacts	Install npm deps	2026-09-11T13:50:35.1549784Z Run `npm audit` for details.
Build and inspect Linux Electron artifacts	Lint	﻿2026-09-11T13:50:35.2669642Z ##[group]Run npm run lint
Build and inspect Linux Electron artifacts	Lint	2026-09-11T13:50:35.2670009Z [36;1mnpm run lint[0m
Build and inspect Linux Electron artifacts	Lint	2026-09-11T13:50:35.2706614Z shell: /usr/bin/bash -e {0}
Build and inspect Linux Electron artifacts	Lint	2026-09-11T13:50:35.2706956Z env:
Build and inspect Linux Electron artifacts	Lint	2026-09-11T13:50:35.2707197Z   NODE_VERSION: 22
Build and inspect Linux Electron artifacts	Lint	2026-09-11T13:50:35.2707585Z   EXPECTED_SOURCE_SHA: df6bdc7d7a066280501140d21c401c7896b9d86a
Build and inspect Linux Electron artifacts	Lint	2026-09-11T13:50:35.2707990Z ##[endgroup]
Build and inspect Linux Electron artifacts	Lint	2026-09-11T13:50:35.3566877Z 
Build and inspect Linux Electron artifacts	Lint	2026-09-11T13:50:35.3567548Z > sartracker-web@0.1.0-beta.12.11 lint
Build and inspect Linux Electron artifacts	Lint	2026-09-11T13:50:35.3568003Z > eslint .
Build and inspect Linux Electron artifacts	Lint	2026-09-11T13:50:35.3568165Z 
Build and inspect Linux Electron artifacts	Full deterministic unit gate	﻿2026-09-11T13:51:01.8064883Z ##[group]Run npm run test -- --no-file-parallelism
Build and inspect Linux Electron artifacts	Full deterministic unit gate	2026-09-11T13:51:01.8065555Z [36;1mnpm run test -- --no-file-parallelism[0m
Build and inspect Linux Electron artifacts	Full deterministic unit gate	2026-09-11T13:51:01.8117669Z shell: /usr/bin/bash -e {0}
Build and inspect Linux Electron artifacts	Full deterministic unit gate	2026-09-11T13:51:01.8118223Z env:
Build and inspect Linux Electron artifacts	Full deterministic unit gate	2026-09-11T13:51:01.8118569Z   NODE_VERSION: 22
Build and inspect Linux Electron artifacts	Full deterministic unit gate	2026-09-11T13:51:01.8119075Z   EXPECTED_SOURCE_SHA: df6bdc7d7a066280501140d21c401c7896b9d86a
Build and inspect Linux Electron artifacts	Full deterministic unit gate	2026-09-11T13:51:01.8119698Z ##[endgroup]
Build and inspect Linux Electron artifacts	Full deterministic unit gate	2026-09-11T13:51:01.8916343Z 
Build and inspect Linux Electron artifacts	Full deterministic unit gate	2026-09-11T13:51:01.8917287Z > sartracker-web@0.1.0-beta.12.11 test
Build and inspect Linux Electron artifacts	Full deterministic unit gate	2026-09-11T13:51:01.8917867Z > vitest run --no-file-parallelism
Build and inspect Linux Electron artifacts	Full deterministic unit gate	2026-09-11T13:51:01.8918146Z 
Build and inspect Linux Electron artifacts	Full deterministic unit gate	2026-09-11T13:51:02.1400897Z 
Build and inspect Linux Electron artifacts	Full deterministic unit gate	2026-09-11T13:51:02.1403652Z [1m[46m RUN [49m[22m [36mv4.1.3 [39m[90m/home/runner/work/sartracker-web/sartracker-web[39m
Build and inspect Linux Electron artifacts	Full deterministic unit gate	2026-09-11T13:51:02.1404243Z 
Build and inspect Linux Electron artifacts	Full deterministic unit gate	2026-09-11T13:51:58.8926615Z Legacy event preparation heartbeat diagnostics: {"maximumHeartbeatGapMs":203.65099400000327,"maximumInspectionQueryMs":2.6844309999942197,"largestGapProcessCpuMs":0.622,"overlappingMainThreadGc":[]}
Build and inspect Linux Electron artifacts	Full deterministic unit gate	2026-09-11T13:52:20.2187422Z [90mstderr[2m | tests/unit/electron-mission-evidence-versioning.test.ts[2m > [22m[2mmission evidence versioning [DON-277][2m > [22m[2mrolls restart receipt settlement back if batch accounting cannot commit [DON-278]
Build and inspect Linux Electron artifacts	Full deterministic unit gate	2026-09-11T13:52:20.2188661Z [22m[39mInterrupted GPX receipt recovery stopped safely: Injected failure after GPX receipt settlement.
Build and inspect Linux Electron artifacts	Full deterministic unit gate	2026-09-11T13:52:20.2189159Z 
Build and inspect Linux Electron artifacts	Full deterministic unit gate	2026-09-11T13:52:47.0634589Z GPX current-write diagnostics: {"maximumWriteMs":218.82393600000069,"largestWriteProcessCpuMs":1.849,"maximumHeartbeatGapMs":228.24049900000682,"sequence":1016}
Build and inspect Linux Electron artifacts	Full deterministic unit gate	2026-09-11T13:52:48.3949446Z  [31m❯[39m tests/unit/electron-mission-evidence-versioning.test.ts [2m([22m[2m74 tests[22m[2m | [22m[31m3 failed[39m[2m)[22m[33m 105313[2mms[22m[39m
Build and inspect Linux Electron artifacts	Full deterministic unit gate	2026-09-11T13:52:48.3950946Z      [32m✓[39m indexes explicit missing-time evidence without a mission-wide replay scan [DON-278][32m 61[2mms[22m[39m
Build and inspect Linux Electron artifacts	Full deterministic unit gate	2026-09-11T13:52:48.3952101Z      [32m✓[39m counts replay eligibility on the later of fixTime and durable recorded time [DON-278][32m 35[2mms[22m[39m
Build and inspect Linux Electron artifacts	Full deterministic unit gate	2026-09-11T13:52:48.3953527Z      [32m✓[39m records late fixTime provenance and invalidates an already-open replay chain [DON-278][32m 180[2mms[22m[39m
Build and inspect Linux Electron artifacts	Full deterministic unit gate	2026-09-11T13:52:48.3954863Z      [32m✓[39m invalidates an equal-now replay chain when an accepted fix enters that mission [DON-278][32m 186[2mms[22m[39m
Build and inspect Linux Electron artifacts	Full deterministic unit gate	2026-09-11T13:52:48.3955836Z      [32m✓[39m invalidates an open replay chain when participant evidence changes [DON-278][32m 219[2mms[22m[39m
Build and inspect Linux Electron artifacts	Full deterministic unit gate	2026-09-11T13:52:48.3956634Z      [32m✓[39m writes projection, immutable version, and audit identity in one transaction[32m 94[2mms[22m[39m
Build and inspect Linux Electron artifacts	Full deterministic unit gate	2026-09-11T13:52:48.3957378Z      [32m✓[39m rolls the projection back when immutable version persistence fails[32m 110[2mms[22m[39m
Build and inspect Linux Electron artifacts	Full deterministic unit gate	2026-09-11T13:52:48.3958231Z      [33m[2m✓[22m[39m rejects oversized marker and non-search drawing evidence before synchronous version writes [DON-277] [33m 397[2mms[22m[39m
Build and inspect Linux Electron artifacts	Full deterministic unit gate	2026-09-11T13:52:48.3959148Z      [32m✓[39m preserves an accumulated casualty treatment log beyond a single-note limit [DON-277][32m 30[2mms[22m[39m
Build and inspect Linux Electron artifacts	Full deterministic unit gate	2026-09-11T13:52:48.3959985Z      [32m✓[39m versions outing lifecycle changes without rewriting the earlier outing state[32m 75[2mms[22m[39m
Build and inspect Linux Electron artifacts	Full deterministic unit gate	2026-09-11T13:52:48.3960713Z      [32m✓[39m retires evidence without physically deleting it and rejects finalized writes[32m 34[2mms[22m[39m
Build and inspect Linux Electron artifacts	Full deterministic unit gate	2026-09-11T13:52:48.3961495Z      [32m✓[39m migrates legacy mutable rows to explicit incomplete baseline versions[32m 201[2mms[22m[39m
Build and inspect Linux Electron artifacts	Full deterministic unit gate	2026-09-11T13:52:48.3962317Z      [33m[2m✓[22m[39m rejects edits that would overwrite the sole exact copy of oversized legacy mutable evidence [DON-277] [33m 769[2mms[22m[39m
Build and inspect Linux Electron artifacts	Full deterministic unit gate	2026-09-11T13:52:48.3963230Z      [33m[2m✓[22m[39m reconstructs large legacy mutable-object inventories in bounded background turns [DON-277] [33m 27334[2mms[22m[39m
Build and inspect Linux Electron artifacts	Full deterministic unit gate	2026-09-11T13:52:48.3964159Z      [32m✓[39m keeps current positions available and records a fail-closed reason when legacy worker startup fails [DON-277][32m 214[2mms[22m[39m
Build and inspect Linux Electron artifacts	Full deterministic unit gate	2026-09-11T13:52:48.3965831Z [31m     [31m×[31m prepares large legacy event provenance in bounded turns and fails Replay closed meanwhile [DON-278][39m[33m 25957[2mms[22m[39m
Build and inspect Linux Electron artifacts	Full deterministic unit gate	2026-09-11T13:52:48.3966781Z      [33m[2m✓[22m[39m keeps current fixes below the hard gate while byte-bounding legacy event writer turns [DON-278] [33m 3694[2mms[22m[39m
Build and inspect Linux Electron artifacts	Full deterministic unit gate	2026-09-11T13:52:48.3967629Z      [32m✓[39m retains an oversized legacy event and fails evidence custody closed with explicit quarantine [DON-278][32m 152[2mms[22m[39m
Build and inspect Linux Electron artifacts	Full deterministic unit gate	2026-09-11T13:52:48.3968571Z      [32m✓[39m quarantines an oversized legacy event identity without retaining it in the migration cursor [DON-278][32m 181[2mms[22m[39m
Build and inspect Linux Electron artifacts	Full deterministic unit gate	2026-09-11T13:52:48.3969387Z      [32m✓[39m recaptures rowid targets when a prior candidate left textual event cursors [DON-278][32m 178[2mms[22m[39m
Build and inspect Linux Electron artifacts	Full deterministic unit gate	2026-09-11T13:52:48.3970186Z      [32m✓[39m updates only the sparse incomplete event rows selected for one bounded turn [DON-278][32m 39[2mms[22m[39m
Build and inspect Linux Electron artifacts	Full deterministic unit gate	2026-09-11T13:52:48.3971004Z      [33m[2m✓[22m[39m scopes legacy event quarantine custody fences to the affected mission [DON-278] [33m 555[2mms[22m[39m
Build and inspect Linux Electron artifacts	Full deterministic unit gate	2026-09-11T13:52:48.3971805Z      [33m[2m✓[22m[39m keeps clean-mission custody bounded with a field-scale quarantine map [DON-278] [33m 1784[2mms[22m[39m
Build and inspect Linux Electron artifacts	Full deterministic unit gate	2026-09-11T13:52:48.3972648Z      [32m✓[39m fails archive and finalization closed while legacy event provenance is pending [DON-278][32m 93[2mms[22m[39m
Build and inspect Linux Electron artifacts	Full deterministic unit gate	2026-09-11T13:52:48.3973583Z      [32m✓[39m migrates an authentic v11 GPX table before creating v12 indexes and retains a static baseline [DON-274][32m 262[2mms[22m[39m
Build and inspect Linux Electron artifacts	Full deterministic unit gate	2026-09-11T13:52:48.3974457Z      [33m[2m✓[22m[39m bounds legacy GPX startup work and resumes every retained import without silent loss [DON-274] [33m 426[2mms[22m[39m
Build and inspect Linux Electron artifacts	Full deterministic unit gate	2026-09-11T13:52:48.3975797Z      [33m[2m✓[22m[39m seeks legacy GPX reconstruction from a durable cursor instead of rescanning settled rows [DON-274] [33m 10600[2mms[22m[39m
Build and inspect Linux Electron artifacts	Full deterministic unit gate	2026-09-11T13:52:48.3976710Z      [32m✓[39m settles every signed rowid boundary as an immutable revision or explicit quarantine [DON-274][32m 214[2mms[22m[39m
Build and inspect Linux Electron artifacts	Full deterministic unit gate	2026-09-11T13:52:48.3977574Z      [32m✓[39m quarantines over-envelope legacy GPX without materializing it into renderer evidence [DON-274][32m 216[2mms[22m[39m
Build and inspect Linux Electron artifacts	Full deterministic unit gate	2026-09-11T13:52:48.3978401Z      [32m✓[39m fences revisionless legacy GPX before background classification can overwrite it [DON-274][32m 73[2mms[22m[39m
Build and inspect Linux Electron artifacts	Full deterministic unit gate	2026-09-11T13:52:48.3979245Z      [32m✓[39m blocks direct archive custody while legacy GPX quarantine is unsettled [DON-274][32m 144[2mms[22m[39m
Build and inspect Linux Electron artifacts	Full deterministic unit gate	2026-09-11T13:52:48.3980046Z      [32m✓[39m recovers interrupted GPX staging into retained failure provenance before allowing retry [DON-274][32m 148[2mms[22m[39m
Build and inspect Linux Electron artifacts	Full deterministic unit gate	2026-09-11T13:52:48.3981266Z      [33m[2m✓[22m[39m records chunked GPX evidence at publication so replay before publication stays unchanged [DON-278] [33m 1146[2mms[22m[39m
Build and inspect Linux Electron artifacts	Full deterministic unit gate	2026-09-11T13:52:48.3982618Z      [33m[2m✓[22m[39m rejects a staged GPX revision when the operator retires its current evidence [DON-274 DON-278] [33m 1177[2mms[22m[39m
Build and inspect Linux Electron artifacts	Full deterministic unit gate	2026-09-11T13:52:48.3983749Z      [32m✓[39m audits the transaction-current GPX revision when publication wins retirement [DON-274 DON-278][32m 39[2mms[22m[39m
Build and inspect Linux Electron artifacts	Full deterministic unit gate	2026-09-11T13:52:48.3984902Z      [32m✓[39m atomically settles the retained source receipt with GPX publication [DON-278][32m 52[2mms[22m[39m
Build and inspect Linux Electron artifacts	Full deterministic unit gate	2026-09-11T13:52:48.3985948Z      [32m✓[39m rolls restart receipt settlement back if batch accounting cannot commit [DON-278][32m 98[2mms[22m[39m
Build and inspect Linux Electron artifacts	Full deterministic unit gate	2026-09-11T13:52:48.3987068Z      [32m✓[39m does not reconcile an unsettled receipt against retired GPX evidence [DON-278][32m 58[2mms[22m[39m
Build and inspect Linux Electron artifacts	Full deterministic unit gate	2026-09-11T13:52:48.3987987Z      [32m✓[39m does not reconcile against a superseded hash on an active GPX import [DON-278][32m 81[2mms[22m[39m
Build and inspect Linux Electron artifacts	Full deterministic unit gate	2026-09-11T13:52:48.3988981Z      [32m✓[39m does not erase retained exact bytes for a matching legacy GPX baseline [DON-278][32m 57[2mms[22m[39m
Build and inspect Linux Electron artifacts	Full deterministic unit gate	2026-09-11T13:52:48.3990258Z      [32m✓[39m recovers pre-read and retained-source receipts as explicit durable failures [DON-274][32m 142[2mms[22m[39m
Build and inspect Linux Electron artifacts	Full deterministic unit gate	2026-09-11T13:52:48.3991372Z      [33m[2m✓[22m[39m recovers a large interrupted receipt queue in bounded background turns [DON-274] [33m 2097[2mms[22m[39m
Build and inspect Linux Electron artifacts	Full deterministic unit gate	2026-09-11T13:52:48.3992455Z      [32m✓[39m deduplicates GPX by exact content and preserves changed files as revisions [DON-274][32m 38[2mms[22m[39m
Build and inspect Linux Electron artifacts	Full deterministic unit gate	2026-09-11T13:52:48.3993624Z      [32m✓[39m rejects same-hash evidence mutations instead of splitting projection from its revision [DON-274][32m 98[2mms[22m[39m
Build and inspect Linux Electron artifacts	Full deterministic unit gate	2026-09-11T13:52:48.3994918Z      [32m✓[39m compares every parsed row before accepting a chunked same-hash retry or alias [DON-274][32m 91[2mms[22m[39m
Build and inspect Linux Electron artifacts	Full deterministic unit gate	2026-09-11T13:52:48.3996120Z      [32m✓[39m rejects an explicit GPX ID whose source path belongs to different evidence [DON-274][32m 33[2mms[22m[39m
Build and inspect Linux Electron artifacts	Full deterministic unit gate	2026-09-11T13:52:48.3997424Z      [32m✓[39m binds the claimed GPX digest to retained bytes and preserves same-path lineage across dedupe [DON-274][32m 104[2mms[22m[39m
Build and inspect Linux Electron artifacts	Full deterministic unit gate	2026-09-11T13:52:48.3998663Z      [32m✓[39m assigns GPX to an outing as a new immutable static-evidence revision [DON-274][32m 92[2mms[22m[39m
Build and inspect Linux Electron artifacts	Full deterministic unit gate	2026-09-11T13:52:48.3999977Z      [33m[2m✓[22m[39m assigns 200k-point retained GPX by immutable source reference without blocking current work [DON-274] [33m 1312[2mms[22m[39m
Build and inspect Linux Electron artifacts	Full deterministic unit gate	2026-09-11T13:52:48.4001303Z      [32m✓[39m keeps every declared search pass inside its assignment outing [DON-279][32m 151[2mms[22m[39m
Build and inspect Linux Electron artifacts	Full deterministic unit gate	2026-09-11T13:52:48.4002760Z      [32m✓[39m rejects ambiguous or oversized Search Operations input before persistence work [DON-279][32m 35[2mms[22m[39m
Build and inspect Linux Electron artifacts	Full deterministic unit gate	2026-09-11T13:52:48.4004149Z      [32m✓[39m keeps stable areas, repeated assignments, and coordinator-declared pass revisions [DON-279][32m 128[2mms[22m[39m
Build and inspect Linux Electron artifacts	Full deterministic unit gate	2026-09-11T13:52:48.4005596Z      [32m✓[39m rejects invented and cross-mission search-pass evidence links [DON-279][32m 71[2mms[22m[39m
Build and inspect Linux Electron artifacts	Full deterministic unit gate	2026-09-11T13:52:48.4006735Z      [32m✓[39m rejects invented and cross-mission participant assignments [DON-279][32m 35[2mms[22m[39m
Build and inspect Linux Electron artifacts	Full deterministic unit gate	2026-09-11T13:52:48.4007936Z      [32m✓[39m rejects assignments and passes whose area or assignment has been retired [DON-279][32m 30[2mms[22m[39m
Build and inspect Linux Electron artifacts	Full deterministic unit gate	2026-09-11T13:52:48.4009184Z      [32m✓[39m hashes, parses, and bulk-persists GPX off the main isolate with bounded results [DON-274][32m 155[2mms[22m[39m
Build and inspect Linux Electron artifacts	Full deterministic unit gate	2026-09-11T13:52:48.4010571Z      [32m✓[39m continues a GPX batch after malformed and invalid-UTF-8 files and retains explicit failure provenance [DON-274][32m 120[2mms[22m[39m
Build and inspect Linux Electron artifacts	Full deterministic unit gate	2026-09-11T13:52:48.4011812Z      [32m✓[39m retains structured point and segment rejections when every GPX point is invalid [DON-274][32m 113[2mms[22m[39m
Build and inspect Linux Electron artifacts	Full deterministic unit gate	2026-09-11T13:52:48.4013013Z      [32m✓[39m rejects permissive scalar coercions in the production worker without inventing exact evidence [DON-274][32m 118[2mms[22m[39m
Build and inspect Linux Electron artifacts	Full deterministic unit gate	2026-09-11T13:52:48.4014224Z      [32m✓[39m rejects out-of-range timezone offsets in the production worker [DON-274][32m 114[2mms[22m[39m
Build and inspect Linux Electron artifacts	Full deterministic unit gate	2026-09-11T13:52:48.4015871Z      [33m[2m✓[22m[39m serializes concurrent identical GPX batches into one canonical import with two aliases [DON-274] [33m 1467[2mms[22m[39m
Build and inspect Linux Electron artifacts	Full deterministic unit gate	2026-09-11T13:52:48.4017189Z      [32m✓[39m caps admitted GPX import batches before creating unbounded durable receipts [DON-274][32m 101[2mms[22m[39m
Build and inspect Linux Electron artifacts	Full deterministic unit gate	2026-09-11T13:52:48.4018455Z      [32m✓[39m records an oversized GPX as an explicit per-file failure before exact-byte retention [DON-274][32m 186[2mms[22m[39m
Build and inspect Linux Electron artifacts	Full deterministic unit gate	2026-09-11T13:52:48.4019579Z      [32m✓[39m imports readable siblings while durably recording a missing selected GPX file [DON-274][32m 120[2mms[22m[39m
Build and inspect Linux Electron artifacts	Full deterministic unit gate	2026-09-11T13:52:48.4020916Z      [32m✓[39m blocks Finish and Finalize while durable GPX state is unsettled [DON-274][32m 34[2mms[22m[39m
Build and inspect Linux Electron artifacts	Full deterministic unit gate	2026-09-11T13:52:48.4022315Z      [32m✓[39m returns bounded persisted GPX import issues without retained bytes or absolute paths [DON-274][32m 114[2mms[22m[39m
Build and inspect Linux Electron artifacts	Full deterministic unit gate	2026-09-11T13:52:48.4023672Z      [32m✓[39m preflights renderer GPX identities and assignment actors before database work [DON-274][32m 168[2mms[22m[39m
Build and inspect Linux Electron artifacts	Full deterministic unit gate	2026-09-11T13:52:48.4025131Z      [32m✓[39m bounds every persisted GPX issue scalar and exposes projection loss explicitly [DON-274][32m 30[2mms[22m[39m
Build and inspect Linux Electron artifacts	Full deterministic unit gate	2026-09-11T13:52:48.4026300Z      [32m✓[39m cancels and joins active GPX workers before allowing mission-store shutdown [DON-274][32m 210[2mms[22m[39m
Build and inspect Linux Electron artifacts	Full deterministic unit gate	2026-09-11T13:52:48.4027588Z      [32m✓[39m fails shutdown closed on a bounded deadline until the GPX worker physically exits [DON-274][32m 224[2mms[22m[39m
Build and inspect Linux Electron artifacts	Full deterministic unit gate	2026-09-11T13:52:48.4028877Z      [32m✓[39m rechecks the finished-mission write fence inside the GPX worker transaction [DON-274][32m 48[2mms[22m[39m
Build and inspect Linux Electron artifacts	Full deterministic unit gate	2026-09-11T13:52:48.4030542Z      [32m✓[39m gives an admitted foreground write priority over GPX staging after SQLite contention [DON-254][32m 81[2mms[22m[39m
Build and inspect Linux Electron artifacts	Full deterministic unit gate	2026-09-11T13:52:48.4032058Z [31m     [31m×[31m keeps current-position writes and main heartbeat below 200 ms throughout a 50k-point GPX import [DON-274][39m[33m 18778[2mms[22m[39m
Build and inspect Linux Electron artifacts	Full deterministic unit gate	2026-09-11T13:52:48.4033553Z [31m     [31m×[31m keeps current writes below 200 ms while retaining an exact-limit 8 MiB GPX source [DON-274][39m[33m 1308[2mms[22m[39m
Build and inspect Linux Electron artifacts	Full deterministic unit gate	2026-09-11T13:52:54.5592806Z  [32m✓[39m tests/unit/electron-archive-lifecycle-smoke-script.test.ts [2m([22m[2m122 tests[22m[2m)[22m[33m 5019[2mms[22m[39m
Build and inspect Linux Electron artifacts	Full deterministic unit gate	2026-09-11T13:52:54.5594330Z      [33m[2m✓[22m[39m rejects malformed staged failure unions and publishes only the fixed fallback [33m 613[2mms[22m[39m
Build and inspect Linux Electron artifacts	Full deterministic unit gate	2026-09-11T13:52:54.5595756Z      [33m[2m✓[22m[39m revalidates the complete topology after a mid-read change: name-never-settles [33m 306[2mms[22m[39m
Build and inspect Linux Electron artifacts	Full deterministic unit gate	2026-09-11T13:53:08.6831821Z  [32m✓[39m tests/unit/electron-mission-store.test.ts [2m([22m[2m106 tests[22m[2m)[22m[33m 13388[2mms[22m[39m
Build and inspect Linux Electron artifacts	Full deterministic unit gate	2026-09-11T13:53:08.6833342Z      [33m[2m✓[22m[39m selects the same whole-route breadcrumb identities after restart [DON-260] [33m 1025[2mms[22m[39m
Build and inspect Linux Electron artifacts	Full deterministic unit gate	2026-09-11T13:53:08.6835104Z      [33m[2m✓[22m[39m acknowledges a large tracking batch without returning or materializing changed rows [33m 1380[2mms[22m[39m
Build and inspect Linux Electron artifacts	Full deterministic unit gate	2026-09-11T13:53:08.6836299Z      [33m[2m✓[22m[39m bulk records tracking positions in one mission-store operation while preserving mission truth [DON-200] [33m 436[2mms[22m[39m
Build and inspect Linux Electron artifacts	Full deterministic unit gate	2026-09-11T13:53:08.6837623Z      [33m[2m✓[22m[39m pages distinct conflicts without deleting unique evidence [DON-268] [33m 429[2mms[22m[39m
Build and inspect Linux Electron artifacts	Full deterministic unit gate	2026-09-11T13:53:08.6839032Z      [33m[2m✓[22m[39m does not publish or reuse a finalized archive repair from a stale finalization epoch [DON-278] [33m 666[2mms[22m[39m
Build and inspect Linux Electron artifacts	Full deterministic unit gate	2026-09-11T13:53:08.6840449Z      [33m[2m✓[22m[39m creates a fresh archive when a mission is unlocked and finalized again [DON-232] [33m 916[2mms[22m[39m
Build and inspect Linux Electron artifacts	Full deterministic unit gate	2026-09-11T13:53:09.7325557Z [90mstderr[2m | tests/unit/start-tracking-runtime.test.ts[2m > [22m[2mstartTrackingRuntime[2m > [22m[2mrecords admission failure without evidence loss and rejects a stopped generation
Build and inspect Linux Electron artifacts	Full deterministic unit gate	2026-09-11T13:53:09.7327956Z [22m[39mHistory request target could not be saved; retrieval will retry without a completeness claim. Error: disk unavailable
Build and inspect Linux Electron artifacts	Full deterministic unit gate	2026-09-11T13:53:09.7329611Z     at [90m/home/runner/work/sartracker-web/sartracker-web/[39mtests/unit/start-tracking-runtime.test.ts:176:51
Build and inspect Linux Electron artifacts	Full deterministic unit gate	2026-09-11T13:53:09.7331353Z     at [90mfile:///home/runner/work/sartracker-web/sartracker-web/[39mnode_modules/[4m@vitest/runner[24m/dist/chunk-artifact.js:302:11
Build and inspect Linux Electron artifacts	Full deterministic unit gate	2026-09-11T13:53:09.7332946Z     at [90mfile:///home/runner/work/sartracker-web/sartracker-web/[39mnode_modules/[4m@vitest/runner[24m/dist/chunk-artifact.js:1903:26
Build and inspect Linux Electron artifacts	Full deterministic unit gate	2026-09-11T13:53:09.7334551Z     at [90mfile:///home/runner/work/sartracker-web/sartracker-web/[39mnode_modules/[4m@vitest/runner[24m/dist/chunk-artifact.js:2326:20
Build and inspect Linux Electron artifacts	Full deterministic unit gate	2026-09-11T13:53:09.7336265Z     at new Promise (<anonymous>)
Build and inspect Linux Electron artifacts	Full deterministic unit gate	2026-09-11T13:53:09.7337639Z     at runWithCancel [90m(file:///home/runner/work/sartracker-web/sartracker-web/[39mnode_modules/[4m@vitest/runner[24m/dist/chunk-artifact.js:2323:10[90m)[39m
Build and inspect Linux Electron artifacts	Full deterministic unit gate	2026-09-11T13:53:09.7339585Z     at [90mfile:///home/runner/work/sartracker-web/sartracker-web/[39mnode_modules/[4m@vitest/runner[24m/dist/chunk-artifact.js:2305:20
Build and inspect Linux Electron artifacts	Full deterministic unit gate	2026-09-11T13:53:09.7340586Z     at new Promise (<anonymous>)
Build and inspect Linux Electron artifacts	Full deterministic unit gate	2026-09-11T13:53:09.7341986Z     at runWithTimeout [90m(file:///home/runner/work/sartracker-web/sartracker-web/[39mnode_modules/[4m@vitest/runner[24m/dist/chunk-artifact.js:2272:10[90m)[39m
Build and inspect Linux Electron artifacts	Full deterministic unit gate	2026-09-11T13:53:09.7343658Z     at [90mfile:///home/runner/work/sartracker-web/sartracker-web/[39mnode_modules/[4m@vitest/runner[24m/dist/chunk-artifact.js:2955:64
Build and inspect Linux Electron artifacts	Full deterministic unit gate	2026-09-11T13:53:09.7344595Z 
Build and inspect Linux Electron artifacts	Full deterministic unit gate	2026-09-11T13:53:09.8725901Z [90mstderr[2m | tests/unit/start-tracking-runtime.test.ts[2m > [22m[2mstartTrackingRuntime[2m > [22m[2mpreserves raw tracking cache data and warns when participant scope hydration fails
Build and inspect Linux Electron artifacts	Full deterministic unit gate	2026-09-11T13:53:09.8727887Z [22m[39mMission persistence failed. Error: Participant selection is unavailable.
Build and inspect Linux Electron artifacts	Full deterministic unit gate	2026-09-11T13:53:09.8729541Z     at Object.onSnapshot [90m(/home/runner/work/sartracker-web/sartracker-web/[39msrc/features/tracking/start-tracking-runtime.ts:906:23[90m)[39m
Build and inspect Linux Electron artifacts	Full deterministic unit gate	2026-09-11T13:53:09.8731359Z     at Object.onSnapshot [90m(/home/runner/work/sartracker-web/sartracker-web/[39msrc/features/tracking/start-tracking-runtime.ts:981:48[90m)[39m
Build and inspect Linux Electron artifacts	Full deterministic unit gate	2026-09-11T13:53:09.8733277Z     at [90m/home/runner/work/sartracker-web/sartracker-web/[39mtests/unit/start-tracking-runtime.test.ts:688:24
Build and inspect Linux Electron artifacts	Full deterministic unit gate	2026-09-11T13:53:09.8735017Z     at [90mfile:///home/runner/work/sartracker-web/sartracker-web/[39mnode_modules/[4m@vitest/runner[24m/dist/chunk-artifact.js:1903:20
Build and inspect Linux Electron artifacts	Full deterministic unit gate	2026-09-11T13:53:09.8735893Z 
Build and inspect Linux Electron artifacts	Full deterministic unit gate	2026-09-11T13:53:09.9791454Z [90mstderr[2m | tests/unit/start-tracking-runtime.test.ts[2m > [22m[2mstartTrackingRuntime[2m > [22m[2mmarks deferred accepted evidence before runtime stop releases its mission token
Build and inspect Linux Electron artifacts	Full deterministic unit gate	2026-09-11T13:53:09.9793916Z [22m[39mMission evidence could not be retained. Error: Accepted tracking evidence could not be participation-scoped before release.
Build and inspect Linux Electron artifacts	Full deterministic unit gate	2026-09-11T13:53:09.9795393Z     at Object.markEvidenceLoss [90m(/home/runner/work/sartracker-web/sartracker-web/[39msrc/features/tracking/start-tracking-runtime.ts:456:9[90m)[39m
Build and inspect Linux Electron artifacts	Full deterministic unit gate	2026-09-11T13:53:09.9796640Z     at [90m/home/runner/work/sartracker-web/sartracker-web/[39msrc/features/tracking/deferred-mission-evidence.ts:158:65
Build and inspect Linux Electron artifacts	Full deterministic unit gate	2026-09-11T13:53:09.9797856Z     at settleLossMarker [90m(/home/runner/work/sartracker-web/sartracker-web/[39msrc/features/tracking/deferred-mission-evidence.ts:287:44[90m)[39m
Build and inspect Linux Electron artifacts	Full deterministic unit gate	2026-09-11T13:53:09.9799172Z     at flushMission [90m(/home/runner/work/sartracker-web/sartracker-web/[39msrc/features/tracking/deferred-mission-evidence.ts:309:5[90m)[39m
Build and inspect Linux Electron artifacts	Full deterministic unit gate	2026-09-11T13:53:09.9800111Z     at async Promise.allSettled (index 0)
Build and inspect Linux Electron artifacts	Full deterministic unit gate	2026-09-11T13:53:09.9801238Z     at Object.settleForStop [90m(/home/runner/work/sartracker-web/sartracker-web/[39msrc/features/tracking/deferred-mission-evidence.ts:377:25[90m)[39m
Build and inspect Linux Electron artifacts	Full deterministic unit gate	2026-09-11T13:53:09.9802836Z     at [90m/home/runner/work/sartracker-web/sartracker-web/[39msrc/features/tracking/start-tracking-runtime.ts:1108:7
Build and inspect Linux Electron artifacts	Full deterministic unit gate	2026-09-11T13:53:09.9804252Z     at attempt [90m(/home/runner/work/sartracker-web/sartracker-web/[39msrc/features/runtime/runtime-cleanup.ts:22:35[90m)[39m
Build and inspect Linux Electron artifacts	Full deterministic unit gate	2026-09-11T13:53:09.9805721Z     at [90m/home/runner/work/sartracker-web/sartracker-web/[39mtests/unit/start-tracking-runtime.test.ts:907:5
Build and inspect Linux Electron artifacts	Full deterministic unit gate	2026-09-11T13:53:09.9807143Z     at [90mfile:///home/runner/work/sartracker-web/sartracker-web/[39mnode_modules/[4m@vitest/runner[24m/dist/chunk-artifact.js:1903:20
Build and inspect Linux Electron artifacts	Full deterministic unit gate	2026-09-11T13:53:09.9807845Z 
Build and inspect Linux Electron artifacts	Full deterministic unit gate	2026-09-11T13:53:09.9819306Z [90mstderr[2m | tests/unit/start-tracking-runtime.test.ts[2m > [22m[2mstartTrackingRuntime[2m > [22m[2mdrains transferred current evidence before runtime stop releases its guardian [DON-252]
Build and inspect Linux Electron artifacts	Full deterministic unit gate	2026-09-11T13:53:09.9821865Z [22m[39mMission evidence could not be retained. Error: Accepted tracking evidence could not be participation-scoped before release.
Build and inspect Linux Electron artifacts	Full deterministic unit gate	2026-09-11T13:53:09.9823507Z     at Object.markEvidenceLoss [90m(/home/runner/work/sartracker-web/sartracker-web/[39msrc/features/tracking/start-tracking-runtime.ts:456:9[90m)[39m
Build and inspect Linux Electron artifacts	Full deterministic unit gate	2026-09-11T13:53:09.9825364Z     at [90m/home/runner/work/sartracker-web/sartracker-web/[39msrc/features/tracking/deferred-mission-evidence.ts:158:65
Build and inspect Linux Electron artifacts	Full deterministic unit gate	2026-09-11T13:53:09.9826906Z     at settleLossMarker [90m(/home/runner/work/sartracker-web/sartracker-web/[39msrc/features/tracking/deferred-mission-evidence.ts:287:44[90m)[39m
Build and inspect Linux Electron artifacts	Full deterministic unit gate	2026-09-11T13:53:09.9828647Z     at flushMission [90m(/home/runner/work/sartracker-web/sartracker-web/[39msrc/features/tracking/deferred-mission-evidence.ts:309:5[90m)[39m
Build and inspect Linux Electron artifacts	Full deterministic unit gate	2026-09-11T13:53:09.9829652Z     at async Promise.allSettled (index 0)
Build and inspect Linux Electron artifacts	Full deterministic unit gate	2026-09-11T13:53:09.9830948Z     at Object.settleForStop [90m(/home/runner/work/sartracker-web/sartracker-web/[39msrc/features/tracking/deferred-mission-evidence.ts:377:25[90m)[39m
Build and inspect Linux Electron artifacts	Full deterministic unit gate	2026-09-11T13:53:09.9831977Z     at [90m/home/runner/work/sartracker-web/sartracker-web/[39msrc/features/tracking/start-tracking-runtime.ts:1108:7
Build and inspect Linux Electron artifacts	Full deterministic unit gate	2026-09-11T13:53:09.9832839Z     at attempt [90m(/home/runner/work/sartracker-web/sartracker-web/[39msrc/features/runtime/runtime-cleanup.ts:22:35[90m)[39m
Build and inspect Linux Electron artifacts	Full deterministic unit gate	2026-09-11T13:53:09.9833777Z     at [90m/home/runner/work/sartracker-web/sartracker-web/[39mtests/unit/start-tracking-runtime.test.ts:957:5
Build and inspect Linux Electron artifacts	Full deterministic unit gate	2026-09-11T13:53:09.9835205Z     at [90mfile:///home/runner/work/sartracker-web/sartracker-web/[39mnode_modules/[4m@vitest/runner[24m/dist/chunk-artifact.js:1903:20
Build and inspect Linux Electron artifacts	Full deterministic unit gate	2026-09-11T13:53:09.9835871Z 
Build and inspect Linux Electron artifacts	Full deterministic unit gate	2026-09-11T13:53:09.9836794Z [90mstderr[2m | tests/unit/start-tracking-runtime.test.ts[2m > [22m[2mstartTrackingRuntime[2m > [22m[2mdurably marks an accepted snapshot when Finish closes scope during deferred ownership transfer
Build and inspect Linux Electron artifacts	Full deterministic unit gate	2026-09-11T13:53:09.9837820Z [22m[39mMission persistence failed. Error: Mission evidence scope closed before deferred evidence was retained.
Build and inspect Linux Electron artifacts	Full deterministic unit gate	2026-09-11T13:53:09.9838777Z     at Object.onSnapshot [90m(/home/runner/work/sartracker-web/sartracker-web/[39msrc/features/tracking/start-tracking-runtime.ts:911:23[90m)[39m
Build and inspect Linux Electron artifacts	Full deterministic unit gate	2026-09-11T13:53:09.9839731Z     at Object.onSnapshot [90m(/home/runner/work/sartracker-web/sartracker-web/[39msrc/features/tracking/start-tracking-runtime.ts:981:48[90m)[39m
Build and inspect Linux Electron artifacts	Full deterministic unit gate	2026-09-11T13:53:09.9840562Z     at [90m/home/runner/work/sartracker-web/sartracker-web/[39mtests/unit/start-tracking-runtime.test.ts:1001:24
Build and inspect Linux Electron artifacts	Full deterministic unit gate	2026-09-11T13:53:09.9841480Z     at [90mfile:///home/runner/work/sartracker-web/sartracker-web/[39mnode_modules/[4m@vitest/runner[24m/dist/chunk-artifact.js:1903:20
Build and inspect Linux Electron artifacts	Full deterministic unit gate	2026-09-11T13:53:09.9841907Z 
Build and inspect Linux Electron artifacts	Full deterministic unit gate	2026-09-11T13:53:09.9865999Z [90mstderr[2m | tests/unit/start-tracking-runtime.test.ts[2m > [22m[2mstartTrackingRuntime[2m > [22m[2mdoes not clear a persistence failure while participant scope blocks a later write
Build and inspect Linux Electron artifacts	Full deterministic unit gate	2026-09-11T13:53:09.9867525Z [22m[39mMission persistence failed. Error: disk unavailable
Build and inspect Linux Electron artifacts	Full deterministic unit gate	2026-09-11T13:53:09.9868605Z     at [90m/home/runner/work/sartracker-web/sartracker-web/[39mtests/unit/start-tracking-runtime.test.ts:1164:53
Build and inspect Linux Electron artifacts	Full deterministic unit gate	2026-09-11T13:53:09.9870023Z     at [90mfile:///home/runner/work/sartracker-web/sartracker-web/[39mnode_modules/[4m@vitest/runner[24m/dist/chunk-artifact.js:302:11
Build and inspect Linux Electron artifacts	Full deterministic unit gate	2026-09-11T13:53:09.9871445Z     at [90mfile:///home/runner/work/sartracker-web/sartracker-web/[39mnode_modules/[4m@vitest/runner[24m/dist/chunk-artifact.js:1903:26
Build and inspect Linux Electron artifacts	Full deterministic unit gate	2026-09-11T13:53:09.9872877Z     at [90mfile:///home/runner/work/sartracker-web/sartracker-web/[39mnode_modules/[4m@vitest/runner[24m/dist/chunk-artifact.js:2326:20
Build and inspect Linux Electron artifacts	Full deterministic unit gate	2026-09-11T13:53:09.9873747Z     at new Promise (<anonymous>)
Build and inspect Linux Electron artifacts	Full deterministic unit gate	2026-09-11T13:53:09.9875081Z     at runWithCancel [90m(file:///home/runner/work/sartracker-web/sartracker-web/[39mnode_modules/[4m@vitest/runner[24m/dist/chunk-artifact.js:2323:10[90m)[39m
Build and inspect Linux Electron artifacts	Full deterministic unit gate	2026-09-11T13:53:09.9877085Z     at [90mfile:///home/runner/work/sartracker-web/sartracker-web/[39mnode_modules/[4m@vitest/runner[24m/dist/chunk-artifact.js:2305:20
Build and inspect Linux Electron artifacts	Full deterministic unit gate	2026-09-11T13:53:09.9877898Z     at new Promise (<anonymous>)
Build and inspect Linux Electron artifacts	Full deterministic unit gate	2026-09-11T13:53:09.9879147Z     at runWithTimeout [90m(file:///home/runner/work/sartracker-web/sartracker-web/[39mnode_modules/[4m@vitest/runner[24m/dist/chunk-artifact.js:2272:10[90m)[39m
Build and inspect Linux Electron artifacts	Full deterministic unit gate	2026-09-11T13:53:09.9880565Z     at [90mfile:///home/runner/work/sartracker-web/sartracker-web/[39mnode_modules/[4m@vitest/runner[24m/dist/chunk-artifact.js:2955:64
Build and inspect Linux Electron artifacts	Full deterministic unit gate	2026-09-11T13:53:09.9881216Z 
Build and inspect Linux Electron artifacts	Full deterministic unit gate	2026-09-11T13:53:09.9882446Z [90mstderr[2m | tests/unit/start-tracking-runtime.test.ts[2m > [22m[2mstartTrackingRuntime[2m > [22m[2mdoes not clear a persistence failure while participant scope blocks a later write
Build and inspect Linux Electron artifacts	Full deterministic unit gate	2026-09-11T13:53:09.9883811Z [22m[39mMission persistence failed. Error: Participant selection is unavailable.
Build and inspect Linux Electron artifacts	Full deterministic unit gate	2026-09-11T13:53:09.9885225Z     at Object.onSnapshot [90m(/home/runner/work/sartracker-web/sartracker-web/[39msrc/features/tracking/start-tracking-runtime.ts:906:23[90m)[39m
Build and inspect Linux Electron artifacts	Full deterministic unit gate	2026-09-11T13:53:09.9886940Z     at Object.onSnapshot [90m(/home/runner/work/sartracker-web/sartracker-web/[39msrc/features/tracking/start-tracking-runtime.ts:981:48[90m)[39m
Build and inspect Linux Electron artifacts	Full deterministic unit gate	2026-09-11T13:53:09.9888361Z     at [90m/home/runner/work/sartracker-web/sartracker-web/[39mtests/unit/start-tracking-runtime.test.ts:1186:24
Build and inspect Linux Electron artifacts	Full deterministic unit gate	2026-09-11T13:53:09.9889822Z     at [90mfile:///home/runner/work/sartracker-web/sartracker-web/[39mnode_modules/[4m@vitest/runner[24m/dist/chunk-artifact.js:1903:20
Build and inspect Linux Electron artifacts	Full deterministic unit gate	2026-09-11T13:53:09.9890757Z 
Build and inspect Linux Electron artifacts	Full deterministic unit gate	2026-09-11T13:53:09.9942028Z [90mstderr[2m | tests/unit/start-tracking-runtime.test.ts[2m > [22m[2mstartTrackingRuntime[2m > [22m[2mkeeps current-fix rendering live while bounded mission persistence drains FIFO [DON-252]
Build and inspect Linux Electron artifacts	Full deterministic unit gate	2026-09-11T13:53:09.9943355Z [22m[39mMission evidence could not be retained. Error: Accepted tracking evidence could not be participation-scoped before release.
Build and inspect Linux Electron artifacts	Full deterministic unit gate	2026-09-11T13:53:09.9944349Z     at Object.markEvidenceLoss [90m(/home/runner/work/sartracker-web/sartracker-web/[39msrc/features/tracking/start-tracking-runtime.ts:456:9[90m)[39m
Build and inspect Linux Electron artifacts	Full deterministic unit gate	2026-09-11T13:53:09.9945451Z     at [90m/home/runner/work/sartracker-web/sartracker-web/[39msrc/features/tracking/deferred-mission-evidence.ts:158:65
Build and inspect Linux Electron artifacts	Full deterministic unit gate	2026-09-11T13:53:09.9945946Z 
Build and inspect Linux Electron artifacts	Full deterministic unit gate	2026-09-11T13:53:10.6289494Z [90mstderr[2m | tests/unit/start-tracking-runtime.test.ts[2m > [22m[2mstartTrackingRuntime[2m > [22m[2mdoes not let a queued snapshot cross into a different active mission [DON-260]
Build and inspect Linux Electron artifacts	Full deterministic unit gate	2026-09-11T13:53:10.6291397Z [22m[39mMission persistence failed. Error: Tracking mission changed before accepted evidence could be persisted.
Build and inspect Linux Electron artifacts	Full deterministic unit gate	2026-09-11T13:53:10.6292917Z     at persistTrackingSnapshot [90m(/home/runner/work/sartracker-web/sartracker-web/[39msrc/features/tracking/start-tracking-runtime.ts:1970:13[90m)[39m
Build and inspect Linux Electron artifacts	Full deterministic unit gate	2026-09-11T13:53:10.6294529Z     at [90m/home/runner/work/sartracker-web/sartracker-web/[39msrc/features/tracking/start-tracking-runtime.ts:1282:35
Build and inspect Linux Electron artifacts	Full deterministic unit gate	2026-09-11T13:53:10.6296141Z     at [90m/home/runner/work/sartracker-web/sartracker-web/[39msrc/features/tracking/start-tracking-runtime.ts:1726:5
Build and inspect Linux Electron artifacts	Full deterministic unit gate	2026-09-11T13:53:10.6296741Z 
Build and inspect Linux Electron artifacts	Full deterministic unit gate	2026-09-11T13:53:10.8446686Z [90mstderr[2m | tests/unit/start-tracking-runtime.test.ts[2m > [22m[2mstartTrackingRuntime[2m > [22m[2mdoes not release a failed initial-history wave before its durable loss marker settles
Build and inspect Linux Electron artifacts	Full deterministic unit gate	2026-09-11T13:53:10.8447800Z [22m[39mTracking history wave persistence failed. Error: history wave write failed
Build and inspect Linux Electron artifacts	Full deterministic unit gate	2026-09-11T13:53:10.8448565Z     at [90m/home/runner/work/sartracker-web/sartracker-web/[39mtests/unit/start-tracking-runtime.test.ts:3481:32
Build and inspect Linux Electron artifacts	Full deterministic unit gate	2026-09-11T13:53:10.8449481Z     at [90mfile:///home/runner/work/sartracker-web/sartracker-web/[39mnode_modules/[4m@vitest/runner[24m/dist/chunk-artifact.js:302:11
Build and inspect Linux Electron artifacts	Full deterministic unit gate	2026-09-11T13:53:10.8450406Z     at [90mfile:///home/runner/work/sartracker-web/sartracker-web/[39mnode_modules/[4m@vitest/runner[24m/dist/chunk-artifact.js:1903:26
Build and inspect Linux Electron artifacts	Full deterministic unit gate	2026-09-11T13:53:10.8451649Z     at [90mfile:///home/runner/work/sartracker-web/sartracker-web/[39mnode_modules/[4m@vitest/runner[24m/dist/chunk-artifact.js:2326:20
Build and inspect Linux Electron artifacts	Full deterministic unit gate	2026-09-11T13:53:10.8452247Z     at new Promise (<anonymous>)
Build and inspect Linux Electron artifacts	Full deterministic unit gate	2026-09-11T13:53:10.8453015Z     at runWithCancel [90m(file:///home/runner/work/sartracker-web/sartracker-web/[39mnode_modules/[4m@vitest/runner[24m/dist/chunk-artifact.js:2323:10[90m)[39m
Build and inspect Linux Electron artifacts	Full deterministic unit gate	2026-09-11T13:53:10.8453949Z     at [90mfile:///home/runner/work/sartracker-web/sartracker-web/[39mnode_modules/[4m@vitest/runner[24m/dist/chunk-artifact.js:2305:20
Build and inspect Linux Electron artifacts	Full deterministic unit gate	2026-09-11T13:53:10.8454511Z     at new Promise (<anonymous>)
Build and inspect Linux Electron artifacts	Full deterministic unit gate	2026-09-11T13:53:10.8455491Z     at runWithTimeout [90m(file:///home/runner/work/sartracker-web/sartracker-web/[39mnode_modules/[4m@vitest/runner[24m/dist/chunk-artifact.js:2272:10[90m)[39m
Build and inspect Linux Electron artifacts	Full deterministic unit gate	2026-09-11T13:53:10.8456467Z     at [90mfile:///home/runner/work/sartracker-web/sartracker-web/[39mnode_modules/[4m@vitest/runner[24m/dist/chunk-artifact.js:2955:64
Build and inspect Linux Electron artifacts	Full deterministic unit gate	2026-09-11T13:53:10.8456907Z 
Build and inspect Linux Electron artifacts	Full deterministic unit gate	2026-09-11T13:53:10.8954496Z [90mstderr[2m | tests/unit/start-tracking-runtime.test.ts[2m > [22m[2mstartTrackingRuntime[2m > [22m[2mdoes not release a failed initial history chunk before its durable loss marker settles
Build and inspect Linux Electron artifacts	Full deterministic unit gate	2026-09-11T13:53:10.8955953Z [22m[39mTracking history chunk persistence failed. Error: initial history write failed
Build and inspect Linux Electron artifacts	Full deterministic unit gate	2026-09-11T13:53:10.8956974Z     at [90m/home/runner/work/sartracker-web/sartracker-web/[39mtests/unit/start-tracking-runtime.test.ts:3541:34
Build and inspect Linux Electron artifacts	Full deterministic unit gate	2026-09-11T13:53:10.8958534Z     at [90mfile:///home/runner/work/sartracker-web/sartracker-web/[39mnode_modules/[4m@vitest/runner[24m/dist/chunk-artifact.js:2027:60
Build and inspect Linux Electron artifacts	Full deterministic unit gate	2026-09-11T13:53:10.8959830Z     at [90mfile:///home/runner/work/sartracker-web/sartracker-web/[39mnode_modules/[4m@vitest/runner[24m/dist/chunk-artifact.js:302:11
Build and inspect Linux Electron artifacts	Full deterministic unit gate	2026-09-11T13:53:10.8961101Z     at [90mfile:///home/runner/work/sartracker-web/sartracker-web/[39mnode_modules/[4m@vitest/runner[24m/dist/chunk-artifact.js:1903:26
Build and inspect Linux Electron artifacts	Full deterministic unit gate	2026-09-11T13:53:10.8962149Z     at [90mfile:///home/runner/work/sartracker-web/sartracker-web/[39mnode_modules/[4m@vitest/runner[24m/dist/chunk-artifact.js:2326:20
Build and inspect Linux Electron artifacts	Full deterministic unit gate	2026-09-11T13:53:10.8962773Z     at new Promise (<anonymous>)
Build and inspect Linux Electron artifacts	Full deterministic unit gate	2026-09-11T13:53:10.8963534Z     at runWithCancel [90m(file:///home/runner/work/sartracker-web/sartracker-web/[39mnode_modules/[4m@vitest/runner[24m/dist/chunk-artifact.js:2323:10[90m)[39m
Build and inspect Linux Electron artifacts	Full deterministic unit gate	2026-09-11T13:53:10.8964501Z     at [90mfile:///home/runner/work/sartracker-web/sartracker-web/[39mnode_modules/[4m@vitest/runner[24m/dist/chunk-artifact.js:2305:20
Build and inspect Linux Electron artifacts	Full deterministic unit gate	2026-09-11T13:53:10.8965444Z     at new Promise (<anonymous>)
Build and inspect Linux Electron artifacts	Full deterministic unit gate	2026-09-11T13:53:10.8966264Z     at runWithTimeout [90m(file:///home/runner/work/sartracker-web/sartracker-web/[39mnode_modules/[4m@vitest/runner[24m/dist/chunk-artifact.js:2272:10[90m)[39m
Build and inspect Linux Electron artifacts	Full deterministic unit gate	2026-09-11T13:53:10.8966774Z 
Build and inspect Linux Electron artifacts	Full deterministic unit gate	2026-09-11T13:53:10.9460072Z [90mstderr[2m | tests/unit/start-tracking-runtime.test.ts[2m > [22m[2mstartTrackingRuntime[2m > [22m[2mdoes not release a failed anti_entropy history chunk before its durable loss marker settles
Build and inspect Linux Electron artifacts	Full deterministic unit gate	2026-09-11T13:53:10.9461173Z [22m[39mTracking history chunk persistence failed. Error: anti_entropy history write failed
Build and inspect Linux Electron artifacts	Full deterministic unit gate	2026-09-11T13:53:10.9462014Z     at [90m/home/runner/work/sartracker-web/sartracker-web/[39mtests/unit/start-tracking-runtime.test.ts:3541:34
Build and inspect Linux Electron artifacts	Full deterministic unit gate	2026-09-11T13:53:10.9462907Z     at [90mfile:///home/runner/work/sartracker-web/sartracker-web/[39mnode_modules/[4m@vitest/runner[24m/dist/chunk-artifact.js:2027:60
Build and inspect Linux Electron artifacts	Full deterministic unit gate	2026-09-11T13:53:10.9463804Z     at [90mfile:///home/runner/work/sartracker-web/sartracker-web/[39mnode_modules/[4m@vitest/runner[24m/dist/chunk-artifact.js:302:11
Build and inspect Linux Electron artifacts	Full deterministic unit gate	2026-09-11T13:53:10.9464861Z     at [90mfile:///home/runner/work/sartracker-web/sartracker-web/[39mnode_modules/[4m@vitest/runner[24m/dist/chunk-artifact.js:1903:26
Build and inspect Linux Electron artifacts	Full deterministic unit gate	2026-09-11T13:53:10.9465802Z     at [90mfile:///home/runner/work/sartracker-web/sartracker-web/[39mnode_modules/[4m@vitest/runner[24m/dist/chunk-artifact.js:2326:20
Build and inspect Linux Electron artifacts	Full deterministic unit gate	2026-09-11T13:53:10.9466612Z     at new Promise (<anonymous>)
Build and inspect Linux Electron artifacts	Full deterministic unit gate	2026-09-11T13:53:10.9467384Z     at runWithCancel [90m(file:///home/runner/work/sartracker-web/sartracker-web/[39mnode_modules/[4m@vitest/runner[24m/dist/chunk-artifact.js:2323:10[90m)[39m
Build and inspect Linux Electron artifacts	Full deterministic unit gate	2026-09-11T13:53:10.9468339Z     at [90mfile:///home/runner/work/sartracker-web/sartracker-web/[39mnode_modules/[4m@vitest/runner[24m/dist/chunk-artifact.js:2305:20
Build and inspect Linux Electron artifacts	Full deterministic unit gate	2026-09-11T13:53:10.9468904Z     at new Promise (<anonymous>)
Build and inspect Linux Electron artifacts	Full deterministic unit gate	2026-09-11T13:53:10.9469675Z     at runWithTimeout [90m(file:///home/runner/work/sartracker-web/sartracker-web/[39mnode_modules/[4m@vitest/runner[24m/dist/chunk-artifact.js:2272:10[90m)[39m
Build and inspect Linux Electron artifacts	Full deterministic unit gate	2026-09-11T13:53:10.9470183Z 
Build and inspect Linux Electron artifacts	Full deterministic unit gate	2026-09-11T13:53:11.0468315Z [90mstderr[2m | tests/unit/start-tracking-runtime.test.ts[2m > [22m[2mstartTrackingRuntime[2m > [22m[2mrejects a stale initial-history write after mission replacement
Build and inspect Linux Electron artifacts	Full deterministic unit gate	2026-09-11T13:53:11.0470339Z [22m[39mTracking history chunk persistence failed. Error: Tracking history mission changed before the chunk could be persisted.
Build and inspect Linux Electron artifacts	Full deterministic unit gate	2026-09-11T13:53:11.0471714Z     at [90m/home/runner/work/sartracker-web/sartracker-web/[39msrc/features/tracking/start-tracking-runtime.ts:746:19
Build and inspect Linux Electron artifacts	Full deterministic unit gate	2026-09-11T13:53:11.0473041Z     at [90m/home/runner/work/sartracker-web/sartracker-web/[39msrc/features/tracking/start-tracking-runtime.ts:1726:5
Build and inspect Linux Electron artifacts	Full deterministic unit gate	2026-09-11T13:53:11.0473619Z 
Build and inspect Linux Electron artifacts	Full deterministic unit gate	2026-09-11T13:53:11.1679944Z  [32m✓[39m tests/unit/start-tracking-runtime.test.ts [2m([22m[2m90 tests[22m[2m)[22m[33m 1623[2mms[22m[39m
Build and inspect Linux Electron artifacts	Full deterministic unit gate	2026-09-11T13:53:11.9207791Z [90mstderr[2m | tests/unit/polling-manager.test.ts[2m > [22m[2mpolling manager[2m > [22m[2mrecords the history target before transport and keeps current fixes running when admission fails
Build and inspect Linux Electron artifacts	Full deterministic unit gate	2026-09-11T13:53:11.9208816Z [22m[39mTracking breadcrumb reconciliation failed for device. {
Build and inspect Linux Electron artifacts	Full deterministic unit gate	2026-09-11T13:53:11.9209227Z   deviceId: [32m'1'[39m,
Build and inspect Linux Electron artifacts	Full deterministic unit gate	2026-09-11T13:53:11.9209617Z   deviceName: [32m'Donal Phone'[39m,
Build and inspect Linux Electron artifacts	Full deterministic unit gate	2026-09-11T13:53:11.9210045Z   retryDelayMs: [33m1000[39m,
Build and inspect Linux Electron artifacts	Full deterministic unit gate	2026-09-11T13:53:11.9210427Z   error: [32m'Checkpoint write failed'[39m
Build and inspect Linux Electron artifacts	Full deterministic unit gate	2026-09-11T13:53:11.9210726Z }
Build and inspect Linux Electron artifacts	Full deterministic unit gate	2026-09-11T13:53:11.9211106Z Tracking breadcrumb reconciliation failed for device. {
Build and inspect Linux Electron artifacts	Full deterministic unit gate	2026-09-11T13:53:11.9211477Z   deviceId: [32m'2'[39m,
Build and inspect Linux Electron artifacts	Full deterministic unit gate	2026-09-11T13:53:11.9211819Z   deviceName: [32m'Team Lead'[39m,
Build and inspect Linux Electron artifacts	Full deterministic unit gate	2026-09-11T13:53:11.9212209Z   retryDelayMs: [33m1000[39m,
Build and inspect Linux Electron artifacts	Full deterministic unit gate	2026-09-11T13:53:11.9212563Z   error: [32m'Checkpoint write failed'[39m
Build and inspect Linux Electron artifacts	Full deterministic unit gate	2026-09-11T13:53:11.9212855Z }
Build and inspect Linux Electron artifacts	Full deterministic unit gate	2026-09-11T13:53:11.9213205Z Tracking breadcrumb fetch failed for device. {
Build and inspect Linux Electron artifacts	Full deterministic unit gate	2026-09-11T13:53:11.9213524Z   deviceId: [32m'1'[39m,
Build and inspect Linux Electron artifacts	Full deterministic unit gate	2026-09-11T13:53:11.9213875Z   deviceName: [32m'Donal Phone'[39m,
Build and inspect Linux Electron artifacts	Full deterministic unit gate	2026-09-11T13:53:11.9214268Z   error: [32m'Checkpoint write failed'[39m
Build and inspect Linux Electron artifacts	Full deterministic unit gate	2026-09-11T13:53:11.9214576Z }
Build and inspect Linux Electron artifacts	Full deterministic unit gate	2026-09-11T13:53:11.9215466Z Tracking breadcrumb fetch failed for device. {
Build and inspect Linux Electron artifacts	Full deterministic unit gate	2026-09-11T13:53:11.9215853Z   deviceId: [32m'2'[39m,
Build and inspect Linux Electron artifacts	Full deterministic unit gate	2026-09-11T13:53:11.9216201Z   deviceName: [32m'Team Lead'[39m,
Build and inspect Linux Electron artifacts	Full deterministic unit gate	2026-09-11T13:53:11.9216556Z   error: [32m'Checkpoint write failed'[39m
Build and inspect Linux Electron artifacts	Full deterministic unit gate	2026-09-11T13:53:11.9216917Z }
Build and inspect Linux Electron artifacts	Full deterministic unit gate	2026-09-11T13:53:11.9217039Z 
Build and inspect Linux Electron artifacts	Full deterministic unit gate	2026-09-11T13:53:11.9379956Z [90mstderr[2m | tests/unit/polling-manager.test.ts[2m > [22m[2mpolling manager[2m > [22m[2mkeeps live positions visible while a closed mission observation scope excludes evidence
Build and inspect Linux Electron artifacts	Full deterministic unit gate	2026-09-11T13:53:11.9380761Z [22m[39mTracking breadcrumb fetch failed for device. {
Build and inspect Linux Electron artifacts	Full deterministic unit gate	2026-09-11T13:53:11.9381181Z   deviceId: [32m'1'[39m,
Build and inspect Linux Electron artifacts	Full deterministic unit gate	2026-09-11T13:53:11.9381503Z   deviceName: [32m'Donal Phone'[39m,
Build and inspect Linux Electron artifacts	Full deterministic unit gate	2026-09-11T13:53:11.9382050Z   error: [32m'Mission history evidence scope closed before transport admission.'[39m
Build and inspect Linux Electron artifacts	Full deterministic unit gate	2026-09-11T13:53:11.9382501Z }
Build and inspect Linux Electron artifacts	Full deterministic unit gate	2026-09-11T13:53:11.9382819Z Tracking breadcrumb fetch failed for device. {
Build and inspect Linux Electron artifacts	Full deterministic unit gate	2026-09-11T13:53:11.9383160Z   deviceId: [32m'2'[39m,
Build and inspect Linux Electron artifacts	Full deterministic unit gate	2026-09-11T13:53:11.9383521Z   deviceName: [32m'Team Lead'[39m,
Build and inspect Linux Electron artifacts	Full deterministic unit gate	2026-09-11T13:53:11.9384020Z   error: [32m'Mission history evidence scope closed before transport admission.'[39m
Build and inspect Linux Electron artifacts	Full deterministic unit gate	2026-09-11T13:53:11.9384772Z }
Build and inspect Linux Electron artifacts	Full deterministic unit gate	2026-09-11T13:53:11.9384968Z 
Build and inspect Linux Electron artifacts	Full deterministic unit gate	2026-09-11T13:53:11.9479029Z [90mstderr[2m | tests/unit/polling-manager.test.ts[2m > [22m[2mpolling manager[2m > [22m[2mpublishes current positions with last-known roster metadata when roster refresh fails [DON-267]
Build and inspect Linux Electron artifacts	Full deterministic unit gate	2026-09-11T13:53:11.9480025Z [22m[39mTracking device roster refresh failed; using last-known metadata. { failureKind: [32m'unknown'[39m }
Build and inspect Linux Electron artifacts	Full deterministic unit gate	2026-09-11T13:53:11.9480378Z 
Build and inspect Linux Electron artifacts	Full deterministic unit gate	2026-09-11T13:53:11.9521397Z [90mstderr[2m | tests/unit/polling-manager.test.ts[2m > [22m[2mpolling manager[2m > [22m[2mcancels unresolved admitted history transport on stop without fabricating evidence [DON-267]
Build and inspect Linux Electron artifacts	Full deterministic unit gate	2026-09-11T13:53:11.9522452Z [22m[39mTracking breadcrumb fetch failed for device. {
Build and inspect Linux Electron artifacts	Full deterministic unit gate	2026-09-11T13:53:11.9523033Z   deviceId: [32m'1'[39m,
Build and inspect Linux Electron artifacts	Full deterministic unit gate	2026-09-11T13:53:11.9523676Z   deviceName: [32m'Donal Phone'[39m,
Build and inspect Linux Electron artifacts	Full deterministic unit gate	2026-09-11T13:53:11.9524306Z   error: [32m'AbortError: History request stopped.'[39m
Build and inspect Linux Electron artifacts	Full deterministic unit gate	2026-09-11T13:53:11.9524925Z }
Build and inspect Linux Electron artifacts	Full deterministic unit gate	2026-09-11T13:53:11.9525614Z Tracking breadcrumb fetch failed for device. {
Build and inspect Linux Electron artifacts	Full deterministic unit gate	2026-09-11T13:53:11.9526095Z   deviceId: [32m'2'[39m,
Build and inspect Linux Electron artifacts	Full deterministic unit gate	2026-09-11T13:53:11.9526745Z   deviceName: [32m'Team Lead'[39m,
Build and inspect Linux Electron artifacts	Full deterministic unit gate	2026-09-11T13:53:11.9527402Z   error: [32m'AbortError: History request stopped.'[39m
Build and inspect Linux Electron artifacts	Full deterministic unit gate	2026-09-11T13:53:11.9527816Z }
Build and inspect Linux Electron artifacts	Full deterministic unit gate	2026-09-11T13:53:11.9528086Z 
Build and inspect Linux Electron artifacts	Full deterministic unit gate	2026-09-11T13:53:11.9575820Z [90mstderr[2m | tests/unit/polling-manager.test.ts[2m > [22m[2mpolling manager[2m > [22m[2msynthesizes bounded device rows when the first roster request fails [DON-267]
Build and inspect Linux Electron artifacts	Full deterministic unit gate	2026-09-11T13:53:11.9577641Z [22m[39mTracking device roster refresh failed; using last-known metadata. { failureKind: [32m'unknown'[39m }
Build and inspect Linux Electron artifacts	Full deterministic unit gate	2026-09-11T13:53:11.9578165Z 
Build and inspect Linux Electron artifacts	Full deterministic unit gate	2026-09-11T13:53:11.9594439Z [90mstderr[2m | tests/unit/polling-manager.test.ts[2m > [22m[2mpolling manager[2m > [22m[2mpublishes valid current positions before safely reporting rejected rows [DON-268]
Build and inspect Linux Electron artifacts	Full deterministic unit gate	2026-09-11T13:53:11.9595770Z [22m[39mCurrent-position rejection evidence delivery failed. { failureKind: [32m'unknown'[39m }
Build and inspect Linux Electron artifacts	Full deterministic unit gate	2026-09-11T13:53:11.9596154Z 
Build and inspect Linux Electron artifacts	Full deterministic unit gate	2026-09-11T13:53:12.2899396Z [90mstderr[2m | tests/unit/polling-manager.test.ts[2m > [22m[2mpolling manager[2m > [22m[2mdoes not canonicalize history that failed durable persistence
Build and inspect Linux Electron artifacts	Full deterministic unit gate	2026-09-11T13:53:12.2901236Z [22m[39mTracking breadcrumb fetch failed for device. {
Build and inspect Linux Electron artifacts	Full deterministic unit gate	2026-09-11T13:53:12.2902231Z   deviceId: [32m'1'[39m,
Build and inspect Linux Electron artifacts	Full deterministic unit gate	2026-09-11T13:53:12.2903018Z   deviceName: [32m'Donal Phone'[39m,
Build and inspect Linux Electron artifacts	Full deterministic unit gate	2026-09-11T13:53:12.2903887Z   error: [32m'atomic persistence failed'[39m
Build and inspect Linux Electron artifacts	Full deterministic unit gate	2026-09-11T13:53:12.2904866Z }
Build and inspect Linux Electron artifacts	Full deterministic unit gate	2026-09-11T13:53:12.2905298Z 
Build and inspect Linux Electron artifacts	Full deterministic unit gate	2026-09-11T13:53:12.2906892Z [90mstderr[2m | tests/unit/polling-manager.test.ts[2m > [22m[2mpolling manager[2m > [22m[2mdoes not canonicalize history that failed durable persistence
Build and inspect Linux Electron artifacts	Full deterministic unit gate	2026-09-11T13:53:12.2907887Z [22m[39mTracking breadcrumb reconciliation failed for device. {
Build and inspect Linux Electron artifacts	Full deterministic unit gate	2026-09-11T13:53:12.2908319Z   deviceId: [32m'1'[39m,
Build and inspect Linux Electron artifacts	Full deterministic unit gate	2026-09-11T13:53:12.2908689Z   deviceName: [32m'Donal Phone'[39m,
Build and inspect Linux Electron artifacts	Full deterministic unit gate	2026-09-11T13:53:12.2909118Z   retryDelayMs: [33m1000[39m,
Build and inspect Linux Electron artifacts	Full deterministic unit gate	2026-09-11T13:53:12.2909483Z   error: [32m'atomic persistence failed'[39m
Build and inspect Linux Electron artifacts	Full deterministic unit gate	2026-09-11T13:53:12.2909854Z }
Build and inspect Linux Electron artifacts	Full deterministic unit gate	2026-09-11T13:53:12.2910011Z 
Build and inspect Linux Electron artifacts	Full deterministic unit gate	2026-09-11T13:53:12.6677200Z  [32m✓[39m tests/unit/polling-manager.test.ts [2m([22m[2m91 tests[22m[2m)[22m[33m 755[2mms[22m[39m
Build and inspect Linux Electron artifacts	Full deterministic unit gate	2026-09-11T13:54:36.5134951Z  [32m✓[39m tests/unit/electron-mission-archive-lifecycle.test.ts [2m([22m[2m42 tests[22m[2m)[22m[33m 83151[2mms[22m[39m
Build and inspect Linux Electron artifacts	Full deterministic unit gate	2026-09-11T13:54:36.5137018Z      [33m[2m✓[22m[39m keeps first finalization history reads bounded through complete [DON-252] [33m 1848[2mms[22m[39m
Build and inspect Linux Electron artifacts	Full deterministic unit gate	2026-09-11T13:54:36.5138447Z      [33m[2m✓[22m[39m keeps first finalization history reads bounded through restart [DON-252] [33m 1419[2mms[22m[39m
Build and inspect Linux Electron artifacts	Full deterministic unit gate	2026-09-11T13:54:36.5139736Z      [33m[2m✓[22m[39m blocks correction unlock when a verified v2 predecessor is unavailable [33m 1904[2mms[22m[39m
Build and inspect Linux Electron artifacts	Full deterministic unit gate	2026-09-11T13:54:36.5140617Z      [33m[2m✓[22m[39m reconciles a v2 predecessor again before an in-process correction unlock [33m 2229[2mms[22m[39m
Build and inspect Linux Electron artifacts	Full deterministic unit gate	2026-09-11T13:54:36.5141745Z      [33m[2m✓[22m[39m blocks a correction finalization when its v2 predecessor disappears after unlock [33m 2092[2mms[22m[39m
Build and inspect Linux Electron artifacts	Full deterministic unit gate	2026-09-11T13:54:36.5143096Z      [33m[2m✓[22m[39m reconciles the archive bound to the latest finalization event, not a newer registry row [33m 2008[2mms[22m[39m
Build and inspect Linux Electron artifacts	Full deterministic unit gate	2026-09-11T13:54:36.5144407Z      [33m[2m✓[22m[39m joins an in-flight unlock reconciliation before closing the mission store [33m 2473[2mms[22m[39m
Build and inspect Linux Electron artifacts	Full deterministic unit gate	2026-09-11T13:54:36.5145956Z      [33m[2m✓[22m[39m does not reschedule startup archive reconciliation after prepareClose begins [33m 2281[2mms[22m[39m
Build and inspect Linux Electron artifacts	Full deterministic unit gate	2026-09-11T13:54:36.5147293Z      [33m[2m✓[22m[39m rejects cleanup before any delete when custody is replaced after credential proof [33m 2026[2mms[22m[39m
Build and inspect Linux Electron artifacts	Full deterministic unit gate	2026-09-11T13:54:36.5148643Z      [33m[2m✓[22m[39m moves only verified mission rows out of the live store and retains an archive-reviewable stub [33m 2564[2mms[22m[39m
Build and inspect Linux Electron artifacts	Full deterministic unit gate	2026-09-11T13:54:36.5150137Z      [33m[2m✓[22m[39m resumes an operator-started cleanup from its durable cursor after restart without another secret [33m 2760[2mms[22m[39m
Build and inspect Linux Electron artifacts	Full deterministic unit gate	2026-09-11T13:54:36.5151525Z      [33m[2m✓[22m[39m rejects encrypted finalization while the finished mission cleanup state is not live [33m 1891[2mms[22m[39m
Build and inspect Linux Electron artifacts	Full deterministic unit gate	2026-09-11T13:54:36.5152937Z      [33m[2m✓[22m[39m rejects legacy finalization while the finished mission cleanup state is not live [33m 1891[2mms[22m[39m
Build and inspect Linux Electron artifacts	Full deterministic unit gate	2026-09-11T13:54:36.5154775Z      [33m[2m✓[22m[39m projects completed finalized-recovery cleanup as archived and permanently blocks live unlock [33m 3770[2mms[22m[39m
Build and inspect Linux Electron artifacts	Full deterministic unit gate	2026-09-11T13:54:36.5156277Z      [33m[2m✓[22m[39m rechecks cleanup storage state after asynchronous admin authorization and blocks live Review [33m 3108[2mms[22m[39m
Build and inspect Linux Electron artifacts	Full deterministic unit gate	2026-09-11T13:54:36.5157698Z      [33m[2m✓[22m[39m does not let cleanup delete until a cancelled Review worker physically exits [33m 3247[2mms[22m[39m
Build and inspect Linux Electron artifacts	Full deterministic unit gate	2026-09-11T13:54:36.5158974Z      [33m[2m✓[22m[39m holds cleanup fences until the cancelled cleanup worker physically exits [33m 2194[2mms[22m[39m
Build and inspect Linux Electron artifacts	Full deterministic unit gate	2026-09-11T13:54:36.5160297Z      [33m[2m✓[22m[39m treats shutdown cancellation of bounded cleanup as an expected durable restart point [33m 2674[2mms[22m[39m
Build and inspect Linux Electron artifacts	Full deterministic unit gate	2026-09-11T13:54:36.5161804Z      [33m[2m✓[22m[39m creates an immutable audited supplemental chain after authorized correction and rejects predecessor-epoch verification [33m 4427[2mms[22m[39m
Build and inspect Linux Electron artifacts	Full deterministic unit gate	2026-09-11T13:54:36.5163401Z      [33m[2m✓[22m[39m does not enter the legacy registry scan for an ordinary registry-backed v2 unlock [33m 2238[2mms[22m[39m
Build and inspect Linux Electron artifacts	Full deterministic unit gate	2026-09-11T13:54:36.5164816Z      [33m[2m✓[22m[39m chains a corrected SARARCH2 revision to the exact retained legacy ZIP bytes [33m 2162[2mms[22m[39m
Build and inspect Linux Electron artifacts	Full deterministic unit gate	2026-09-11T13:54:36.5166150Z      [33m[2m✓[22m[39m recovers a published legacy-supplement archive against the same retained ZIP bytes [33m 2307[2mms[22m[39m
Build and inspect Linux Electron artifacts	Full deterministic unit gate	2026-09-11T13:54:36.5167518Z      [33m[2m✓[22m[39m rejects an attachment that completes after a supplemental archive fence is acquired [33m 3981[2mms[22m[39m
Build and inspect Linux Electron artifacts	Full deterministic unit gate	2026-09-11T13:54:36.5168845Z      [33m[2m✓[22m[39m finalizes only after journalled SARARCH2 publish and records exhaustive verification [33m 1914[2mms[22m[39m
Build and inspect Linux Electron artifacts	Full deterministic unit gate	2026-09-11T13:54:36.5170212Z      [33m[2m✓[22m[39m refuses to seal when late removable telemetry changes cleanup membership [33m 1199[2mms[22m[39m
Build and inspect Linux Electron artifacts	Full deterministic unit gate	2026-09-11T13:54:36.5171438Z      [33m[2m✓[22m[39m keeps a verified finalization authoritative when its progress observer throws [33m 1995[2mms[22m[39m
Build and inspect Linux Electron artifacts	Full deterministic unit gate	2026-09-11T13:54:36.5172663Z      [33m[2m✓[22m[39m resumes a durably published archive after restart and seals it exactly once [33m 1707[2mms[22m[39m
Build and inspect Linux Electron artifacts	Full deterministic unit gate	2026-09-11T13:54:36.5173858Z      [33m[2m✓[22m[39m leaves live evidence finalized and the archive sealed when independent verification fails [33m 1604[2mms[22m[39m
Build and inspect Linux Electron artifacts	Full deterministic unit gate	2026-09-11T13:54:36.5175203Z      [33m[2m✓[22m[39m allows a direct v2 archive verification retry without a finalization boundary [33m 2272[2mms[22m[39m
Build and inspect Linux Electron artifacts	Full deterministic unit gate	2026-09-11T13:54:36.5176024Z      [33m[2m✓[22m[39m sweeps and gates verifier plaintext residue before allowing a later retry [33m 2022[2mms[22m[39m
Build and inspect Linux Electron artifacts	Full deterministic unit gate	2026-09-11T13:54:36.5176908Z      [33m[2m✓[22m[39m sweeps verifier plaintext after an unclassified worker termination [33m 2131[2mms[22m[39m
Build and inspect Linux Electron artifacts	Full deterministic unit gate	2026-09-11T13:54:36.5178034Z      [33m[2m✓[22m[39m still sweeps verifier plaintext when the durable blocker write fails [33m 1978[2mms[22m[39m
Build and inspect Linux Electron artifacts	Full deterministic unit gate	2026-09-11T13:54:36.5179166Z      [33m[2m✓[22m[39m keeps archive work durably gated when automatic verifier-residue cleanup fails [33m 1177[2mms[22m[39m
Build and inspect Linux Electron artifacts	Full deterministic unit gate	2026-09-11T13:54:36.5180355Z      [33m[2m✓[22m[39m classifies cancellation after seal as a verification cancellation [33m 1131[2mms[22m[39m
Build and inspect Linux Electron artifacts	Full deterministic unit gate	2026-09-11T13:54:36.5181535Z      [33m[2m✓[22m[39m normalizes every unclassified failure after seal as a verification failure [33m 1768[2mms[22m[39m
Build and inspect Linux Electron artifacts	Full deterministic unit gate	2026-09-11T13:54:36.5182786Z      [33m[2m✓[22m[39m keeps a verification terminal when its post-seal failure audit cannot be written [33m 1250[2mms[22m[39m
Build and inspect Linux Electron artifacts	Full deterministic unit gate	2026-09-11T13:54:36.5184107Z      [33m[2m✓[22m[39m lists bounded custody data and retries exhaustive verification through a separately cancellable lane [33m 1882[2mms[22m[39m
Build and inspect Linux Electron artifacts	Full deterministic unit gate	2026-09-11T13:54:36.5185543Z      [33m[2m✓[22m[39m retries a transient exact availability inspection on Refresh without restarting [33m 1308[2mms[22m[39m
Build and inspect Linux Electron artifacts	Full deterministic unit gate	2026-09-11T13:54:43.7278773Z  [32m✓[39m tests/unit/coverage-controller.test.ts [2m([22m[2m57 tests[22m[2m)[22m[33m 6463[2mms[22m[39m
Build and inspect Linux Electron artifacts	Full deterministic unit gate	2026-09-11T13:54:43.7280154Z      [33m[2m✓[22m[39m uses one full-manifest catalog when fresh renderer recovery replaces every source [33m 303[2mms[22m[39m
Build and inspect Linux Electron artifacts	Full deterministic unit gate	2026-09-11T13:54:43.7282318Z      [33m[2m✓[22m[39m automatically retries one transient renderer activation failure after the failed load settles [33m 354[2mms[22m[39m
Build and inspect Linux Electron artifacts	Full deterministic unit gate	2026-09-11T13:54:43.7284110Z      [33m[2m✓[22m[39m bounds automatic renderer recovery to one attempt until the operator retries [33m 1056[2mms[22m[39m
Build and inspect Linux Electron artifacts	Full deterministic unit gate	2026-09-11T13:54:43.7286086Z      [33m[2m✓[22m[39m coalesces duplicate failures from one finalized catalog without cancelling recovery [33m 354[2mms[22m[39m
Build and inspect Linux Electron artifacts	Full deterministic unit gate	2026-09-11T13:54:43.7287604Z      [33m[2m✓[22m[39m coalesces a delayed duplicate while automatic recovery still reads its manifest [33m 404[2mms[22m[39m
Build and inspect Linux Electron artifacts	Full deterministic unit gate	2026-09-11T13:54:43.7289054Z      [33m[2m✓[22m[39m ignores a delayed failure from the prior activation while its retry is loading [33m 354[2mms[22m[39m
Build and inspect Linux Electron artifacts	Full deterministic unit gate	2026-09-11T13:54:43.7290401Z      [33m[2m✓[22m[39m revokes Complete when a retained period fails from its older source activation [33m 404[2mms[22m[39m
Build and inspect Linux Electron artifacts	Full deterministic unit gate	2026-09-11T13:54:56.5761055Z  [32m✓[39m tests/unit/electron-breadcrumb-36h-proof-lib.test.ts [2m([22m[2m74 tests[22m[2m)[22m[33m 12107[2mms[22m[39m
Build and inspect Linux Electron artifacts	Full deterministic unit gate	2026-09-11T13:54:56.5762039Z      [33m[2m✓[22m[39m derives the canonical bounded render oracle with the production CJS selector [33m 1763[2mms[22m[39m
Build and inspect Linux Electron artifacts	Full deterministic unit gate	2026-09-11T13:54:56.5763392Z      [33m[2m✓[22m[39m proves bounded exact-dot pages independently against raw persisted truth [33m 1960[2mms[22m[39m
Build and inspect Linux Electron artifacts	Full deterministic unit gate	2026-09-11T13:54:56.5764484Z      [33m[2m✓[22m[39m does not amplify source gaps on a 120–145 km/h vehicle leg [33m 1753[2mms[22m[39m
Build and inspect Linux Electron artifacts	Full deterministic unit gate	2026-09-11T13:54:56.5765896Z      [33m[2m✓[22m[39m uses the exact mission-owned window when mission creation excludes first fixes [33m 2972[2mms[22m[39m
Build and inspect Linux Electron artifacts	Full deterministic unit gate	2026-09-11T13:54:56.5767259Z      [33m[2m✓[22m[39m matches the dynamic packaged window against the independent TypeScript accumulator [33m 3609[2mms[22m[39m
Build and inspect Linux Electron artifacts	Full deterministic unit gate	2026-09-11T13:55:10.8408466Z  [32m✓[39m tests/unit/electron-archive-cleanup.test.ts [2m([22m[2m36 tests[22m[2m)[22m[33m 13553[2mms[22m[39m
Build and inspect Linux Electron artifacts	Full deterministic unit gate	2026-09-11T13:55:10.8409939Z      [33m[2m✓[22m[39m keeps the initial cleanup journal transaction non-blocking under a concurrent WAL writer [33m 1486[2mms[22m[39m
Build and inspect Linux Electron artifacts	Full deterministic unit gate	2026-09-11T13:55:10.8411729Z      [33m[2m✓[22m[39m spaces production busy retries so a short WAL lock does not fail cleanup immediately [33m 1367[2mms[22m[39m
Build and inspect Linux Electron artifacts	Full deterministic unit gate	2026-09-11T13:55:10.8413034Z      [33m[2m✓[22m[39m retries a cleanup boundary after a concurrent WAL writer without failing the live lane [33m 7399[2mms[22m[39m
Build and inspect Linux Electron artifacts	Full deterministic unit gate	2026-09-11T13:56:18.3042078Z  [32m✓[39m tests/unit/electron-archive-rehydrate.test.ts [2m([22m[2m21 tests[22m[2m)[22m[33m 66803[2mms[22m[39m
Build and inspect Linux Electron artifacts	Full deterministic unit gate	2026-09-11T13:56:18.3043026Z      [33m[2m✓[22m[39m restores a finalized-recovery archive through its protected original boundary [33m 2728[2mms[22m[39m
Build and inspect Linux Electron artifacts	Full deterministic unit gate	2026-09-11T13:56:18.3044304Z      [33m[2m✓[22m[39m restores the emptied mission namespace from the authenticated snapshot without replacing retained history [33m 3345[2mms[22m[39m
Build and inspect Linux Electron artifacts	Full deterministic unit gate	2026-09-11T13:56:18.3047986Z      [33m[2m✓[22m[39m accepts an archive-review correction snapshot without registry tables [33m 3246[2mms[22m[39m
Build and inspect Linux Electron artifacts	Full deterministic unit gate	2026-09-11T13:56:18.3049655Z      [33m[2m✓[22m[39m keeps live Review lineage through repeated re-finalize and ordinary-unlock cycles [33m 8364[2mms[22m[39m
Build and inspect Linux Electron artifacts	Full deterministic unit gate	2026-09-11T13:56:18.3051244Z      [33m[2m✓[22m[39m continues lineage when cleanup targets an already-supplemental archive revision [33m 7112[2mms[22m[39m
Build and inspect Linux Electron artifacts	Full deterministic unit gate	2026-09-11T13:56:18.3052414Z      [33m[2m✓[22m[39m keeps valid correction lineage live through a current finalized-recovery head [33m 4857[2mms[22m[39m
Build and inspect Linux Electron artifacts	Full deterministic unit gate	2026-09-11T13:56:18.3053724Z      [33m[2m✓[22m[39m fails live Review closed when a correction archive ancestry link is corrupt [33m 5072[2mms[22m[39m
Build and inspect Linux Electron artifacts	Full deterministic unit gate	2026-09-11T13:56:18.3055311Z      [33m[2m✓[22m[39m rolls back restored rows when the atomic correction completion callback fails [33m 2726[2mms[22m[39m
Build and inspect Linux Electron artifacts	Full deterministic unit gate	2026-09-11T13:56:18.3056526Z      [33m[2m✓[22m[39m rejects a correction snapshot whose declared mission inventory table is missing [33m 2825[2mms[22m[39m
Build and inspect Linux Electron artifacts	Full deterministic unit gate	2026-09-11T13:56:18.3057766Z      [33m[2m✓[22m[39m turns a generic post-commit correction failure into a durable same-process recovery fence [33m 3411[2mms[22m[39m
Build and inspect Linux Electron artifacts	Full deterministic unit gate	2026-09-11T13:56:18.3059025Z      [33m[2m✓[22m[39m fences a cancellation that arrives after correction commit before custody cleanup is proven [33m 2730[2mms[22m[39m
Build and inspect Linux Electron artifacts	Full deterministic unit gate	2026-09-11T13:56:18.3060581Z      [33m[2m✓[22m[39m does not create a global fence when forced pre-commit cancellation leaves no SQLite custody [33m 2936[2mms[22m[39m
Build and inspect Linux Electron artifacts	Full deterministic unit gate	2026-09-11T13:56:18.3061886Z      [33m[2m✓[22m[39m rejects a nominal worker success without the exact durable correction commit [33m 2968[2mms[22m[39m
Build and inspect Linux Electron artifacts	Full deterministic unit gate	2026-09-11T13:56:18.3063142Z      [33m[2m✓[22m[39m durably fences a rejected worker that left a different correction operation live [33m 3297[2mms[22m[39m
Build and inspect Linux Electron artifacts	Full deterministic unit gate	2026-09-11T13:56:18.3064326Z      [33m[2m✓[22m[39m defers correction while another mission is operational before starting the worker [33m 2682[2mms[22m[39m
Build and inspect Linux Electron artifacts	Full deterministic unit gate	2026-09-11T13:56:18.3065747Z      [33m[2m✓[22m[39m fences every live mutation until a committed correction worker has exited [33m 2946[2mms[22m[39m
Build and inspect Linux Electron artifacts	Full deterministic unit gate	2026-09-11T13:56:18.3066930Z      [33m[2m✓[22m[39m restores missing archived attachment bytes into canonical mission custody [33m 2490[2mms[22m[39m
Build and inspect Linux Electron artifacts	Full deterministic unit gate	2026-09-11T13:56:18.3068193Z      [33m[2m✓[22m[39m rolls back unlock and fences later archive work when atomic custody clear fails [33m 3004[2mms[22m[39m
Build and inspect Linux Electron artifacts	Full deterministic unit gate	2026-09-11T13:56:19.1204370Z  [32m✓[39m tests/unit/mission-archive-review-runtime-orchestration.test.ts [2m([22m[2m58 tests[22m[2m)[22m[32m 158[2mms[22m[39m
Build and inspect Linux Electron artifacts	Full deterministic unit gate	2026-09-11T13:56:20.0293877Z  [32m✓[39m tests/unit/electron-mission-archive-ipc.test.ts [2m([22m[2m48 tests[22m[2m)[22m[32m 276[2mms[22m[39m
Build and inspect Linux Electron artifacts	Full deterministic unit gate	2026-09-11T13:56:22.5096675Z  [32m✓[39m tests/unit/electron-archive-lifecycle-liveness-probe.test.ts [2m([22m[2m76 tests[22m[2m)[22m[33m 1663[2mms[22m[39m
Build and inspect Linux Electron artifacts	Full deterministic unit gate	2026-09-11T13:56:25.3570197Z  [32m✓[39m tests/unit/browser-harness-store.test.ts [2m([22m[2m41 tests[22m[2m)[22m[33m 1939[2mms[22m[39m
Build and inspect Linux Electron artifacts	Full deterministic unit gate	2026-09-11T13:56:25.3571878Z      [33m[2m✓[22m[39m caps browser-only tracking persistence so large breadcrumb imports do not exceed session storage [33m 1850[2mms[22m[39m
Build and inspect Linux Electron artifacts	Full deterministic unit gate	2026-09-11T13:56:28.5311718Z  [32m✓[39m tests/unit/electron-archive-registry.test.ts [2m([22m[2m23 tests[22m[2m)[22m[33m 2528[2mms[22m[39m
Build and inspect Linux Electron artifacts	Full deterministic unit gate	2026-09-11T13:56:28.5313298Z      [33m[2m✓[22m[39m uses the production same-database audit adapter during startup custody reconciliation [33m 665[2mms[22m[39m
Build and inspect Linux Electron artifacts	Full deterministic unit gate	2026-09-11T13:56:30.4871646Z  [32m✓[39m tests/unit/electron-archive-review-sessions.test.ts [2m([22m[2m43 tests[22m[2m)[22m[33m 1286[2mms[22m[39m
Build and inspect Linux Electron artifacts	Full deterministic unit gate	2026-09-11T13:56:30.4873182Z      [33m[2m✓[22m[39m does not sweep a ready correction snapshot on renderer_destroyed until its consumer is quiescent [33m 518[2mms[22m[39m
Build and inspect Linux Electron artifacts	Full deterministic unit gate	2026-09-11T13:56:30.4875106Z      [33m[2m✓[22m[39m keeps a large review-session plaintext sweep off the caller event loop [33m 349[2mms[22m[39m
Build and inspect Linux Electron artifacts	Full deterministic unit gate	2026-09-11T13:56:41.6896297Z  [32m✓[39m tests/unit/breadcrumb-pr6-qualification-script.test.ts [2m([22m[2m49 tests[22m[2m)[22m[33m 10440[2mms[22m[39m
Build and inspect Linux Electron artifacts	Full deterministic unit gate	2026-09-11T13:56:41.6897924Z      [33m[2m✓[22m[39m keeps current publication moving while durable persistence is pending [33m 363[2mms[22m[39m
Build and inspect Linux Electron artifacts	Full deterministic unit gate	2026-09-11T13:56:41.6899379Z      [33m[2m✓[22m[39m separates the 50 ms heartbeat from a normal-cadence current publication window [33m 393[2mms[22m[39m
Build and inspect Linux Electron artifacts	Full deterministic unit gate	2026-09-11T13:56:41.6900891Z      [33m[2m✓[22m[39m fails closed when the measured main event loop stalls despite off-thread durable ingest [33m 540[2mms[22m[39m
Build and inspect Linux Electron artifacts	Full deterministic unit gate	2026-09-11T13:56:41.6902615Z      [33m[2m✓[22m[39m measures durable worker queue time from publication through acknowledgement [33m 581[2mms[22m[39m
Build and inspect Linux Electron artifacts	Full deterministic unit gate	2026-09-11T13:56:41.6903951Z      [33m[2m✓[22m[39m retries durable ingest while a concurrent cleanup transaction sustains SQLite contention [33m 6646[2mms[22m[39m
Build and inspect Linux Electron artifacts	Full deterministic unit gate	2026-09-11T13:56:41.6905302Z      [33m[2m✓[22m[39m fails closed when a durable worker exits non-zero during graceful shutdown [33m 303[2mms[22m[39m
Build and inspect Linux Electron artifacts	Full deterministic unit gate	2026-09-11T13:56:41.6906486Z      [33m[2m✓[22m[39m reads a real fully settled schema-v13 maintenance snapshot [33m 322[2mms[22m[39m
Build and inspect Linux Electron artifacts	Full deterministic unit gate	2026-09-11T13:56:48.2228814Z  [32m✓[39m tests/unit/electron-main-startup.test.ts [2m([22m[2m38 tests[22m[2m)[22m[33m 5851[2mms[22m[39m
Build and inspect Linux Electron artifacts	Full deterministic unit gate	2026-09-11T13:56:48.2229855Z      [33m[2m✓[22m[39m blocks an allowed renderer reload until the runtime drain is acknowledged [33m 523[2mms[22m[39m
Build and inspect Linux Electron artifacts	Full deterministic unit gate	2026-09-11T13:56:48.2231306Z      [33m[2m✓[22m[39m turns an unguarded Electron reload into a drained reload [33m 530[2mms[22m[39m
Build and inspect Linux Electron artifacts	Full deterministic unit gate	2026-09-11T13:56:48.2232445Z      [33m[2m✓[22m[39m revokes an unload grant when an allowed navigation replacement fails [33m 327[2mms[22m[39m
Build and inspect Linux Electron artifacts	Full deterministic unit gate	2026-09-11T13:56:48.2233801Z      [33m[2m✓[22m[39m retries transient archive cleanup after renderer crash before opening a replacement [DON-253] [33m 554[2mms[22m[39m
Build and inspect Linux Electron artifacts	Full deterministic unit gate	2026-09-11T13:56:51.6897996Z  [32m✓[39m tests/unit/electron-archive-review-source.test.ts [2m([22m[2m27 tests[22m[2m)[22m[33m 2788[2mms[22m[39m
Build and inspect Linux Electron artifacts	Full deterministic unit gate	2026-09-11T13:56:51.6899149Z      [33m[2m✓[22m[39m reads representative v13 review projections with fixed-mission filtering and no scratch-path leak [33m 682[2mms[22m[39m
Build and inspect Linux Electron artifacts	Full deterministic unit gate	2026-09-11T13:57:07.3231994Z  [32m✓[39m tests/unit/electron-archive-review-v2-integration.test.ts [2m([22m[2m4 tests[22m[2m)[22m[33m 14982[2mms[22m[39m
Build and inspect Linux Electron artifacts	Full deterministic unit gate	2026-09-11T13:57:07.3233625Z      [33m[2m✓[22m[39m closes the untransferred database handle when extraction settlement fails after ready [33m 2792[2mms[22m[39m
Build and inspect Linux Electron artifacts	Full deterministic unit gate	2026-09-11T13:57:07.3234972Z      [33m[2m✓[22m[39m fails low-capacity restore and verification before digest, KDF, or payload reads [33m 2409[2mms[22m[39m
Build and inspect Linux Electron artifacts	Full deterministic unit gate	2026-09-11T13:57:07.3236271Z      [33m[2m✓[22m[39m restores one registry-bound archive, exhausts semantic pages, protects live evidence, and sweeps plaintext [33m 6201[2mms[22m[39m
Build and inspect Linux Electron artifacts	Full deterministic unit gate	2026-09-11T13:57:07.3237757Z      [33m[2m✓[22m[39m completes the real archive-review correction close audit after archived restore [33m 3579[2mms[22m[39m
Build and inspect Linux Electron artifacts	Full deterministic unit gate	2026-09-11T13:57:08.5216811Z  [32m✓[39m tests/unit/breadcrumb-pr6-qualification-supervisor.test.ts [2m([22m[2m23 tests[22m[2m)[22m[33m 528[2mms[22m[39m
Build and inspect Linux Electron artifacts	Full deterministic unit gate	2026-09-11T13:57:10.0676306Z  [32m✓[39m tests/unit/start-app-runtime.test.ts [2m([22m[2m24 tests[22m[2m)[22m[33m 389[2mms[22m[39m
Build and inspect Linux Electron artifacts	Full deterministic unit gate	2026-09-11T13:57:19.3213183Z  [32m✓[39m tests/unit/breadcrumb-pr6-kill-matrix-lib.test.ts [2m([22m[2m30 tests[22m[2m)[22m[33m 8563[2mms[22m[39m
Build and inspect Linux Electron artifacts	Full deterministic unit gate	2026-09-11T13:57:19.3214590Z      [33m[2m✓[22m[39m delivers the cleanup SIGKILL only after a real mission-event delete batch commits [33m 4577[2mms[22m[39m
Build and inspect Linux Electron artifacts	Full deterministic unit gate	2026-09-11T13:57:19.3216109Z      [33m[2m✓[22m[39m rediscovers a newly sealed archive by its authoritative operation identity [DON-252] [33m 1817[2mms[22m[39m
Build and inspect Linux Electron artifacts	Full deterministic unit gate	2026-09-11T13:57:19.3217338Z      [33m[2m✓[22m[39m uses unique recovery custody per archive and finds exact secret residue itself [33m 535[2mms[22m[39m
Build and inspect Linux Electron artifacts	Full deterministic unit gate	2026-09-11T13:57:19.3218460Z      [33m[2m✓[22m[39m counts a hidden orphan archive as registry and disk custody drift [33m 596[2mms[22m[39m
Build and inspect Linux Electron artifacts	Full deterministic unit gate	2026-09-11T13:57:19.3219544Z      [33m[2m✓[22m[39m runs a fast protocol self-test through the report-writing CLI without archive claims [33m 404[2mms[22m[39m
Build and inspect Linux Electron artifacts	Full deterministic unit gate	2026-09-11T13:57:25.7316412Z  [32m✓[39m tests/unit/electron-coverage-mission-store.test.ts [2m([22m[2m25 tests[22m[2m)[22m[33m 5727[2mms[22m[39m
Build and inspect Linux Electron artifacts	Full deterministic unit gate	2026-09-11T13:57:25.7317583Z      [33m[2m✓[22m[39m attests staged and active tiles through the real store and worker across rebuilds [33m 381[2mms[22m[39m
Build and inspect Linux Electron artifacts	Full deterministic unit gate	2026-09-11T13:57:25.7318819Z      [33m[2m✓[22m[39m never claims complete when canonical inventory appears without a ledger row [33m 458[2mms[22m[39m
Build and inspect Linux Electron artifacts	Full deterministic unit gate	2026-09-11T13:57:25.7319659Z      [33m[2m✓[22m[39m drains invalidations and conditionally marks a complete chunk read fresh [33m 726[2mms[22m[39m
Build and inspect Linux Electron artifacts	Full deterministic unit gate	2026-09-11T13:57:25.7320484Z      [33m[2m✓[22m[39m cannot drain a moved outing with an empty worker analysis and retain stale fresh counts [33m 631[2mms[22m[39m
Build and inspect Linux Electron artifacts	Full deterministic unit gate	2026-09-11T13:57:25.7321361Z      [33m[2m✓[22m[39m applies build metadata but keeps the prior catalog until renderer activation [33m 366[2mms[22m[39m
Build and inspect Linux Electron artifacts	Full deterministic unit gate	2026-09-11T13:57:25.7322159Z      [33m[2m✓[22m[39m rejects forged tile-worker summaries before they can make a stale real chunk fresh [33m 444[2mms[22m[39m
Build and inspect Linux Electron artifacts	Full deterministic unit gate	2026-09-11T13:57:25.7322975Z      [33m[2m✓[22m[39m bounds claim and catalog inputs to unique current canonical inventory [33m 422[2mms[22m[39m
Build and inspect Linux Electron artifacts	Full deterministic unit gate	2026-09-11T13:57:28.7601195Z  [32m✓[39m tests/unit/electron-legacy-archive-restore.test.ts [2m([22m[2m45 tests[22m[2m)[22m[33m 2366[2mms[22m[39m
Build and inspect Linux Electron artifacts	Full deterministic unit gate	2026-09-11T13:57:28.7602387Z      [33m[2m✓[22m[39m restores a repository-written highly compressible 1 MiB referenced attachment [33m 365[2mms[22m[39m
Build and inspect Linux Electron artifacts	Full deterministic unit gate	2026-09-11T13:57:28.7603253Z      [33m[2m✓[22m[39m truncates every displaced plaintext output when the session path is rebound mid-restore [33m 310[2mms[22m[39m
Build and inspect Linux Electron artifacts	Full deterministic unit gate	2026-09-11T13:57:29.7416631Z  [32m✓[39m tests/unit/electron-mission-replay-query.test.ts [2m([22m[2m28 tests[22m[2m)[22m[33m 352[2mms[22m[39m
Build and inspect Linux Electron artifacts	Full deterministic unit gate	2026-09-11T13:57:30.6794134Z  [32m✓[39m tests/unit/start-mission-review-runtime.test.ts [2m([22m[2m34 tests[22m[2m)[22m[32m 238[2mms[22m[39m
Build and inspect Linux Electron artifacts	Full deterministic unit gate	2026-09-11T13:57:31.3749097Z  [32m✓[39m tests/unit/electron-archive-lifecycle-smoke-lib.test.ts [2m([22m[2m84 tests[22m[2m)[22m[32m 58[2mms[22m[39m
Build and inspect Linux Electron artifacts	Full deterministic unit gate	2026-09-11T13:57:32.7488121Z  [32m✓[39m tests/unit/ingest-anomaly-outbox.test.ts [2m([22m[2m37 tests[22m[2m)[22m[33m 767[2mms[22m[39m
Build and inspect Linux Electron artifacts	Full deterministic unit gate	2026-09-11T13:57:33.4056773Z  [32m✓[39m tests/unit/start-participant-runtime.test.ts [2m([22m[2m31 tests[22m[2m)[22m[32m 34[2mms[22m[39m
Build and inspect Linux Electron artifacts	Full deterministic unit gate	2026-09-11T13:57:34.1381414Z  [32m✓[39m tests/unit/electron-tracking-soak-lib.test.ts [2m([22m[2m34 tests[22m[2m)[22m[32m 56[2mms[22m[39m
Build and inspect Linux Electron artifacts	Full deterministic unit gate	2026-09-11T13:57:38.4800614Z  [32m✓[39m tests/unit/electron-coverage-tile-runner.test.ts [2m([22m[2m26 tests[22m[2m)[22m[33m 3737[2mms[22m[39m
Build and inspect Linux Electron artifacts	Full deterministic unit gate	2026-09-11T13:57:38.4802856Z      [33m[2m✓[22m[39m removes interrupted temporary tile writes and remains usable [33m 326[2mms[22m[39m
Build and inspect Linux Electron artifacts	Full deterministic unit gate	2026-09-11T13:57:38.4803955Z      [33m[2m✓[22m[39m serves retained tiles while a later catalog is still building [33m 2064[2mms[22m[39m
Build and inspect Linux Electron artifacts	Full deterministic unit gate	2026-09-11T13:57:38.4805508Z      [33m[2m✓[22m[39m keeps the finalized catalog readable after cancelling a replacement build [33m 309[2mms[22m[39m
Build and inspect Linux Electron artifacts	Full deterministic unit gate	2026-09-11T13:57:40.0972508Z  [32m✓[39m tests/unit/rejection-evidence-delivery.test.ts [2m([22m[2m29 tests[22m[2m)[22m[33m 1008[2mms[22m[39m
Build and inspect Linux Electron artifacts	Full deterministic unit gate	2026-09-11T13:57:40.7991479Z  [32m✓[39m tests/unit/electron-legacy-archive-restore-runner.test.ts [2m([22m[2m16 tests[22m[2m)[22m[32m 60[2mms[22m[39m
Build and inspect Linux Electron artifacts	Full deterministic unit gate	2026-09-11T13:57:41.5098916Z  [32m✓[39m tests/unit/electron-archive-custody-journal.test.ts [2m([22m[2m25 tests[22m[2m)[22m[32m 74[2mms[22m[39m
Build and inspect Linux Electron artifacts	Full deterministic unit gate	2026-09-11T13:57:43.2490443Z  [32m✓[39m tests/unit/electron-archive-inventory.test.ts [2m([22m[2m20 tests[22m[2m)[22m[33m 1124[2mms[22m[39m
Build and inspect Linux Electron artifacts	Full deterministic unit gate	2026-09-11T13:57:43.2491531Z      [33m[2m✓[22m[39m reports bounded real row progress without changing the exact digest [33m 406[2mms[22m[39m
Build and inspect Linux Electron artifacts	Full deterministic unit gate	2026-09-11T13:57:44.5311070Z  [32m✓[39m tests/unit/electron-breadcrumb-dot-query.test.ts [2m([22m[2m14 tests[22m[2m)[22m[33m 680[2mms[22m[39m
Build and inspect Linux Electron artifacts	Full deterministic unit gate	2026-09-11T13:57:46.0672015Z  [32m✓[39m tests/unit/electron-participant-store.test.ts [2m([22m[2m19 tests[22m[2m)[22m[33m 907[2mms[22m[39m
Build and inspect Linux Electron artifacts	Full deterministic unit gate	2026-09-11T13:57:50.8595000Z  [32m✓[39m tests/unit/breadcrumb-accumulator.test.ts [2m([22m[2m26 tests[22m[2m)[22m[33m 4178[2mms[22m[39m
Build and inspect Linux Electron artifacts	Full deterministic unit gate	2026-09-11T13:57:50.8596445Z      [33m[2m✓[22m[39m publishes one-device appends within the 200 ms renderer gate at the live history limit [DON-269] [33m 3051[2mms[22m[39m
Build and inspect Linux Electron artifacts	Full deterministic unit gate	2026-09-11T13:57:51.6774539Z  [32m✓[39m tests/unit/electron-settings-store.test.ts [2m([22m[2m23 tests[22m[2m)[22m[32m 188[2mms[22m[39m
Build and inspect Linux Electron artifacts	Full deterministic unit gate	2026-09-11T13:57:52.3397928Z  [32m✓[39m tests/unit/breadcrumb-history-reconciler.test.ts [2m([22m[2m25 tests[22m[2m)[22m[32m 41[2mms[22m[39m
Build and inspect Linux Electron artifacts	Full deterministic unit gate	2026-09-11T13:57:53.8024313Z  [32m✓[39m tests/unit/mission-review-archive-workspace-safety.test.tsx [2m([22m[2m14 tests[22m[2m)[22m[33m 378[2mms[22m[39m
Build and inspect Linux Electron artifacts	Full deterministic unit gate	2026-09-11T13:57:54.6709704Z  [32m✓[39m tests/unit/renderer-teardown-coordinator.test.ts [2m([22m[2m19 tests[22m[2m)[22m[32m 276[2mms[22m[39m
Build and inspect Linux Electron artifacts	Full deterministic unit gate	2026-09-11T13:57:55.3476405Z  [32m✓[39m tests/unit/electron-coverage-ipc.test.ts [2m([22m[2m12 tests[22m[2m)[22m[32m 67[2mms[22m[39m
Build and inspect Linux Electron artifacts	Full deterministic unit gate	2026-09-11T13:57:56.0151872Z  [32m✓[39m tests/unit/electron-archive-container.test.ts [2m([22m[2m44 tests[22m[2m)[22m[32m 68[2mms[22m[39m
Build and inspect Linux Electron artifacts	Full deterministic unit gate	2026-09-11T13:58:26.9717067Z  [32m✓[39m tests/unit/electron-archive-verify.test.ts [2m([22m[2m13 tests[22m[2m)[22m[33m 30341[2mms[22m[39m
Build and inspect Linux Electron artifacts	Full deterministic unit gate	2026-09-11T13:58:26.9718784Z      [33m[2m✓[22m[39m authenticates one fresh non-machine cleanup slot while hashing the exact pinned archive [33m 2048[2mms[22m[39m
Build and inspect Linux Electron artifacts	Full deterministic unit gate	2026-09-11T13:58:26.9720174Z      [33m[2m✓[22m[39m rejects a wrong cleanup secret and a same-path ciphertext substitution without an unwrap claim [33m 2101[2mms[22m[39m
Build and inspect Linux Electron artifacts	Full deterministic unit gate	2026-09-11T13:58:26.9721548Z      [33m[2m✓[22m[39m classifies a registered key-slot tag mutation as custody corruption, never a wrong secret [33m 1686[2mms[22m[39m
Build and inspect Linux Electron artifacts	Full deterministic unit gate	2026-09-11T13:58:26.9722444Z      [33m[2m✓[22m[39m proves recovery request row 6 without substituting protected finalization epoch 5 [33m 3027[2mms[22m[39m
Build and inspect Linux Electron artifacts	Full deterministic unit gate	2026-09-11T13:58:26.9723342Z      [33m[2m✓[22m[39m restores the sealed bytes and proves every completeness layer before sweeping plaintext [33m 4114[2mms[22m[39m
Build and inspect Linux Electron artifacts	Full deterministic unit gate	2026-09-11T13:58:26.9724233Z      [33m[2m✓[22m[39m requires passphrase and recovery slots to unwrap the same key before creating plaintext [33m 1866[2mms[22m[39m
Build and inspect Linux Electron artifacts	Full deterministic unit gate	2026-09-11T13:58:26.9725184Z      [33m[2m✓[22m[39m rejects a wrong passphrase before creating verification plaintext [33m 1959[2mms[22m[39m
Build and inspect Linux Electron artifacts	Full deterministic unit gate	2026-09-11T13:58:26.9726264Z      [33m[2m✓[22m[39m rejects authenticated-stream bit-flip after exact disk identity is rebound and sweeps scratch [33m 2222[2mms[22m[39m
Build and inspect Linux Electron artifacts	Full deterministic unit gate	2026-09-11T13:58:26.9727185Z      [33m[2m✓[22m[39m rejects authenticated-stream truncation after exact disk identity is rebound and sweeps scratch [33m 2015[2mms[22m[39m
Build and inspect Linux Electron artifacts	Full deterministic unit gate	2026-09-11T13:58:26.9728076Z      [33m[2m✓[22m[39m rejects a wrong mission or request event row before creating verification plaintext [33m 1780[2mms[22m[39m
Build and inspect Linux Electron artifacts	Full deterministic unit gate	2026-09-11T13:58:26.9728868Z      [33m[2m✓[22m[39m cancels after key proof without retaining verification plaintext [33m 2340[2mms[22m[39m
Build and inspect Linux Electron artifacts	Full deterministic unit gate	2026-09-11T13:58:26.9729663Z      [33m[2m✓[22m[39m runs the complete independent proof off the main isolate with transferred secrets [33m 2899[2mms[22m[39m
Build and inspect Linux Electron artifacts	Full deterministic unit gate	2026-09-11T13:58:26.9730432Z      [33m[2m✓[22m[39m rejects a registry-to-disk hash mismatch before creating plaintext [33m 2281[2mms[22m[39m
Build and inspect Linux Electron artifacts	Full deterministic unit gate	2026-09-11T13:58:28.9833200Z  [32m✓[39m tests/unit/electron-breadcrumb-query-runner.test.ts [2m([22m[2m14 tests[22m[2m)[22m[33m 1378[2mms[22m[39m
Build and inspect Linux Electron artifacts	Full deterministic unit gate	2026-09-11T13:58:28.9834303Z      [33m[2m✓[22m[39m selects the same route identities in the renderer and persisted restart query [33m 339[2mms[22m[39m
Build and inspect Linux Electron artifacts	Full deterministic unit gate	2026-09-11T13:58:29.6963372Z  [32m✓[39m tests/unit/breadcrumb-pr6-qualification-lib.test.ts [2m([22m[2m76 tests[22m[2m)[22m[32m 97[2mms[22m[39m
Build and inspect Linux Electron artifacts	Full deterministic unit gate	2026-09-11T13:58:30.5957513Z  [32m✓[39m tests/unit/mission-archive-review-operator-ui.test.tsx [2m([22m[2m19 tests[22m[2m)[22m[32m 199[2mms[22m[39m
Build and inspect Linux Electron artifacts	Full deterministic unit gate	2026-09-11T13:58:31.2628620Z  [32m✓[39m tests/unit/electron-mission-replay-query-ipc.test.ts [2m([22m[2m11 tests[22m[2m)[22m[32m 84[2mms[22m[39m
Build and inspect Linux Electron artifacts	Full deterministic unit gate	2026-09-11T13:58:53.6927270Z  [32m✓[39m tests/unit/electron-archive-verify-semantic-attacks.test.ts [2m([22m[2m7 tests[22m[2m)[22m[33m 21790[2mms[22m[39m
Build and inspect Linux Electron artifacts	Full deterministic unit gate	2026-09-11T13:58:53.6973125Z      [33m[2m✓[22m[39m rejects when the pinned live database replay diverges from the authenticated restored baseline [33m 3836[2mms[22m[39m
Build and inspect Linux Electron artifacts	Full deterministic unit gate	2026-09-11T13:58:53.6976291Z      [33m[2m✓[22m[39m rejects a restored request event with the wrong mission-lifecycle meaning [33m 2367[2mms[22m[39m
Build and inspect Linux Electron artifacts	Full deterministic unit gate	2026-09-11T13:58:53.6977734Z      [33m[2m✓[22m[39m rejects a re-encrypted SQLite row mutation even when its entry digest is updated [33m 2714[2mms[22m[39m
Build and inspect Linux Electron artifacts	Full deterministic unit gate	2026-09-11T13:58:53.6979054Z      [33m[2m✓[22m[39m rejects self-consistent encrypted out-of-scope content in metadata [33m 4272[2mms[22m[39m
Build and inspect Linux Electron artifacts	Full deterministic unit gate	2026-09-11T13:58:53.6980463Z      [33m[2m✓[22m[39m rejects self-consistent encrypted out-of-scope content in legacy_gpx_backfill_state [33m 3300[2mms[22m[39m
Build and inspect Linux Electron artifacts	Full deterministic unit gate	2026-09-11T13:58:53.6981777Z      [33m[2m✓[22m[39m rejects excessive declared entries before allocating plaintext descriptors [33m 2840[2mms[22m[39m
Build and inspect Linux Electron artifacts	Full deterministic unit gate	2026-09-11T13:58:53.6983098Z      [33m[2m✓[22m[39m rejects a validly encrypted extra logical entry outside the closed manifest inventory [33m 2459[2mms[22m[39m
Build and inspect Linux Electron artifacts	Full deterministic unit gate	2026-09-11T13:58:54.3460844Z  [32m✓[39m tests/unit/sync-tracking-overlay.test.ts [2m([22m[2m23 tests[22m[2m)[22m[32m 49[2mms[22m[39m
Build and inspect Linux Electron artifacts	Full deterministic unit gate	2026-09-11T13:58:56.6424522Z  [32m✓[39m tests/unit/exact-breadcrumb-dot-controller.test.ts [2m([22m[2m11 tests[22m[2m)[22m[33m 1695[2mms[22m[39m
Build and inspect Linux Electron artifacts	Full deterministic unit gate	2026-09-11T13:58:56.6426032Z      [33m[2m✓[22m[39m refreshes the operator current earlier page without jumping back to latest [33m 1057[2mms[22m[39m
Build and inspect Linux Electron artifacts	Full deterministic unit gate	2026-09-11T13:59:00.7190157Z  [32m✓[39m tests/unit/electron-archive-crypto.test.ts [2m([22m[2m40 tests[22m[2m)[22m[33m 3480[2mms[22m[39m
Build and inspect Linux Electron artifacts	Full deterministic unit gate	2026-09-11T13:59:00.7191527Z      [33m[2m✓[22m[39m matches the locked v1 deterministic derivation vector [33m 318[2mms[22m[39m
Build and inspect Linux Electron artifacts	Full deterministic unit gate	2026-09-11T13:59:00.7192689Z      [33m[2m✓[22m[39m clears unauthenticated candidate key bytes when authentication fails [33m 316[2mms[22m[39m
Build and inspect Linux Electron artifacts	Full deterministic unit gate	2026-09-11T13:59:00.7194316Z      [33m[2m✓[22m[39m does not misclassify a crypto provider setup failure as a wrong credential [33m 318[2mms[22m[39m
Build and inspect Linux Electron artifacts	Full deterministic unit gate	2026-09-11T13:59:00.7195621Z      [33m[2m✓[22m[39m serializes an explicit authenticated profile and round-trips the MAK [33m 315[2mms[22m[39m
Build and inspect Linux Electron artifacts	Full deterministic unit gate	2026-09-11T13:59:00.7196740Z      [33m[2m✓[22m[39m fails with ArchiveWrongKeyError before payload access for a wrong secret [33m 314[2mms[22m[39m
Build and inspect Linux Electron artifacts	Full deterministic unit gate	2026-09-11T13:59:00.7197709Z      [33m[2m✓[22m[39m authenticates the header digest and slot identity [33m 625[2mms[22m[39m
Build and inspect Linux Electron artifacts	Full deterministic unit gate	2026-09-11T13:59:00.7198648Z      [33m[2m✓[22m[39m rejects wrapped-key ciphertext mutation as a wrong-key failure [33m 311[2mms[22m[39m
Build and inspect Linux Electron artifacts	Full deterministic unit gate	2026-09-11T13:59:00.7199674Z      [33m[2m✓[22m[39m uses the canonical per-archive recovery code as an independent slot secret [33m 627[2mms[22m[39m
Build and inspect Linux Electron artifacts	Full deterministic unit gate	2026-09-11T13:59:01.3976039Z  [32m✓[39m tests/unit/breadcrumb-live-exact-proof-lib.test.ts [2m([22m[2m14 tests[22m[2m)[22m[32m 48[2mms[22m[39m
Build and inspect Linux Electron artifacts	Full deterministic unit gate	2026-09-11T13:59:02.0579441Z  [32m✓[39m tests/unit/electron-archive-restore-runner.test.ts [2m([22m[2m13 tests[22m[2m)[22m[32m 61[2mms[22m[39m
Build and inspect Linux Electron artifacts	Full deterministic unit gate	2026-09-11T13:59:02.6642761Z  [32m✓[39m tests/unit/electron-coverage-query.test.ts [2m([22m[2m13 tests[22m[2m)[22m[32m 23[2mms[22m[39m
Build and inspect Linux Electron artifacts	Full deterministic unit gate	2026-09-11T13:59:03.3153822Z  [32m✓[39m tests/unit/electron-coverage-ledger.test.ts [2m([22m[2m12 tests[22m[2m)[22m[32m 56[2mms[22m[39m
Build and inspect Linux Electron artifacts	Full deterministic unit gate	2026-09-11T13:59:03.9712277Z  [32m✓[39m tests/unit/electron-archive-review-ipc.test.ts [2m([22m[2m14 tests[22m[2m)[22m[32m 64[2mms[22m[39m
Build and inspect Linux Electron artifacts	Full deterministic unit gate	2026-09-11T13:59:04.6196657Z  [32m✓[39m tests/unit/layer-visibility-store.test.ts [2m([22m[2m13 tests[22m[2m)[22m[32m 8[2mms[22m[39m
Build and inspect Linux Electron artifacts	Full deterministic unit gate	2026-09-11T13:59:05.2153956Z  [32m✓[39m tests/unit/electron-tracking-soak-exact-script.test.ts [2m([22m[2m14 tests[22m[2m)[22m[32m 11[2mms[22m[39m
Build and inspect Linux Electron artifacts	Full deterministic unit gate	2026-09-11T13:59:05.8368787Z  [32m✓[39m tests/unit/electron-release-safety.test.ts [2m([22m[2m29 tests[22m[2m)[22m[32m 22[2mms[22m[39m
Build and inspect Linux Electron artifacts	Full deterministic unit gate	2026-09-11T13:59:06.7182405Z  [32m✓[39m tests/unit/electron-official-map-proxy.test.ts [2m([22m[2m11 tests[22m[2m)[22m[32m 283[2mms[22m[39m
Build and inspect Linux Electron artifacts	Full deterministic unit gate	2026-09-11T13:59:07.4324999Z [90mstderr[2m | tests/unit/use-mission-control-view-model.test.ts[2m > [22m[2museMissionControlViewModel[2m > [22m[2mkeeps roster failure separate and clears it on successful retry
Build and inspect Linux Electron artifacts	Full deterministic unit gate	2026-09-11T13:59:07.4326112Z [22m[39mThe current testing environment is not configured to support act(...)
Build and inspect Linux Electron artifacts	Full deterministic unit gate	2026-09-11T13:59:07.4326668Z The current testing environment is not configured to support act(...)
Build and inspect Linux Electron artifacts	Full deterministic unit gate	2026-09-11T13:59:07.4327060Z 
Build and inspect Linux Electron artifacts	Full deterministic unit gate	2026-09-11T13:59:07.4341530Z [90mstderr[2m | tests/unit/use-mission-control-view-model.test.ts[2m > [22m[2museMissionControlViewModel[2m > [22m[2mkeeps roster failure separate and clears it on successful retry
Build and inspect Linux Electron artifacts	Full deterministic unit gate	2026-09-11T13:59:07.4342782Z [22m[39mThe current testing environment is not configured to support act(...)
Build and inspect Linux Electron artifacts	Full deterministic unit gate	2026-09-11T13:59:07.4343263Z 
Build and inspect Linux Electron artifacts	Full deterministic unit gate	2026-09-11T13:59:07.4344201Z [90mstderr[2m | tests/unit/use-mission-control-view-model.test.ts[2m > [22m[2museMissionControlViewModel[2m > [22m[2mkeeps roster failure separate and clears it on successful retry
Build and inspect Linux Electron artifacts	Full deterministic unit gate	2026-09-11T13:59:07.4345372Z [22m[39mThe current testing environment is not configured to support act(...)
Build and inspect Linux Electron artifacts	Full deterministic unit gate	2026-09-11T13:59:07.4345623Z 
Build and inspect Linux Electron artifacts	Full deterministic unit gate	2026-09-11T13:59:07.4355780Z [90mstderr[2m | tests/unit/use-mission-control-view-model.test.ts[2m > [22m[2museMissionControlViewModel[2m > [22m[2mkeeps roster failure separate and clears it on successful retry
Build and inspect Linux Electron artifacts	Full deterministic unit gate	2026-09-11T13:59:07.4356701Z [22m[39mThe current testing environment is not configured to support act(...)
Build and inspect Linux Electron artifacts	Full deterministic unit gate	2026-09-11T13:59:07.4356973Z 
Build and inspect Linux Electron artifacts	Full deterministic unit gate	2026-09-11T13:59:07.4364482Z [90mstderr[2m | tests/unit/use-mission-control-view-model.test.ts[2m > [22m[2museMissionControlViewModel[2m > [22m[2mkeeps roster failure separate and clears it on successful retry
Build and inspect Linux Electron artifacts	Full deterministic unit gate	2026-09-11T13:59:07.4365810Z [22m[39mThe current testing environment is not configured to support act(...)
Build and inspect Linux Electron artifacts	Full deterministic unit gate	2026-09-11T13:59:07.4366324Z 
Build and inspect Linux Electron artifacts	Full deterministic unit gate	2026-09-11T13:59:07.4368631Z [90mstderr[2m | tests/unit/use-mission-control-view-model.test.ts[2m > [22m[2museMissionControlViewModel[2m > [22m[2mkeeps roster failure separate and clears it on successful retry
Build and inspect Linux Electron artifacts	Full deterministic unit gate	2026-09-11T13:59:07.4370008Z [22m[39mThe current testing environment is not configured to support act(...)
Build and inspect Linux Electron artifacts	Full deterministic unit gate	2026-09-11T13:59:07.4370558Z The current testing environment is not configured to support act(...)
Build and inspect Linux Electron artifacts	Full deterministic unit gate	2026-09-11T13:59:07.4371064Z The current testing environment is not configured to support act(...)
Build and inspect Linux Electron artifacts	Full deterministic unit gate	2026-09-11T13:59:07.4371341Z 
Build and inspect Linux Electron artifacts	Full deterministic unit gate	2026-09-11T13:59:07.4396491Z [90mstderr[2m | tests/unit/use-mission-control-view-model.test.ts[2m > [22m[2museMissionControlViewModel[2m > [22m[2mkeeps roster failure separate and clears it on successful retry
Build and inspect Linux Electron artifacts	Full deterministic unit gate	2026-09-11T13:59:07.4397957Z [22m[39mThe current testing environment is not configured to support act(...)
Build and inspect Linux Electron artifacts	Full deterministic unit gate	2026-09-11T13:59:07.4398453Z 
Build and inspect Linux Electron artifacts	Full deterministic unit gate	2026-09-11T13:59:07.4423862Z [90mstderr[2m | tests/unit/use-mission-control-view-model.test.ts[2m > [22m[2museMissionControlViewModel[2m > [22m[2msuccessful roster loading does not erase an unrelated mission action failure
Build and inspect Linux Electron artifacts	Full deterministic unit gate	2026-09-11T13:59:07.4425370Z [22m[39mThe current testing environment is not configured to support act(...)
Build and inspect Linux Electron artifacts	Full deterministic unit gate	2026-09-11T13:59:07.4425832Z 
Build and inspect Linux Electron artifacts	Full deterministic unit gate	2026-09-11T13:59:07.4426564Z [90mstderr[2m | tests/unit/use-mission-control-view-model.test.ts[2m > [22m[2museMissionControlViewModel[2m > [22m[2msuccessful roster loading does not erase an unrelated mission action failure
Build and inspect Linux Electron artifacts	Full deterministic unit gate	2026-09-11T13:59:07.4427469Z [22m[39mThe current testing environment is not configured to support act(...)
Build and inspect Linux Electron artifacts	Full deterministic unit gate	2026-09-11T13:59:07.4427881Z 
Build and inspect Linux Electron artifacts	Full deterministic unit gate	2026-09-11T13:59:07.4433867Z [90mstderr[2m | tests/unit/use-mission-control-view-model.test.ts[2m > [22m[2museMissionControlViewModel[2m > [22m[2msuccessful roster loading does not erase an unrelated mission action failure
Build and inspect Linux Electron artifacts	Full deterministic unit gate	2026-09-11T13:59:07.4434951Z [22m[39mThe current testing environment is not configured to support act(...)
Build and inspect Linux Electron artifacts	Full deterministic unit gate	2026-09-11T13:59:07.4435207Z 
Build and inspect Linux Electron artifacts	Full deterministic unit gate	2026-09-11T13:59:07.4439352Z [90mstderr[2m | tests/unit/use-mission-control-view-model.test.ts[2m > [22m[2museMissionControlViewModel[2m > [22m[2msuccessful roster loading does not erase an unrelated mission action failure
Build and inspect Linux Electron artifacts	Full deterministic unit gate	2026-09-11T13:59:07.4440683Z [22m[39mThe current testing environment is not configured to support act(...)
Build and inspect Linux Electron artifacts	Full deterministic unit gate	2026-09-11T13:59:07.4441188Z 
Build and inspect Linux Electron artifacts	Full deterministic unit gate	2026-09-11T13:59:07.4441950Z [90mstderr[2m | tests/unit/use-mission-control-view-model.test.ts[2m > [22m[2museMissionControlViewModel[2m > [22m[2msuccessful roster loading does not erase an unrelated mission action failure
Build and inspect Linux Electron artifacts	Full deterministic unit gate	2026-09-11T13:59:07.4442827Z [22m[39mThe current testing environment is not configured to support act(...)
Build and inspect Linux Electron artifacts	Full deterministic unit gate	2026-09-11T13:59:07.4443349Z The current testing environment is not configured to support act(...)
Build and inspect Linux Electron artifacts	Full deterministic unit gate	2026-09-11T13:59:07.4443877Z The current testing environment is not configured to support act(...)
Build and inspect Linux Electron artifacts	Full deterministic unit gate	2026-09-11T13:59:07.4444143Z 
Build and inspect Linux Electron artifacts	Full deterministic unit gate	2026-09-11T13:59:07.4449397Z [90mstderr[2m | tests/unit/use-mission-control-view-model.test.ts[2m > [22m[2museMissionControlViewModel[2m > [22m[2msuccessful roster loading does not erase an unrelated mission action failure
Build and inspect Linux Electron artifacts	Full deterministic unit gate	2026-09-11T13:59:07.4450735Z [22m[39mThe current testing environment is not configured to support act(...)
Build and inspect Linux Electron artifacts	Full deterministic unit gate	2026-09-11T13:59:07.4451020Z 
Build and inspect Linux Electron artifacts	Full deterministic unit gate	2026-09-11T13:59:07.4464131Z [90mstderr[2m | tests/unit/use-mission-control-view-model.test.ts[2m > [22m[2museMissionControlViewModel[2m > [22m[2mretries roster loading when a failed dialog is closed and reopened
Build and inspect Linux Electron artifacts	Full deterministic unit gate	2026-09-11T13:59:07.4465618Z [22m[39mThe current testing environment is not configured to support act(...)
Build and inspect Linux Electron artifacts	Full deterministic unit gate	2026-09-11T13:59:07.4466131Z The current testing environment is not configured to support act(...)
Build and inspect Linux Electron artifacts	Full deterministic unit gate	2026-09-11T13:59:07.4466398Z 
Build and inspect Linux Electron artifacts	Full deterministic unit gate	2026-09-11T13:59:07.4468251Z [90mstderr[2m | tests/unit/use-mission-control-view-model.test.ts[2m > [22m[2museMissionControlViewModel[2m > [22m[2mretries roster loading when a failed dialog is closed and reopened
Build and inspect Linux Electron artifacts	Full deterministic unit gate	2026-09-11T13:59:07.4469595Z [22m[39mThe current testing environment is not configured to support act(...)
Build and inspect Linux Electron artifacts	Full deterministic unit gate	2026-09-11T13:59:07.4470097Z 
Build and inspect Linux Electron artifacts	Full deterministic unit gate	2026-09-11T13:59:07.4470822Z [90mstderr[2m | tests/unit/use-mission-control-view-model.test.ts[2m > [22m[2museMissionControlViewModel[2m > [22m[2mretries roster loading when a failed dialog is closed and reopened
Build and inspect Linux Electron artifacts	Full deterministic unit gate	2026-09-11T13:59:07.4471672Z [22m[39mThe current testing environment is not configured to support act(...)
Build and inspect Linux Electron artifacts	Full deterministic unit gate	2026-09-11T13:59:07.4471958Z 
Build and inspect Linux Electron artifacts	Full deterministic unit gate	2026-09-11T13:59:07.4475359Z [90mstderr[2m | tests/unit/use-mission-control-view-model.test.ts[2m > [22m[2museMissionControlViewModel[2m > [22m[2mretries roster loading when a failed dialog is closed and reopened
Build and inspect Linux Electron artifacts	Full deterministic unit gate	2026-09-11T13:59:07.4476650Z [22m[39mThe current testing environment is not configured to support act(...)
Build and inspect Linux Electron artifacts	Full deterministic unit gate	2026-09-11T13:59:07.4477164Z The current testing environment is not configured to support act(...)
Build and inspect Linux Electron artifacts	Full deterministic unit gate	2026-09-11T13:59:07.4477443Z 
Build and inspect Linux Electron artifacts	Full deterministic unit gate	2026-09-11T13:59:07.4478638Z [90mstderr[2m | tests/unit/use-mission-control-view-model.test.ts[2m > [22m[2museMissionControlViewModel[2m > [22m[2mretries roster loading when a failed dialog is closed and reopened
Build and inspect Linux Electron artifacts	Full deterministic unit gate	2026-09-11T13:59:07.4479952Z [22m[39mThe current testing environment is not configured to support act(...)
Build and inspect Linux Electron artifacts	Full deterministic unit gate	2026-09-11T13:59:07.4480444Z 
Build and inspect Linux Electron artifacts	Full deterministic unit gate	2026-09-11T13:59:07.4481184Z [90mstderr[2m | tests/unit/use-mission-control-view-model.test.ts[2m > [22m[2museMissionControlViewModel[2m > [22m[2mretries roster loading when a failed dialog is closed and reopened
Build and inspect Linux Electron artifacts	Full deterministic unit gate	2026-09-11T13:59:07.4482056Z [22m[39mThe current testing environment is not configured to support act(...)
Build and inspect Linux Electron artifacts	Full deterministic unit gate	2026-09-11T13:59:07.4482560Z The current testing environment is not configured to support act(...)
Build and inspect Linux Electron artifacts	Full deterministic unit gate	2026-09-11T13:59:07.4483428Z The current testing environment is not configured to support act(...)
Build and inspect Linux Electron artifacts	Full deterministic unit gate	2026-09-11T13:59:07.4601576Z 
Build and inspect Linux Electron artifacts	Full deterministic unit gate	2026-09-11T13:59:07.4602925Z [90mstderr[2m | tests/unit/use-mission-control-view-model.test.ts[2m > [22m[2museMissionControlViewModel[2m > [22m[2mretries roster loading when a failed dialog is closed and reopened
Build and inspect Linux Electron artifacts	Full deterministic unit gate	2026-09-11T13:59:07.4604188Z [22m[39mThe current testing environment is not configured to support act(...)
Build and inspect Linux Electron artifacts	Full deterministic unit gate	2026-09-11T13:59:07.4604526Z 
Build and inspect Linux Electron artifacts	Full deterministic unit gate	2026-09-11T13:59:07.4605518Z [90mstderr[2m | tests/unit/use-mission-control-view-model.test.ts[2m > [22m[2museMissionControlViewModel[2m > [22m[2mrequires duplicate mission-name acknowledgement before starting a conflicting mission
Build and inspect Linux Electron artifacts	Full deterministic unit gate	2026-09-11T13:59:07.4606600Z [22m[39mThe current testing environment is not configured to support act(...)
Build and inspect Linux Electron artifacts	Full deterministic unit gate	2026-09-11T13:59:07.4607270Z The current testing environment is not configured to support act(...)
Build and inspect Linux Electron artifacts	Full deterministic unit gate	2026-09-11T13:59:07.4607901Z The current testing environment is not configured to support act(...)
Build and inspect Linux Electron artifacts	Full deterministic unit gate	2026-09-11T13:59:07.4608544Z The current testing environment is not configured to support act(...)
Build and inspect Linux Electron artifacts	Full deterministic unit gate	2026-09-11T13:59:07.4609185Z The current testing environment is not configured to support act(...)
Build and inspect Linux Electron artifacts	Full deterministic unit gate	2026-09-11T13:59:07.4609814Z The current testing environment is not configured to support act(...)
Build and inspect Linux Electron artifacts	Full deterministic unit gate	2026-09-11T13:59:07.4610297Z The current testing environment is not configured to support act(...)
Build and inspect Linux Electron artifacts	Full deterministic unit gate	2026-09-11T13:59:07.4610515Z 
Build and inspect Linux Electron artifacts	Full deterministic unit gate	2026-09-11T13:59:07.4611285Z [90mstderr[2m | tests/unit/use-mission-control-view-model.test.ts[2m > [22m[2museMissionControlViewModel[2m > [22m[2mrequires duplicate mission-name acknowledgement before starting a conflicting mission
Build and inspect Linux Electron artifacts	Full deterministic unit gate	2026-09-11T13:59:07.4612182Z [22m[39mThe current testing environment is not configured to support act(...)
Build and inspect Linux Electron artifacts	Full deterministic unit gate	2026-09-11T13:59:07.4612612Z The current testing environment is not configured to support act(...)
Build and inspect Linux Electron artifacts	Full deterministic unit gate	2026-09-11T13:59:07.4612818Z 
Build and inspect Linux Electron artifacts	Full deterministic unit gate	2026-09-11T13:59:07.4613570Z [90mstderr[2m | tests/unit/use-mission-control-view-model.test.ts[2m > [22m[2museMissionControlViewModel[2m > [22m[2mrequires duplicate mission-name acknowledgement before starting a conflicting mission
Build and inspect Linux Electron artifacts	Full deterministic unit gate	2026-09-11T13:59:07.4614406Z [22m[39mThe current testing environment is not configured to support act(...)
Build and inspect Linux Electron artifacts	Full deterministic unit gate	2026-09-11T13:59:07.4615129Z The current testing environment is not configured to support act(...)
Build and inspect Linux Electron artifacts	Full deterministic unit gate	2026-09-11T13:59:07.4615355Z 
Build and inspect Linux Electron artifacts	Full deterministic unit gate	2026-09-11T13:59:07.4616259Z [90mstderr[2m | tests/unit/use-mission-control-view-model.test.ts[2m > [22m[2museMissionControlViewModel[2m > [22m[2mrequires duplicate mission-name acknowledgement before starting a conflicting mission
Build and inspect Linux Electron artifacts	Full deterministic unit gate	2026-09-11T13:59:07.4617137Z [22m[39mThe current testing environment is not configured to support act(...)
Build and inspect Linux Electron artifacts	Full deterministic unit gate	2026-09-11T13:59:07.4617566Z The current testing environment is not configured to support act(...)
Build and inspect Linux Electron artifacts	Full deterministic unit gate	2026-09-11T13:59:07.4617967Z The current testing environment is not configured to support act(...)
Build and inspect Linux Electron artifacts	Full deterministic unit gate	2026-09-11T13:59:07.4618369Z The current testing environment is not configured to support act(...)
Build and inspect Linux Electron artifacts	Full deterministic unit gate	2026-09-11T13:59:07.4618762Z The current testing environment is not configured to support act(...)
Build and inspect Linux Electron artifacts	Full deterministic unit gate	2026-09-11T13:59:07.4618975Z 
Build and inspect Linux Electron artifacts	Full deterministic unit gate	2026-09-11T13:59:07.4619712Z [90mstderr[2m | tests/unit/use-mission-control-view-model.test.ts[2m > [22m[2museMissionControlViewModel[2m > [22m[2mrequires duplicate mission-name acknowledgement before starting a conflicting mission
Build and inspect Linux Electron artifacts	Full deterministic unit gate	2026-09-11T13:59:07.4620534Z [22m[39mThe current testing environment is not configured to support act(...)
Build and inspect Linux Electron artifacts	Full deterministic unit gate	2026-09-11T13:59:07.4620761Z 
Build and inspect Linux Electron artifacts	Full deterministic unit gate	2026-09-11T13:59:07.4621398Z [90mstderr[2m | tests/unit/use-mission-control-view-model.test.ts[2m > [22m[2museMissionControlViewModel[2m > [22m[2mkeeps lifecycle control enablement tied to mission phase
Build and inspect Linux Electron artifacts	Full deterministic unit gate	2026-09-11T13:59:07.4622121Z [22m[39mThe current testing environment is not configured to support act(...)
Build and inspect Linux Electron artifacts	Full deterministic unit gate	2026-09-11T13:59:07.4622638Z The current testing environment is not configured to support act(...)
Build and inspect Linux Electron artifacts	Full deterministic unit gate	2026-09-11T13:59:07.4623220Z The current testing environment is not configured to support act(...)
Build and inspect Linux Electron artifacts	Full deterministic unit gate	2026-09-11T13:59:07.4623640Z 
Build and inspect Linux Electron artifacts	Full deterministic unit gate	2026-09-11T13:59:07.4624718Z [90mstderr[2m | tests/unit/use-mission-control-view-model.test.ts[2m > [22m[2museMissionControlViewModel[2m > [22m[2mkeeps lifecycle control enablement tied to mission phase
Build and inspect Linux Electron artifacts	Full deterministic unit gate	2026-09-11T13:59:07.4625989Z [22m[39mThe current testing environment is not configured to support act(...)
Build and inspect Linux Electron artifacts	Full deterministic unit gate	2026-09-11T13:59:07.4626262Z 
Build and inspect Linux Electron artifacts	Full deterministic unit gate	2026-09-11T13:59:07.4627342Z [90mstderr[2m | tests/unit/use-mission-control-view-model.test.ts[2m > [22m[2museMissionControlViewModel[2m > [22m[2mcommits the explicit participant draft immediately after mission creation [DON-271]
Build and inspect Linux Electron artifacts	Full deterministic unit gate	2026-09-11T13:59:07.4628670Z [22m[39mThe current testing environment is not configured to support act(...)
Build and inspect Linux Electron artifacts	Full deterministic unit gate	2026-09-11T13:59:07.4629333Z The current testing environment is not configured to support act(...)
Build and inspect Linux Electron artifacts	Full deterministic unit gate	2026-09-11T13:59:07.4629918Z The current testing environment is not configured to support act(...)
Build and inspect Linux Electron artifacts	Full deterministic unit gate	2026-09-11T13:59:07.4630306Z The current testing environment is not configured to support act(...)
Build and inspect Linux Electron artifacts	Full deterministic unit gate	2026-09-11T13:59:07.4630702Z The current testing environment is not configured to support act(...)
Build and inspect Linux Electron artifacts	Full deterministic unit gate	2026-09-11T13:59:07.4631083Z The current testing environment is not configured to support act(...)
Build and inspect Linux Electron artifacts	Full deterministic unit gate	2026-09-11T13:59:07.4631286Z 
Build and inspect Linux Electron artifacts	Full deterministic unit gate	2026-09-11T13:59:07.4631997Z [90mstderr[2m | tests/unit/use-mission-control-view-model.test.ts[2m > [22m[2museMissionControlViewModel[2m > [22m[2mcommits the explicit participant draft immediately after mission creation [DON-271]
Build and inspect Linux Electron artifacts	Full deterministic unit gate	2026-09-11T13:59:07.4632785Z [22m[39mThe current testing environment is not configured to support act(...)
Build and inspect Linux Electron artifacts	Full deterministic unit gate	2026-09-11T13:59:07.4633227Z The current testing environment is not configured to support act(...)
Build and inspect Linux Electron artifacts	Full deterministic unit gate	2026-09-11T13:59:07.4633623Z The current testing environment is not configured to support act(...)
Build and inspect Linux Electron artifacts	Full deterministic unit gate	2026-09-11T13:59:07.4634043Z The current testing environment is not configured to support act(...)
Build and inspect Linux Electron artifacts	Full deterministic unit gate	2026-09-11T13:59:07.4634476Z The current testing environment is not configured to support act(...)
Build and inspect Linux Electron artifacts	Full deterministic unit gate	2026-09-11T13:59:07.4634832Z 
Build and inspect Linux Electron artifacts	Full deterministic unit gate	2026-09-11T13:59:07.4635562Z [90mstderr[2m | tests/unit/use-mission-control-view-model.test.ts[2m > [22m[2museMissionControlViewModel[2m > [22m[2mcommits the explicit participant draft immediately after mission creation [DON-271]
Build and inspect Linux Electron artifacts	Full deterministic unit gate	2026-09-11T13:59:07.4636369Z [22m[39mThe current testing environment is not configured to support act(...)
Build and inspect Linux Electron artifacts	Full deterministic unit gate	2026-09-11T13:59:07.4636597Z 
Build and inspect Linux Electron artifacts	Full deterministic unit gate	2026-09-11T13:59:07.4637655Z [90mstderr[2m | tests/unit/use-mission-control-view-model.test.ts[2m > [22m[2museMissionControlViewModel[2m > [22m[2mkeeps mission-start input visible when initial participant persistence fails
Build and inspect Linux Electron artifacts	Full deterministic unit gate	2026-09-11T13:59:07.4638836Z [22m[39mThe current testing environment is not configured to support act(...)
Build and inspect Linux Electron artifacts	Full deterministic unit gate	2026-09-11T13:59:07.4639381Z The current testing environment is not configured to support act(...)
Build and inspect Linux Electron artifacts	Full deterministic unit gate	2026-09-11T13:59:07.4639770Z The current testing environment is not configured to support act(...)
Build and inspect Linux Electron artifacts	Full deterministic unit gate	2026-09-11T13:59:07.4640165Z The current testing environment is not configured to support act(...)
Build and inspect Linux Electron artifacts	Full deterministic unit gate	2026-09-11T13:59:07.4640556Z The current testing environment is not configured to support act(...)
Build and inspect Linux Electron artifacts	Full deterministic unit gate	2026-09-11T13:59:07.4640945Z The current testing environment is not configured to support act(...)
Build and inspect Linux Electron artifacts	Full deterministic unit gate	2026-09-11T13:59:07.4641335Z The current testing environment is not configured to support act(...)
Build and inspect Linux Electron artifacts	Full deterministic unit gate	2026-09-11T13:59:07.4641537Z 
Build and inspect Linux Electron artifacts	Full deterministic unit gate	2026-09-11T13:59:07.4642230Z [90mstderr[2m | tests/unit/use-mission-control-view-model.test.ts[2m > [22m[2museMissionControlViewModel[2m > [22m[2mkeeps mission-start input visible when initial participant persistence fails
Build and inspect Linux Electron artifacts	Full deterministic unit gate	2026-09-11T13:59:07.4643030Z [22m[39mThe current testing environment is not configured to support act(...)
Build and inspect Linux Electron artifacts	Full deterministic unit gate	2026-09-11T13:59:07.4643251Z 
Build and inspect Linux Electron artifacts	Full deterministic unit gate	2026-09-11T13:59:07.4643973Z [90mstderr[2m | tests/unit/use-mission-control-view-model.test.ts[2m > [22m[2museMissionControlViewModel[2m > [22m[2mkeeps mission-start input visible when initial participant persistence fails
Build and inspect Linux Electron artifacts	Full deterministic unit gate	2026-09-11T13:59:07.4645077Z [22m[39mThe current testing environment is not configured to support act(...)
Build and inspect Linux Electron artifacts	Full deterministic unit gate	2026-09-11T13:59:07.4645424Z 
Build and inspect Linux Electron artifacts	Full deterministic unit gate	2026-09-11T13:59:07.4646295Z [90mstderr[2m | tests/unit/use-mission-control-view-model.test.ts[2m > [22m[2museMissionControlViewModel[2m > [22m[2mloads admin roster when unlock is opened and sends selected unlock details
Build and inspect Linux Electron artifacts	Full deterministic unit gate	2026-09-11T13:59:07.4647495Z [22m[39mThe current testing environment is not configured to support act(...)
Build and inspect Linux Electron artifacts	Full deterministic unit gate	2026-09-11T13:59:07.4648177Z The current testing environment is not configured to support act(...)
Build and inspect Linux Electron artifacts	Full deterministic unit gate	2026-09-11T13:59:07.4648510Z 
Build and inspect Linux Electron artifacts	Full deterministic unit gate	2026-09-11T13:59:07.4649361Z [90mstderr[2m | tests/unit/use-mission-control-view-model.test.ts[2m > [22m[2museMissionControlViewModel[2m > [22m[2mloads admin roster when unlock is opened and sends selected unlock details
Build and inspect Linux Electron artifacts	Full deterministic unit gate	2026-09-11T13:59:07.4650134Z [22m[39mThe current testing environment is not configured to support act(...)
Build and inspect Linux Electron artifacts	Full deterministic unit gate	2026-09-11T13:59:07.4650357Z 
Build and inspect Linux Electron artifacts	Full deterministic unit gate	2026-09-11T13:59:07.4651028Z [90mstderr[2m | tests/unit/use-mission-control-view-model.test.ts[2m > [22m[2museMissionControlViewModel[2m > [22m[2mloads admin roster when unlock is opened and sends selected unlock details
Build and inspect Linux Electron artifacts	Full deterministic unit gate	2026-09-11T13:59:07.4651784Z [22m[39mThe current testing environment is not configured to support act(...)
Build and inspect Linux Electron artifacts	Full deterministic unit gate	2026-09-11T13:59:07.4652202Z The current testing environment is not configured to support act(...)
Build and inspect Linux Electron artifacts	Full deterministic unit gate	2026-09-11T13:59:07.4652598Z The current testing environment is not configured to support act(...)
Build and inspect Linux Electron artifacts	Full deterministic unit gate	2026-09-11T13:59:07.4652821Z 
Build and inspect Linux Electron artifacts	Full deterministic unit gate	2026-09-11T13:59:07.4653491Z [90mstderr[2m | tests/unit/use-mission-control-view-model.test.ts[2m > [22m[2museMissionControlViewModel[2m > [22m[2mloads admin roster when unlock is opened and sends selected unlock details
Build and inspect Linux Electron artifacts	Full deterministic unit gate	2026-09-11T13:59:07.4654256Z [22m[39mThe current testing environment is not configured to support act(...)
Build and inspect Linux Electron artifacts	Full deterministic unit gate	2026-09-11T13:59:07.4654781Z The current testing environment is not configured to support act(...)
Build and inspect Linux Electron artifacts	Full deterministic unit gate	2026-09-11T13:59:07.4655278Z The current testing environment is not configured to support act(...)
Build and inspect Linux Electron artifacts	Full deterministic unit gate	2026-09-11T13:59:07.4655678Z The current testing environment is not configured to support act(...)
Build and inspect Linux Electron artifacts	Full deterministic unit gate	2026-09-11T13:59:07.4655879Z 
Build and inspect Linux Electron artifacts	Full deterministic unit gate	2026-09-11T13:59:07.4656556Z [90mstderr[2m | tests/unit/use-mission-control-view-model.test.ts[2m > [22m[2museMissionControlViewModel[2m > [22m[2mloads admin roster when unlock is opened and sends selected unlock details
Build and inspect Linux Electron artifacts	Full deterministic unit gate	2026-09-11T13:59:07.4657311Z [22m[39mThe current testing environment is not configured to support act(...)
Build and inspect Linux Electron artifacts	Full deterministic unit gate	2026-09-11T13:59:07.4657824Z The current testing environment is not configured to support act(...)
Build and inspect Linux Electron artifacts	Full deterministic unit gate	2026-09-11T13:59:07.4658219Z The current testing environment is not configured to support act(...)
Build and inspect Linux Electron artifacts	Full deterministic unit gate	2026-09-11T13:59:07.4658611Z The current testing environment is not configured to support act(...)
Build and inspect Linux Electron artifacts	Full deterministic unit gate	2026-09-11T13:59:07.4658817Z 
Build and inspect Linux Electron artifacts	Full deterministic unit gate	2026-09-11T13:59:07.4659501Z [90mstderr[2m | tests/unit/use-mission-control-view-model.test.ts[2m > [22m[2museMissionControlViewModel[2m > [22m[2mloads admin roster when unlock is opened and sends selected unlock details
Build and inspect Linux Electron artifacts	Full deterministic unit gate	2026-09-11T13:59:07.4660282Z [22m[39mThe current testing environment is not configured to support act(...)
Build and inspect Linux Electron artifacts	Full deterministic unit gate	2026-09-11T13:59:07.4660511Z 
Build and inspect Linux Electron artifacts	Full deterministic unit gate	2026-09-11T13:59:07.4668989Z [90mstderr[2m | tests/unit/use-mission-control-view-model.test.ts[2m > [22m[2museMissionControlViewModel[2m > [22m[2mbinds recovery issuance, cancellation, and finalization custody to governance
Build and inspect Linux Electron artifacts	Full deterministic unit gate	2026-09-11T13:59:07.4670324Z [22m[39mThe current testing environment is not configured to support act(...)
Build and inspect Linux Electron artifacts	Full deterministic unit gate	2026-09-11T13:59:07.4670577Z 
Build and inspect Linux Electron artifacts	Full deterministic unit gate	2026-09-11T13:59:07.4672363Z [90mstderr[2m | tests/unit/use-mission-control-view-model.test.ts[2m > [22m[2museMissionControlViewModel[2m > [22m[2mbinds recovery issuance, cancellation, and finalization custody to governance
Build and inspect Linux Electron artifacts	Full deterministic unit gate	2026-09-11T13:59:07.4673637Z [22m[39mThe current testing environment is not configured to support act(...)
Build and inspect Linux Electron artifacts	Full deterministic unit gate	2026-09-11T13:59:07.4674354Z The current testing environment is not configured to support act(...)
Build and inspect Linux Electron artifacts	Full deterministic unit gate	2026-09-11T13:59:07.4675070Z The current testing environment is not configured to support act(...)
Build and inspect Linux Electron artifacts	Full deterministic unit gate	2026-09-11T13:59:07.4675466Z 
Build and inspect Linux Electron artifacts	Full deterministic unit gate	2026-09-11T13:59:07.4676178Z [90mstderr[2m | tests/unit/use-mission-control-view-model.test.ts[2m > [22m[2museMissionControlViewModel[2m > [22m[2mbinds recovery issuance, cancellation, and finalization custody to governance
Build and inspect Linux Electron artifacts	Full deterministic unit gate	2026-09-11T13:59:07.4676961Z [22m[39mThe current testing environment is not configured to support act(...)
Build and inspect Linux Electron artifacts	Full deterministic unit gate	2026-09-11T13:59:07.4677379Z The current testing environment is not configured to support act(...)
Build and inspect Linux Electron artifacts	Full deterministic unit gate	2026-09-11T13:59:07.4677616Z 
Build and inspect Linux Electron artifacts	Full deterministic unit gate	2026-09-11T13:59:07.4684031Z [90mstderr[2m | tests/unit/use-mission-control-view-model.test.ts[2m > [22m[2museMissionControlViewModel[2m > [22m[2mbinds recovery issuance, cancellation, and finalization custody to governance
Build and inspect Linux Electron artifacts	Full deterministic unit gate	2026-09-11T13:59:07.4685370Z [22m[39mThe current testing environment is not configured to support act(...)
Build and inspect Linux Electron artifacts	Full deterministic unit gate	2026-09-11T13:59:07.4685609Z 
Build and inspect Linux Electron artifacts	Full deterministic unit gate	2026-09-11T13:59:07.4701662Z [90mstderr[2m | tests/unit/use-mission-control-view-model.test.ts[2m > [22m[2museMissionControlViewModel[2m > [22m[2mbinds cleanup checklist and completion to finalized mission governance
Build and inspect Linux Electron artifacts	Full deterministic unit gate	2026-09-11T13:59:07.4702878Z [22m[39mThe current testing environment is not configured to support act(...)
Build and inspect Linux Electron artifacts	Full deterministic unit gate	2026-09-11T13:59:07.4703546Z The current testing environment is not configured to support act(...)
Build and inspect Linux Electron artifacts	Full deterministic unit gate	2026-09-11T13:59:07.4703870Z 
Build and inspect Linux Electron artifacts	Full deterministic unit gate	2026-09-11T13:59:07.4705002Z [90mstderr[2m | tests/unit/use-mission-control-view-model.test.ts[2m > [22m[2museMissionControlViewModel[2m > [22m[2mbinds cleanup checklist and completion to finalized mission governance
Build and inspect Linux Electron artifacts	Full deterministic unit gate	2026-09-11T13:59:07.4706110Z [22m[39mThe current testing environment is not configured to support act(...)
Build and inspect Linux Electron artifacts	Full deterministic unit gate	2026-09-11T13:59:07.4706524Z The current testing environment is not configured to support act(...)
Build and inspect Linux Electron artifacts	Full deterministic unit gate	2026-09-11T13:59:07.4706914Z The current testing environment is not configured to support act(...)
Build and inspect Linux Electron artifacts	Full deterministic unit gate	2026-09-11T13:59:07.4707118Z 
Build and inspect Linux Electron artifacts	Full deterministic unit gate	2026-09-11T13:59:07.4707779Z [90mstderr[2m | tests/unit/use-mission-control-view-model.test.ts[2m > [22m[2museMissionControlViewModel[2m > [22m[2mbinds cleanup checklist and completion to finalized mission governance
Build and inspect Linux Electron artifacts	Full deterministic unit gate	2026-09-11T13:59:07.4708560Z [22m[39mThe current testing environment is not configured to support act(...)
Build and inspect Linux Electron artifacts	Full deterministic unit gate	2026-09-11T13:59:07.4708970Z The current testing environment is not configured to support act(...)
Build and inspect Linux Electron artifacts	Full deterministic unit gate	2026-09-11T13:59:07.4709177Z 
Build and inspect Linux Electron artifacts	Full deterministic unit gate	2026-09-11T13:59:07.4713633Z [90mstderr[2m | tests/unit/use-mission-control-view-model.test.ts[2m > [22m[2museMissionControlViewModel[2m > [22m[2mbinds cleanup checklist and completion to finalized mission governance
Build and inspect Linux Electron artifacts	Full deterministic unit gate	2026-09-11T13:59:07.4715043Z [22m[39mThe current testing environment is not configured to support act(...)
Build and inspect Linux Electron artifacts	Full deterministic unit gate	2026-09-11T13:59:07.4715273Z 
Build and inspect Linux Electron artifacts	Full deterministic unit gate	2026-09-11T13:59:07.4728834Z [90mstderr[2m | tests/unit/use-mission-control-view-model.test.ts[2m > [22m[2museMissionControlViewModel[2m > [22m[2mturns a known evidence-health finalization block into an audited admin flow [DON-276]
Build and inspect Linux Electron artifacts	Full deterministic unit gate	2026-09-11T13:59:07.4730109Z [22m[39mThe current testing environment is not configured to support act(...)
Build and inspect Linux Electron artifacts	Full deterministic unit gate	2026-09-11T13:59:07.4730774Z The current testing environment is not configured to support act(...)
Build and inspect Linux Electron artifacts	Full deterministic unit gate	2026-09-11T13:59:07.4731411Z The current testing environment is not configured to support act(...)
Build and inspect Linux Electron artifacts	Full deterministic unit gate	2026-09-11T13:59:07.4731975Z The current testing environment is not configured to support act(...)
Build and inspect Linux Electron artifacts	Full deterministic unit gate	2026-09-11T13:59:07.4732177Z 
Build and inspect Linux Electron artifacts	Full deterministic unit gate	2026-09-11T13:59:07.4732897Z [90mstderr[2m | tests/unit/use-mission-control-view-model.test.ts[2m > [22m[2museMissionControlViewModel[2m > [22m[2mturns a known evidence-health finalization block into an audited admin flow [DON-276]
Build and inspect Linux Electron artifacts	Full deterministic unit gate	2026-09-11T13:59:07.4733702Z [22m[39mThe current testing environment is not configured to support act(...)
Build and inspect Linux Electron artifacts	Full deterministic unit gate	2026-09-11T13:59:07.4734119Z The current testing environment is not configured to support act(...)
Build and inspect Linux Electron artifacts	Full deterministic unit gate	2026-09-11T13:59:07.4734508Z The current testing environment is not configured to support act(...)
Build and inspect Linux Electron artifacts	Full deterministic unit gate	2026-09-11T13:59:07.4735110Z The current testing environment is not configured to support act(...)
Build and inspect Linux Electron artifacts	Full deterministic unit gate	2026-09-11T13:59:07.4735317Z 
Build and inspect Linux Electron artifacts	Full deterministic unit gate	2026-09-11T13:59:07.4739848Z [90mstderr[2m | tests/unit/use-mission-control-view-model.test.ts[2m > [22m[2museMissionControlViewModel[2m > [22m[2mturns a known evidence-health finalization block into an audited admin flow [DON-276]
Build and inspect Linux Electron artifacts	Full deterministic unit gate	2026-09-11T13:59:07.4741244Z [22m[39mThe current testing environment is not configured to support act(...)
Build and inspect Linux Electron artifacts	Full deterministic unit gate	2026-09-11T13:59:07.4741629Z 
Build and inspect Linux Electron artifacts	Full deterministic unit gate	2026-09-11T13:59:07.4742361Z [90mstderr[2m | tests/unit/use-mission-control-view-model.test.ts[2m > [22m[2museMissionControlViewModel[2m > [22m[2mturns a known evidence-health finalization block into an audited admin flow [DON-276]
Build and inspect Linux Electron artifacts	Full deterministic unit gate	2026-09-11T13:59:07.4743153Z [22m[39mThe current testing environment is not configured to support act(...)
Build and inspect Linux Electron artifacts	Full deterministic unit gate	2026-09-11T13:59:07.4743576Z The current testing environment is not configured to support act(...)
Build and inspect Linux Electron artifacts	Full deterministic unit gate	2026-09-11T13:59:07.4743975Z The current testing environment is not configured to support act(...)
Build and inspect Linux Electron artifacts	Full deterministic unit gate	2026-09-11T13:59:07.4744177Z 
Build and inspect Linux Electron artifacts	Full deterministic unit gate	2026-09-11T13:59:07.4749606Z [90mstderr[2m | tests/unit/use-mission-control-view-model.test.ts[2m > [22m[2museMissionControlViewModel[2m > [22m[2mturns a known evidence-health finalization block into an audited admin flow [DON-276]
Build and inspect Linux Electron artifacts	Full deterministic unit gate	2026-09-11T13:59:07.4750897Z [22m[39mThe current testing environment is not configured to support act(...)
Build and inspect Linux Electron artifacts	Full deterministic unit gate	2026-09-11T13:59:07.4751492Z The current testing environment is not configured to support act(...)
Build and inspect Linux Electron artifacts	Full deterministic unit gate	2026-09-11T13:59:07.4751896Z The current testing environment is not configured to support act(...)
Build and inspect Linux Electron artifacts	Full deterministic unit gate	2026-09-11T13:59:07.4752294Z The current testing environment is not configured to support act(...)
Build and inspect Linux Electron artifacts	Full deterministic unit gate	2026-09-11T13:59:07.4752504Z 
Build and inspect Linux Electron artifacts	Full deterministic unit gate	2026-09-11T13:59:07.4753215Z [90mstderr[2m | tests/unit/use-mission-control-view-model.test.ts[2m > [22m[2museMissionControlViewModel[2m > [22m[2mturns a known evidence-health finalization block into an audited admin flow [DON-276]
Build and inspect Linux Electron artifacts	Full deterministic unit gate	2026-09-11T13:59:07.4754037Z [22m[39mThe current testing environment is not configured to support act(...)
Build and inspect Linux Electron artifacts	Full deterministic unit gate	2026-09-11T13:59:07.4754454Z The current testing environment is not configured to support act(...)
Build and inspect Linux Electron artifacts	Full deterministic unit gate	2026-09-11T13:59:07.4755260Z The current testing environment is not configured to support act(...)
Build and inspect Linux Electron artifacts	Full deterministic unit gate	2026-09-11T13:59:07.4755663Z The current testing environment is not configured to support act(...)
Build and inspect Linux Electron artifacts	Full deterministic unit gate	2026-09-11T13:59:07.4755869Z 
Build and inspect Linux Electron artifacts	Full deterministic unit gate	2026-09-11T13:59:07.4758639Z [90mstderr[2m | tests/unit/use-mission-control-view-model.test.ts[2m > [22m[2museMissionControlViewModel[2m > [22m[2mturns a known evidence-health finalization block into an audited admin flow [DON-276]
Build and inspect Linux Electron artifacts	Full deterministic unit gate	2026-09-11T13:59:07.4760010Z [22m[39mThe current testing environment is not configured to support act(...)
Build and inspect Linux Electron artifacts	Full deterministic unit gate	2026-09-11T13:59:07.4760241Z 
Build and inspect Linux Electron artifacts	Full deterministic unit gate	2026-09-11T13:59:07.4770617Z [90mstderr[2m | tests/unit/use-mission-control-view-model.test.ts[2m > [22m[2museMissionControlViewModel[2m > [22m[2mdoes not offer evidence-loss acknowledgement for other degraded evidence
Build and inspect Linux Electron artifacts	Full deterministic unit gate	2026-09-11T13:59:07.4771872Z [22m[39mThe current testing environment is not configured to support act(...)
Build and inspect Linux Electron artifacts	Full deterministic unit gate	2026-09-11T13:59:07.4772577Z The current testing environment is not configured to support act(...)
Build and inspect Linux Electron artifacts	Full deterministic unit gate	2026-09-11T13:59:07.4772985Z The current testing environment is not configured to support act(...)
Build and inspect Linux Electron artifacts	Full deterministic unit gate	2026-09-11T13:59:07.4773391Z The current testing environment is not configured to support act(...)
Build and inspect Linux Electron artifacts	Full deterministic unit gate	2026-09-11T13:59:07.4773597Z 
Build and inspect Linux Electron artifacts	Full deterministic unit gate	2026-09-11T13:59:07.4774276Z [90mstderr[2m | tests/unit/use-mission-control-view-model.test.ts[2m > [22m[2museMissionControlViewModel[2m > [22m[2mdoes not offer evidence-loss acknowledgement for other degraded evidence
Build and inspect Linux Electron artifacts	Full deterministic unit gate	2026-09-11T13:59:07.4775278Z [22m[39mThe current testing environment is not configured to support act(...)
Build and inspect Linux Electron artifacts	Full deterministic unit gate	2026-09-11T13:59:07.4775710Z The current testing environment is not configured to support act(...)
Build and inspect Linux Electron artifacts	Full deterministic unit gate	2026-09-11T13:59:07.4775919Z 
Build and inspect Linux Electron artifacts	Full deterministic unit gate	2026-09-11T13:59:07.4779101Z [90mstderr[2m | tests/unit/use-mission-control-view-model.test.ts[2m > [22m[2museMissionControlViewModel[2m > [22m[2mdoes not offer evidence-loss acknowledgement for other degraded evidence
Build and inspect Linux Electron artifacts	Full deterministic unit gate	2026-09-11T13:59:07.4780383Z [22m[39mThe current testing environment is not configured to support act(...)
Build and inspect Linux Electron artifacts	Full deterministic unit gate	2026-09-11T13:59:07.4780669Z 
Build and inspect Linux Electron artifacts	Full deterministic unit gate	2026-09-11T13:59:07.4791559Z  [32m✓[39m tests/unit/use-mission-control-view-model.test.ts [2m([22m[2m12 tests[22m[2m)[22m[32m 59[2mms[22m[39m
Build and inspect Linux Electron artifacts	Full deterministic unit gate	2026-09-11T13:59:08.2658046Z [90mstderr[2m | tests/unit/settings-workspace.test.ts[2m > [22m[2mSettingsWorkspace[2m > [22m[2mcloses after a successful save
Build and inspect Linux Electron artifacts	Full deterministic unit gate	2026-09-11T13:59:08.2658830Z [22m[39mThe current testing environment is not configured to support act(...)
Build and inspect Linux Electron artifacts	Full deterministic unit gate	2026-09-11T13:59:08.2659318Z The current testing environment is not configured to support act(...)
Build and inspect Linux Electron artifacts	Full deterministic unit gate	2026-09-11T13:59:08.2659739Z The current testing environment is not configured to support act(...)
Build and inspect Linux Electron artifacts	Full deterministic unit gate	2026-09-11T13:59:08.2660150Z The current testing environment is not configured to support act(...)
Build and inspect Linux Electron artifacts	Full deterministic unit gate	2026-09-11T13:59:08.2660372Z 
Build and inspect Linux Electron artifacts	Full deterministic unit gate	2026-09-11T13:59:08.2664848Z [90mstderr[2m | tests/unit/settings-workspace.test.ts[2m > [22m[2mSettingsWorkspace[2m > [22m[2mcloses after a successful save
Build and inspect Linux Electron artifacts	Full deterministic unit gate	2026-09-11T13:59:08.2665541Z [22m[39mThe current testing environment is not configured to support act(...)
Build and inspect Linux Electron artifacts	Full deterministic unit gate	2026-09-11T13:59:08.2666173Z The current testing environment is not configured to support act(...)
Build and inspect Linux Electron artifacts	Full deterministic unit gate	2026-09-11T13:59:08.2666698Z The current testing environment is not configured to support act(...)
Build and inspect Linux Electron artifacts	Full deterministic unit gate	2026-09-11T13:59:08.2667099Z The current testing environment is not configured to support act(...)
Build and inspect Linux Electron artifacts	Full deterministic unit gate	2026-09-11T13:59:08.2667510Z The current testing environment is not configured to support act(...)
Build and inspect Linux Electron artifacts	Full deterministic unit gate	2026-09-11T13:59:08.2667917Z The current testing environment is not configured to support act(...)
Build and inspect Linux Electron artifacts	Full deterministic unit gate	2026-09-11T13:59:08.2668127Z 
Build and inspect Linux Electron artifacts	Full deterministic unit gate	2026-09-11T13:59:08.2668601Z [90mstderr[2m | tests/unit/settings-workspace.test.ts[2m > [22m[2mSettingsWorkspace[2m > [22m[2mcloses after a successful save
Build and inspect Linux Electron artifacts	Full deterministic unit gate	2026-09-11T13:59:08.2669224Z [22m[39mThe current testing environment is not configured to support act(...)
Build and inspect Linux Electron artifacts	Full deterministic unit gate	2026-09-11T13:59:08.2669462Z 
Build and inspect Linux Electron artifacts	Full deterministic unit gate	2026-09-11T13:59:08.2882087Z [90mstderr[2m | tests/unit/settings-workspace.test.ts[2m > [22m[2mSettingsWorkspace[2m > [22m[2mcloses after a successful save
Build and inspect Linux Electron artifacts	Full deterministic unit gate	2026-09-11T13:59:08.2883013Z [22m[39mThe current testing environment is not configured to support act(...)
Build and inspect Linux Electron artifacts	Full deterministic unit gate	2026-09-11T13:59:08.2883731Z The current testing environment is not configured to support act(...)
Build and inspect Linux Electron artifacts	Full deterministic unit gate	2026-09-11T13:59:08.2884147Z The current testing environment is not configured to support act(...)
Build and inspect Linux Electron artifacts	Full deterministic unit gate	2026-09-11T13:59:08.2884370Z 
Build and inspect Linux Electron artifacts	Full deterministic unit gate	2026-09-11T13:59:08.2885133Z [90mstderr[2m | tests/unit/settings-workspace.test.ts[2m > [22m[2mSettingsWorkspace[2m > [22m[2mcloses after a successful save
Build and inspect Linux Electron artifacts	Full deterministic unit gate	2026-09-11T13:59:08.2886043Z [22m[39mThe current testing environment is not configured to support act(...)
Build and inspect Linux Electron artifacts	Full deterministic unit gate	2026-09-11T13:59:08.2886479Z The current testing environment is not configured to support act(...)
Build and inspect Linux Electron artifacts	Full deterministic unit gate	2026-09-11T13:59:08.2886880Z The current testing environment is not configured to support act(...)
Build and inspect Linux Electron artifacts	Full deterministic unit gate	2026-09-11T13:59:08.2887276Z The current testing environment is not configured to support act(...)
Build and inspect Linux Electron artifacts	Full deterministic unit gate	2026-09-11T13:59:08.2887488Z 
Build and inspect Linux Electron artifacts	Full deterministic unit gate	2026-09-11T13:59:08.2953188Z [90mstderr[2m | tests/unit/settings-workspace.test.ts[2m > [22m[2mSettingsWorkspace[2m > [22m[2mcloses after a successful save
Build and inspect Linux Electron artifacts	Full deterministic unit gate	2026-09-11T13:59:08.2953919Z [22m[39mThe current testing environment is not configured to support act(...)
Build and inspect Linux Electron artifacts	Full deterministic unit gate	2026-09-11T13:59:08.2954169Z 
Build and inspect Linux Electron artifacts	Full deterministic unit gate	2026-09-11T13:59:08.2999301Z [90mstderr[2m | tests/unit/settings-workspace.test.ts[2m > [22m[2mSettingsWorkspace[2m > [22m[2mshows operator-configurable stationary-attention hypotheses [DON-269]
Build and inspect Linux Electron artifacts	Full deterministic unit gate	2026-09-11T13:59:08.3001144Z [22m[39mThe current testing environment is not configured to support act(...)
Build and inspect Linux Electron artifacts	Full deterministic unit gate	2026-09-11T13:59:08.3001902Z The current testing environment is not configured to support act(...)
Build and inspect Linux Electron artifacts	Full deterministic unit gate	2026-09-11T13:59:08.3002594Z The current testing environment is not configured to support act(...)
Build and inspect Linux Electron artifacts	Full deterministic unit gate	2026-09-11T13:59:08.3003006Z The current testing environment is not configured to support act(...)
Build and inspect Linux Electron artifacts	Full deterministic unit gate	2026-09-11T13:59:08.3003221Z 
Build and inspect Linux Electron artifacts	Full deterministic unit gate	2026-09-11T13:59:08.3003872Z [90mstderr[2m | tests/unit/settings-workspace.test.ts[2m > [22m[2mSettingsWorkspace[2m > [22m[2mshows operator-configurable stationary-attention hypotheses [DON-269]
Build and inspect Linux Electron artifacts	Full deterministic unit gate	2026-09-11T13:59:08.3005166Z [22m[39mThe current testing environment is not configured to support act(...)
Build and inspect Linux Electron artifacts	Full deterministic unit gate	2026-09-11T13:59:08.3005603Z The current testing environment is not configured to support act(...)
Build and inspect Linux Electron artifacts	Full deterministic unit gate	2026-09-11T13:59:08.3006010Z The current testing environment is not configured to support act(...)
Build and inspect Linux Electron artifacts	Full deterministic unit gate	2026-09-11T13:59:08.3006421Z The current testing environment is not configured to support act(...)
Build and inspect Linux Electron artifacts	Full deterministic unit gate	2026-09-11T13:59:08.3006889Z The current testing environment is not configured to support act(...)
Build and inspect Linux Electron artifacts	Full deterministic unit gate	2026-09-11T13:59:08.3007357Z The current testing environment is not configured to support act(...)
Build and inspect Linux Electron artifacts	Full deterministic unit gate	2026-09-11T13:59:08.3007573Z 
Build and inspect Linux Electron artifacts	Full deterministic unit gate	2026-09-11T13:59:08.3008186Z [90mstderr[2m | tests/unit/settings-workspace.test.ts[2m > [22m[2mSettingsWorkspace[2m > [22m[2mshows operator-configurable stationary-attention hypotheses [DON-269]
Build and inspect Linux Electron artifacts	Full deterministic unit gate	2026-09-11T13:59:08.3008918Z [22m[39mThe current testing environment is not configured to support act(...)
Build and inspect Linux Electron artifacts	Full deterministic unit gate	2026-09-11T13:59:08.3009167Z 
Build and inspect Linux Electron artifacts	Full deterministic unit gate	2026-09-11T13:59:08.3125155Z [90mstderr[2m | tests/unit/settings-workspace.test.ts[2m > [22m[2mSettingsWorkspace[2m > [22m[2mshows operator-configurable stationary-attention hypotheses [DON-269]
Build and inspect Linux Electron artifacts	Full deterministic unit gate	2026-09-11T13:59:08.3126710Z [22m[39mThe current testing environment is not configured to support act(...)
Build and inspect Linux Electron artifacts	Full deterministic unit gate	2026-09-11T13:59:08.3127264Z 
Build and inspect Linux Electron artifacts	Full deterministic unit gate	2026-09-11T13:59:08.3176356Z [90mstderr[2m | tests/unit/settings-workspace.test.ts[2m > [22m[2mSettingsWorkspace[2m > [22m[2mcloses after persisting settings without waiting for a slow reconnect
Build and inspect Linux Electron artifacts	Full deterministic unit gate	2026-09-11T13:59:08.3177126Z [22m[39mThe current testing environment is not configured to support act(...)
Build and inspect Linux Electron artifacts	Full deterministic unit gate	2026-09-11T13:59:08.3177568Z The current testing environment is not configured to support act(...)
Build and inspect Linux Electron artifacts	Full deterministic unit gate	2026-09-11T13:59:08.3177986Z The current testing environment is not configured to support act(...)
Build and inspect Linux Electron artifacts	Full deterministic unit gate	2026-09-11T13:59:08.3178395Z The current testing environment is not configured to support act(...)
Build and inspect Linux Electron artifacts	Full deterministic unit gate	2026-09-11T13:59:08.3178729Z 
Build and inspect Linux Electron artifacts	Full deterministic unit gate	2026-09-11T13:59:08.3179706Z [90mstderr[2m | tests/unit/settings-workspace.test.ts[2m > [22m[2mSettingsWorkspace[2m > [22m[2mcloses after persisting settings without waiting for a slow reconnect
Build and inspect Linux Electron artifacts	Full deterministic unit gate	2026-09-11T13:59:08.3180532Z [22m[39mThe current testing environment is not configured to support act(...)
Build and inspect Linux Electron artifacts	Full deterministic unit gate	2026-09-11T13:59:08.3180959Z The current testing environment is not configured to support act(...)
Build and inspect Linux Electron artifacts	Full deterministic unit gate	2026-09-11T13:59:08.3181372Z The current testing environment is not configured to support act(...)
Build and inspect Linux Electron artifacts	Full deterministic unit gate	2026-09-11T13:59:08.3181982Z The current testing environment is not configured to support act(...)
Build and inspect Linux Electron artifacts	Full deterministic unit gate	2026-09-11T13:59:08.3182387Z The current testing environment is not configured to support act(...)
Build and inspect Linux Electron artifacts	Full deterministic unit gate	2026-09-11T13:59:08.3182798Z The current testing environment is not configured to support act(...)
Build and inspect Linux Electron artifacts	Full deterministic unit gate	2026-09-11T13:59:08.3183019Z 
Build and inspect Linux Electron artifacts	Full deterministic unit gate	2026-09-11T13:59:08.3183614Z [90mstderr[2m | tests/unit/settings-workspace.test.ts[2m > [22m[2mSettingsWorkspace[2m > [22m[2mcloses after persisting settings without waiting for a slow reconnect
Build and inspect Linux Electron artifacts	Full deterministic unit gate	2026-09-11T13:59:08.3184341Z [22m[39mThe current testing environment is not configured to support act(...)
Build and inspect Linux Electron artifacts	Full deterministic unit gate	2026-09-11T13:59:08.3353950Z 
Build and inspect Linux Electron artifacts	Full deterministic unit gate	2026-09-11T13:59:08.3355370Z [90mstderr[2m | tests/unit/settings-workspace.test.ts[2m > [22m[2mSettingsWorkspace[2m > [22m[2mcloses after persisting settings without waiting for a slow reconnect
Build and inspect Linux Electron artifacts	Full deterministic unit gate	2026-09-11T13:59:08.3356738Z [22m[39mThe current testing environment is not configured to support act(...)
Build and inspect Linux Electron artifacts	Full deterministic unit gate	2026-09-11T13:59:08.3357517Z The current testing environment is not configured to support act(...)
Build and inspect Linux Electron artifacts	Full deterministic unit gate	2026-09-11T13:59:08.3358390Z The current testing environment is not configured to support act(...)
Build and inspect Linux Electron artifacts	Full deterministic unit gate	2026-09-11T13:59:08.3358908Z 
Build and inspect Linux Electron artifacts	Full deterministic unit gate	2026-09-11T13:59:08.3359909Z [90mstderr[2m | tests/unit/settings-workspace.test.ts[2m > [22m[2mSettingsWorkspace[2m > [22m[2mcloses after persisting settings without waiting for a slow reconnect
Build and inspect Linux Electron artifacts	Full deterministic unit gate	2026-09-11T13:59:08.3360674Z [22m[39mThe current testing environment is not configured to support act(...)
Build and inspect Linux Electron artifacts	Full deterministic unit gate	2026-09-11T13:59:08.3361104Z The current testing environment is not configured to support act(...)
Build and inspect Linux Electron artifacts	Full deterministic unit gate	2026-09-11T13:59:08.3361721Z The current testing environment is not configured to support act(...)
Build and inspect Linux Electron artifacts	Full deterministic unit gate	2026-09-11T13:59:08.3362127Z The current testing environment is not configured to support act(...)
Build and inspect Linux Electron artifacts	Full deterministic unit gate	2026-09-11T13:59:08.3362337Z 
Build and inspect Linux Electron artifacts	Full deterministic unit gate	2026-09-11T13:59:08.3424532Z [90mstderr[2m | tests/unit/settings-workspace.test.ts[2m > [22m[2mSettingsWorkspace[2m > [22m[2mcloses after persisting settings without waiting for a slow reconnect
Build and inspect Linux Electron artifacts	Full deterministic unit gate	2026-09-11T13:59:08.3425796Z [22m[39mThe current testing environment is not configured to support act(...)
Build and inspect Linux Electron artifacts	Full deterministic unit gate	2026-09-11T13:59:08.3426043Z 
Build and inspect Linux Electron artifacts	Full deterministic unit gate	2026-09-11T13:59:08.3466702Z [90mstderr[2m | tests/unit/settings-workspace.test.ts[2m > [22m[2mSettingsWorkspace[2m > [22m[2mkeeps the workspace open when save fails
Build and inspect Linux Electron artifacts	Full deterministic unit gate	2026-09-11T13:59:08.3468042Z [22m[39mThe current testing environment is not configured to support act(...)
Build and inspect Linux Electron artifacts	Full deterministic unit gate	2026-09-11T13:59:08.3468971Z The current testing environment is not configured to support act(...)
Build and inspect Linux Electron artifacts	Full deterministic unit gate	2026-09-11T13:59:08.3469849Z The current testing environment is not configured to support act(...)
Build and inspect Linux Electron artifacts	Full deterministic unit gate	2026-09-11T13:59:08.3470690Z The current testing environment is not configured to support act(...)
Build and inspect Linux Electron artifacts	Full deterministic unit gate	2026-09-11T13:59:08.3471189Z 
Build and inspect Linux Electron artifacts	Full deterministic unit gate	2026-09-11T13:59:08.3472594Z [90mstderr[2m | tests/unit/settings-workspace.test.ts[2m > [22m[2mSettingsWorkspace[2m > [22m[2mkeeps the workspace open when save fails
Build and inspect Linux Electron artifacts	Full deterministic unit gate	2026-09-11T13:59:08.3473775Z [22m[39mThe current testing environment is not configured to support act(...)
Build and inspect Linux Electron artifacts	Full deterministic unit gate	2026-09-11T13:59:08.3474529Z The current testing environment is not configured to support act(...)
Build and inspect Linux Electron artifacts	Full deterministic unit gate	2026-09-11T13:59:08.3475379Z The current testing environment is not configured to support act(...)
Build and inspect Linux Electron artifacts	Full deterministic unit gate	2026-09-11T13:59:08.3476076Z The current testing environment is not configured to support act(...)
Build and inspect Linux Electron artifacts	Full deterministic unit gate	2026-09-11T13:59:08.3476680Z The current testing environment is not configured to support act(...)
Build and inspect Linux Electron artifacts	Full deterministic unit gate	2026-09-11T13:59:08.3477360Z The current testing environment is not configured to support act(...)
Build and inspect Linux Electron artifacts	Full deterministic unit gate	2026-09-11T13:59:08.3477720Z 
Build and inspect Linux Electron artifacts	Full deterministic unit gate	2026-09-11T13:59:08.3478591Z [90mstderr[2m | tests/unit/settings-workspace.test.ts[2m > [22m[2mSettingsWorkspace[2m > [22m[2mkeeps the workspace open when save fails
Build and inspect Linux Electron artifacts	Full deterministic unit gate	2026-09-11T13:59:08.3479683Z [22m[39mThe current testing environment is not configured to support act(...)
Build and inspect Linux Electron artifacts	Full deterministic unit gate	2026-09-11T13:59:08.3480061Z 
Build and inspect Linux Electron artifacts	Full deterministic unit gate	2026-09-11T13:59:08.3617708Z [90mstderr[2m | tests/unit/settings-workspace.test.ts[2m > [22m[2mSettingsWorkspace[2m > [22m[2mkeeps the workspace open when save fails
Build and inspect Linux Electron artifacts	Full deterministic unit gate	2026-09-11T13:59:08.3625850Z [22m[39mThe current testing environment is not configured to support act(...)
Build and inspect Linux Electron artifacts	Full deterministic unit gate	2026-09-11T13:59:08.3626725Z The current testing environment is not configured to support act(...)
Build and inspect Linux Electron artifacts	Full deterministic unit gate	2026-09-11T13:59:08.3627567Z The current testing environment is not configured to support act(...)
Build and inspect Linux Electron artifacts	Full deterministic unit gate	2026-09-11T13:59:08.3628099Z 
Build and inspect Linux Electron artifacts	Full deterministic unit gate	2026-09-11T13:59:08.3629238Z [90mstderr[2m | tests/unit/settings-workspace.test.ts[2m > [22m[2mSettingsWorkspace[2m > [22m[2mkeeps the workspace open when save fails
Build and inspect Linux Electron artifacts	Full deterministic unit gate	2026-09-11T13:59:08.3630382Z [22m[39mThe current testing environment is not configured to support act(...)
Build and inspect Linux Electron artifacts	Full deterministic unit gate	2026-09-11T13:59:08.3631123Z The current testing environment is not configured to support act(...)
Build and inspect Linux Electron artifacts	Full deterministic unit gate	2026-09-11T13:59:08.3631505Z 
Build and inspect Linux Electron artifacts	Full deterministic unit gate	2026-09-11T13:59:08.3686278Z [90mstderr[2m | tests/unit/settings-workspace.test.ts[2m > [22m[2mSettingsWorkspace[2m > [22m[2mkeeps the workspace open when save fails
Build and inspect Linux Electron artifacts	Full deterministic unit gate	2026-09-11T13:59:08.3687074Z [22m[39mThe current testing environment is not configured to support act(...)
Build and inspect Linux Electron artifacts	Full deterministic unit gate	2026-09-11T13:59:08.3687332Z 
Build and inspect Linux Electron artifacts	Full deterministic unit gate	2026-09-11T13:59:08.3716924Z [90mstderr[2m | tests/unit/settings-workspace.test.ts[2m > [22m[2mSettingsWorkspace[2m > [22m[2mdoes not strip roster spaces while an operator is typing a name
Build and inspect Linux Electron artifacts	Full deterministic unit gate	2026-09-11T13:59:08.3717677Z [22m[39mThe current testing environment is not configured to support act(...)
Build and inspect Linux Electron artifacts	Full deterministic unit gate	2026-09-11T13:59:08.3718122Z The current testing environment is not configured to support act(...)
Build and inspect Linux Electron artifacts	Full deterministic unit gate	2026-09-11T13:59:08.3718536Z The current testing environment is not configured to support act(...)
Build and inspect Linux Electron artifacts	Full deterministic unit gate	2026-09-11T13:59:08.3719150Z The current testing environment is not configured to support act(...)
Build and inspect Linux Electron artifacts	Full deterministic unit gate	2026-09-11T13:59:08.3719368Z 
Build and inspect Linux Electron artifacts	Full deterministic unit gate	2026-09-11T13:59:08.3720208Z [90mstderr[2m | tests/unit/settings-workspace.test.ts[2m > [22m[2mSettingsWorkspace[2m > [22m[2mdoes not strip roster spaces while an operator is typing a name
Build and inspect Linux Electron artifacts	Full deterministic unit gate	2026-09-11T13:59:08.3721204Z [22m[39mThe current testing environment is not configured to support act(...)
Build and inspect Linux Electron artifacts	Full deterministic unit gate	2026-09-11T13:59:08.3721639Z The current testing environment is not configured to support act(...)
Build and inspect Linux Electron artifacts	Full deterministic unit gate	2026-09-11T13:59:08.3722040Z The current testing environment is not configured to support act(...)
Build and inspect Linux Electron artifacts	Full deterministic unit gate	2026-09-11T13:59:08.3722430Z The current testing environment is not configured to support act(...)
Build and inspect Linux Electron artifacts	Full deterministic unit gate	2026-09-11T13:59:08.3722818Z The current testing environment is not configured to support act(...)
Build and inspect Linux Electron artifacts	Full deterministic unit gate	2026-09-11T13:59:08.3723216Z The current testing environment is not configured to support act(...)
Build and inspect Linux Electron artifacts	Full deterministic unit gate	2026-09-11T13:59:08.3723427Z 
Build and inspect Linux Electron artifacts	Full deterministic unit gate	2026-09-11T13:59:08.3723979Z [90mstderr[2m | tests/unit/settings-workspace.test.ts[2m > [22m[2mSettingsWorkspace[2m > [22m[2mdoes not strip roster spaces while an operator is typing a name
Build and inspect Linux Electron artifacts	Full deterministic unit gate	2026-09-11T13:59:08.3724891Z [22m[39mThe current testing environment is not configured to support act(...)
Build and inspect Linux Electron artifacts	Full deterministic unit gate	2026-09-11T13:59:08.3725137Z 
Build and inspect Linux Electron artifacts	Full deterministic unit gate	2026-09-11T13:59:08.3875003Z [90mstderr[2m | tests/unit/settings-workspace.test.ts[2m > [22m[2mSettingsWorkspace[2m > [22m[2mdoes not strip roster spaces while an operator is typing a name
Build and inspect Linux Electron artifacts	Full deterministic unit gate	2026-09-11T13:59:08.3876227Z [22m[39mThe current testing environment is not configured to support act(...)
Build and inspect Linux Electron artifacts	Full deterministic unit gate	2026-09-11T13:59:08.3876929Z The current testing environment is not configured to support act(...)
Build and inspect Linux Electron artifacts	Full deterministic unit gate	2026-09-11T13:59:08.3877303Z 
Build and inspect Linux Electron artifacts	Full deterministic unit gate	2026-09-11T13:59:08.3886560Z [90mstderr[2m | tests/unit/settings-workspace.test.ts[2m > [22m[2mSettingsWorkspace[2m > [22m[2mdoes not strip roster spaces while an operator is typing a name
Build and inspect Linux Electron artifacts	Full deterministic unit gate	2026-09-11T13:59:08.3887694Z [22m[39mThe current testing environment is not configured to support act(...)
Build and inspect Linux Electron artifacts	Full deterministic unit gate	2026-09-11T13:59:08.3888083Z 
Build and inspect Linux Electron artifacts	Full deterministic unit gate	2026-09-11T13:59:08.3924811Z [90mstderr[2m | tests/unit/settings-workspace.test.ts[2m > [22m[2mSettingsWorkspace[2m > [22m[2mkeeps focus while an operator types weather link names and URLs
Build and inspect Linux Electron artifacts	Full deterministic unit gate	2026-09-11T13:59:08.3926083Z [22m[39mThe current testing environment is not configured to support act(...)
Build and inspect Linux Electron artifacts	Full deterministic unit gate	2026-09-11T13:59:08.3926871Z The current testing environment is not configured to support act(...)
Build and inspect Linux Electron artifacts	Full deterministic unit gate	2026-09-11T13:59:08.3927901Z The current testing environment is not configured to support act(...)
Build and inspect Linux Electron artifacts	Full deterministic unit gate	2026-09-11T13:59:08.3928743Z The current testing environment is not configured to support act(...)
Build and inspect Linux Electron artifacts	Full deterministic unit gate	2026-09-11T13:59:08.3929290Z 
Build and inspect Linux Electron artifacts	Full deterministic unit gate	2026-09-11T13:59:08.3930354Z [90mstderr[2m | tests/unit/settings-workspace.test.ts[2m > [22m[2mSettingsWorkspace[2m > [22m[2mkeeps focus while an operator types weather link names and URLs
Build and inspect Linux Electron artifacts	Full deterministic unit gate	2026-09-11T13:59:08.3931465Z [22m[39mThe current testing environment is not configured to support act(...)
Build and inspect Linux Electron artifacts	Full deterministic unit gate	2026-09-11T13:59:08.3931899Z The current testing environment is not configured to support act(...)
Build and inspect Linux Electron artifacts	Full deterministic unit gate	2026-09-11T13:59:08.3932310Z The current testing environment is not configured to support act(...)
Build and inspect Linux Electron artifacts	Full deterministic unit gate	2026-09-11T13:59:08.3932711Z The current testing environment is not configured to support act(...)
Build and inspect Linux Electron artifacts	Full deterministic unit gate	2026-09-11T13:59:08.3933113Z The current testing environment is not configured to support act(...)
Build and inspect Linux Electron artifacts	Full deterministic unit gate	2026-09-11T13:59:08.3933505Z The current testing environment is not configured to support act(...)
Build and inspect Linux Electron artifacts	Full deterministic unit gate	2026-09-11T13:59:08.3933720Z 
Build and inspect Linux Electron artifacts	Full deterministic unit gate	2026-09-11T13:59:08.3934279Z [90mstderr[2m | tests/unit/settings-workspace.test.ts[2m > [22m[2mSettingsWorkspace[2m > [22m[2mkeeps focus while an operator types weather link names and URLs
Build and inspect Linux Electron artifacts	Full deterministic unit gate	2026-09-11T13:59:08.3935387Z [22m[39mThe current testing environment is not configured to support act(...)
Build and inspect Linux Electron artifacts	Full deterministic unit gate	2026-09-11T13:59:08.3935628Z 
Build and inspect Linux Electron artifacts	Full deterministic unit gate	2026-09-11T13:59:08.4010286Z [90mstderr[2m | tests/unit/settings-workspace.test.ts[2m > [22m[2mSettingsWorkspace[2m > [22m[2mkeeps focus while an operator types weather link names and URLs
Build and inspect Linux Electron artifacts	Full deterministic unit gate	2026-09-11T13:59:08.4011749Z [22m[39mThe current testing environment is not configured to support act(...)
Build and inspect Linux Electron artifacts	Full deterministic unit gate	2026-09-11T13:59:08.4012542Z 
Build and inspect Linux Electron artifacts	Full deterministic unit gate	2026-09-11T13:59:08.4194452Z [90mstderr[2m | tests/unit/settings-workspace.test.ts[2m > [22m[2mSettingsWorkspace[2m > [22m[2mkeeps focus while an operator types weather link names and URLs
Build and inspect Linux Electron artifacts	Full deterministic unit gate	2026-09-11T13:59:08.4195769Z [22m[39mThe current testing environment is not configured to support act(...)
Build and inspect Linux Electron artifacts	Full deterministic unit gate	2026-09-11T13:59:08.4196220Z The current testing environment is not configured to support act(...)
Build and inspect Linux Electron artifacts	Full deterministic unit gate	2026-09-11T13:59:08.4196460Z 
Build and inspect Linux Electron artifacts	Full deterministic unit gate	2026-09-11T13:59:08.4240930Z [90mstderr[2m | tests/unit/settings-workspace.test.ts[2m > [22m[2mSettingsWorkspace[2m > [22m[2mkeeps focus while an operator types weather link names and URLs
Build and inspect Linux Electron artifacts	Full deterministic unit gate	2026-09-11T13:59:08.4242081Z [22m[39mThe current testing environment is not configured to support act(...)
Build and inspect Linux Electron artifacts	Full deterministic unit gate	2026-09-11T13:59:08.4242615Z 
Build and inspect Linux Electron artifacts	Full deterministic unit gate	2026-09-11T13:59:08.4250307Z [90mstderr[2m | tests/unit/settings-workspace.test.ts[2m > [22m[2mSettingsWorkspace[2m > [22m[2mkeeps focus while an operator types weather link names and URLs
Build and inspect Linux Electron artifacts	Full deterministic unit gate	2026-09-11T13:59:08.4251333Z [22m[39mThe current testing environment is not configured to support act(...)
Build and inspect Linux Electron artifacts	Full deterministic unit gate	2026-09-11T13:59:08.4251862Z 
Build and inspect Linux Electron artifacts	Full deterministic unit gate	2026-09-11T13:59:08.4288573Z [90mstderr[2m | tests/unit/settings-workspace.test.ts[2m > [22m[2mSettingsWorkspace[2m > [22m[2mshows official map source status and lets an admin enter a MapGenie source path
Build and inspect Linux Electron artifacts	Full deterministic unit gate	2026-09-11T13:59:08.4289874Z [22m[39mThe current testing environment is not configured to support act(...)
Build and inspect Linux Electron artifacts	Full deterministic unit gate	2026-09-11T13:59:08.4290570Z The current testing environment is not configured to support act(...)
Build and inspect Linux Electron artifacts	Full deterministic unit gate	2026-09-11T13:59:08.4291213Z The current testing environment is not configured to support act(...)
Build and inspect Linux Electron artifacts	Full deterministic unit gate	2026-09-11T13:59:08.4291645Z The current testing environment is not configured to support act(...)
Build and inspect Linux Electron artifacts	Full deterministic unit gate	2026-09-11T13:59:08.4291854Z 
Build and inspect Linux Electron artifacts	Full deterministic unit gate	2026-09-11T13:59:08.4292503Z [90mstderr[2m | tests/unit/settings-workspace.test.ts[2m > [22m[2mSettingsWorkspace[2m > [22m[2mshows official map source status and lets an admin enter a MapGenie source path
Build and inspect Linux Electron artifacts	Full deterministic unit gate	2026-09-11T13:59:08.4293255Z [22m[39mThe current testing environment is not configured to support act(...)
Build and inspect Linux Electron artifacts	Full deterministic unit gate	2026-09-11T13:59:08.4293688Z The current testing environment is not configured to support act(...)
Build and inspect Linux Electron artifacts	Full deterministic unit gate	2026-09-11T13:59:08.4294091Z The current testing environment is not configured to support act(...)
Build and inspect Linux Electron artifacts	Full deterministic unit gate	2026-09-11T13:59:08.4294483Z The current testing environment is not configured to support act(...)
Build and inspect Linux Electron artifacts	Full deterministic unit gate	2026-09-11T13:59:08.4295321Z The current testing environment is not configured to support act(...)
Build and inspect Linux Electron artifacts	Full deterministic unit gate	2026-09-11T13:59:08.4295723Z The current testing environment is not configured to support act(...)
Build and inspect Linux Electron artifacts	Full deterministic unit gate	2026-09-11T13:59:08.4295932Z 
Build and inspect Linux Electron artifacts	Full deterministic unit gate	2026-09-11T13:59:08.4296569Z [90mstderr[2m | tests/unit/settings-workspace.test.ts[2m > [22m[2mSettingsWorkspace[2m > [22m[2mshows official map source status and lets an admin enter a MapGenie source path
Build and inspect Linux Electron artifacts	Full deterministic unit gate	2026-09-11T13:59:08.4297309Z [22m[39mThe current testing environment is not configured to support act(...)
Build and inspect Linux Electron artifacts	Full deterministic unit gate	2026-09-11T13:59:08.4297545Z 
Build and inspect Linux Electron artifacts	Full deterministic unit gate	2026-09-11T13:59:08.4488889Z [90mstderr[2m | tests/unit/settings-workspace.test.ts[2m > [22m[2mSettingsWorkspace[2m > [22m[2mshows official map source status and lets an admin enter a MapGenie source path
Build and inspect Linux Electron artifacts	Full deterministic unit gate	2026-09-11T13:59:08.4490345Z [22m[39mThe current testing environment is not configured to support act(...)
Build and inspect Linux Electron artifacts	Full deterministic unit gate	2026-09-11T13:59:08.4491248Z The current testing environment is not configured to support act(...)
Build and inspect Linux Electron artifacts	Full deterministic unit gate	2026-09-11T13:59:08.4492075Z The current testing environment is not configured to support act(...)
Build and inspect Linux Electron artifacts	Full deterministic unit gate	2026-09-11T13:59:08.4492817Z The current testing environment is not configured to support act(...)
Build and inspect Linux Electron artifacts	Full deterministic unit gate	2026-09-11T13:59:08.4493250Z 
Build and inspect Linux Electron artifacts	Full deterministic unit gate	2026-09-11T13:59:08.4509276Z [90mstderr[2m | tests/unit/settings-workspace.test.ts[2m > [22m[2mSettingsWorkspace[2m > [22m[2mshows official map source status and lets an admin enter a MapGenie source path
Build and inspect Linux Electron artifacts	Full deterministic unit gate	2026-09-11T13:59:08.4510586Z [22m[39mThe current testing environment is not configured to support act(...)
Build and inspect Linux Electron artifacts	Full deterministic unit gate	2026-09-11T13:59:08.4511191Z The current testing environment is not configured to support act(...)
Build and inspect Linux Electron artifacts	Full deterministic unit gate	2026-09-11T13:59:08.4511964Z The current testing environment is not configured to support act(...)
Build and inspect Linux Electron artifacts	Full deterministic unit gate	2026-09-11T13:59:08.4512684Z The current testing environment is not configured to support act(...)
Build and inspect Linux Electron artifacts	Full deterministic unit gate	2026-09-11T13:59:08.4513165Z 
Build and inspect Linux Electron artifacts	Full deterministic unit gate	2026-09-11T13:59:08.4605259Z [90mstderr[2m | tests/unit/settings-workspace.test.ts[2m > [22m[2mSettingsWorkspace[2m > [22m[2mshows official map source status and lets an admin enter a MapGenie source path
Build and inspect Linux Electron artifacts	Full deterministic unit gate	2026-09-11T13:59:08.4625700Z [22m[39mThe current testing environment is not configured to support act(...)
Build and inspect Linux Electron artifacts	Full deterministic unit gate	2026-09-11T13:59:08.4630752Z 
Build and inspect Linux Electron artifacts	Full deterministic unit gate	2026-09-11T13:59:08.4644542Z [90mstderr[2m | tests/unit/settings-workspace.test.ts[2m > [22m[2mSettingsWorkspace[2m > [22m[2mshows sanitized official map package readiness in settings
Build and inspect Linux Electron artifacts	Full deterministic unit gate	2026-09-11T13:59:08.4646023Z [22m[39mThe current testing environment is not configured to support act(...)
Build and inspect Linux Electron artifacts	Full deterministic unit gate	2026-09-11T13:59:08.4646897Z The current testing environment is not configured to support act(...)
Build and inspect Linux Electron artifacts	Full deterministic unit gate	2026-09-11T13:59:08.4647769Z The current testing environment is not configured to support act(...)
Build and inspect Linux Electron artifacts	Full deterministic unit gate	2026-09-11T13:59:08.4648595Z The current testing environment is not configured to support act(...)
Build and inspect Linux Electron artifacts	Full deterministic unit gate	2026-09-11T13:59:08.4649111Z 
Build and inspect Linux Electron artifacts	Full deterministic unit gate	2026-09-11T13:59:08.4650594Z [90mstderr[2m | tests/unit/settings-workspace.test.ts[2m > [22m[2mSettingsWorkspace[2m > [22m[2mshows sanitized official map package readiness in settings
Build and inspect Linux Electron artifacts	Full deterministic unit gate	2026-09-11T13:59:08.4651858Z [22m[39mThe current testing environment is not configured to support act(...)
Build and inspect Linux Electron artifacts	Full deterministic unit gate	2026-09-11T13:59:08.4652624Z The current testing environment is not configured to support act(...)
Build and inspect Linux Electron artifacts	Full deterministic unit gate	2026-09-11T13:59:08.4653335Z The current testing environment is not configured to support act(...)
Build and inspect Linux Electron artifacts	Full deterministic unit gate	2026-09-11T13:59:08.4654021Z The current testing environment is not configured to support act(...)
Build and inspect Linux Electron artifacts	Full deterministic unit gate	2026-09-11T13:59:08.4654829Z The current testing environment is not configured to support act(...)
Build and inspect Linux Electron artifacts	Full deterministic unit gate	2026-09-11T13:59:08.4655531Z The current testing environment is not configured to support act(...)
Build and inspect Linux Electron artifacts	Full deterministic unit gate	2026-09-11T13:59:08.4655901Z 
Build and inspect Linux Electron artifacts	Full deterministic unit gate	2026-09-11T13:59:08.4656838Z [90mstderr[2m | tests/unit/settings-workspace.test.ts[2m > [22m[2mSettingsWorkspace[2m > [22m[2mshows sanitized official map package readiness in settings
Build and inspect Linux Electron artifacts	Full deterministic unit gate	2026-09-11T13:59:08.4657992Z [22m[39mThe current testing environment is not configured to support act(...)
Build and inspect Linux Electron artifacts	Full deterministic unit gate	2026-09-11T13:59:08.4658377Z 
Build and inspect Linux Electron artifacts	Full deterministic unit gate	2026-09-11T13:59:08.4895988Z [90mstderr[2m | tests/unit/settings-workspace.test.ts[2m > [22m[2mSettingsWorkspace[2m > [22m[2mshows sanitized official map package readiness in settings
Build and inspect Linux Electron artifacts	Full deterministic unit gate	2026-09-11T13:59:08.4897736Z [22m[39mThe current testing environment is not configured to support act(...)
Build and inspect Linux Electron artifacts	Full deterministic unit gate	2026-09-11T13:59:08.4898295Z 
Build and inspect Linux Electron artifacts	Full deterministic unit gate	2026-09-11T13:59:08.4943992Z [90mstderr[2m | tests/unit/settings-workspace.test.ts[2m > [22m[2mSettingsWorkspace[2m > [22m[2mlets an Electron admin choose a MapGenie source file and Discovery MBTiles package
Build and inspect Linux Electron artifacts	Full deterministic unit gate	2026-09-11T13:59:08.4945393Z [22m[39mThe current testing environment is not configured to support act(...)
Build and inspect Linux Electron artifacts	Full deterministic unit gate	2026-09-11T13:59:08.4946128Z The current testing environment is not configured to support act(...)
Build and inspect Linux Electron artifacts	Full deterministic unit gate	2026-09-11T13:59:08.4946749Z The current testing environment is not configured to support act(...)
Build and inspect Linux Electron artifacts	Full deterministic unit gate	2026-09-11T13:59:08.4947155Z The current testing environment is not configured to support act(...)
Build and inspect Linux Electron artifacts	Full deterministic unit gate	2026-09-11T13:59:08.4947373Z 
Build and inspect Linux Electron artifacts	Full deterministic unit gate	2026-09-11T13:59:08.4948032Z [90mstderr[2m | tests/unit/settings-workspace.test.ts[2m > [22m[2mSettingsWorkspace[2m > [22m[2mlets an Electron admin choose a MapGenie source file and Discovery MBTiles package
Build and inspect Linux Electron artifacts	Full deterministic unit gate	2026-09-11T13:59:08.4948790Z [22m[39mThe current testing environment is not configured to support act(...)
Build and inspect Linux Electron artifacts	Full deterministic unit gate	2026-09-11T13:59:08.4949217Z The current testing environment is not configured to support act(...)
Build and inspect Linux Electron artifacts	Full deterministic unit gate	2026-09-11T13:59:08.4949627Z The current testing environment is not configured to support act(...)
Build and inspect Linux Electron artifacts	Full deterministic unit gate	2026-09-11T13:59:08.4950023Z The current testing environment is not configured to support act(...)
Build and inspect Linux Electron artifacts	Full deterministic unit gate	2026-09-11T13:59:08.4950417Z The current testing environment is not configured to support act(...)
Build and inspect Linux Electron artifacts	Full deterministic unit gate	2026-09-11T13:59:08.4951026Z The current testing environment is not configured to support act(...)
Build and inspect Linux Electron artifacts	Full deterministic unit gate	2026-09-11T13:59:08.4951250Z 
Build and inspect Linux Electron artifacts	Full deterministic unit gate	2026-09-11T13:59:08.4951892Z [90mstderr[2m | tests/unit/settings-workspace.test.ts[2m > [22m[2mSettingsWorkspace[2m > [22m[2mlets an Electron admin choose a MapGenie source file and Discovery MBTiles package
Build and inspect Linux Electron artifacts	Full deterministic unit gate	2026-09-11T13:59:08.4952649Z [22m[39mThe current testing environment is not configured to support act(...)
Build and inspect Linux Electron artifacts	Full deterministic unit gate	2026-09-11T13:59:08.4952883Z 
Build and inspect Linux Electron artifacts	Full deterministic unit gate	2026-09-11T13:59:08.5083573Z [90mstderr[2m | tests/unit/settings-workspace.test.ts[2m > [22m[2mSettingsWorkspace[2m > [22m[2mlets an Electron admin choose a MapGenie source file and Discovery MBTiles package
Build and inspect Linux Electron artifacts	Full deterministic unit gate	2026-09-11T13:59:08.5105839Z [22m[39mThe current testing environment is not configured to support act(...)
Build and inspect Linux Electron artifacts	Full deterministic unit gate	2026-09-11T13:59:08.5115586Z The current testing environment is not configured to support act(...)
Build and inspect Linux Electron artifacts	Full deterministic unit gate	2026-09-11T13:59:08.5116425Z The current testing environment is not configured to support act(...)
Build and inspect Linux Electron artifacts	Full deterministic unit gate	2026-09-11T13:59:08.5117033Z 
Build and inspect Linux Electron artifacts	Full deterministic unit gate	2026-09-11T13:59:08.5118247Z [90mstderr[2m | tests/unit/settings-workspace.test.ts[2m > [22m[2mSettingsWorkspace[2m > [22m[2mlets an Electron admin choose a MapGenie source file and Discovery MBTiles package
Build and inspect Linux Electron artifacts	Full deterministic unit gate	2026-09-11T13:59:08.5119596Z [22m[39mThe current testing environment is not configured to support act(...)
Build and inspect Linux Electron artifacts	Full deterministic unit gate	2026-09-11T13:59:08.5120409Z The current testing environment is not configured to support act(...)
Build and inspect Linux Electron artifacts	Full deterministic unit gate	2026-09-11T13:59:08.5120908Z 
Build and inspect Linux Electron artifacts	Full deterministic unit gate	2026-09-11T13:59:08.5191796Z [90mstderr[2m | tests/unit/settings-workspace.test.ts[2m > [22m[2mSettingsWorkspace[2m > [22m[2mlets an Electron admin choose a MapGenie source file and Discovery MBTiles package
Build and inspect Linux Electron artifacts	Full deterministic unit gate	2026-09-11T13:59:08.5192931Z [22m[39mThe current testing environment is not configured to support act(...)
Build and inspect Linux Electron artifacts	Full deterministic unit gate	2026-09-11T13:59:08.5193686Z The current testing environment is not configured to support act(...)
Build and inspect Linux Electron artifacts	Full deterministic unit gate	2026-09-11T13:59:08.5194531Z The current testing environment is not configured to support act(...)
Build and inspect Linux Electron artifacts	Full deterministic unit gate	2026-09-11T13:59:08.5195170Z 
Build and inspect Linux Electron artifacts	Full deterministic unit gate	2026-09-11T13:59:08.5250232Z [90mstderr[2m | tests/unit/settings-workspace.test.ts[2m > [22m[2mSettingsWorkspace[2m > [22m[2mlets an Electron admin choose a MapGenie source file and Discovery MBTiles package
Build and inspect Linux Electron artifacts	Full deterministic unit gate	2026-09-11T13:59:08.5261187Z [22m[39mThe current testing environment is not configured to support act(...)
Build and inspect Linux Electron artifacts	Full deterministic unit gate	2026-09-11T13:59:08.5261954Z The current testing environment is not configured to support act(...)
Build and inspect Linux Electron artifacts	Full deterministic unit gate	2026-09-11T13:59:08.5262575Z 
Build and inspect Linux Electron artifacts	Full deterministic unit gate	2026-09-11T13:59:08.5301937Z [90mstderr[2m | tests/unit/settings-workspace.test.ts[2m > [22m[2mSettingsWorkspace[2m > [22m[2mlets an Electron admin choose a MapGenie source file and Discovery MBTiles package
Build and inspect Linux Electron artifacts	Full deterministic unit gate	2026-09-11T13:59:08.5303301Z [22m[39mThe current testing environment is not configured to support act(...)
Build and inspect Linux Electron artifacts	Full deterministic unit gate	2026-09-11T13:59:08.5304048Z The current testing environment is not configured to support act(...)
Build and inspect Linux Electron artifacts	Full deterministic unit gate	2026-09-11T13:59:08.5304912Z The current testing environment is not configured to support act(...)
Build and inspect Linux Electron artifacts	Full deterministic unit gate	2026-09-11T13:59:08.5305289Z 
Build and inspect Linux Electron artifacts	Full deterministic unit gate	2026-09-11T13:59:08.5306390Z [90mstderr[2m | tests/unit/settings-workspace.test.ts[2m > [22m[2mSettingsWorkspace[2m > [22m[2mlets an Electron admin choose a MapGenie source file and Discovery MBTiles package
Build and inspect Linux Electron artifacts	Full deterministic unit gate	2026-09-11T13:59:08.5307655Z [22m[39mThe current testing environment is not configured to support act(...)
Build and inspect Linux Electron artifacts	Full deterministic unit gate	2026-09-11T13:59:08.5308378Z The current testing environment is not configured to support act(...)
Build and inspect Linux Electron artifacts	Full deterministic unit gate	2026-09-11T13:59:08.5309055Z The current testing environment is not configured to support act(...)
Build and inspect Linux Electron artifacts	Full deterministic unit gate	2026-09-11T13:59:08.5309753Z The current testing environment is not configured to support act(...)
Build and inspect Linux Electron artifacts	Full deterministic unit gate	2026-09-11T13:59:08.5310102Z 
Build and inspect Linux Electron artifacts	Full deterministic unit gate	2026-09-11T13:59:08.5380152Z [90mstderr[2m | tests/unit/settings-workspace.test.ts[2m > [22m[2mSettingsWorkspace[2m > [22m[2mlets an Electron admin choose a MapGenie source file and Discovery MBTiles package
Build and inspect Linux Electron artifacts	Full deterministic unit gate	2026-09-11T13:59:08.5381115Z [22m[39mThe current testing environment is not configured to support act(...)
Build and inspect Linux Electron artifacts	Full deterministic unit gate	2026-09-11T13:59:08.5381468Z 
Build and inspect Linux Electron artifacts	Full deterministic unit gate	2026-09-11T13:59:08.5483956Z [90mstderr[2m | tests/unit/settings-workspace.test.ts[2m > [22m[2mSettingsWorkspace[2m > [22m[2mlets an Electron admin remove a registered official map package before saving
Build and inspect Linux Electron artifacts	Full deterministic unit gate	2026-09-11T13:59:08.5485217Z [22m[39mThe current testing environment is not configured to support act(...)
Build and inspect Linux Electron artifacts	Full deterministic unit gate	2026-09-11T13:59:08.5485680Z The current testing environment is not configured to support act(...)
Build and inspect Linux Electron artifacts	Full deterministic unit gate	2026-09-11T13:59:08.5486093Z The current testing environment is not configured to support act(...)
Build and inspect Linux Electron artifacts	Full deterministic unit gate	2026-09-11T13:59:08.5486506Z The current testing environment is not configured to support act(...)
Build and inspect Linux Electron artifacts	Full deterministic unit gate	2026-09-11T13:59:08.5486723Z 
Build and inspect Linux Electron artifacts	Full deterministic unit gate	2026-09-11T13:59:08.5487336Z [90mstderr[2m | tests/unit/settings-workspace.test.ts[2m > [22m[2mSettingsWorkspace[2m > [22m[2mlets an Electron admin remove a registered official map package before saving
Build and inspect Linux Electron artifacts	Full deterministic unit gate	2026-09-11T13:59:08.5488062Z [22m[39mThe current testing environment is not configured to support act(...)
Build and inspect Linux Electron artifacts	Full deterministic unit gate	2026-09-11T13:59:08.5488485Z The current testing environment is not configured to support act(...)
Build and inspect Linux Electron artifacts	Full deterministic unit gate	2026-09-11T13:59:08.5488892Z The current testing environment is not configured to support act(...)
Build and inspect Linux Electron artifacts	Full deterministic unit gate	2026-09-11T13:59:08.5489284Z The current testing environment is not configured to support act(...)
Build and inspect Linux Electron artifacts	Full deterministic unit gate	2026-09-11T13:59:08.5489676Z The current testing environment is not configured to support act(...)
Build and inspect Linux Electron artifacts	Full deterministic unit gate	2026-09-11T13:59:08.5490072Z The current testing environment is not configured to support act(...)
Build and inspect Linux Electron artifacts	Full deterministic unit gate	2026-09-11T13:59:08.5490279Z 
Build and inspect Linux Electron artifacts	Full deterministic unit gate	2026-09-11T13:59:08.5490885Z [90mstderr[2m | tests/unit/settings-workspace.test.ts[2m > [22m[2mSettingsWorkspace[2m > [22m[2mlets an Electron admin remove a registered official map package before saving
Build and inspect Linux Electron artifacts	Full deterministic unit gate	2026-09-11T13:59:08.5491611Z [22m[39mThe current testing environment is not configured to support act(...)
Build and inspect Linux Electron artifacts	Full deterministic unit gate	2026-09-11T13:59:08.5491836Z 
Build and inspect Linux Electron artifacts	Full deterministic unit gate	2026-09-11T13:59:08.5614294Z [90mstderr[2m | tests/unit/settings-workspace.test.ts[2m > [22m[2mSettingsWorkspace[2m > [22m[2mlets an Electron admin remove a registered official map package before saving
Build and inspect Linux Electron artifacts	Full deterministic unit gate	2026-09-11T13:59:08.5615821Z [22m[39mThe current testing environment is not configured to support act(...)
Build and inspect Linux Electron artifacts	Full deterministic unit gate	2026-09-11T13:59:08.5616271Z 
Build and inspect Linux Electron artifacts	Full deterministic unit gate	2026-09-11T13:59:08.5691728Z [90mstderr[2m | tests/unit/settings-workspace.test.ts[2m > [22m[2mSettingsWorkspace[2m > [22m[2mlets an Electron admin remove a registered official map package before saving
Build and inspect Linux Electron artifacts	Full deterministic unit gate	2026-09-11T13:59:08.5699610Z [22m[39mThe current testing environment is not configured to support act(...)
Build and inspect Linux Electron artifacts	Full deterministic unit gate	2026-09-11T13:59:08.5700515Z The current testing environment is not configured to support act(...)
Build and inspect Linux Electron artifacts	Full deterministic unit gate	2026-09-11T13:59:08.5700940Z The current testing environment is not configured to support act(...)
Build and inspect Linux Electron artifacts	Full deterministic unit gate	2026-09-11T13:59:08.5701163Z 
Build and inspect Linux Electron artifacts	Full deterministic unit gate	2026-09-11T13:59:08.5701823Z [90mstderr[2m | tests/unit/settings-workspace.test.ts[2m > [22m[2mSettingsWorkspace[2m > [22m[2mlets an Electron admin remove a registered official map package before saving
Build and inspect Linux Electron artifacts	Full deterministic unit gate	2026-09-11T13:59:08.5702570Z [22m[39mThe current testing environment is not configured to support act(...)
Build and inspect Linux Electron artifacts	Full deterministic unit gate	2026-09-11T13:59:08.5703019Z The current testing environment is not configured to support act(...)
Build and inspect Linux Electron artifacts	Full deterministic unit gate	2026-09-11T13:59:08.5703429Z The current testing environment is not configured to support act(...)
Build and inspect Linux Electron artifacts	Full deterministic unit gate	2026-09-11T13:59:08.5703836Z The current testing environment is not configured to support act(...)
Build and inspect Linux Electron artifacts	Full deterministic unit gate	2026-09-11T13:59:08.5704054Z 
Build and inspect Linux Electron artifacts	Full deterministic unit gate	2026-09-11T13:59:08.5737797Z [90mstderr[2m | tests/unit/settings-workspace.test.ts[2m > [22m[2mSettingsWorkspace[2m > [22m[2mlets an Electron admin remove a registered official map package before saving
Build and inspect Linux Electron artifacts	Full deterministic unit gate	2026-09-11T13:59:08.5738583Z [22m[39mThe current testing environment is not configured to support act(...)
Build and inspect Linux Electron artifacts	Full deterministic unit gate	2026-09-11T13:59:08.5738822Z 
Build and inspect Linux Electron artifacts	Full deterministic unit gate	2026-09-11T13:59:08.5749722Z  [32m✓[39m tests/unit/settings-workspace.test.ts [2m([22m[2m10 tests[22m[2m)[22m[33m 409[2mms[22m[39m
Build and inspect Linux Electron artifacts	Full deterministic unit gate	2026-09-11T13:59:09.2196164Z  [32m✓[39m tests/unit/sync-coverage-overlay.test.ts [2m([22m[2m18 tests[22m[2m)[22m[32m 17[2mms[22m[39m
Build and inspect Linux Electron artifacts	Full deterministic unit gate	2026-09-11T13:59:09.8991274Z  [32m✓[39m tests/unit/start-gpx-runtime.test.ts [2m([22m[2m13 tests[22m[2m)[22m[32m 97[2mms[22m[39m
Build and inspect Linux Electron artifacts	Full deterministic unit gate	2026-09-11T13:59:10.5529733Z [90mstderr[2m | tests/unit/traccar-client.test.ts[2m > [22m[2mtraccar client[2m > [22m[2mmarks a normalized roster incomplete when any Traccar device row is rejected [DON-271]
Build and inspect Linux Electron artifacts	Full deterministic unit gate	2026-09-11T13:59:10.5545837Z [22m[39mDropped malformed Traccar device row. {
Build and inspect Linux Electron artifacts	Full deterministic unit gate	2026-09-11T13:59:10.5555497Z   endpoint: [32m'/api/devices'[39m,
Build and inspect Linux Electron artifacts	Full deterministic unit gate	2026-09-11T13:59:10.5556231Z   rowIndex: [33m1[39m,
Build and inspect Linux Electron artifacts	Full deterministic unit gate	2026-09-11T13:59:10.5557113Z   reason: [32m'Traccar device id must be a finite number.'[39m
Build and inspect Linux Electron artifacts	Full deterministic unit gate	2026-09-11T13:59:10.5557802Z }
Build and inspect Linux Electron artifacts	Full deterministic unit gate	2026-09-11T13:59:10.5558337Z 
Build and inspect Linux Electron artifacts	Full deterministic unit gate	2026-09-11T13:59:10.5719350Z  [32m✓[39m tests/unit/traccar-client.test.ts [2m([22m[2m21 tests[22m[2m)[22m[32m 42[2mms[22m[39m
Build and inspect Linux Electron artifacts	Full deterministic unit gate	2026-09-11T13:59:11.4861730Z  [32m✓[39m tests/unit/mission-archive-cleanup-dialog.test.tsx [2m([22m[2m16 tests[22m[2m)[22m[32m 238[2mms[22m[39m
Build and inspect Linux Electron artifacts	Full deterministic unit gate	2026-09-11T13:59:12.0973126Z  [32m✓[39m tests/unit/electron-runtime-files.test.ts [2m([22m[2m10 tests[22m[2m)[22m[32m 27[2mms[22m[39m
Build and inspect Linux Electron artifacts	Full deterministic unit gate	2026-09-11T13:59:12.9361424Z [90mstderr[2m | tests/unit/tracking-status-panel.test.ts[2m > [22m[2mTrackingStatusPanel[2m > [22m[2mrenders offline tracking mode and OFFLINE MODE warning as a flashing red alert
Build and inspect Linux Electron artifacts	Full deterministic unit gate	2026-09-11T13:59:12.9362834Z [22m[39mThe current testing environment is not configured to support act(...)
Build and inspect Linux Electron artifacts	Full deterministic unit gate	2026-09-11T13:59:12.9363229Z 
Build and inspect Linux Electron artifacts	Full deterministic unit gate	2026-09-11T13:59:12.9385681Z [90mstderr[2m | tests/unit/tracking-status-panel.test.ts[2m > [22m[2mTrackingStatusPanel[2m > [22m[2mrenders offline tracking mode and OFFLINE MODE warning as a flashing red alert
Build and inspect Linux Electron artifacts	Full deterministic unit gate	2026-09-11T13:59:12.9387092Z [22m[39mThe current testing environment is not configured to support act(...)
Build and inspect Linux Electron artifacts	Full deterministic unit gate	2026-09-11T13:59:12.9387476Z 
Build and inspect Linux Electron artifacts	Full deterministic unit gate	2026-09-11T13:59:12.9419293Z [90mstderr[2m | tests/unit/tracking-status-panel.test.ts[2m > [22m[2mTrackingStatusPanel[2m > [22m[2mshows Last success as a complete local operator timestamp [DON-267]
Build and inspect Linux Electron artifacts	Full deterministic unit gate	2026-09-11T13:59:12.9420592Z [22m[39mThe current testing environment is not configured to support act(...)
Build and inspect Linux Electron artifacts	Full deterministic unit gate	2026-09-11T13:59:12.9421022Z 
Build and inspect Linux Electron artifacts	Full deterministic unit gate	2026-09-11T13:59:12.9426945Z [90mstderr[2m | tests/unit/tracking-status-panel.test.ts[2m > [22m[2mTrackingStatusPanel[2m > [22m[2mshows Last success as a complete local operator timestamp [DON-267]
Build and inspect Linux Electron artifacts	Full deterministic unit gate	2026-09-11T13:59:12.9428230Z [22m[39mThe current testing environment is not configured to support act(...)
Build and inspect Linux Electron artifacts	Full deterministic unit gate	2026-09-11T13:59:12.9428602Z 
Build and inspect Linux Electron artifacts	Full deterministic unit gate	2026-09-11T13:59:12.9463210Z [90mstderr[2m | tests/unit/tracking-status-panel.test.ts[2m > [22m[2mTrackingStatusPanel[2m > [22m[2mrenders paused live-refresh suspension as a flashing red alert even while mode is idle
Build and inspect Linux Electron artifacts	Full deterministic unit gate	2026-09-11T13:59:12.9465165Z [22m[39mThe current testing environment is not configured to support act(...)
Build and inspect Linux Electron artifacts	Full deterministic unit gate	2026-09-11T13:59:12.9465564Z 
Build and inspect Linux Electron artifacts	Full deterministic unit gate	2026-09-11T13:59:12.9472540Z [90mstderr[2m | tests/unit/tracking-status-panel.test.ts[2m > [22m[2mTrackingStatusPanel[2m > [22m[2mrenders paused live-refresh suspension as a flashing red alert even while mode is idle
Build and inspect Linux Electron artifacts	Full deterministic unit gate	2026-09-11T13:59:12.9473825Z [22m[39mThe current testing environment is not configured to support act(...)
Build and inspect Linux Electron artifacts	Full deterministic unit gate	2026-09-11T13:59:12.9474235Z 
Build and inspect Linux Electron artifacts	Full deterministic unit gate	2026-09-11T13:59:12.9518006Z [90mstderr[2m | tests/unit/tracking-status-panel.test.ts[2m > [22m[2mTrackingStatusPanel[2m > [22m[2mshows rejected-row and unverified-fix-time warnings while retaining valid fixes [DON-267]
Build and inspect Linux Electron artifacts	Full deterministic unit gate	2026-09-11T13:59:12.9519087Z [22m[39mThe current testing environment is not configured to support act(...)
Build and inspect Linux Electron artifacts	Full deterministic unit gate	2026-09-11T13:59:12.9519426Z 
Build and inspect Linux Electron artifacts	Full deterministic unit gate	2026-09-11T13:59:12.9524551Z [90mstderr[2m | tests/unit/tracking-status-panel.test.ts[2m > [22m[2mTrackingStatusPanel[2m > [22m[2mshows rejected-row and unverified-fix-time warnings while retaining valid fixes [DON-267]
Build and inspect Linux Electron artifacts	Full deterministic unit gate	2026-09-11T13:59:12.9525855Z [22m[39mThe current testing environment is not configured to support act(...)
Build and inspect Linux Electron artifacts	Full deterministic unit gate	2026-09-11T13:59:12.9526101Z 
Build and inspect Linux Electron artifacts	Full deterministic unit gate	2026-09-11T13:59:12.9559765Z [90mstderr[2m | tests/unit/tracking-status-panel.test.ts[2m > [22m[2mTrackingStatusPanel[2m > [22m[2midentifies unprovable legacy cache provenance without treating it as canonical fixTime [DON-267]
Build and inspect Linux Electron artifacts	Full deterministic unit gate	2026-09-11T13:59:12.9561104Z [22m[39mThe current testing environment is not configured to support act(...)
Build and inspect Linux Electron artifacts	Full deterministic unit gate	2026-09-11T13:59:12.9561341Z 
Build and inspect Linux Electron artifacts	Full deterministic unit gate	2026-09-11T13:59:12.9569083Z [90mstderr[2m | tests/unit/tracking-status-panel.test.ts[2m > [22m[2mTrackingStatusPanel[2m > [22m[2midentifies unprovable legacy cache provenance without treating it as canonical fixTime [DON-267]
Build and inspect Linux Electron artifacts	Full deterministic unit gate	2026-09-11T13:59:12.9570183Z [22m[39mThe current testing environment is not configured to support act(...)
Build and inspect Linux Electron artifacts	Full deterministic unit gate	2026-09-11T13:59:12.9570645Z 
Build and inspect Linux Electron artifacts	Full deterministic unit gate	2026-09-11T13:59:12.9607608Z [90mstderr[2m | tests/unit/tracking-status-panel.test.ts[2m > [22m[2mTrackingStatusPanel[2m > [22m[2mshows persistent degraded evidence health and first-accepted conflict truth [DON-268]
Build and inspect Linux Electron artifacts	Full deterministic unit gate	2026-09-11T13:59:12.9608973Z [22m[39mThe current testing environment is not configured to support act(...)
Build and inspect Linux Electron artifacts	Full deterministic unit gate	2026-09-11T13:59:12.9609374Z 
Build and inspect Linux Electron artifacts	Full deterministic unit gate	2026-09-11T13:59:12.9612608Z [90mstderr[2m | tests/unit/tracking-status-panel.test.ts[2m > [22m[2mTrackingStatusPanel[2m > [22m[2mshows persistent degraded evidence health and first-accepted conflict truth [DON-268]
Build and inspect Linux Electron artifacts	Full deterministic unit gate	2026-09-11T13:59:12.9613922Z [22m[39mThe current testing environment is not configured to support act(...)
Build and inspect Linux Electron artifacts	Full deterministic unit gate	2026-09-11T13:59:12.9614325Z 
Build and inspect Linux Electron artifacts	Full deterministic unit gate	2026-09-11T13:59:12.9638068Z [90mstderr[2m | tests/unit/tracking-status-panel.test.ts[2m > [22m[2mTrackingStatusPanel[2m > [22m[2mdescribes renderer-held rejection evidence as pending save, not storage repair [DON-276]
Build and inspect Linux Electron artifacts	Full deterministic unit gate	2026-09-11T13:59:12.9639426Z [22m[39mThe current testing environment is not configured to support act(...)
Build and inspect Linux Electron artifacts	Full deterministic unit gate	2026-09-11T13:59:12.9639811Z 
Build and inspect Linux Electron artifacts	Full deterministic unit gate	2026-09-11T13:59:12.9643594Z [90mstderr[2m | tests/unit/tracking-status-panel.test.ts[2m > [22m[2mTrackingStatusPanel[2m > [22m[2mdescribes renderer-held rejection evidence as pending save, not storage repair [DON-276]
Build and inspect Linux Electron artifacts	Full deterministic unit gate	2026-09-11T13:59:12.9645103Z [22m[39mThe current testing environment is not configured to support act(...)
Build and inspect Linux Electron artifacts	Full deterministic unit gate	2026-09-11T13:59:12.9645509Z 
Build and inspect Linux Electron artifacts	Full deterministic unit gate	2026-09-11T13:59:12.9670993Z [90mstderr[2m | tests/unit/tracking-status-panel.test.ts[2m > [22m[2mTrackingStatusPanel[2m > [22m[2mdescribes renderer teardown evidence loss as a persistent safety blocker [DON-276]
Build and inspect Linux Electron artifacts	Full deterministic unit gate	2026-09-11T13:59:12.9672263Z [22m[39mThe current testing environment is not configured to support act(...)
Build and inspect Linux Electron artifacts	Full deterministic unit gate	2026-09-11T13:59:12.9672683Z 
Build and inspect Linux Electron artifacts	Full deterministic unit gate	2026-09-11T13:59:12.9678587Z [90mstderr[2m | tests/unit/tracking-status-panel.test.ts[2m > [22m[2mTrackingStatusPanel[2m > [22m[2mdescribes renderer teardown evidence loss as a persistent safety blocker [DON-276]
Build and inspect Linux Electron artifacts	Full deterministic unit gate	2026-09-11T13:59:12.9679922Z [22m[39mThe current testing environment is not configured to support act(...)
Build and inspect Linux Electron artifacts	Full deterministic unit gate	2026-09-11T13:59:12.9680170Z 
Build and inspect Linux Electron artifacts	Full deterministic unit gate	2026-09-11T13:59:12.9712237Z [90mstderr[2m | tests/unit/tracking-status-panel.test.ts[2m > [22m[2mTrackingStatusPanel[2m > [22m[2mkeeps acknowledged evidence loss visible without falsely saying archive is blocked [DON-276]
Build and inspect Linux Electron artifacts	Full deterministic unit gate	2026-09-11T13:59:12.9713578Z [22m[39mThe current testing environment is not configured to support act(...)
Build and inspect Linux Electron artifacts	Full deterministic unit gate	2026-09-11T13:59:12.9713841Z 
Build and inspect Linux Electron artifacts	Full deterministic unit gate	2026-09-11T13:59:12.9742291Z [90mstderr[2m | tests/unit/tracking-status-panel.test.ts[2m > [22m[2mTrackingStatusPanel[2m > [22m[2mkeeps acknowledged evidence loss visible without falsely saying archive is blocked [DON-276]
Build and inspect Linux Electron artifacts	Full deterministic unit gate	2026-09-11T13:59:12.9743274Z [22m[39mThe current testing environment is not configured to support act(...)
Build and inspect Linux Electron artifacts	Full deterministic unit gate	2026-09-11T13:59:12.9743547Z 
Build and inspect Linux Electron artifacts	Full deterministic unit gate	2026-09-11T13:59:12.9769608Z [90mstderr[2m | tests/unit/tracking-status-panel.test.ts[2m > [22m[2mTrackingStatusPanel[2m > [22m[2mdoes not project an older governance loss onto a recoverable active mission [DON-276]
Build and inspect Linux Electron artifacts	Full deterministic unit gate	2026-09-11T13:59:12.9770855Z [22m[39mThe current testing environment is not configured to support act(...)
Build and inspect Linux Electron artifacts	Full deterministic unit gate	2026-09-11T13:59:12.9771116Z 
Build and inspect Linux Electron artifacts	Full deterministic unit gate	2026-09-11T13:59:12.9774970Z [90mstderr[2m | tests/unit/tracking-status-panel.test.ts[2m > [22m[2mTrackingStatusPanel[2m > [22m[2mdoes not project an older governance loss onto a recoverable active mission [DON-276]
Build and inspect Linux Electron artifacts	Full deterministic unit gate	2026-09-11T13:59:12.9776167Z [22m[39mThe current testing environment is not configured to support act(...)
Build and inspect Linux Electron artifacts	Full deterministic unit gate	2026-09-11T13:59:12.9776641Z 
Build and inspect Linux Electron artifacts	Full deterministic unit gate	2026-09-11T13:59:12.9802181Z [90mstderr[2m | tests/unit/tracking-status-panel.test.ts[2m > [22m[2mTrackingStatusPanel[2m > [22m[2msummarizes stationary attention without declaring an emergency [DON-269]
Build and inspect Linux Electron artifacts	Full deterministic unit gate	2026-09-11T13:59:12.9803343Z [22m[39mThe current testing environment is not configured to support act(...)
Build and inspect Linux Electron artifacts	Full deterministic unit gate	2026-09-11T13:59:12.9803591Z 
Build and inspect Linux Electron artifacts	Full deterministic unit gate	2026-09-11T13:59:12.9807831Z [90mstderr[2m | tests/unit/tracking-status-panel.test.ts[2m > [22m[2mTrackingStatusPanel[2m > [22m[2msummarizes stationary attention without declaring an emergency [DON-269]
Build and inspect Linux Electron artifacts	Full deterministic unit gate	2026-09-11T13:59:12.9808852Z [22m[39mThe current testing environment is not configured to support act(...)
Build and inspect Linux Electron artifacts	Full deterministic unit gate	2026-09-11T13:59:12.9809090Z 
Build and inspect Linux Electron artifacts	Full deterministic unit gate	2026-09-11T13:59:12.9863178Z [90mstderr[2m | tests/unit/tracking-status-panel.test.ts[2m > [22m[2mTrackingStatusPanel[2m > [22m[2mmakes a bounded whole-route trail explicit without implying stored data loss [DON-260]
Build and inspect Linux Electron artifacts	Full deterministic unit gate	2026-09-11T13:59:12.9864351Z [22m[39mThe current testing environment is not configured to support act(...)
Build and inspect Linux Electron artifacts	Full deterministic unit gate	2026-09-11T13:59:12.9864580Z 
Build and inspect Linux Electron artifacts	Full deterministic unit gate	2026-09-11T13:59:12.9867770Z [90mstderr[2m | tests/unit/tracking-status-panel.test.ts[2m > [22m[2mTrackingStatusPanel[2m > [22m[2mmakes a bounded whole-route trail explicit without implying stored data loss [DON-260]
Build and inspect Linux Electron artifacts	Full deterministic unit gate	2026-09-11T13:59:12.9868816Z [22m[39mThe current testing environment is not configured to support act(...)
Build and inspect Linux Electron artifacts	Full deterministic unit gate	2026-09-11T13:59:12.9869334Z 
Build and inspect Linux Electron artifacts	Full deterministic unit gate	2026-09-11T13:59:12.9903728Z [90mstderr[2m | tests/unit/tracking-status-panel.test.ts[2m > [22m[2mTrackingStatusPanel[2m > [22m[2mdoes not invent a 25-metre guarantee for legacy display metadata
Build and inspect Linux Electron artifacts	Full deterministic unit gate	2026-09-11T13:59:12.9904914Z [22m[39mThe current testing environment is not configured to support act(...)
Build and inspect Linux Electron artifacts	Full deterministic unit gate	2026-09-11T13:59:12.9905313Z 
Build and inspect Linux Electron artifacts	Full deterministic unit gate	2026-09-11T13:59:12.9908739Z [90mstderr[2m | tests/unit/tracking-status-panel.test.ts[2m > [22m[2mTrackingStatusPanel[2m > [22m[2mdoes not invent a 25-metre guarantee for legacy display metadata
Build and inspect Linux Electron artifacts	Full deterministic unit gate	2026-09-11T13:59:12.9909522Z [22m[39mThe current testing environment is not configured to support act(...)
Build and inspect Linux Electron artifacts	Full deterministic unit gate	2026-09-11T13:59:12.9909768Z 
Build and inspect Linux Electron artifacts	Full deterministic unit gate	2026-09-11T13:59:12.9934312Z [90mstderr[2m | tests/unit/tracking-status-panel.test.ts[2m > [22m[2mTrackingStatusPanel[2m > [22m[2mstates the achieved bound when route complexity exceeds the 25-metre target
Build and inspect Linux Electron artifacts	Full deterministic unit gate	2026-09-11T13:59:12.9935415Z [22m[39mThe current testing environment is not configured to support act(...)
Build and inspect Linux Electron artifacts	Full deterministic unit gate	2026-09-11T13:59:12.9935899Z 
Build and inspect Linux Electron artifacts	Full deterministic unit gate	2026-09-11T13:59:12.9938643Z [90mstderr[2m | tests/unit/tracking-status-panel.test.ts[2m > [22m[2mTrackingStatusPanel[2m > [22m[2mstates the achieved bound when route complexity exceeds the 25-metre target
Build and inspect Linux Electron artifacts	Full deterministic unit gate	2026-09-11T13:59:12.9939844Z [22m[39mThe current testing environment is not configured to support act(...)
Build and inspect Linux Electron artifacts	Full deterministic unit gate	2026-09-11T13:59:12.9940086Z 
Build and inspect Linux Electron artifacts	Full deterministic unit gate	2026-09-11T13:59:12.9989863Z [90mstderr[2m | tests/unit/tracking-status-panel.test.ts[2m > [22m[2mTrackingStatusPanel[2m > [22m[2mshows exact-dot paging in dots mode without presenting the line simplification warning as dot semantics
Build and inspect Linux Electron artifacts	Full deterministic unit gate	2026-09-11T13:59:12.9991239Z [22m[39mThe current testing environment is not configured to support act(...)
Build and inspect Linux Electron artifacts	Full deterministic unit gate	2026-09-11T13:59:12.9991617Z 
Build and inspect Linux Electron artifacts	Full deterministic unit gate	2026-09-11T13:59:12.9995464Z [90mstderr[2m | tests/unit/tracking-status-panel.test.ts[2m > [22m[2mTrackingStatusPanel[2m > [22m[2mshows exact-dot paging in dots mode without presenting the line simplification warning as dot semantics
Build and inspect Linux Electron artifacts	Full deterministic unit gate	2026-09-11T13:59:12.9996322Z [22m[39mThe current testing environment is not configured to support act(...)
Build and inspect Linux Electron artifacts	Full deterministic unit gate	2026-09-11T13:59:12.9996570Z 
Build and inspect Linux Electron artifacts	Full deterministic unit gate	2026-09-11T13:59:13.0019401Z [90mstderr[2m | tests/unit/tracking-status-panel.test.ts[2m > [22m[2mTrackingStatusPanel[2m > [22m[2mkeeps line simplification and route-error disclosure unchanged in line mode
Build and inspect Linux Electron artifacts	Full deterministic unit gate	2026-09-11T13:59:13.0020594Z [22m[39mThe current testing environment is not configured to support act(...)
Build and inspect Linux Electron artifacts	Full deterministic unit gate	2026-09-11T13:59:13.0020954Z 
Build and inspect Linux Electron artifacts	Full deterministic unit gate	2026-09-11T13:59:13.0023313Z [90mstderr[2m | tests/unit/tracking-status-panel.test.ts[2m > [22m[2mTrackingStatusPanel[2m > [22m[2mkeeps line simplification and route-error disclosure unchanged in line mode
Build and inspect Linux Electron artifacts	Full deterministic unit gate	2026-09-11T13:59:13.0024998Z [22m[39mThe current testing environment is not configured to support act(...)
Build and inspect Linux Electron artifacts	Full deterministic unit gate	2026-09-11T13:59:13.0025245Z 
Build and inspect Linux Electron artifacts	Full deterministic unit gate	2026-09-11T13:59:13.0055819Z [90mstderr[2m | tests/unit/tracking-status-panel.test.ts[2m > [22m[2mTrackingStatusPanel[2m > [22m[2mnever shows coverage status retained from the previous mission [DON-275]
Build and inspect Linux Electron artifacts	Full deterministic unit gate	2026-09-11T13:59:13.0056908Z [22m[39mThe current testing environment is not configured to support act(...)
Build and inspect Linux Electron artifacts	Full deterministic unit gate	2026-09-11T13:59:13.0057470Z 
Build and inspect Linux Electron artifacts	Full deterministic unit gate	2026-09-11T13:59:13.0060137Z [90mstderr[2m | tests/unit/tracking-status-panel.test.ts[2m > [22m[2mTrackingStatusPanel[2m > [22m[2mnever shows coverage status retained from the previous mission [DON-275]
Build and inspect Linux Electron artifacts	Full deterministic unit gate	2026-09-11T13:59:13.0061189Z [22m[39mThe current testing environment is not configured to support act(...)
Build and inspect Linux Electron artifacts	Full deterministic unit gate	2026-09-11T13:59:13.0061504Z 
Build and inspect Linux Electron artifacts	Full deterministic unit gate	2026-09-11T13:59:13.0079348Z  [32m✓[39m tests/unit/tracking-status-panel.test.ts [2m([22m[2m17 tests[22m[2m)[22m[32m 108[2mms[22m[39m
Build and inspect Linux Electron artifacts	Full deterministic unit gate	2026-09-11T13:59:13.7292668Z  [32m✓[39m tests/unit/electron-archive-review-preload.test.ts [2m([22m[2m13 tests[22m[2m)[22m[32m 129[2mms[22m[39m
Build and inspect Linux Electron artifacts	Full deterministic unit gate	2026-09-11T13:59:19.5620661Z  [32m✓[39m tests/unit/electron-archive-scratch.test.ts [2m([22m[2m7 tests[22m[2m)[22m[33m 5224[2mms[22m[39m
Build and inspect Linux Electron artifacts	Full deterministic unit gate	2026-09-11T13:59:19.5621532Z      [33m[2m✓[22m[39m copies exactly one pinned mission, preserves rowids, and proves all 49 tables [33m 649[2mms[22m[39m
Build and inspect Linux Electron artifacts	Full deterministic unit gate	2026-09-11T13:59:19.5622286Z      [33m[2m✓[22m[39m binds the captured cleanup generation into the archived finalization projection [33m 793[2mms[22m[39m
Build and inspect Linux Electron artifacts	Full deterministic unit gate	2026-09-11T13:59:19.5623039Z      [33m[2m✓[22m[39m preserves the exact unlock rowid/id/time in a supplemental finalization projection [33m 1449[2mms[22m[39m
Build and inspect Linux Electron artifacts	Full deterministic unit gate	2026-09-11T13:59:19.5623959Z      [33m[2m✓[22m[39m keeps a recovery request row separate from its current protected finalization epoch [33m 656[2mms[22m[39m
Build and inspect Linux Electron artifacts	Full deterministic unit gate	2026-09-11T13:59:19.5625223Z      [33m[2m✓[22m[39m installs canonical replay objects absent from a historically upgraded v13 source [33m 1376[2mms[22m[39m
Build and inspect Linux Electron artifacts	Full deterministic unit gate	2026-09-11T13:59:20.2140642Z  [32m✓[39m tests/unit/diagnostics-model.test.ts [2m([22m[2m6 tests[22m[2m)[22m[32m 21[2mms[22m[39m
Build and inspect Linux Electron artifacts	Full deterministic unit gate	2026-09-11T13:59:20.9400292Z  [32m✓[39m tests/unit/electron-file-system.test.ts [2m([22m[2m17 tests[22m[2m)[22m[32m 94[2mms[22m[39m
Build and inspect Linux Electron artifacts	Full deterministic unit gate	2026-09-11T13:59:25.9398174Z  [32m✓[39m tests/unit/exact-breadcrumb-dots-contract.test.ts [2m([22m[2m10 tests[22m[2m)[22m[33m 4371[2mms[22m[39m
Build and inspect Linux Electron artifacts	Full deterministic unit gate	2026-09-11T13:59:25.9399065Z      [33m[2m✓[22m[39m preserves exact truth through SQLite pages, IPC shape, controller and GeoJSON [33m 840[2mms[22m[39m
Build and inspect Linux Electron artifacts	Full deterministic unit gate	2026-09-11T13:59:25.9399717Z      [33m[2m✓[22m[39m proves the guard rejects the injected drop-one-row fault [33m 447[2mms[22m[39m
Build and inspect Linux Electron artifacts	Full deterministic unit gate	2026-09-11T13:59:25.9400335Z      [33m[2m✓[22m[39m proves the guard rejects the injected duplicate-one-row fault [33m 487[2mms[22m[39m
Build and inspect Linux Electron artifacts	Full deterministic unit gate	2026-09-11T13:59:25.9400963Z      [33m[2m✓[22m[39m proves the guard rejects the injected swap-order fault [33m 377[2mms[22m[39m
Build and inspect Linux Electron artifacts	Full deterministic unit gate	2026-09-11T13:59:25.9401563Z      [33m[2m✓[22m[39m proves the guard rejects the injected shift-one-coordinate fault [33m 488[2mms[22m[39m
Build and inspect Linux Electron artifacts	Full deterministic unit gate	2026-09-11T13:59:25.9402194Z      [33m[2m✓[22m[39m proves the guard rejects the injected shift-one-timestamp fault [33m 381[2mms[22m[39m
Build and inspect Linux Electron artifacts	Full deterministic unit gate	2026-09-11T13:59:25.9402828Z      [33m[2m✓[22m[39m proves the guard rejects the injected substitute-identity fault [33m 549[2mms[22m[39m
Build and inspect Linux Electron artifacts	Full deterministic unit gate	2026-09-11T13:59:25.9403443Z      [33m[2m✓[22m[39m proves the guard rejects the injected truncate-page fault [33m 388[2mms[22m[39m
Build and inspect Linux Electron artifacts	Full deterministic unit gate	2026-09-11T13:59:25.9404027Z      [33m[2m✓[22m[39m proves the guard rejects the injected lie-about-total fault [33m 409[2mms[22m[39m
Build and inspect Linux Electron artifacts	Full deterministic unit gate	2026-09-11T13:59:28.6509721Z  [32m✓[39m tests/unit/electron-archive-replay-proof.test.ts [2m([22m[2m12 tests[22m[2m)[22m[33m 2085[2mms[22m[39m
Build and inspect Linux Electron artifacts	Full deterministic unit gate	2026-09-11T13:59:28.6511945Z      [33m[2m✓[22m[39m uses the frozen direct/recovery request-event contract without weakening finalization [33m 465[2mms[22m[39m
Build and inspect Linux Electron artifacts	Full deterministic unit gate	2026-09-11T13:59:28.6513458Z      [33m[2m✓[22m[39m exhausts every production outing-filter choice page and records exact counts [33m 316[2mms[22m[39m
Build and inspect Linux Electron artifacts	Full deterministic unit gate	2026-09-11T13:59:28.6515010Z      [33m[2m✓[22m[39m binds later outing-filter page IDs into the deterministic semantic digest [33m 357[2mms[22m[39m
Build and inspect Linux Electron artifacts	Full deterministic unit gate	2026-09-11T13:59:28.6516516Z      [33m[2m✓[22m[39m keeps exhaustive outing-filter evidence insensitive to replay-generation cursor rotation [33m 368[2mms[22m[39m
Build and inspect Linux Electron artifacts	Full deterministic unit gate	2026-09-11T13:59:30.5347894Z  [32m✓[39m tests/unit/tracking-geojson.test.ts [2m([22m[2m14 tests[22m[2m)[22m[33m 1286[2mms[22m[39m
Build and inspect Linux Electron artifacts	Full deterministic unit gate	2026-09-11T13:59:30.5350105Z      [33m[2m✓[22m[39m keeps worst-case per-device retained trail rendering bounded [DON-159] [33m 1095[2mms[22m[39m
Build and inspect Linux Electron artifacts	Full deterministic unit gate	2026-09-11T13:59:31.2419070Z  [32m✓[39m tests/unit/electron-archive-review-projection-runner.test.ts [2m([22m[2m40 tests[22m[2m)[22m[32m 107[2mms[22m[39m
Build and inspect Linux Electron artifacts	Full deterministic unit gate	2026-09-11T13:59:32.1254302Z  [32m✓[39m tests/unit/mission-archive-custody-dialog.test.tsx [2m([22m[2m11 tests[22m[2m)[22m[32m 184[2mms[22m[39m
Build and inspect Linux Electron artifacts	Full deterministic unit gate	2026-09-11T13:59:33.1141855Z  [32m✓[39m tests/unit/mission-review-runtime-bridge-archive.test.tsx [2m([22m[2m6 tests[22m[2m)[22m[32m 82[2mms[22m[39m
Build and inspect Linux Electron artifacts	Full deterministic unit gate	2026-09-11T13:59:33.7237471Z  [32m✓[39m tests/unit/start-mission-governance-runtime.test.ts [2m([22m[2m12 tests[22m[2m)[22m[32m 16[2mms[22m[39m
Build and inspect Linux Electron artifacts	Full deterministic unit gate	2026-09-11T13:59:45.8222432Z  [32m✓[39m tests/unit/electron-archive-family-resource-lane.test.ts [2m([22m[2m4 tests[22m[2m)[22m[33m 11474[2mms[22m[39m
Build and inspect Linux Electron artifacts	Full deterministic unit gate	2026-09-11T13:59:45.8223553Z      [33m[2m✓[22m[39m never enters two distinct verification retry workers concurrently [33m 1925[2mms[22m[39m
Build and inspect Linux Electron artifacts	Full deterministic unit gate	2026-09-11T13:59:45.8224814Z      [33m[2m✓[22m[39m does not enter a verification retry while encrypted create/finalize owns the lane [33m 2049[2mms[22m[39m
Build and inspect Linux Electron artifacts	Full deterministic unit gate	2026-09-11T13:59:45.8225939Z      [33m[2m✓[22m[39m waits for correction custody before finalizing a different mission [33m 6138[2mms[22m[39m
Build and inspect Linux Electron artifacts	Full deterministic unit gate	2026-09-11T13:59:45.8226636Z      [33m[2m✓[22m[39m cancels a queued retry before worker entry while live positions stay below 200 ms [33m 1361[2mms[22m[39m
Build and inspect Linux Electron artifacts	Full deterministic unit gate	2026-09-11T13:59:46.6012358Z  [32m✓[39m tests/unit/mission-archive-verification-dialog.test.tsx [2m([22m[2m10 tests[22m[2m)[22m[32m 122[2mms[22m[39m
Build and inspect Linux Electron artifacts	Full deterministic unit gate	2026-09-11T13:59:47.2597506Z  [32m✓[39m tests/unit/electron-archive-review-attachment-opener.test.ts [2m([22m[2m11 tests[22m[2m)[22m[32m 73[2mms[22m[39m
Build and inspect Linux Electron artifacts	Full deterministic unit gate	2026-09-11T13:59:47.8936033Z  [32m✓[39m tests/unit/electron-tracking-soak-exact-proof-lib.test.ts [2m([22m[2m7 tests[22m[2m)[22m[32m 37[2mms[22m[39m
Build and inspect Linux Electron artifacts	Full deterministic unit gate	2026-09-11T13:59:49.6049426Z  [32m✓[39m tests/unit/electron-archive-custody-operation-worker.test.ts [2m([22m[2m11 tests[22m[2m)[22m[33m 1105[2mms[22m[39m
Build and inspect Linux Electron artifacts	Full deterministic unit gate	2026-09-11T13:59:50.2421256Z  [32m✓[39m tests/unit/electron-archive-attachments.test.ts [2m([22m[2m13 tests[22m[2m)[22m[32m 43[2mms[22m[39m
Build and inspect Linux Electron artifacts	Full deterministic unit gate	2026-09-11T13:59:50.8648490Z  [32m✓[39m tests/unit/electron-archive-envelope.test.ts [2m([22m[2m8 tests[22m[2m)[22m[32m 19[2mms[22m[39m
Build and inspect Linux Electron artifacts	Full deterministic unit gate	2026-09-11T13:59:51.8143118Z  [32m✓[39m tests/unit/deferred-mission-evidence.test.ts [2m([22m[2m15 tests[22m[2m)[22m[33m 324[2mms[22m[39m
Build and inspect Linux Electron artifacts	Full deterministic unit gate	2026-09-11T13:59:52.5923607Z  [32m✓[39m tests/unit/electron-archive-custody-reconcile-runner.test.ts [2m([22m[2m11 tests[22m[2m)[22m[32m 177[2mms[22m[39m
Build and inspect Linux Electron artifacts	Full deterministic unit gate	2026-09-11T13:59:53.2120158Z  [32m✓[39m tests/unit/start-layer-catalog-runtime.test.ts [2m([22m[2m10 tests[22m[2m)[22m[32m 12[2mms[22m[39m
Build and inspect Linux Electron artifacts	Full deterministic unit gate	2026-09-11T13:59:53.8652905Z  [32m✓[39m tests/unit/start-diagnostics-runtime.test.ts [2m([22m[2m4 tests[22m[2m)[22m[32m 20[2mms[22m[39m
Build and inspect Linux Electron artifacts	Full deterministic unit gate	2026-09-11T13:59:54.4814381Z  [32m✓[39m tests/unit/electron-mission-finalization-boundary.test.ts [2m([22m[2m16 tests[22m[2m)[22m[32m 18[2mms[22m[39m
Build and inspect Linux Electron artifacts	Full deterministic unit gate	2026-09-11T13:59:55.5344804Z  [32m✓[39m tests/unit/electron-archive-cleanup-membership.test.ts [2m([22m[2m9 tests[22m[2m)[22m[33m 436[2mms[22m[39m
Build and inspect Linux Electron artifacts	Full deterministic unit gate	2026-09-11T13:59:56.2357478Z  [32m✓[39m tests/unit/mock-traccar-hardening.test.ts [2m([22m[2m18 tests[22m[2m)[22m[32m 76[2mms[22m[39m
Build and inspect Linux Electron artifacts	Full deterministic unit gate	2026-09-11T13:59:56.8664050Z  [32m✓[39m tests/unit/mission-autosave.test.ts [2m([22m[2m19 tests[22m[2m)[22m[32m 35[2mms[22m[39m
Build and inspect Linux Electron artifacts	Full deterministic unit gate	2026-09-11T13:59:57.4839420Z  [32m✓[39m tests/unit/official-map-manifest.test.ts [2m([22m[2m43 tests[22m[2m)[22m[32m 30[2mms[22m[39m
Build and inspect Linux Electron artifacts	Full deterministic unit gate	2026-09-11T13:59:58.3638738Z [90mstderr[2m | tests/unit/electron-archive-custody-lifecycle-attacks.test.ts[2m > [22m[2marchive custody lifecycle attacks[2m > [22m[2mkeeps a custody conflict as a durable global archive-lane blocker across restarts
Build and inspect Linux Electron artifacts	Full deterministic unit gate	2026-09-11T13:59:58.3639795Z [22m[39mArchive custody recovery stopped safely (ARCHIVE_CUSTODY_RECOVERY_REQUIRED).
Build and inspect Linux Electron artifacts	Full deterministic unit gate	2026-09-11T13:59:58.3640109Z 
Build and inspect Linux Electron artifacts	Full deterministic unit gate	2026-09-11T14:00:04.7366578Z  [32m✓[39m tests/unit/electron-archive-custody-lifecycle-attacks.test.ts [2m([22m[2m4 tests[22m[2m)[22m[33m 6608[2mms[22m[39m
Build and inspect Linux Electron artifacts	Full deterministic unit gate	2026-09-11T14:00:04.7367959Z      [33m[2m✓[22m[39m blocks correction unlock until delayed verification commits a reviewable predecessor [33m 6227[2mms[22m[39m
Build and inspect Linux Electron artifacts	Full deterministic unit gate	2026-09-11T14:00:05.3348615Z  [32m✓[39m tests/unit/ingest-evidence-finalization-boundary.test.ts [2m([22m[2m10 tests[22m[2m)[22m[32m 13[2mms[22m[39m
Build and inspect Linux Electron artifacts	Full deterministic unit gate	2026-09-11T14:00:06.1928598Z [90mstderr[2m | tests/unit/devices-workspace.test.ts[2m > [22m[2mDevicesWorkspace[2m > [22m[2mdoes not derive device rows from tracking updates while the workspace is closed [DON-213]
Build and inspect Linux Electron artifacts	Full deterministic unit gate	2026-09-11T14:00:06.1929518Z [22m[39mThe current testing environment is not configured to support act(...)
Build and inspect Linux Electron artifacts	Full deterministic unit gate	2026-09-11T14:00:06.1929768Z 
Build and inspect Linux Electron artifacts	Full deterministic unit gate	2026-09-11T14:00:06.1945537Z [90mstderr[2m | tests/unit/devices-workspace.test.ts[2m > [22m[2mDevicesWorkspace[2m > [22m[2mdoes not derive device rows from tracking updates while the workspace is closed [DON-213]
Build and inspect Linux Electron artifacts	Full deterministic unit gate	2026-09-11T14:00:06.1946352Z [22m[39mThe current testing environment is not configured to support act(...)
Build and inspect Linux Electron artifacts	Full deterministic unit gate	2026-09-11T14:00:06.1946593Z 
Build and inspect Linux Electron artifacts	Full deterministic unit gate	2026-09-11T14:00:06.2527879Z [90mstderr[2m | tests/unit/devices-workspace.test.ts[2m > [22m[2mDevicesWorkspace[2m > [22m[2mselects a device when non-control status, time, or source cells are clicked
Build and inspect Linux Electron artifacts	Full deterministic unit gate	2026-09-11T14:00:06.2529597Z [22m[39mThe current testing environment is not configured to support act(...)
Build and inspect Linux Electron artifacts	Full deterministic unit gate	2026-09-11T14:00:06.2530015Z 
Build and inspect Linux Electron artifacts	Full deterministic unit gate	2026-09-11T14:00:06.2633268Z [90mstderr[2m | tests/unit/devices-workspace.test.ts[2m > [22m[2mDevicesWorkspace[2m > [22m[2mselects a device when non-control status, time, or source cells are clicked
Build and inspect Linux Electron artifacts	Full deterministic unit gate	2026-09-11T14:00:06.2635193Z [22m[39mThe current testing environment is not configured to support act(...)
Build and inspect Linux Electron artifacts	Full deterministic unit gate	2026-09-11T14:00:06.2635747Z 
Build and inspect Linux Electron artifacts	Full deterministic unit gate	2026-09-11T14:00:06.2655806Z [90mstderr[2m | tests/unit/devices-workspace.test.ts[2m > [22m[2mDevicesWorkspace[2m > [22m[2mselects a device when non-control status, time, or source cells are clicked
Build and inspect Linux Electron artifacts	Full deterministic unit gate	2026-09-11T14:00:06.2656650Z [22m[39mThe current testing environment is not configured to support act(...)
Build and inspect Linux Electron artifacts	Full deterministic unit gate	2026-09-11T14:00:06.2656900Z 
Build and inspect Linux Electron artifacts	Full deterministic unit gate	2026-09-11T14:00:06.2796672Z [90mstderr[2m | tests/unit/devices-workspace.test.ts[2m > [22m[2mDevicesWorkspace[2m > [22m[2mshows the authoritative fix time and supplied GPS accuracy in the inspector [DON-260]
Build and inspect Linux Electron artifacts	Full deterministic unit gate	2026-09-11T14:00:06.2798064Z [22m[39mThe current testing environment is not configured to support act(...)
Build and inspect Linux Electron artifacts	Full deterministic unit gate	2026-09-11T14:00:06.2798484Z 
Build and inspect Linux Electron artifacts	Full deterministic unit gate	2026-09-11T14:00:06.2805496Z [90mstderr[2m | tests/unit/devices-workspace.test.ts[2m > [22m[2mDevicesWorkspace[2m > [22m[2mshows the authoritative fix time and supplied GPS accuracy in the inspector [DON-260]
Build and inspect Linux Electron artifacts	Full deterministic unit gate	2026-09-11T14:00:06.2806323Z [22m[39mThe current testing environment is not configured to support act(...)
Build and inspect Linux Electron artifacts	Full deterministic unit gate	2026-09-11T14:00:06.2806567Z 
Build and inspect Linux Electron artifacts	Full deterministic unit gate	2026-09-11T14:00:06.2943347Z [90mstderr[2m | tests/unit/devices-workspace.test.ts[2m > [22m[2mDevicesWorkspace[2m > [22m[2mshows and acknowledges stationary attention without erasing it [DON-269]
Build and inspect Linux Electron artifacts	Full deterministic unit gate	2026-09-11T14:00:06.2945351Z [22m[39mThe current testing environment is not configured to support act(...)
Build and inspect Linux Electron artifacts	Full deterministic unit gate	2026-09-11T14:00:06.2945858Z 
Build and inspect Linux Electron artifacts	Full deterministic unit gate	2026-09-11T14:00:06.3019156Z [90mstderr[2m | tests/unit/devices-workspace.test.ts[2m > [22m[2mDevicesWorkspace[2m > [22m[2mshows and acknowledges stationary attention without erasing it [DON-269]
Build and inspect Linux Electron artifacts	Full deterministic unit gate	2026-09-11T14:00:06.3019970Z [22m[39mThe current testing environment is not configured to support act(...)
Build and inspect Linux Electron artifacts	Full deterministic unit gate	2026-09-11T14:00:06.3020228Z 
Build and inspect Linux Electron artifacts	Full deterministic unit gate	2026-09-11T14:00:06.3031782Z [90mstderr[2m | tests/unit/devices-workspace.test.ts[2m > [22m[2mDevicesWorkspace[2m > [22m[2mshows and acknowledges stationary attention without erasing it [DON-269]
Build and inspect Linux Electron artifacts	Full deterministic unit gate	2026-09-11T14:00:06.3033283Z [22m[39mThe current testing environment is not configured to support act(...)
Build and inspect Linux Electron artifacts	Full deterministic unit gate	2026-09-11T14:00:06.3033857Z 
Build and inspect Linux Electron artifacts	Full deterministic unit gate	2026-09-11T14:00:06.3142461Z [90mstderr[2m | tests/unit/devices-workspace.test.ts[2m > [22m[2mDevicesWorkspace[2m > [22m[2msurfaces an uncorroborated latest fix without clearing stationary attention
Build and inspect Linux Electron artifacts	Full deterministic unit gate	2026-09-11T14:00:06.3143868Z [22m[39mThe current testing environment is not configured to support act(...)
Build and inspect Linux Electron artifacts	Full deterministic unit gate	2026-09-11T14:00:06.3144417Z 
Build and inspect Linux Electron artifacts	Full deterministic unit gate	2026-09-11T14:00:06.3162222Z [90mstderr[2m | tests/unit/devices-workspace.test.ts[2m > [22m[2mDevicesWorkspace[2m > [22m[2msurfaces an uncorroborated latest fix without clearing stationary attention
Build and inspect Linux Electron artifacts	Full deterministic unit gate	2026-09-11T14:00:06.3163711Z [22m[39mThe current testing environment is not configured to support act(...)
Build and inspect Linux Electron artifacts	Full deterministic unit gate	2026-09-11T14:00:06.3164239Z 
Build and inspect Linux Electron artifacts	Full deterministic unit gate	2026-09-11T14:00:06.3279022Z [90mstderr[2m | tests/unit/devices-workspace.test.ts[2m > [22m[2mDevicesWorkspace[2m > [22m[2madds and removes mission-active devices via filter tabs
Build and inspect Linux Electron artifacts	Full deterministic unit gate	2026-09-11T14:00:06.3280348Z [22m[39mThe current testing environment is not configured to support act(...)
Build and inspect Linux Electron artifacts	Full deterministic unit gate	2026-09-11T14:00:06.3280828Z 
Build and inspect Linux Electron artifacts	Full deterministic unit gate	2026-09-11T14:00:06.3521445Z [90mstderr[2m | tests/unit/devices-workspace.test.ts[2m > [22m[2mDevicesWorkspace[2m > [22m[2madds and removes mission-active devices via filter tabs
Build and inspect Linux Electron artifacts	Full deterministic unit gate	2026-09-11T14:00:06.3522527Z [22m[39mThe current testing environment is not configured to support act(...)
Build and inspect Linux Electron artifacts	Full deterministic unit gate	2026-09-11T14:00:06.3523279Z The current testing environment is not configured to support act(...)
Build and inspect Linux Electron artifacts	Full deterministic unit gate	2026-09-11T14:00:06.3524086Z The current testing environment is not configured to support act(...)
Build and inspect Linux Electron artifacts	Full deterministic unit gate	2026-09-11T14:00:06.3524984Z The current testing environment is not configured to support act(...)
Build and inspect Linux Electron artifacts	Full deterministic unit gate	2026-09-11T14:00:06.3525936Z The current testing environment is not configured to support act(...)
Build and inspect Linux Electron artifacts	Full deterministic unit gate	2026-09-11T14:00:06.3526488Z 
Build and inspect Linux Electron artifacts	Full deterministic unit gate	2026-09-11T14:00:06.3527346Z [90mstderr[2m | tests/unit/devices-workspace.test.ts[2m > [22m[2mDevicesWorkspace[2m > [22m[2madds and removes mission-active devices via filter tabs
Build and inspect Linux Electron artifacts	Full deterministic unit gate	2026-09-11T14:00:06.3528387Z [22m[39mThe current testing environment is not configured to support act(...)
Build and inspect Linux Electron artifacts	Full deterministic unit gate	2026-09-11T14:00:06.3528772Z 
Build and inspect Linux Electron artifacts	Full deterministic unit gate	2026-09-11T14:00:06.3618341Z [90mstderr[2m | tests/unit/devices-workspace.test.ts[2m > [22m[2mDevicesWorkspace[2m > [22m[2mkeeps selected device and search scoped to the active filter list
Build and inspect Linux Electron artifacts	Full deterministic unit gate	2026-09-11T14:00:06.3619592Z [22m[39mThe current testing environment is not configured to support act(...)
Build and inspect Linux Electron artifacts	Full deterministic unit gate	2026-09-11T14:00:06.3619996Z 
Build and inspect Linux Electron artifacts	Full deterministic unit gate	2026-09-11T14:00:06.3738405Z [90mstderr[2m | tests/unit/devices-workspace.test.ts[2m > [22m[2mDevicesWorkspace[2m > [22m[2mkeeps selected device and search scoped to the active filter list
Build and inspect Linux Electron artifacts	Full deterministic unit gate	2026-09-11T14:00:06.3739856Z [22m[39mThe current testing environment is not configured to support act(...)
Build and inspect Linux Electron artifacts	Full deterministic unit gate	2026-09-11T14:00:06.3740735Z The current testing environment is not configured to support act(...)
Build and inspect Linux Electron artifacts	Full deterministic unit gate	2026-09-11T14:00:06.3741547Z The current testing environment is not configured to support act(...)
Build and inspect Linux Electron artifacts	Full deterministic unit gate	2026-09-11T14:00:06.3742310Z The current testing environment is not configured to support act(...)
Build and inspect Linux Electron artifacts	Full deterministic unit gate	2026-09-11T14:00:06.3742768Z 
Build and inspect Linux Electron artifacts	Full deterministic unit gate	2026-09-11T14:00:06.3746566Z [90mstderr[2m | tests/unit/devices-workspace.test.ts[2m > [22m[2mDevicesWorkspace[2m > [22m[2mkeeps selected device and search scoped to the active filter list
Build and inspect Linux Electron artifacts	Full deterministic unit gate	2026-09-11T14:00:06.3748149Z [22m[39mThe current testing environment is not configured to support act(...)
Build and inspect Linux Electron artifacts	Full deterministic unit gate	2026-09-11T14:00:06.3748652Z 
Build and inspect Linux Electron artifacts	Full deterministic unit gate	2026-09-11T14:00:06.3844152Z [90mstderr[2m | tests/unit/devices-workspace.test.ts[2m > [22m[2mDevicesWorkspace[2m > [22m[2mupdates per-device breadcrumb colour via palette swatch and global breadcrumb size
Build and inspect Linux Electron artifacts	Full deterministic unit gate	2026-09-11T14:00:06.3845174Z [22m[39mThe current testing environment is not configured to support act(...)
Build and inspect Linux Electron artifacts	Full deterministic unit gate	2026-09-11T14:00:06.3845425Z 
Build and inspect Linux Electron artifacts	Full deterministic unit gate	2026-09-11T14:00:06.3887848Z [90mstderr[2m | tests/unit/devices-workspace.test.ts[2m > [22m[2mDevicesWorkspace[2m > [22m[2mupdates per-device breadcrumb colour via palette swatch and global breadcrumb size
Build and inspect Linux Electron artifacts	Full deterministic unit gate	2026-09-11T14:00:06.3888747Z [22m[39mThe current testing environment is not configured to support act(...)
Build and inspect Linux Electron artifacts	Full deterministic unit gate	2026-09-11T14:00:06.3888984Z 
Build and inspect Linux Electron artifacts	Full deterministic unit gate	2026-09-11T14:00:06.3968320Z [90mstderr[2m | tests/unit/devices-workspace.test.ts[2m > [22m[2mDevicesWorkspace[2m > [22m[2mupdates per-device breadcrumb colour via palette swatch and global breadcrumb size
Build and inspect Linux Electron artifacts	Full deterministic unit gate	2026-09-11T14:00:06.3969153Z [22m[39mThe current testing environment is not configured to support act(...)
Build and inspect Linux Electron artifacts	Full deterministic unit gate	2026-09-11T14:00:06.3969598Z The current testing environment is not configured to support act(...)
Build and inspect Linux Electron artifacts	Full deterministic unit gate	2026-09-11T14:00:06.3970211Z The current testing environment is not configured to support act(...)
Build and inspect Linux Electron artifacts	Full deterministic unit gate	2026-09-11T14:00:06.3970566Z 
Build and inspect Linux Electron artifacts	Full deterministic unit gate	2026-09-11T14:00:06.3978669Z [90mstderr[2m | tests/unit/devices-workspace.test.ts[2m > [22m[2mDevicesWorkspace[2m > [22m[2mupdates per-device breadcrumb colour via palette swatch and global breadcrumb size
Build and inspect Linux Electron artifacts	Full deterministic unit gate	2026-09-11T14:00:06.3979936Z [22m[39mThe current testing environment is not configured to support act(...)
Build and inspect Linux Electron artifacts	Full deterministic unit gate	2026-09-11T14:00:06.3980347Z 
Build and inspect Linux Electron artifacts	Full deterministic unit gate	2026-09-11T14:00:06.4071146Z [90mstderr[2m | tests/unit/devices-workspace.test.ts[2m > [22m[2mDevicesWorkspace[2m > [22m[2msets the global trail mode and makes the size control label match that mode
Build and inspect Linux Electron artifacts	Full deterministic unit gate	2026-09-11T14:00:06.4072374Z [22m[39mThe current testing environment is not configured to support act(...)
Build and inspect Linux Electron artifacts	Full deterministic unit gate	2026-09-11T14:00:06.4072724Z 
Build and inspect Linux Electron artifacts	Full deterministic unit gate	2026-09-11T14:00:06.4207816Z [90mstderr[2m | tests/unit/devices-workspace.test.ts[2m > [22m[2mDevicesWorkspace[2m > [22m[2msets the global trail mode and makes the size control label match that mode
Build and inspect Linux Electron artifacts	Full deterministic unit gate	2026-09-11T14:00:06.4209083Z [22m[39mThe current testing environment is not configured to support act(...)
Build and inspect Linux Electron artifacts	Full deterministic unit gate	2026-09-11T14:00:06.4210095Z The current testing environment is not configured to support act(...)
Build and inspect Linux Electron artifacts	Full deterministic unit gate	2026-09-11T14:00:06.4210458Z 
Build and inspect Linux Electron artifacts	Full deterministic unit gate	2026-09-11T14:00:06.4215419Z [90mstderr[2m | tests/unit/devices-workspace.test.ts[2m > [22m[2mDevicesWorkspace[2m > [22m[2msets the global trail mode and makes the size control label match that mode
Build and inspect Linux Electron artifacts	Full deterministic unit gate	2026-09-11T14:00:06.4216890Z [22m[39mThe current testing environment is not configured to support act(...)
Build and inspect Linux Electron artifacts	Full deterministic unit gate	2026-09-11T14:00:06.4217456Z 
Build and inspect Linux Electron artifacts	Full deterministic unit gate	2026-09-11T14:00:06.4233580Z  [32m✓[39m tests/unit/devices-workspace.test.ts [2m([22m[2m9 tests[22m[2m)[22m[32m 271[2mms[22m[39m
Build and inspect Linux Electron artifacts	Full deterministic unit gate	2026-09-11T14:00:07.0326662Z  [32m✓[39m tests/unit/visual-review-lib.test.ts [2m([22m[2m44 tests[22m[2m)[22m[32m 20[2mms[22m[39m
Build and inspect Linux Electron artifacts	Full deterministic unit gate	2026-09-11T14:00:10.0571983Z  [32m✓[39m tests/unit/seed-mission-store-runtime.test.ts [2m([22m[2m10 tests[22m[2m)[22m[33m 2257[2mms[22m[39m
Build and inspect Linux Electron artifacts	Full deterministic unit gate	2026-09-11T14:00:10.0573224Z      [33m[2m✓[22m[39m atomically generates a reusable synthetic store that opens through the real adapter [33m 580[2mms[22m[39m
Build and inspect Linux Electron artifacts	Full deterministic unit gate	2026-09-11T14:00:10.0574020Z      [33m[2m✓[22m[39m preserves an existing known-good fixture when forced regeneration is interrupted [33m 867[2mms[22m[39m
Build and inspect Linux Electron artifacts	Full deterministic unit gate	2026-09-11T14:00:10.0574937Z      [33m[2m✓[22m[39m reuses a checksum-valid legacy v2 preset cache without regeneration [33m 451[2mms[22m[39m
Build and inspect Linux Electron artifacts	Full deterministic unit gate	2026-09-11T14:00:10.0575687Z      [33m[2m✓[22m[39m starts the PR5 qualification fixture on the current schema before a bounded interruption [33m 347[2mms[22m[39m
Build and inspect Linux Electron artifacts	Full deterministic unit gate	2026-09-11T14:00:11.6206843Z  [32m✓[39m tests/unit/electron-mission-store-correction-recovery-state.test.ts [2m([22m[2m6 tests[22m[2m)[22m[33m 948[2mms[22m[39m
Build and inspect Linux Electron artifacts	Full deterministic unit gate	2026-09-11T14:00:11.6208503Z      [33m[2m✓[22m[39m does not project a finished mission as ordinary live state while attachment recovery is pending [33m 320[2mms[22m[39m
Build and inspect Linux Electron artifacts	Full deterministic unit gate	2026-09-11T14:01:05.1390980Z  [32m✓[39m tests/unit/electron-cleanup-live-write-contention.test.ts [2m([22m[2m15 tests[22m[2m)[22m[33m 52903[2mms[22m[39m
Build and inspect Linux Electron artifacts	Full deterministic unit gate	2026-09-11T14:01:05.1391975Z    [33m[2m✓[22m[39m keeps live devices responsive and durable while the real cleanup worker owns the writer lock [DON-252] [33m 4702[2mms[22m[39m
Build and inspect Linux Electron artifacts	Full deterministic unit gate	2026-09-11T14:01:05.1392878Z    [33m[2m✓[22m[39m keeps live single-devices responsive and durable while the real cleanup worker owns the writer lock [DON-252] [33m 3479[2mms[22m[39m
Build and inspect Linux Electron artifacts	Full deterministic unit gate	2026-09-11T14:01:05.1393741Z    [33m[2m✓[22m[39m keeps live positions responsive and durable while the real cleanup worker owns the writer lock [DON-252] [33m 3655[2mms[22m[39m
Build and inspect Linux Electron artifacts	Full deterministic unit gate	2026-09-11T14:01:05.1394743Z    [33m[2m✓[22m[39m keeps live one-position responsive and durable while the real cleanup worker owns the writer lock [DON-252] [33m 3289[2mms[22m[39m
Build and inspect Linux Electron artifacts	Full deterministic unit gate	2026-09-11T14:01:05.1395668Z    [33m[2m✓[22m[39m keeps live positions-bulk responsive and durable while the real cleanup worker owns the writer lock [DON-252] [33m 3312[2mms[22m[39m
Build and inspect Linux Electron artifacts	Full deterministic unit gate	2026-09-11T14:01:05.1396520Z    [33m[2m✓[22m[39m keeps live history responsive and durable while the real cleanup worker owns the writer lock [DON-252] [33m 3136[2mms[22m[39m
Build and inspect Linux Electron artifacts	Full deterministic unit gate	2026-09-11T14:01:05.1397397Z    [33m[2m✓[22m[39m keeps live conflict-position responsive and durable while the real cleanup worker owns the writer lock [DON-252] [33m 3695[2mms[22m[39m
Build and inspect Linux Electron artifacts	Full deterministic unit gate	2026-09-11T14:01:05.1398933Z    [33m[2m✓[22m[39m keeps live coverage responsive and durable while the real cleanup worker owns the writer lock [DON-252] [33m 3502[2mms[22m[39m
Build and inspect Linux Electron artifacts	Full deterministic unit gate	2026-09-11T14:01:05.1399847Z    [33m[2m✓[22m[39m keeps live coverage-manifest responsive and durable while the real cleanup worker owns the writer lock [DON-252] [33m 3981[2mms[22m[39m
Build and inspect Linux Electron artifacts	Full deterministic unit gate	2026-09-11T14:01:05.1400743Z    [33m[2m✓[22m[39m keeps live coverage-page responsive and durable while the real cleanup worker owns the writer lock [DON-252] [33m 3571[2mms[22m[39m
Build and inspect Linux Electron artifacts	Full deterministic unit gate	2026-09-11T14:01:05.1401609Z    [33m[2m✓[22m[39m keeps live coverage-stale responsive and durable while the real cleanup worker owns the writer lock [DON-252] [33m 3517[2mms[22m[39m
Build and inspect Linux Electron artifacts	Full deterministic unit gate	2026-09-11T14:01:05.1402793Z    [33m[2m✓[22m[39m keeps live finished-devices responsive and durable while the real cleanup worker owns the writer lock [DON-252] [33m 3515[2mms[22m[39m
Build and inspect Linux Electron artifacts	Full deterministic unit gate	2026-09-11T14:01:05.1403707Z    [33m[2m✓[22m[39m keeps live ordered-devices responsive and durable while the real cleanup worker owns the writer lock [DON-252] [33m 3571[2mms[22m[39m
Build and inspect Linux Electron artifacts	Full deterministic unit gate	2026-09-11T14:01:05.1404600Z    [33m[2m✓[22m[39m keeps live cancel-coverage responsive and durable while the real cleanup worker owns the writer lock [DON-252] [33m 3122[2mms[22m[39m
Build and inspect Linux Electron artifacts	Full deterministic unit gate	2026-09-11T14:01:05.1405725Z    [33m[2m✓[22m[39m keeps live shutdown-coverage responsive and durable while the real cleanup worker owns the writer lock [DON-252] [33m 2853[2mms[22m[39m
Build and inspect Linux Electron artifacts	Full deterministic unit gate	2026-09-11T14:01:05.7686534Z  [32m✓[39m tests/unit/layer-visibility-service.test.ts [2m([22m[2m10 tests[22m[2m)[22m[32m 9[2mms[22m[39m
Build and inspect Linux Electron artifacts	Full deterministic unit gate	2026-09-11T14:01:06.7032465Z  [32m✓[39m tests/unit/electron-search-operations-page.test.ts [2m([22m[2m5 tests[22m[2m)[22m[33m 343[2mms[22m[39m
Build and inspect Linux Electron artifacts	Full deterministic unit gate	2026-09-11T14:01:07.3498376Z  [32m✓[39m tests/unit/electron-archive-correction-custody.test.ts [2m([22m[2m13 tests[22m[2m)[22m[32m 49[2mms[22m[39m
Build and inspect Linux Electron artifacts	Full deterministic unit gate	2026-09-11T14:01:07.9683774Z  [32m✓[39m tests/unit/electron-storage-diagnostics.test.ts [2m([22m[2m7 tests[22m[2m)[22m[32m 26[2mms[22m[39m
Build and inspect Linux Electron artifacts	Full deterministic unit gate	2026-09-11T14:01:08.6088246Z  [32m✓[39m tests/unit/tauri-mission-store.test.ts [2m([22m[2m3 tests[22m[2m)[22m[32m 12[2mms[22m[39m
Build and inspect Linux Electron artifacts	Full deterministic unit gate	2026-09-11T14:01:09.2532568Z  [32m✓[39m tests/unit/electron-archive-verify-runner.test.ts [2m([22m[2m7 tests[22m[2m)[22m[32m 20[2mms[22m[39m
Build and inspect Linux Electron artifacts	Full deterministic unit gate	2026-09-11T14:01:09.9735294Z  [32m✓[39m tests/unit/electron-archive-legacy-predecessor-runner.test.ts [2m([22m[2m8 tests[22m[2m)[22m[32m 127[2mms[22m[39m
Build and inspect Linux Electron artifacts	Full deterministic unit gate	2026-09-11T14:01:10.5917051Z  [32m✓[39m tests/unit/start-mission-runtime.test.ts [2m([22m[2m14 tests[22m[2m)[22m[32m 15[2mms[22m[39m
Build and inspect Linux Electron artifacts	Full deterministic unit gate	2026-09-11T14:01:11.2871156Z  [32m✓[39m tests/unit/map-click-target-resolver.test.ts [2m([22m[2m15 tests[22m[2m)[22m[32m 8[2mms[22m[39m
Build and inspect Linux Electron artifacts	Full deterministic unit gate	2026-09-11T14:01:12.0406859Z  [32m✓[39m tests/unit/electron-archive-plaintext-sweep-runner.test.ts [2m([22m[2m13 tests[22m[2m)[22m[32m 159[2mms[22m[39m
Build and inspect Linux Electron artifacts	Full deterministic unit gate	2026-09-11T14:01:12.6483134Z  [32m✓[39m tests/unit/start-outing-runtime.test.ts [2m([22m[2m9 tests[22m[2m)[22m[32m 10[2mms[22m[39m
Build and inspect Linux Electron artifacts	Full deterministic unit gate	2026-09-11T14:01:13.2708227Z  [32m✓[39m tests/unit/coordinates.test.ts [2m([22m[2m41 tests[22m[2m)[22m[32m 18[2mms[22m[39m
Build and inspect Linux Electron artifacts	Full deterministic unit gate	2026-09-11T14:01:13.9929924Z  [32m✓[39m tests/unit/electron-gpx-renderer-boundary.test.ts [2m([22m[2m6 tests[22m[2m)[22m[32m 135[2mms[22m[39m
Build and inspect Linux Electron artifacts	Full deterministic unit gate	2026-09-11T14:01:16.2895335Z  [32m✓[39m tests/unit/breadcrumb-36h-mock-traccar.test.ts [2m([22m[2m7 tests[22m[2m)[22m[33m 1704[2mms[22m[39m
Build and inspect Linux Electron artifacts	Full deterministic unit gate	2026-09-11T14:01:16.2896648Z      [33m[2m✓[22m[39m defines a stable 33-device field profile and streams exact source truth [33m 1588[2mms[22m[39m
Build and inspect Linux Electron artifacts	Full deterministic unit gate	2026-09-11T14:01:16.9444329Z  [32m✓[39m tests/unit/marker-draft.test.ts [2m([22m[2m21 tests[22m[2m)[22m[32m 15[2mms[22m[39m
Build and inspect Linux Electron artifacts	Full deterministic unit gate	2026-09-11T14:01:17.5403065Z  [32m✓[39m tests/unit/participation-scope.test.ts [2m([22m[2m11 tests[22m[2m)[22m[32m 18[2mms[22m[39m
Build and inspect Linux Electron artifacts	Full deterministic unit gate	2026-09-11T14:01:18.3143236Z [90mstderr[2m | tests/unit/mission-control-panel-collapse.test.ts[2m > [22m[2mMissionControlPanel collapse behavior[2m > [22m[2mrequests top-mast minimization instead of rendering side-panel safety controls
Build and inspect Linux Electron artifacts	Full deterministic unit gate	2026-09-11T14:01:18.3144977Z [22m[39mThe current testing environment is not configured to support act(...)
Build and inspect Linux Electron artifacts	Full deterministic unit gate	2026-09-11T14:01:18.3145407Z 
Build and inspect Linux Electron artifacts	Full deterministic unit gate	2026-09-11T14:01:18.3168770Z [90mstderr[2m | tests/unit/mission-control-panel-collapse.test.ts[2m > [22m[2mMissionControlPanel collapse behavior[2m > [22m[2mrequests top-mast minimization instead of rendering side-panel safety controls
Build and inspect Linux Electron artifacts	Full deterministic unit gate	2026-09-11T14:01:18.3170264Z [22m[39mThe current testing environment is not configured to support act(...)
Build and inspect Linux Electron artifacts	Full deterministic unit gate	2026-09-11T14:01:18.3171011Z 
Build and inspect Linux Electron artifacts	Full deterministic unit gate	2026-09-11T14:01:18.3192430Z [90mstderr[2m | tests/unit/mission-control-panel-collapse.test.ts[2m > [22m[2mMissionControlPanel collapse behavior[2m > [22m[2mrenders nothing in the side panel while the top mast owns the minimized state
Build and inspect Linux Electron artifacts	Full deterministic unit gate	2026-09-11T14:01:18.3193877Z [22m[39mThe current testing environment is not configured to support act(...)
Build and inspect Linux Electron artifacts	Full deterministic unit gate	2026-09-11T14:01:18.3194287Z 
Build and inspect Linux Electron artifacts	Full deterministic unit gate	2026-09-11T14:01:18.3197630Z [90mstderr[2m | tests/unit/mission-control-panel-collapse.test.ts[2m > [22m[2mMissionControlPanel collapse behavior[2m > [22m[2mrenders nothing in the side panel while the top mast owns the minimized state
Build and inspect Linux Electron artifacts	Full deterministic unit gate	2026-09-11T14:01:18.3199009Z [22m[39mThe current testing environment is not configured to support act(...)
Build and inspect Linux Electron artifacts	Full deterministic unit gate	2026-09-11T14:01:18.3199397Z 
Build and inspect Linux Electron artifacts	Full deterministic unit gate	2026-09-11T14:01:18.3259510Z [90mstderr[2m | tests/unit/mission-control-panel-collapse.test.ts[2m > [22m[2mMissionControlPanel collapse behavior[2m > [22m[2mdoes not hide a failed mission action through minimization
Build and inspect Linux Electron artifacts	Full deterministic unit gate	2026-09-11T14:01:18.3260876Z [22m[39mThe current testing environment is not configured to support act(...)
Build and inspect Linux Electron artifacts	Full deterministic unit gate	2026-09-11T14:01:18.3261268Z 
Build and inspect Linux Electron artifacts	Full deterministic unit gate	2026-09-11T14:01:18.3270356Z [90mstderr[2m | tests/unit/mission-control-panel-collapse.test.ts[2m > [22m[2mMissionControlPanel collapse behavior[2m > [22m[2mdoes not hide a failed mission action through minimization
Build and inspect Linux Electron artifacts	Full deterministic unit gate	2026-09-11T14:01:18.3271774Z [22m[39mThe current testing environment is not configured to support act(...)
Build and inspect Linux Electron artifacts	Full deterministic unit gate	2026-09-11T14:01:18.3272168Z 
Build and inspect Linux Electron artifacts	Full deterministic unit gate	2026-09-11T14:01:18.3328244Z [90mstderr[2m | tests/unit/mission-control-panel-collapse.test.ts[2m > [22m[2mMissionControlPanel collapse behavior[2m > [22m[2mdoes not offer collapse while paused
Build and inspect Linux Electron artifacts	Full deterministic unit gate	2026-09-11T14:01:18.3329836Z [22m[39mThe current testing environment is not configured to support act(...)
Build and inspect Linux Electron artifacts	Full deterministic unit gate	2026-09-11T14:01:18.3330231Z 
Build and inspect Linux Electron artifacts	Full deterministic unit gate	2026-09-11T14:01:18.3337233Z [90mstderr[2m | tests/unit/mission-control-panel-collapse.test.ts[2m > [22m[2mMissionControlPanel collapse behavior[2m > [22m[2mdoes not offer collapse while paused
Build and inspect Linux Electron artifacts	Full deterministic unit gate	2026-09-11T14:01:18.3338448Z [22m[39mThe current testing environment is not configured to support act(...)
Build and inspect Linux Electron artifacts	Full deterministic unit gate	2026-09-11T14:01:18.3338799Z 
Build and inspect Linux Electron artifacts	Full deterministic unit gate	2026-09-11T14:01:18.3410450Z [90mstderr[2m | tests/unit/mission-control-panel-collapse.test.ts[2m > [22m[2mMissionControlPanel collapse behavior[2m > [22m[2mkeeps a failed finish reason inside the open confirmation dialog
Build and inspect Linux Electron artifacts	Full deterministic unit gate	2026-09-11T14:01:18.3411817Z [22m[39mThe current testing environment is not configured to support act(...)
Build and inspect Linux Electron artifacts	Full deterministic unit gate	2026-09-11T14:01:18.3412204Z 
Build and inspect Linux Electron artifacts	Full deterministic unit gate	2026-09-11T14:01:18.3423352Z [90mstderr[2m | tests/unit/mission-control-panel-collapse.test.ts[2m > [22m[2mMissionControlPanel collapse behavior[2m > [22m[2mkeeps a failed finish reason inside the open confirmation dialog
Build and inspect Linux Electron artifacts	Full deterministic unit gate	2026-09-11T14:01:18.3424976Z [22m[39mThe current testing environment is not configured to support act(...)
Build and inspect Linux Electron artifacts	Full deterministic unit gate	2026-09-11T14:01:18.3425413Z 
Build and inspect Linux Electron artifacts	Full deterministic unit gate	2026-09-11T14:01:18.3501055Z [90mstderr[2m | tests/unit/mission-control-panel-collapse.test.ts[2m > [22m[2mMissionControlPanel collapse behavior[2m > [22m[2mrenders the bounded encrypted archive custody flow instead of the legacy confirmation
Build and inspect Linux Electron artifacts	Full deterministic unit gate	2026-09-11T14:01:18.3502411Z [22m[39mThe current testing environment is not configured to support act(...)
Build and inspect Linux Electron artifacts	Full deterministic unit gate	2026-09-11T14:01:18.3502995Z 
Build and inspect Linux Electron artifacts	Full deterministic unit gate	2026-09-11T14:01:18.3569810Z [90mstderr[2m | tests/unit/mission-control-panel-collapse.test.ts[2m > [22m[2mMissionControlPanel collapse behavior[2m > [22m[2mrenders the bounded encrypted archive custody flow instead of the legacy confirmation
Build and inspect Linux Electron artifacts	Full deterministic unit gate	2026-09-11T14:01:18.3571180Z [22m[39mThe current testing environment is not configured to support act(...)
Build and inspect Linux Electron artifacts	Full deterministic unit gate	2026-09-11T14:01:18.3571881Z The current testing environment is not configured to support act(...)
Build and inspect Linux Electron artifacts	Full deterministic unit gate	2026-09-11T14:01:18.3572221Z 
Build and inspect Linux Electron artifacts	Full deterministic unit gate	2026-09-11T14:01:18.3593479Z [90mstderr[2m | tests/unit/mission-control-panel-collapse.test.ts[2m > [22m[2mMissionControlPanel collapse behavior[2m > [22m[2mrenders the bounded encrypted archive custody flow instead of the legacy confirmation
Build and inspect Linux Electron artifacts	Full deterministic unit gate	2026-09-11T14:01:18.3595508Z [22m[39mThe current testing environment is not configured to support act(...)
Build and inspect Linux Electron artifacts	Full deterministic unit gate	2026-09-11T14:01:18.3595900Z 
Build and inspect Linux Electron artifacts	Full deterministic unit gate	2026-09-11T14:01:18.3728072Z [90mstderr[2m | tests/unit/mission-control-panel-collapse.test.ts[2m > [22m[2mMissionControlPanel collapse behavior[2m > [22m[2moffers Archive & Lock only for a finished mission whose live storage is proven
Build and inspect Linux Electron artifacts	Full deterministic unit gate	2026-09-11T14:01:18.3729528Z [22m[39mThe current testing environment is not configured to support act(...)
Build and inspect Linux Electron artifacts	Full deterministic unit gate	2026-09-11T14:01:18.3730219Z The current testing environment is not configured to support act(...)
Build and inspect Linux Electron artifacts	Full deterministic unit gate	2026-09-11T14:01:18.3730823Z The current testing environment is not configured to support act(...)
Build and inspect Linux Electron artifacts	Full deterministic unit gate	2026-09-11T14:01:18.3731162Z 
Build and inspect Linux Electron artifacts	Full deterministic unit gate	2026-09-11T14:01:18.3732381Z [90mstderr[2m | tests/unit/mission-control-panel-collapse.test.ts[2m > [22m[2mMissionControlPanel collapse behavior[2m > [22m[2moffers Archive & Lock only for a finished mission whose live storage is proven
Build and inspect Linux Electron artifacts	Full deterministic unit gate	2026-09-11T14:01:18.3733650Z [22m[39mThe current testing environment is not configured to support act(...)
Build and inspect Linux Electron artifacts	Full deterministic unit gate	2026-09-11T14:01:18.3734044Z 
Build and inspect Linux Electron artifacts	Full deterministic unit gate	2026-09-11T14:01:18.3845817Z [90mstderr[2m | tests/unit/mission-control-panel-collapse.test.ts[2m > [22m[2mMissionControlPanel collapse behavior[2m > [22m[2mshows explicit live/archived storage truth and withholds cleanup and unlock after cleanup
Build and inspect Linux Electron artifacts	Full deterministic unit gate	2026-09-11T14:01:18.3847344Z [22m[39mThe current testing environment is not configured to support act(...)
Build and inspect Linux Electron artifacts	Full deterministic unit gate	2026-09-11T14:01:18.3848076Z The current testing environment is not configured to support act(...)
Build and inspect Linux Electron artifacts	Full deterministic unit gate	2026-09-11T14:01:18.3848416Z 
Build and inspect Linux Electron artifacts	Full deterministic unit gate	2026-09-11T14:01:18.3854059Z [90mstderr[2m | tests/unit/mission-control-panel-collapse.test.ts[2m > [22m[2mMissionControlPanel collapse behavior[2m > [22m[2mshows explicit live/archived storage truth and withholds cleanup and unlock after cleanup
Build and inspect Linux Electron artifacts	Full deterministic unit gate	2026-09-11T14:01:18.3856193Z [22m[39mThe current testing environment is not configured to support act(...)
Build and inspect Linux Electron artifacts	Full deterministic unit gate	2026-09-11T14:01:18.3856797Z 
Build and inspect Linux Electron artifacts	Full deterministic unit gate	2026-09-11T14:01:18.3917025Z [90mstderr[2m | tests/unit/mission-control-panel-collapse.test.ts[2m > [22m[2mMissionControlPanel collapse behavior[2m > [22m[2mopens a neutral cleanup review before resumability is known in Mission Control
Build and inspect Linux Electron artifacts	Full deterministic unit gate	2026-09-11T14:01:18.3918766Z [22m[39mThe current testing environment is not configured to support act(...)
Build and inspect Linux Electron artifacts	Full deterministic unit gate	2026-09-11T14:01:18.3919304Z 
Build and inspect Linux Electron artifacts	Full deterministic unit gate	2026-09-11T14:01:18.3924912Z [90mstderr[2m | tests/unit/mission-control-panel-collapse.test.ts[2m > [22m[2mMissionControlPanel collapse behavior[2m > [22m[2mopens a neutral cleanup review before resumability is known in Mission Control
Build and inspect Linux Electron artifacts	Full deterministic unit gate	2026-09-11T14:01:18.3926541Z [22m[39mThe current testing environment is not configured to support act(...)
Build and inspect Linux Electron artifacts	Full deterministic unit gate	2026-09-11T14:01:18.3927129Z 
Build and inspect Linux Electron artifacts	Full deterministic unit gate	2026-09-11T14:01:18.3937695Z  [32m✓[39m tests/unit/mission-control-panel-collapse.test.ts [2m([22m[2m9 tests[22m[2m)[22m[32m 196[2mms[22m[39m
Build and inspect Linux Electron artifacts	Full deterministic unit gate	2026-09-11T14:01:19.4997417Z  [32m✓[39m tests/unit/electron-archive-correction-custody-recovery-runner.test.ts [2m([22m[2m8 tests[22m[2m)[22m[33m 528[2mms[22m[39m
Build and inspect Linux Electron artifacts	Full deterministic unit gate	2026-09-11T14:01:19.4998375Z      [33m[2m✓[22m[39m reclaims uncommitted pair residue before clearing its durable custody plan [33m 336[2mms[22m[39m
Build and inspect Linux Electron artifacts	Full deterministic unit gate	2026-09-11T14:01:20.1685396Z  [32m✓[39m tests/unit/start-core-feature-runtimes.test.ts [2m([22m[2m7 tests[22m[2m)[22m[32m 16[2mms[22m[39m
Build and inspect Linux Electron artifacts	Full deterministic unit gate	2026-09-11T14:01:20.7863260Z  [32m✓[39m tests/unit/layer-stale-refresh-integration.test.ts [2m([22m[2m2 tests[22m[2m)[22m[32m 13[2mms[22m[39m
Build and inspect Linux Electron artifacts	Full deterministic unit gate	2026-09-11T14:01:21.3801400Z  [32m✓[39m tests/unit/electron-archive-review-renderer-source.test.ts [2m([22m[2m7 tests[22m[2m)[22m[32m 12[2mms[22m[39m
Build and inspect Linux Electron artifacts	Full deterministic unit gate	2026-09-11T14:01:22.0008078Z  [32m✓[39m tests/unit/coverage-bench-lib.test.ts [2m([22m[2m10 tests[22m[2m)[22m[32m 21[2mms[22m[39m
Build and inspect Linux Electron artifacts	Full deterministic unit gate	2026-09-11T14:01:22.5996630Z  [32m✓[39m tests/unit/electron-archive-custody-operation-runner.test.ts [2m([22m[2m9 tests[22m[2m)[22m[32m 16[2mms[22m[39m
Build and inspect Linux Electron artifacts	Full deterministic unit gate	2026-09-11T14:01:23.1996566Z  [32m✓[39m tests/unit/layer-catalog-builder.test.ts [2m([22m[2m6 tests[22m[2m)[22m[32m 16[2mms[22m[39m
Build and inspect Linux Electron artifacts	Full deterministic unit gate	2026-09-11T14:01:23.8245623Z  [32m✓[39m tests/unit/electron-mission-archive-runner.test.ts [2m([22m[2m8 tests[22m[2m)[22m[32m 16[2mms[22m[39m
Build and inspect Linux Electron artifacts	Full deterministic unit gate	2026-09-11T14:01:24.4932312Z  [32m✓[39m tests/unit/electron-archive-review-sweep-runner.test.ts [2m([22m[2m7 tests[22m[2m)[22m[32m 55[2mms[22m[39m
Build and inspect Linux Electron artifacts	Full deterministic unit gate	2026-09-11T14:01:25.1007953Z  [32m✓[39m tests/unit/field-readiness-checklist.test.ts [2m([22m[2m20 tests[22m[2m)[22m[32m 24[2mms[22m[39m
Build and inspect Linux Electron artifacts	Full deterministic unit gate	2026-09-11T14:01:26.0735432Z  [32m✓[39m tests/unit/electron-archive-review-sweep-worker.test.ts [2m([22m[2m9 tests[22m[2m)[22m[33m 384[2mms[22m[39m
Build and inspect Linux Electron artifacts	Full deterministic unit gate	2026-09-11T14:01:27.4607223Z  [32m✓[39m tests/unit/electron-mission-review-read-query-runner.test.ts [2m([22m[2m7 tests[22m[2m)[22m[33m 800[2mms[22m[39m
Build and inspect Linux Electron artifacts	Full deterministic unit gate	2026-09-11T14:01:27.4608590Z      [33m[2m✓[22m[39m keeps the main event loop responsive during a deliberately slow review query [33m 327[2mms[22m[39m
Build and inspect Linux Electron artifacts	Full deterministic unit gate	2026-09-11T14:01:28.3373982Z [90mstderr[2m | tests/unit/coverage-history-retrieval-warning.test.ts[2m > [22m[2mmust revoke all-mission-history completion when actual history reconciliation fails
Build and inspect Linux Electron artifacts	Full deterministic unit gate	2026-09-11T14:01:28.3375122Z [22m[39mTracking breadcrumb reconciliation failed for device. {
Build and inspect Linux Electron artifacts	Full deterministic unit gate	2026-09-11T14:01:28.3375482Z   deviceId: [32m'1'[39m,
Build and inspect Linux Electron artifacts	Full deterministic unit gate	2026-09-11T14:01:28.3375756Z   deviceName: [32m'Alpha'[39m,
Build and inspect Linux Electron artifacts	Full deterministic unit gate	2026-09-11T14:01:28.3376029Z   retryDelayMs: [33m1000[39m,
Build and inspect Linux Electron artifacts	Full deterministic unit gate	2026-09-11T14:01:28.3376335Z   error: [32m'Provider history unavailable'[39m
Build and inspect Linux Electron artifacts	Full deterministic unit gate	2026-09-11T14:01:28.3376595Z }
Build and inspect Linux Electron artifacts	Full deterministic unit gate	2026-09-11T14:01:28.3376829Z Tracking breadcrumb fetch failed for device. {
Build and inspect Linux Electron artifacts	Full deterministic unit gate	2026-09-11T14:01:28.3377453Z   deviceId: [32m'1'[39m,
Build and inspect Linux Electron artifacts	Full deterministic unit gate	2026-09-11T14:01:28.3377713Z   deviceName: [32m'Alpha'[39m,
Build and inspect Linux Electron artifacts	Full deterministic unit gate	2026-09-11T14:01:28.3378003Z   error: [32m'Provider history unavailable'[39m
Build and inspect Linux Electron artifacts	Full deterministic unit gate	2026-09-11T14:01:28.3378236Z }
Build and inspect Linux Electron artifacts	Full deterministic unit gate	2026-09-11T14:01:28.3378331Z 
Build and inspect Linux Electron artifacts	Full deterministic unit gate	2026-09-11T14:01:28.4991434Z  [32m✓[39m tests/unit/coverage-history-retrieval-warning.test.ts [2m([22m[2m1 test[22m[2m)[22m[32m 276[2mms[22m[39m
Build and inspect Linux Electron artifacts	Full deterministic unit gate	2026-09-11T14:01:29.1346012Z  [32m✓[39m tests/unit/electron-tracking-soak-exact-renderer-proof-lib.test.ts [2m([22m[2m7 tests[22m[2m)[22m[32m 46[2mms[22m[39m
Build and inspect Linux Electron artifacts	Full deterministic unit gate	2026-09-11T14:01:29.7938396Z  [32m✓[39m tests/unit/electron-mission-review-read-query.test.ts [2m([22m[2m5 tests[22m[2m)[22m[32m 76[2mms[22m[39m
Build and inspect Linux Electron artifacts	Full deterministic unit gate	2026-09-11T14:01:30.3980552Z  [32m✓[39m tests/unit/breadcrumb-live-exact-smoke-safety.test.ts [2m([22m[2m10 tests[22m[2m)[22m[32m 9[2mms[22m[39m
Build and inspect Linux Electron artifacts	Full deterministic unit gate	2026-09-11T14:01:31.4512802Z  [32m✓[39m tests/unit/electron-archive-custody-corrupt-request-fence.test.ts [2m([22m[2m4 tests[22m[2m)[22m[33m 434[2mms[22m[39m
Build and inspect Linux Electron artifacts	Full deterministic unit gate	2026-09-11T14:01:32.0550522Z  [32m✓[39m tests/unit/archive-mission-review-runtime.test.ts [2m([22m[2m7 tests[22m[2m)[22m[32m 28[2mms[22m[39m
Build and inspect Linux Electron artifacts	Full deterministic unit gate	2026-09-11T14:01:32.6887411Z  [32m✓[39m tests/unit/responsive-mission-writer.test.ts [2m([22m[2m9 tests[22m[2m)[22m[32m 23[2mms[22m[39m
Build and inspect Linux Electron artifacts	Full deterministic unit gate	2026-09-11T14:01:33.3179526Z  [32m✓[39m tests/unit/electron-linux-renderer-workflows.test.ts [2m([22m[2m7 tests[22m[2m)[22m[32m 24[2mms[22m[39m
Build and inspect Linux Electron artifacts	Full deterministic unit gate	2026-09-11T14:01:33.9102897Z  [32m✓[39m tests/unit/drawing-geojson.test.ts [2m([22m[2m8 tests[22m[2m)[22m[32m 7[2mms[22m[39m
Build and inspect Linux Electron artifacts	Full deterministic unit gate	2026-09-11T14:01:39.3790988Z  [32m✓[39m tests/unit/electron-archive-correction-snapshot.test.ts [2m([22m[2m5 tests[22m[2m)[22m[33m 4875[2mms[22m[39m
Build and inspect Linux Electron artifacts	Full deterministic unit gate	2026-09-11T14:01:39.3791860Z      [33m[2m✓[22m[39m copies and re-authenticates the database and every attachment off the main isolate [33m 4833[2mms[22m[39m
Build and inspect Linux Electron artifacts	Full deterministic unit gate	2026-09-11T14:01:39.9738113Z  [32m✓[39m tests/unit/map-style-sync.test.ts [2m([22m[2m10 tests[22m[2m)[22m[32m 15[2mms[22m[39m
Build and inspect Linux Electron artifacts	Full deterministic unit gate	2026-09-11T14:01:42.8696771Z  [32m✓[39m tests/unit/electron-mission-archive-worker.test.ts [2m([22m[2m1 test[22m[2m)[22m[33m 2265[2mms[22m[39m
Build and inspect Linux Electron artifacts	Full deterministic unit gate	2026-09-11T14:01:42.8697789Z      [33m[2m✓[22m[39m streams one encrypted mission archive and removes all plaintext before completion [33m 2263[2mms[22m[39m
Build and inspect Linux Electron artifacts	Full deterministic unit gate	2026-09-11T14:01:43.5239946Z  [32m✓[39m tests/unit/electron-tracking-soak-exact-action.test.ts [2m([22m[2m7 tests[22m[2m)[22m[32m 66[2mms[22m[39m
Build and inspect Linux Electron artifacts	Full deterministic unit gate	2026-09-11T14:01:44.2560254Z [90mstderr[2m | tests/unit/drawing-dialog.test.ts[2m > [22m[2mDrawingDialog vertices readout[2m > [22m[2mdoes not render a Vertices readout for line drawings
Build and inspect Linux Electron artifacts	Full deterministic unit gate	2026-09-11T14:01:44.2561194Z [22m[39mThe current testing environment is not configured to support act(...)
Build and inspect Linux Electron artifacts	Full deterministic unit gate	2026-09-11T14:01:44.2561449Z 
Build and inspect Linux Electron artifacts	Full deterministic unit gate	2026-09-11T14:01:44.2643775Z [90mstderr[2m | tests/unit/drawing-dialog.test.ts[2m > [22m[2mDrawingDialog vertices readout[2m > [22m[2mdoes not render a Vertices readout for line drawings
Build and inspect Linux Electron artifacts	Full deterministic unit gate	2026-09-11T14:01:44.2645091Z [22m[39mThe current testing environment is not configured to support act(...)
Build and inspect Linux Electron artifacts	Full deterministic unit gate	2026-09-11T14:01:44.2645464Z 
Build and inspect Linux Electron artifacts	Full deterministic unit gate	2026-09-11T14:01:44.2888822Z [90mstderr[2m | tests/unit/drawing-dialog.test.ts[2m > [22m[2mDrawingDialog vertices readout[2m > [22m[2mdoes not render a Vertices readout for search area drawings
Build and inspect Linux Electron artifacts	Full deterministic unit gate	2026-09-11T14:01:44.2890044Z [22m[39mThe current testing environment is not configured to support act(...)
Build and inspect Linux Electron artifacts	Full deterministic unit gate	2026-09-11T14:01:44.2890435Z 
Build and inspect Linux Electron artifacts	Full deterministic unit gate	2026-09-11T14:01:44.2903936Z [90mstderr[2m | tests/unit/drawing-dialog.test.ts[2m > [22m[2mDrawingDialog vertices readout[2m > [22m[2mdoes not render a Vertices readout for search area drawings
Build and inspect Linux Electron artifacts	Full deterministic unit gate	2026-09-11T14:01:44.2904945Z [22m[39mThe current testing environment is not configured to support act(...)
Build and inspect Linux Electron artifacts	Full deterministic unit gate	2026-09-11T14:01:44.2905199Z 
Build and inspect Linux Electron artifacts	Full deterministic unit gate	2026-09-11T14:01:44.2959149Z [90mstderr[2m | tests/unit/drawing-dialog.test.ts[2m > [22m[2mDrawingDialog vertices readout[2m > [22m[2mpreserves search sector details when the radius control is used
Build and inspect Linux Electron artifacts	Full deterministic unit gate	2026-09-11T14:01:44.2960674Z [22m[39mThe current testing environment is not configured to support act(...)
Build and inspect Linux Electron artifacts	Full deterministic unit gate	2026-09-11T14:01:44.2960912Z 
Build and inspect Linux Electron artifacts	Full deterministic unit gate	2026-09-11T14:01:44.3104141Z [90mstderr[2m | tests/unit/drawing-dialog.test.ts[2m > [22m[2mDrawingDialog vertices readout[2m > [22m[2mpreserves search sector details when the radius control is used
Build and inspect Linux Electron artifacts	Full deterministic unit gate	2026-09-11T14:01:44.3105476Z [22m[39mThe current testing environment is not configured to support act(...)
Build and inspect Linux Electron artifacts	Full deterministic unit gate	2026-09-11T14:01:44.3106159Z The current testing environment is not configured to support act(...)
Build and inspect Linux Electron artifacts	Full deterministic unit gate	2026-09-11T14:01:44.3106819Z The current testing environment is not configured to support act(...)
Build and inspect Linux Electron artifacts	Full deterministic unit gate	2026-09-11T14:01:44.3107536Z The current testing environment is not configured to support act(...)
Build and inspect Linux Electron artifacts	Full deterministic unit gate	2026-09-11T14:01:44.3107943Z 
Build and inspect Linux Electron artifacts	Full deterministic unit gate	2026-09-11T14:01:44.3116328Z [90mstderr[2m | tests/unit/drawing-dialog.test.ts[2m > [22m[2mDrawingDialog vertices readout[2m > [22m[2mpreserves search sector details when the radius control is used
Build and inspect Linux Electron artifacts	Full deterministic unit gate	2026-09-11T14:01:44.3117735Z [22m[39mThe current testing environment is not configured to support act(...)
Build and inspect Linux Electron artifacts	Full deterministic unit gate	2026-09-11T14:01:44.3118228Z 
Build and inspect Linux Electron artifacts	Full deterministic unit gate	2026-09-11T14:01:44.3159332Z [90mstderr[2m | tests/unit/drawing-dialog.test.ts[2m > [22m[2mDrawingDialog vertices readout[2m > [22m[2msimplifies Text Label details by hiding derived anchor and rotation controls
Build and inspect Linux Electron artifacts	Full deterministic unit gate	2026-09-11T14:01:44.3160515Z [22m[39mThe current testing environment is not configured to support act(...)
Build and inspect Linux Electron artifacts	Full deterministic unit gate	2026-09-11T14:01:44.3160757Z 
Build and inspect Linux Electron artifacts	Full deterministic unit gate	2026-09-11T14:01:44.3173556Z [90mstderr[2m | tests/unit/drawing-dialog.test.ts[2m > [22m[2mDrawingDialog vertices readout[2m > [22m[2msimplifies Text Label details by hiding derived anchor and rotation controls
Build and inspect Linux Electron artifacts	Full deterministic unit gate	2026-09-11T14:01:44.3174859Z [22m[39mThe current testing environment is not configured to support act(...)
Build and inspect Linux Electron artifacts	Full deterministic unit gate	2026-09-11T14:01:44.3175105Z 
Build and inspect Linux Electron artifacts	Full deterministic unit gate	2026-09-11T14:01:44.3213420Z [90mstderr[2m | tests/unit/drawing-dialog.test.ts[2m > [22m[2mDrawingDialog vertices readout[2m > [22m[2mshows required range-ring fields without derived centre and mode readouts
Build and inspect Linux Electron artifacts	Full deterministic unit gate	2026-09-11T14:01:44.3214856Z [22m[39mThe current testing environment is not configured to support act(...)
Build and inspect Linux Electron artifacts	Full deterministic unit gate	2026-09-11T14:01:44.3215122Z 
Build and inspect Linux Electron artifacts	Full deterministic unit gate	2026-09-11T14:01:44.3228251Z [90mstderr[2m | tests/unit/drawing-dialog.test.ts[2m > [22m[2mDrawingDialog vertices readout[2m > [22m[2mshows required range-ring fields without derived centre and mode readouts
Build and inspect Linux Electron artifacts	Full deterministic unit gate	2026-09-11T14:01:44.3229775Z [22m[39mThe current testing environment is not configured to support act(...)
Build and inspect Linux Electron artifacts	Full deterministic unit gate	2026-09-11T14:01:44.3230018Z 
Build and inspect Linux Electron artifacts	Full deterministic unit gate	2026-09-11T14:01:44.3265103Z [90mstderr[2m | tests/unit/drawing-dialog.test.ts[2m > [22m[2mDrawingDialog vertices readout[2m > [22m[2mshows required search-sector name and replaces centre readout with Irish Grid coordinates
Build and inspect Linux Electron artifacts	Full deterministic unit gate	2026-09-11T14:01:44.3265924Z [22m[39mThe current testing environment is not configured to support act(...)
Build and inspect Linux Electron artifacts	Full deterministic unit gate	2026-09-11T14:01:44.3266164Z 
Build and inspect Linux Electron artifacts	Full deterministic unit gate	2026-09-11T14:01:44.3278316Z [90mstderr[2m | tests/unit/drawing-dialog.test.ts[2m > [22m[2mDrawingDialog vertices readout[2m > [22m[2mshows required search-sector name and replaces centre readout with Irish Grid coordinates
Build and inspect Linux Electron artifacts	Full deterministic unit gate	2026-09-11T14:01:44.3279209Z [22m[39mThe current testing environment is not configured to support act(...)
Build and inspect Linux Electron artifacts	Full deterministic unit gate	2026-09-11T14:01:44.3279473Z 
Build and inspect Linux Electron artifacts	Full deterministic unit gate	2026-09-11T14:01:44.3350199Z [90mstderr[2m | tests/unit/drawing-dialog.test.ts[2m > [22m[2mDrawingDialog vertices readout[2m > [22m[2mlets search-area labels be hidden from the map at creation time
Build and inspect Linux Electron artifacts	Full deterministic unit gate	2026-09-11T14:01:44.3351003Z [22m[39mThe current testing environment is not configured to support act(...)
Build and inspect Linux Electron artifacts	Full deterministic unit gate	2026-09-11T14:01:44.3351257Z 
Build and inspect Linux Electron artifacts	Full deterministic unit gate	2026-09-11T14:01:44.3362751Z [90mstderr[2m | tests/unit/drawing-dialog.test.ts[2m > [22m[2mDrawingDialog vertices readout[2m > [22m[2mlets search-area labels be hidden from the map at creation time
Build and inspect Linux Electron artifacts	Full deterministic unit gate	2026-09-11T14:01:44.3363594Z [22m[39mThe current testing environment is not configured to support act(...)
Build and inspect Linux Electron artifacts	Full deterministic unit gate	2026-09-11T14:01:44.3363980Z 
Build and inspect Linux Electron artifacts	Full deterministic unit gate	2026-09-11T14:01:44.3454312Z [90mstderr[2m | tests/unit/drawing-dialog.test.ts[2m > [22m[2mDrawingDialog vertices readout[2m > [22m[2mdisables Save for a search area with a blank required name
Build and inspect Linux Electron artifacts	Full deterministic unit gate	2026-09-11T14:01:44.3455647Z [22m[39mThe current testing environment is not configured to support act(...)
Build and inspect Linux Electron artifacts	Full deterministic unit gate	2026-09-11T14:01:44.3455897Z 
Build and inspect Linux Electron artifacts	Full deterministic unit gate	2026-09-11T14:01:44.3461317Z [90mstderr[2m | tests/unit/drawing-dialog.test.ts[2m > [22m[2mDrawingDialog vertices readout[2m > [22m[2mdisables Save for a search area with a blank required name
Build and inspect Linux Electron artifacts	Full deterministic unit gate	2026-09-11T14:01:44.3462487Z [22m[39mThe current testing environment is not configured to support act(...)
Build and inspect Linux Electron artifacts	Full deterministic unit gate	2026-09-11T14:01:44.3462768Z 
Build and inspect Linux Electron artifacts	Full deterministic unit gate	2026-09-11T14:01:44.3491227Z [90mstderr[2m | tests/unit/drawing-dialog.test.ts[2m > [22m[2mDrawingDialog vertices readout[2m > [22m[2mstates that drawing retirement preserves revisions and audit evidence
Build and inspect Linux Electron artifacts	Full deterministic unit gate	2026-09-11T14:01:44.3492480Z [22m[39mThe current testing environment is not configured to support act(...)
Build and inspect Linux Electron artifacts	Full deterministic unit gate	2026-09-11T14:01:44.3492727Z 
Build and inspect Linux Electron artifacts	Full deterministic unit gate	2026-09-11T14:01:44.3527719Z [90mstderr[2m | tests/unit/drawing-dialog.test.ts[2m > [22m[2mDrawingDialog vertices readout[2m > [22m[2mstates that drawing retirement preserves revisions and audit evidence
Build and inspect Linux Electron artifacts	Full deterministic unit gate	2026-09-11T14:01:44.3528867Z [22m[39mThe current testing environment is not configured to support act(...)
Build and inspect Linux Electron artifacts	Full deterministic unit gate	2026-09-11T14:01:44.3529237Z 
Build and inspect Linux Electron artifacts	Full deterministic unit gate	2026-09-11T14:01:44.3533601Z [90mstderr[2m | tests/unit/drawing-dialog.test.ts[2m > [22m[2mDrawingDialog vertices readout[2m > [22m[2mstates that drawing retirement preserves revisions and audit evidence
Build and inspect Linux Electron artifacts	Full deterministic unit gate	2026-09-11T14:01:44.3534889Z [22m[39mThe current testing environment is not configured to support act(...)
Build and inspect Linux Electron artifacts	Full deterministic unit gate	2026-09-11T14:01:44.3535187Z 
Build and inspect Linux Electron artifacts	Full deterministic unit gate	2026-09-11T14:01:44.3547718Z  [32m✓[39m tests/unit/drawing-dialog.test.ts [2m([22m[2m9 tests[22m[2m)[22m[32m 171[2mms[22m[39m
Build and inspect Linux Electron artifacts	Full deterministic unit gate	2026-09-11T14:01:45.0399303Z [90mstderr[2m | tests/unit/coverage-status-panel.test.ts[2m > [22m[2mcoverage status panel [DON-275][2m > [22m[2mAUD-14 does not claim all history when retrieval has failed despite saved evidence being delivered
Build and inspect Linux Electron artifacts	Full deterministic unit gate	2026-09-11T14:01:45.0400281Z [22m[39mThe current testing environment is not configured to support act(...)
Build and inspect Linux Electron artifacts	Full deterministic unit gate	2026-09-11T14:01:45.0400660Z 
Build and inspect Linux Electron artifacts	Full deterministic unit gate	2026-09-11T14:01:45.0415625Z [90mstderr[2m | tests/unit/coverage-status-panel.test.ts[2m > [22m[2mcoverage status panel [DON-275][2m > [22m[2mAUD-14 does not claim all history when retrieval has failed despite saved evidence being delivered
Build and inspect Linux Electron artifacts	Full deterministic unit gate	2026-09-11T14:01:45.0417548Z [22m[39mThe current testing environment is not configured to support act(...)
Build and inspect Linux Electron artifacts	Full deterministic unit gate	2026-09-11T14:01:45.0417960Z 
Build and inspect Linux Electron artifacts	Full deterministic unit gate	2026-09-11T14:01:45.0648043Z [90mstderr[2m | tests/unit/coverage-status-panel.test.ts[2m > [22m[2mcoverage status panel [DON-275][2m > [22m[2mshows database-backed loading progress and permits an honest decrease
Build and inspect Linux Electron artifacts	Full deterministic unit gate	2026-09-11T14:01:45.0649436Z [22m[39mThe current testing environment is not configured to support act(...)
Build and inspect Linux Electron artifacts	Full deterministic unit gate	2026-09-11T14:01:45.0650186Z The current testing environment is not configured to support act(...)
Build and inspect Linux Electron artifacts	Full deterministic unit gate	2026-09-11T14:01:45.0650574Z 
Build and inspect Linux Electron artifacts	Full deterministic unit gate	2026-09-11T14:01:45.0658335Z [90mstderr[2m | tests/unit/coverage-status-panel.test.ts[2m > [22m[2mcoverage status panel [DON-275][2m > [22m[2mshows database-backed loading progress and permits an honest decrease
Build and inspect Linux Electron artifacts	Full deterministic unit gate	2026-09-11T14:01:45.0659711Z [22m[39mThe current testing environment is not configured to support act(...)
Build and inspect Linux Electron artifacts	Full deterministic unit gate	2026-09-11T14:01:45.0660145Z 
Build and inspect Linux Electron artifacts	Full deterministic unit gate	2026-09-11T14:01:45.0697353Z [90mstderr[2m | tests/unit/coverage-status-panel.test.ts[2m > [22m[2mcoverage status panel [DON-275][2m > [22m[2mnever renders 100% before the final completeness claim succeeds
Build and inspect Linux Electron artifacts	Full deterministic unit gate	2026-09-11T14:01:45.0698668Z [22m[39mThe current testing environment is not configured to support act(...)
Build and inspect Linux Electron artifacts	Full deterministic unit gate	2026-09-11T14:01:45.0699399Z The current testing environment is not configured to support act(...)
Build and inspect Linux Electron artifacts	Full deterministic unit gate	2026-09-11T14:01:45.0699752Z 
Build and inspect Linux Electron artifacts	Full deterministic unit gate	2026-09-11T14:01:45.0702662Z [90mstderr[2m | tests/unit/coverage-status-panel.test.ts[2m > [22m[2mcoverage status panel [DON-275][2m > [22m[2mnever renders 100% before the final completeness claim succeeds
Build and inspect Linux Electron artifacts	Full deterministic unit gate	2026-09-11T14:01:45.0704362Z [22m[39mThe current testing environment is not configured to support act(...)
Build and inspect Linux Electron artifacts	Full deterministic unit gate	2026-09-11T14:01:45.0704987Z 
Build and inspect Linux Electron artifacts	Full deterministic unit gate	2026-09-11T14:01:45.0773602Z [90mstderr[2m | tests/unit/coverage-status-panel.test.ts[2m > [22m[2mcoverage status panel [DON-275][2m > [22m[2muses whole-mission wording only when no history is omitted
Build and inspect Linux Electron artifacts	Full deterministic unit gate	2026-09-11T14:01:45.0775064Z [22m[39mThe current testing environment is not configured to support act(...)
Build and inspect Linux Electron artifacts	Full deterministic unit gate	2026-09-11T14:01:45.0775851Z The current testing environment is not configured to support act(...)
Build and inspect Linux Electron artifacts	Full deterministic unit gate	2026-09-11T14:01:45.0776214Z 
Build and inspect Linux Electron artifacts	Full deterministic unit gate	2026-09-11T14:01:45.0778960Z [90mstderr[2m | tests/unit/coverage-status-panel.test.ts[2m > [22m[2mcoverage status panel [DON-275][2m > [22m[2muses whole-mission wording only when no history is omitted
Build and inspect Linux Electron artifacts	Full deterministic unit gate	2026-09-11T14:01:45.0780168Z [22m[39mThe current testing environment is not configured to support act(...)
Build and inspect Linux Electron artifacts	Full deterministic unit gate	2026-09-11T14:01:45.0780547Z 
Build and inspect Linux Electron artifacts	Full deterministic unit gate	2026-09-11T14:01:45.0800030Z [90mstderr[2m | tests/unit/coverage-status-panel.test.ts[2m > [22m[2mcoverage status panel [DON-275][2m > [22m[2mnever describes the Outside outings period as an outing
Build and inspect Linux Electron artifacts	Full deterministic unit gate	2026-09-11T14:01:45.0801322Z [22m[39mThe current testing environment is not configured to support act(...)
Build and inspect Linux Electron artifacts	Full deterministic unit gate	2026-09-11T14:01:45.0801700Z 
Build and inspect Linux Electron artifacts	Full deterministic unit gate	2026-09-11T14:01:45.0803629Z [90mstderr[2m | tests/unit/coverage-status-panel.test.ts[2m > [22m[2mcoverage status panel [DON-275][2m > [22m[2mnever describes the Outside outings period as an outing
Build and inspect Linux Electron artifacts	Full deterministic unit gate	2026-09-11T14:01:45.0805001Z [22m[39mThe current testing environment is not configured to support act(...)
Build and inspect Linux Electron artifacts	Full deterministic unit gate	2026-09-11T14:01:45.0805414Z 
Build and inspect Linux Electron artifacts	Full deterministic unit gate	2026-09-11T14:01:45.0865292Z [90mstderr[2m | tests/unit/coverage-status-panel.test.ts[2m > [22m[2mcoverage status panel [DON-275][2m > [22m[2mdistinguishes partial, degraded, backfill, and reorganizing states
Build and inspect Linux Electron artifacts	Full deterministic unit gate	2026-09-11T14:01:45.0866623Z [22m[39mThe current testing environment is not configured to support act(...)
Build and inspect Linux Electron artifacts	Full deterministic unit gate	2026-09-11T14:01:45.0867343Z The current testing environment is not configured to support act(...)
Build and inspect Linux Electron artifacts	Full deterministic unit gate	2026-09-11T14:01:45.0868038Z The current testing environment is not configured to support act(...)
Build and inspect Linux Electron artifacts	Full deterministic unit gate	2026-09-11T14:01:45.0868692Z The current testing environment is not configured to support act(...)
Build and inspect Linux Electron artifacts	Full deterministic unit gate	2026-09-11T14:01:45.0869042Z 
Build and inspect Linux Electron artifacts	Full deterministic unit gate	2026-09-11T14:01:45.0870166Z [90mstderr[2m | tests/unit/coverage-status-panel.test.ts[2m > [22m[2mcoverage status panel [DON-275][2m > [22m[2mdistinguishes partial, degraded, backfill, and reorganizing states
Build and inspect Linux Electron artifacts	Full deterministic unit gate	2026-09-11T14:01:45.0871773Z [22m[39mThe current testing environment is not configured to support act(...)
Build and inspect Linux Electron artifacts	Full deterministic unit gate	2026-09-11T14:01:45.0872162Z 
Build and inspect Linux Electron artifacts	Full deterministic unit gate	2026-09-11T14:01:45.0888619Z [90mstderr[2m | tests/unit/coverage-status-panel.test.ts[2m > [22m[2mcoverage status panel [DON-275][2m > [22m[2mshows renderer-held evidence as an evidence wait without fake progress or retry
Build and inspect Linux Electron artifacts	Full deterministic unit gate	2026-09-11T14:01:45.0889955Z [22m[39mThe current testing environment is not configured to support act(...)
Build and inspect Linux Electron artifacts	Full deterministic unit gate	2026-09-11T14:01:45.0890344Z 
Build and inspect Linux Electron artifacts	Full deterministic unit gate	2026-09-11T14:01:45.0891670Z [90mstderr[2m | tests/unit/coverage-status-panel.test.ts[2m > [22m[2mcoverage status panel [DON-275][2m > [22m[2mshows renderer-held evidence as an evidence wait without fake progress or retry
Build and inspect Linux Electron artifacts	Full deterministic unit gate	2026-09-11T14:01:45.0892689Z [22m[39mThe current testing environment is not configured to support act(...)
Build and inspect Linux Electron artifacts	Full deterministic unit gate	2026-09-11T14:01:45.0893058Z 
Build and inspect Linux Electron artifacts	Full deterministic unit gate	2026-09-11T14:01:45.0911213Z [90mstderr[2m | tests/unit/coverage-status-panel.test.ts[2m > [22m[2mcoverage status panel [DON-275][2m > [22m[2mdoes not claim coverage is shown while the renderer style is detached
Build and inspect Linux Electron artifacts	Full deterministic unit gate	2026-09-11T14:01:45.0912516Z [22m[39mThe current testing environment is not configured to support act(...)
Build and inspect Linux Electron artifacts	Full deterministic unit gate	2026-09-11T14:01:45.0912901Z 
Build and inspect Linux Electron artifacts	Full deterministic unit gate	2026-09-11T14:01:45.0913899Z [90mstderr[2m | tests/unit/coverage-status-panel.test.ts[2m > [22m[2mcoverage status panel [DON-275][2m > [22m[2mdoes not claim coverage is shown while the renderer style is detached
Build and inspect Linux Electron artifacts	Full deterministic unit gate	2026-09-11T14:01:45.0915336Z [22m[39mThe current testing environment is not configured to support act(...)
Build and inspect Linux Electron artifacts	Full deterministic unit gate	2026-09-11T14:01:45.0916008Z 
Build and inspect Linux Electron artifacts	Full deterministic unit gate	2026-09-11T14:01:45.0932446Z [90mstderr[2m | tests/unit/coverage-status-panel.test.ts[2m > [22m[2mcoverage status panel [DON-275][2m > [22m[2mwithholds progress and retry until the map has applied the selected history filter
Build and inspect Linux Electron artifacts	Full deterministic unit gate	2026-09-11T14:01:45.0933841Z [22m[39mThe current testing environment is not configured to support act(...)
Build and inspect Linux Electron artifacts	Full deterministic unit gate	2026-09-11T14:01:45.0934227Z 
Build and inspect Linux Electron artifacts	Full deterministic unit gate	2026-09-11T14:01:45.0937217Z [90mstderr[2m | tests/unit/coverage-status-panel.test.ts[2m > [22m[2mcoverage status panel [DON-275][2m > [22m[2mwithholds progress and retry until the map has applied the selected history filter
Build and inspect Linux Electron artifacts	Full deterministic unit gate	2026-09-11T14:01:45.0938515Z [22m[39mThe current testing environment is not configured to support act(...)
Build and inspect Linux Electron artifacts	Full deterministic unit gate	2026-09-11T14:01:45.0938912Z 
Build and inspect Linux Electron artifacts	Full deterministic unit gate	2026-09-11T14:01:45.0958029Z [90mstderr[2m | tests/unit/coverage-status-panel.test.ts[2m > [22m[2mcoverage status panel [DON-275][2m > [22m[2mkeeps failures explicit while backfill or reorganization context also applies
Build and inspect Linux Electron artifacts	Full deterministic unit gate	2026-09-11T14:01:45.0959357Z [22m[39mThe current testing environment is not configured to support act(...)
Build and inspect Linux Electron artifacts	Full deterministic unit gate	2026-09-11T14:01:45.0960078Z The current testing environment is not configured to support act(...)
Build and inspect Linux Electron artifacts	Full deterministic unit gate	2026-09-11T14:01:45.0960425Z 
Build and inspect Linux Electron artifacts	Full deterministic unit gate	2026-09-11T14:01:45.0961517Z [90mstderr[2m | tests/unit/coverage-status-panel.test.ts[2m > [22m[2mcoverage status panel [DON-275][2m > [22m[2mkeeps failures explicit while backfill or reorganization context also applies
Build and inspect Linux Electron artifacts	Full deterministic unit gate	2026-09-11T14:01:45.0962802Z [22m[39mThe current testing environment is not configured to support act(...)
Build and inspect Linux Electron artifacts	Full deterministic unit gate	2026-09-11T14:01:45.0963198Z 
Build and inspect Linux Electron artifacts	Full deterministic unit gate	2026-09-11T14:01:45.0979309Z [90mstderr[2m | tests/unit/coverage-status-panel.test.ts[2m > [22m[2mcoverage status panel [DON-275][2m > [22m[2mnever describes a plain coverage failure as still loading
Build and inspect Linux Electron artifacts	Full deterministic unit gate	2026-09-11T14:01:45.0980561Z [22m[39mThe current testing environment is not configured to support act(...)
Build and inspect Linux Electron artifacts	Full deterministic unit gate	2026-09-11T14:01:45.0980921Z 
Build and inspect Linux Electron artifacts	Full deterministic unit gate	2026-09-11T14:01:45.0982147Z [90mstderr[2m | tests/unit/coverage-status-panel.test.ts[2m > [22m[2mcoverage status panel [DON-275][2m > [22m[2mnever describes a plain coverage failure as still loading
Build and inspect Linux Electron artifacts	Full deterministic unit gate	2026-09-11T14:01:45.0983305Z [22m[39mThe current testing environment is not configured to support act(...)
Build and inspect Linux Electron artifacts	Full deterministic unit gate	2026-09-11T14:01:45.0983693Z 
Build and inspect Linux Electron artifacts	Full deterministic unit gate	2026-09-11T14:01:45.0997164Z  [32m✓[39m tests/unit/coverage-status-panel.test.ts [2m([22m[2m11 tests[22m[2m)[22m[32m 80[2mms[22m[39m
Build and inspect Linux Electron artifacts	Full deterministic unit gate	2026-09-11T14:01:45.8547143Z [90mstderr[2m | tests/unit/drawing-toolbar.test.ts[2m > [22m[2mDrawingToolbar[2m > [22m[2mdoes not render a Select button in the expanded Map Tools list
Build and inspect Linux Electron artifacts	Full deterministic unit gate	2026-09-11T14:01:45.8548226Z [22m[39mThe current testing environment is not configured to support act(...)
Build and inspect Linux Electron artifacts	Full deterministic unit gate	2026-09-11T14:01:45.8548678Z The current testing environment is not configured to support act(...)
Build and inspect Linux Electron artifacts	Full deterministic unit gate	2026-09-11T14:01:45.8548914Z 
Build and inspect Linux Electron artifacts	Full deterministic unit gate	2026-09-11T14:01:45.8559719Z [90mstderr[2m | tests/unit/drawing-toolbar.test.ts[2m > [22m[2mDrawingToolbar[2m > [22m[2mdoes not render a Select button in the expanded Map Tools list
Build and inspect Linux Electron artifacts	Full deterministic unit gate	2026-09-11T14:01:45.8560438Z [22m[39mThe current testing environment is not configured to support act(...)
Build and inspect Linux Electron artifacts	Full deterministic unit gate	2026-09-11T14:01:45.8560688Z 
Build and inspect Linux Electron artifacts	Full deterministic unit gate	2026-09-11T14:01:45.8588057Z [90mstderr[2m | tests/unit/drawing-toolbar.test.ts[2m > [22m[2mDrawingToolbar[2m > [22m[2mstill shows Select as the active-mode chip when select mode is the fallback
Build and inspect Linux Electron artifacts	Full deterministic unit gate	2026-09-11T14:01:45.8588789Z [22m[39mThe current testing environment is not configured to support act(...)
Build and inspect Linux Electron artifacts	Full deterministic unit gate	2026-09-11T14:01:45.8589029Z 
Build and inspect Linux Electron artifacts	Full deterministic unit gate	2026-09-11T14:01:45.8593890Z [90mstderr[2m | tests/unit/drawing-toolbar.test.ts[2m > [22m[2mDrawingToolbar[2m > [22m[2mstill shows Select as the active-mode chip when select mode is the fallback
Build and inspect Linux Electron artifacts	Full deterministic unit gate	2026-09-11T14:01:45.8594596Z [22m[39mThe current testing environment is not configured to support act(...)
Build and inspect Linux Electron artifacts	Full deterministic unit gate	2026-09-11T14:01:45.8594990Z 
Build and inspect Linux Electron artifacts	Full deterministic unit gate	2026-09-11T14:01:45.8663087Z [90mstderr[2m | tests/unit/drawing-toolbar.test.ts[2m > [22m[2mDrawingToolbar[2m > [22m[2mreveals Map Tools and the selected drawing layer before arming a drawing tool
Build and inspect Linux Electron artifacts	Full deterministic unit gate	2026-09-11T14:01:45.8664370Z [22m[39mThe current testing environment is not configured to support act(...)
Build and inspect Linux Electron artifacts	Full deterministic unit gate	2026-09-11T14:01:45.8665086Z The current testing environment is not configured to support act(...)
Build and inspect Linux Electron artifacts	Full deterministic unit gate	2026-09-11T14:01:45.8665514Z The current testing environment is not configured to support act(...)
Build and inspect Linux Electron artifacts	Full deterministic unit gate	2026-09-11T14:01:45.8665740Z 
Build and inspect Linux Electron artifacts	Full deterministic unit gate	2026-09-11T14:01:45.8684764Z [90mstderr[2m | tests/unit/drawing-toolbar.test.ts[2m > [22m[2mDrawingToolbar[2m > [22m[2mreveals Map Tools and the selected drawing layer before arming a drawing tool
Build and inspect Linux Electron artifacts	Full deterministic unit gate	2026-09-11T14:01:45.8685931Z [22m[39mThe current testing environment is not configured to support act(...)
Build and inspect Linux Electron artifacts	Full deterministic unit gate	2026-09-11T14:01:45.8686189Z 
Build and inspect Linux Electron artifacts	Full deterministic unit gate	2026-09-11T14:01:45.8760869Z [90mstderr[2m | tests/unit/drawing-toolbar.test.ts[2m > [22m[2mDrawingToolbar[2m > [22m[2mreveals Map Tools and Measurements before arming Measure from the toolbar
Build and inspect Linux Electron artifacts	Full deterministic unit gate	2026-09-11T14:01:45.8761936Z [22m[39mThe current testing environment is not configured to support act(...)
Build and inspect Linux Electron artifacts	Full deterministic unit gate	2026-09-11T14:01:45.8762751Z The current testing environment is not configured to support act(...)
Build and inspect Linux Electron artifacts	Full deterministic unit gate	2026-09-11T14:01:45.8763605Z The current testing environment is not configured to support act(...)
Build and inspect Linux Electron artifacts	Full deterministic unit gate	2026-09-11T14:01:45.8764131Z 
Build and inspect Linux Electron artifacts	Full deterministic unit gate	2026-09-11T14:01:45.8771577Z [90mstderr[2m | tests/unit/drawing-toolbar.test.ts[2m > [22m[2mDrawingToolbar[2m > [22m[2mreveals Map Tools and Measurements before arming Measure from the toolbar
Build and inspect Linux Electron artifacts	Full deterministic unit gate	2026-09-11T14:01:45.8772799Z [22m[39mThe current testing environment is not configured to support act(...)
Build and inspect Linux Electron artifacts	Full deterministic unit gate	2026-09-11T14:01:45.8773169Z 
Build and inspect Linux Electron artifacts	Full deterministic unit gate	2026-09-11T14:01:45.8876256Z [90mstderr[2m | tests/unit/drawing-toolbar.test.ts[2m > [22m[2mDrawingToolbar[2m > [22m[2mhosts the Marker at GR workflow inside expanded Map Tools
Build and inspect Linux Electron artifacts	Full deterministic unit gate	2026-09-11T14:01:45.8877435Z [22m[39mThe current testing environment is not configured to support act(...)
Build and inspect Linux Electron artifacts	Full deterministic unit gate	2026-09-11T14:01:45.8878093Z The current testing environment is not configured to support act(...)
Build and inspect Linux Electron artifacts	Full deterministic unit gate	2026-09-11T14:01:45.8878758Z The current testing environment is not configured to support act(...)
Build and inspect Linux Electron artifacts	Full deterministic unit gate	2026-09-11T14:01:45.8879112Z 
Build and inspect Linux Electron artifacts	Full deterministic unit gate	2026-09-11T14:01:45.8886477Z [90mstderr[2m | tests/unit/drawing-toolbar.test.ts[2m > [22m[2mDrawingToolbar[2m > [22m[2mhosts the Marker at GR workflow inside expanded Map Tools
Build and inspect Linux Electron artifacts	Full deterministic unit gate	2026-09-11T14:01:45.8895717Z [22m[39mThe current testing environment is not configured to support act(...)
Build and inspect Linux Electron artifacts	Full deterministic unit gate	2026-09-11T14:01:45.8896168Z 
Build and inspect Linux Electron artifacts	Full deterministic unit gate	2026-09-11T14:01:45.8951126Z [90mstderr[2m | tests/unit/drawing-toolbar.test.ts[2m > [22m[2mDrawingToolbar[2m > [22m[2mopens Map Tools measurement controls without relying on the sidebar Tools tab
Build and inspect Linux Electron artifacts	Full deterministic unit gate	2026-09-11T14:01:45.8952136Z [22m[39mThe current testing environment is not configured to support act(...)
Build and inspect Linux Electron artifacts	Full deterministic unit gate	2026-09-11T14:01:45.8952588Z The current testing environment is not configured to support act(...)
Build and inspect Linux Electron artifacts	Full deterministic unit gate	2026-09-11T14:01:45.8953013Z The current testing environment is not configured to support act(...)
Build and inspect Linux Electron artifacts	Full deterministic unit gate	2026-09-11T14:01:45.8953229Z 
Build and inspect Linux Electron artifacts	Full deterministic unit gate	2026-09-11T14:01:45.8956538Z [90mstderr[2m | tests/unit/drawing-toolbar.test.ts[2m > [22m[2mDrawingToolbar[2m > [22m[2mopens Map Tools measurement controls without relying on the sidebar Tools tab
Build and inspect Linux Electron artifacts	Full deterministic unit gate	2026-09-11T14:01:45.8957535Z [22m[39mThe current testing environment is not configured to support act(...)
Build and inspect Linux Electron artifacts	Full deterministic unit gate	2026-09-11T14:01:45.8957850Z 
Build and inspect Linux Electron artifacts	Full deterministic unit gate	2026-09-11T14:01:45.8967919Z  [32m✓[39m tests/unit/drawing-toolbar.test.ts [2m([22m[2m6 tests[22m[2m)[22m[32m 115[2mms[22m[39m
Build and inspect Linux Electron artifacts	Full deterministic unit gate	2026-09-11T14:01:46.4975286Z  [32m✓[39m tests/unit/seed-mission-store-lib.test.ts [2m([22m[2m13 tests[22m[2m)[22m[32m 12[2mms[22m[39m
Build and inspect Linux Electron artifacts	Full deterministic unit gate	2026-09-11T14:01:47.1885721Z  [32m✓[39m tests/unit/leaflet-fallback-renderer.test.ts [2m([22m[2m5 tests[22m[2m)[22m[32m 8[2mms[22m[39m
Build and inspect Linux Electron artifacts	Full deterministic unit gate	2026-09-11T14:01:47.7879474Z  [32m✓[39m tests/unit/load-replay-map.test.ts [2m([22m[2m9 tests[22m[2m)[22m[32m 18[2mms[22m[39m
Build and inspect Linux Electron artifacts	Full deterministic unit gate	2026-09-11T14:01:48.4718793Z  [32m✓[39m tests/unit/electron-breadcrumb-dot-runner.test.ts [2m([22m[2m4 tests[22m[2m)[22m[32m 98[2mms[22m[39m
Build and inspect Linux Electron artifacts	Full deterministic unit gate	2026-09-11T14:01:49.0817408Z  [32m✓[39m tests/unit/electron-archive-cleanup-credential-runner.test.ts [2m([22m[2m5 tests[22m[2m)[22m[32m 14[2mms[22m[39m
Build and inspect Linux Electron artifacts	Full deterministic unit gate	2026-09-11T14:01:49.7009410Z  [32m✓[39m tests/unit/tracking-cache-payload.test.ts [2m([22m[2m12 tests[22m[2m)[22m[32m 28[2mms[22m[39m
Build and inspect Linux Electron artifacts	Full deterministic unit gate	2026-09-11T14:01:50.3317687Z  [32m✓[39m tests/unit/browser-archive-review-harness.test.ts [2m([22m[2m4 tests[22m[2m)[22m[32m 14[2mms[22m[39m
Build and inspect Linux Electron artifacts	Full deterministic unit gate	2026-09-11T14:01:51.3600019Z  [32m✓[39m tests/unit/electron-coverage-query-runner.test.ts [2m([22m[2m8 tests[22m[2m)[22m[33m 431[2mms[22m[39m
Build and inspect Linux Electron artifacts	Full deterministic unit gate	2026-09-11T14:01:51.9405342Z  [32m✓[39m tests/unit/settings-validation.test.ts [2m([22m[2m17 tests[22m[2m)[22m[32m 10[2mms[22m[39m
Build and inspect Linux Electron artifacts	Full deterministic unit gate	2026-09-11T14:01:52.6345958Z [90mstderr[2m | tests/unit/exact-breadcrumb-dot-status.test.ts[2m > [22m[2mExactBreadcrumbDotStatus[2m > [22m[2mshows canonical fix times as explicit local operator time with offset [DON-267] [SAR-QA-021]
Build and inspect Linux Electron artifacts	Full deterministic unit gate	2026-09-11T14:01:52.6346908Z [22m[39mThe current testing environment is not configured to support act(...)
Build and inspect Linux Electron artifacts	Full deterministic unit gate	2026-09-11T14:01:52.6347181Z 
Build and inspect Linux Electron artifacts	Full deterministic unit gate	2026-09-11T14:01:52.6363081Z [90mstderr[2m | tests/unit/exact-breadcrumb-dot-status.test.ts[2m > [22m[2mExactBreadcrumbDotStatus[2m > [22m[2mshows canonical fix times as explicit local operator time with offset [DON-267] [SAR-QA-021]
Build and inspect Linux Electron artifacts	Full deterministic unit gate	2026-09-11T14:01:52.6363944Z [22m[39mThe current testing environment is not configured to support act(...)
Build and inspect Linux Electron artifacts	Full deterministic unit gate	2026-09-11T14:01:52.6364176Z 
Build and inspect Linux Electron artifacts	Full deterministic unit gate	2026-09-11T14:01:52.6392606Z [90mstderr[2m | tests/unit/exact-breadcrumb-dot-status.test.ts[2m > [22m[2mExactBreadcrumbDotStatus[2m > [22m[2mshows exact-dot failure visibly without implying line representatives are dots
Build and inspect Linux Electron artifacts	Full deterministic unit gate	2026-09-11T14:01:52.6393446Z [22m[39mThe current testing environment is not configured to support act(...)
Build and inspect Linux Electron artifacts	Full deterministic unit gate	2026-09-11T14:01:52.6393685Z 
Build and inspect Linux Electron artifacts	Full deterministic unit gate	2026-09-11T14:01:52.6399335Z [90mstderr[2m | tests/unit/exact-breadcrumb-dot-status.test.ts[2m > [22m[2mExactBreadcrumbDotStatus[2m > [22m[2mshows exact-dot failure visibly without implying line representatives are dots
Build and inspect Linux Electron artifacts	Full deterministic unit gate	2026-09-11T14:01:52.6400134Z [22m[39mThe current testing environment is not configured to support act(...)
Build and inspect Linux Electron artifacts	Full deterministic unit gate	2026-09-11T14:01:52.6400387Z 
Build and inspect Linux Electron artifacts	Full deterministic unit gate	2026-09-11T14:01:52.6462980Z [90mstderr[2m | tests/unit/exact-breadcrumb-dot-status.test.ts[2m > [22m[2mExactBreadcrumbDotStatus[2m > [22m[2mhonors an immediate operator Earlier click at the ready publication boundary
Build and inspect Linux Electron artifacts	Full deterministic unit gate	2026-09-11T14:01:52.6463798Z [22m[39mThe current testing environment is not configured to support act(...)
Build and inspect Linux Electron artifacts	Full deterministic unit gate	2026-09-11T14:01:52.6464377Z 
Build and inspect Linux Electron artifacts	Full deterministic unit gate	2026-09-11T14:01:52.6486595Z [90mstderr[2m | tests/unit/exact-breadcrumb-dot-status.test.ts[2m > [22m[2mExactBreadcrumbDotStatus[2m > [22m[2mhonors an immediate operator Earlier click at the ready publication boundary
Build and inspect Linux Electron artifacts	Full deterministic unit gate	2026-09-11T14:01:52.6487414Z [22m[39mThe current testing environment is not configured to support act(...)
Build and inspect Linux Electron artifacts	Full deterministic unit gate	2026-09-11T14:01:52.6487655Z 
Build and inspect Linux Electron artifacts	Full deterministic unit gate	2026-09-11T14:01:52.6946842Z [90mstderr[2m | tests/unit/exact-breadcrumb-dot-status.test.ts[2m > [22m[2mExactBreadcrumbDotStatus[2m > [22m[2mhonors an immediate operator Earlier click at the ready publication boundary
Build and inspect Linux Electron artifacts	Full deterministic unit gate	2026-09-11T14:01:52.6947715Z [22m[39mThe current testing environment is not configured to support act(...)
Build and inspect Linux Electron artifacts	Full deterministic unit gate	2026-09-11T14:01:52.6947974Z 
Build and inspect Linux Electron artifacts	Full deterministic unit gate	2026-09-11T14:01:52.6956007Z  [32m✓[39m tests/unit/exact-breadcrumb-dot-status.test.ts [2m([22m[2m3 tests[22m[2m)[22m[32m 104[2mms[22m[39m
Build and inspect Linux Electron artifacts	Full deterministic unit gate	2026-09-11T14:01:53.2953560Z  [32m✓[39m tests/unit/start-drawing-runtime.test.ts [2m([22m[2m8 tests[22m[2m)[22m[32m 11[2mms[22m[39m
Build and inspect Linux Electron artifacts	Full deterministic unit gate	2026-09-11T14:01:54.0119766Z  [32m✓[39m tests/unit/persist-history-chunk-groups.test.ts [2m([22m[2m7 tests[22m[2m)[22m[32m 113[2mms[22m[39m
Build and inspect Linux Electron artifacts	Full deterministic unit gate	2026-09-11T14:01:54.6063192Z  [32m✓[39m tests/unit/electron-tracking-soak-failure-evidence-lib.test.ts [2m([22m[2m6 tests[22m[2m)[22m[32m 9[2mms[22m[39m
Build and inspect Linux Electron artifacts	Full deterministic unit gate	2026-09-11T14:01:55.2200667Z  [32m✓[39m tests/unit/beta-verify-lib.test.ts [2m([22m[2m19 tests[22m[2m)[22m[32m 8[2mms[22m[39m
Build and inspect Linux Electron artifacts	Full deterministic unit gate	2026-09-11T14:01:55.9984437Z  [32m✓[39m tests/unit/electron-render-trace-diagnostics.test.ts [2m([22m[2m10 tests[22m[2m)[22m[32m 16[2mms[22m[39m
Build and inspect Linux Electron artifacts	Full deterministic unit gate	2026-09-11T14:01:56.8509562Z  [32m✓[39m tests/unit/stationary-attention.test.ts [2m([22m[2m14 tests[22m[2m)[22m[32m 144[2mms[22m[39m
Build and inspect Linux Electron artifacts	Full deterministic unit gate	2026-09-11T14:02:05.2447218Z  [32m✓[39m tests/unit/stationary-attention-projection.test.ts [2m([22m[2m7 tests[22m[2m)[22m[33m 7678[2mms[22m[39m
Build and inspect Linux Electron artifacts	Full deterministic unit gate	2026-09-11T14:02:05.2448044Z      [33m[2m✓[22m[39m visits interleaved compaction rows a bounded number of times [AUD-03] [33m 6919[2mms[22m[39m
Build and inspect Linux Electron artifacts	Full deterministic unit gate	2026-09-11T14:02:05.2448789Z      [33m[2m✓[22m[39m keeps a one-device update inside the 100-by-5,000 stationary projection gate [33m 753[2mms[22m[39m
Build and inspect Linux Electron artifacts	Full deterministic unit gate	2026-09-11T14:02:05.9126451Z  [32m✓[39m tests/unit/electron-mission-finalization-scan.test.ts [2m([22m[2m7 tests[22m[2m)[22m[32m 83[2mms[22m[39m
Build and inspect Linux Electron artifacts	Full deterministic unit gate	2026-09-11T14:02:06.6857380Z  [32m✓[39m tests/unit/electron-outing-store.test.ts [2m([22m[2m3 tests[22m[2m)[22m[32m 168[2mms[22m[39m
Build and inspect Linux Electron artifacts	Full deterministic unit gate	2026-09-11T14:02:07.2768980Z  [32m✓[39m tests/unit/mission-review-model.test.ts [2m([22m[2m5 tests[22m[2m)[22m[32m 20[2mms[22m[39m
Build and inspect Linux Electron artifacts	Full deterministic unit gate	2026-09-11T14:02:07.9085074Z  [32m✓[39m tests/unit/electron-archive-legacy-predecessor-worker.test.ts [2m([22m[2m4 tests[22m[2m)[22m[32m 51[2mms[22m[39m
Build and inspect Linux Electron artifacts	Full deterministic unit gate	2026-09-11T14:02:08.5504327Z  [32m✓[39m tests/unit/tracking-reload-custody.test.ts [2m([22m[2m4 tests[22m[2m)[22m[32m 33[2mms[22m[39m
Build and inspect Linux Electron artifacts	Full deterministic unit gate	2026-09-11T14:02:09.1465299Z  [32m✓[39m tests/unit/offline-map-readiness.test.ts [2m([22m[2m8 tests[22m[2m)[22m[32m 4[2mms[22m[39m
Build and inspect Linux Electron artifacts	Full deterministic unit gate	2026-09-11T14:02:09.7436105Z  [32m✓[39m tests/unit/electron-archive-review-envelope.test.ts [2m([22m[2m6 tests[22m[2m)[22m[32m 7[2mms[22m[39m
Build and inspect Linux Electron artifacts	Full deterministic unit gate	2026-09-11T14:02:10.6134287Z  [32m✓[39m tests/unit/coverage-filter-manifest-growth.test.ts [2m([22m[2m1 test[22m[2m)[22m[32m 261[2mms[22m[39m
Build and inspect Linux Electron artifacts	Full deterministic unit gate	2026-09-11T14:02:11.3950913Z [90mstderr[2m | tests/unit/search-operations-read-only.test.ts[2m > [22m[2msearch operations finalized-mission containment [DON-279][2m > [22m[2mkeeps retained operations visible without exposing write affordances
Build and inspect Linux Electron artifacts	Full deterministic unit gate	2026-09-11T14:02:11.3952008Z [22m[39mThe current testing environment is not configured to support act(...)
Build and inspect Linux Electron artifacts	Full deterministic unit gate	2026-09-11T14:02:11.3952250Z 
Build and inspect Linux Electron artifacts	Full deterministic unit gate	2026-09-11T14:02:11.3974559Z [90mstderr[2m | tests/unit/search-operations-read-only.test.ts[2m > [22m[2msearch operations finalized-mission containment [DON-279][2m > [22m[2mkeeps retained operations visible without exposing write affordances
Build and inspect Linux Electron artifacts	Full deterministic unit gate	2026-09-11T14:02:11.3976206Z [22m[39mThe current testing environment is not configured to support act(...)
Build and inspect Linux Electron artifacts	Full deterministic unit gate	2026-09-11T14:02:11.3976467Z 
Build and inspect Linux Electron artifacts	Full deterministic unit gate	2026-09-11T14:02:11.4033259Z [90mstderr[2m | tests/unit/search-operations-read-only.test.ts[2m > [22m[2msearch operations finalized-mission containment [DON-279][2m > [22m[2mdisables page controls while retained evidence is loading or refreshing [DON-279]
Build and inspect Linux Electron artifacts	Full deterministic unit gate	2026-09-11T14:02:11.4035243Z [22m[39mThe current testing environment is not configured to support act(...)
Build and inspect Linux Electron artifacts	Full deterministic unit gate	2026-09-11T14:02:11.4035950Z 
Build and inspect Linux Electron artifacts	Full deterministic unit gate	2026-09-11T14:02:11.4041293Z [90mstderr[2m | tests/unit/search-operations-read-only.test.ts[2m > [22m[2msearch operations finalized-mission containment [DON-279][2m > [22m[2mdisables page controls while retained evidence is loading or refreshing [DON-279]
Build and inspect Linux Electron artifacts	Full deterministic unit gate	2026-09-11T14:02:11.4042736Z [22m[39mThe current testing environment is not configured to support act(...)
Build and inspect Linux Electron artifacts	Full deterministic unit gate	2026-09-11T14:02:11.4043075Z 
Build and inspect Linux Electron artifacts	Full deterministic unit gate	2026-09-11T14:02:11.4087685Z [90mstderr[2m | tests/unit/search-operations-read-only.test.ts[2m > [22m[2msearch operations finalized-mission containment [DON-279][2m > [22m[2mrestores search, first, and next controls after Review is no longer busy [DON-279]
Build and inspect Linux Electron artifacts	Full deterministic unit gate	2026-09-11T14:02:11.4088815Z [22m[39mThe current testing environment is not configured to support act(...)
Build and inspect Linux Electron artifacts	Full deterministic unit gate	2026-09-11T14:02:11.4089209Z 
Build and inspect Linux Electron artifacts	Full deterministic unit gate	2026-09-11T14:02:11.4096724Z [90mstderr[2m | tests/unit/search-operations-read-only.test.ts[2m > [22m[2msearch operations finalized-mission containment [DON-279][2m > [22m[2mrestores search, first, and next controls after Review is no longer busy [DON-279]
Build and inspect Linux Electron artifacts	Full deterministic unit gate	2026-09-11T14:02:11.4098783Z [22m[39mThe current testing environment is not configured to support act(...)
Build and inspect Linux Electron artifacts	Full deterministic unit gate	2026-09-11T14:02:11.4099359Z 
Build and inspect Linux Electron artifacts	Full deterministic unit gate	2026-09-11T14:02:11.4171329Z [90mstderr[2m | tests/unit/search-operations-read-only.test.ts[2m > [22m[2msearch operations finalized-mission containment [DON-279][2m > [22m[2mbinds remounted search controls to the retained exact page scope [DON-279]
Build and inspect Linux Electron artifacts	Full deterministic unit gate	2026-09-11T14:02:11.4172303Z [22m[39mThe current testing environment is not configured to support act(...)
Build and inspect Linux Electron artifacts	Full deterministic unit gate	2026-09-11T14:02:11.4172759Z The current testing environment is not configured to support act(...)
Build and inspect Linux Electron artifacts	Full deterministic unit gate	2026-09-11T14:02:11.4172995Z 
Build and inspect Linux Electron artifacts	Full deterministic unit gate	2026-09-11T14:02:11.4184246Z [90mstderr[2m | tests/unit/search-operations-read-only.test.ts[2m > [22m[2msearch operations finalized-mission containment [DON-279][2m > [22m[2mbinds remounted search controls to the retained exact page scope [DON-279]
Build and inspect Linux Electron artifacts	Full deterministic unit gate	2026-09-11T14:02:11.4185663Z [22m[39mThe current testing environment is not configured to support act(...)
Build and inspect Linux Electron artifacts	Full deterministic unit gate	2026-09-11T14:02:11.4185928Z 
Build and inspect Linux Electron artifacts	Full deterministic unit gate	2026-09-11T14:02:11.4285961Z [90mstderr[2m | tests/unit/search-operations-read-only.test.ts[2m > [22m[2msearch operations finalized-mission containment [DON-279][2m > [22m[2mkeeps an unapplied search draft while its accepted page loads or advances [DON-279]
Build and inspect Linux Electron artifacts	Full deterministic unit gate	2026-09-11T14:02:11.4287232Z [22m[39mThe current testing environment is not configured to support act(...)
Build and inspect Linux Electron artifacts	Full deterministic unit gate	2026-09-11T14:02:11.4287683Z The current testing environment is not configured to support act(...)
Build and inspect Linux Electron artifacts	Full deterministic unit gate	2026-09-11T14:02:11.4288109Z The current testing environment is not configured to support act(...)
Build and inspect Linux Electron artifacts	Full deterministic unit gate	2026-09-11T14:02:11.4288514Z The current testing environment is not configured to support act(...)
Build and inspect Linux Electron artifacts	Full deterministic unit gate	2026-09-11T14:02:11.4288728Z 
Build and inspect Linux Electron artifacts	Full deterministic unit gate	2026-09-11T14:02:11.4298439Z [90mstderr[2m | tests/unit/search-operations-read-only.test.ts[2m > [22m[2msearch operations finalized-mission containment [DON-279][2m > [22m[2mkeeps an unapplied search draft while its accepted page loads or advances [DON-279]
Build and inspect Linux Electron artifacts	Full deterministic unit gate	2026-09-11T14:02:11.4300591Z [22m[39mThe current testing environment is not configured to support act(...)
Build and inspect Linux Electron artifacts	Full deterministic unit gate	2026-09-11T14:02:11.4300986Z 
Build and inspect Linux Electron artifacts	Full deterministic unit gate	2026-09-11T14:02:11.4327939Z  [32m✓[39m tests/unit/search-operations-read-only.test.ts [2m([22m[2m5 tests[22m[2m)[22m[32m 83[2mms[22m[39m
Build and inspect Linux Electron artifacts	Full deterministic unit gate	2026-09-11T14:02:12.0370886Z  [32m✓[39m tests/unit/electron-tracking-soak-operator-audit-lib.test.ts [2m([22m[2m10 tests[22m[2m)[22m[32m 11[2mms[22m[39m
Build and inspect Linux Electron artifacts	Full deterministic unit gate	2026-09-11T14:02:12.6646434Z  [32m✓[39m tests/unit/drawing-builders.test.ts [2m([22m[2m16 tests[22m[2m)[22m[32m 9[2mms[22m[39m
Build and inspect Linux Electron artifacts	Full deterministic unit gate	2026-09-11T14:02:13.3260896Z  [32m✓[39m tests/unit/electron-runtime-log.test.ts [2m([22m[2m9 tests[22m[2m)[22m[32m 83[2mms[22m[39m
Build and inspect Linux Electron artifacts	Full deterministic unit gate	2026-09-11T14:02:13.9216135Z  [32m✓[39m tests/unit/electron-archive-correction-runner.test.ts [2m([22m[2m8 tests[22m[2m)[22m[32m 16[2mms[22m[39m
Build and inspect Linux Electron artifacts	Full deterministic unit gate	2026-09-11T14:02:14.6774101Z  [32m✓[39m tests/unit/electron-archive-correction-capability.test.ts [2m([22m[2m3 tests[22m[2m)[22m[32m 177[2mms[22m[39m
Build and inspect Linux Electron artifacts	Full deterministic unit gate	2026-09-11T14:02:15.2617706Z  [32m✓[39m tests/unit/tile-health-tracker.test.ts [2m([22m[2m17 tests[22m[2m)[22m[32m 8[2mms[22m[39m
Build and inspect Linux Electron artifacts	Full deterministic unit gate	2026-09-11T14:02:15.8769803Z  [32m✓[39m tests/unit/gpx-parser.test.ts [2m([22m[2m7 tests[22m[2m)[22m[32m 34[2mms[22m[39m
Build and inspect Linux Electron artifacts	Full deterministic unit gate	2026-09-11T14:02:16.4623738Z  [32m✓[39m tests/unit/electron-archive-cleanup-failure.test.ts [2m([22m[2m7 tests[22m[2m)[22m[32m 6[2mms[22m[39m
Build and inspect Linux Electron artifacts	Full deterministic unit gate	2026-09-11T14:02:17.0937749Z  [32m✓[39m tests/unit/coordinate-tool.test.ts [2m([22m[2m18 tests[22m[2m)[22m[32m 11[2mms[22m[39m
Build and inspect Linux Electron artifacts	Full deterministic unit gate	2026-09-11T14:02:17.6964424Z  [32m✓[39m tests/unit/electron-mission-store-freeze-probe-lib.test.ts [2m([22m[2m10 tests[22m[2m)[22m[32m 8[2mms[22m[39m
Build and inspect Linux Electron artifacts	Full deterministic unit gate	2026-09-11T14:02:20.3234069Z  [32m✓[39m tests/unit/electron-tracking-soak-lifecycle-lib.test.ts [2m([22m[2m8 tests[22m[2m)[22m[33m 2019[2mms[22m[39m
Build and inspect Linux Electron artifacts	Full deterministic unit gate	2026-09-11T14:02:20.3235806Z      [33m[2m✓[22m[39m fails closed if the Darwin guard cannot spawn or exits early [33m 2004[2mms[22m[39m
Build and inspect Linux Electron artifacts	Full deterministic unit gate	2026-09-11T14:02:20.9271416Z  [32m✓[39m tests/unit/drawing-math.test.ts [2m([22m[2m26 tests[22m[2m)[22m[32m 10[2mms[22m[39m
Build and inspect Linux Electron artifacts	Full deterministic unit gate	2026-09-11T14:02:21.5331123Z  [32m✓[39m tests/unit/device-workspace-model.test.ts [2m([22m[2m9 tests[22m[2m)[22m[32m 25[2mms[22m[39m
Build and inspect Linux Electron artifacts	Full deterministic unit gate	2026-09-11T14:02:22.1483981Z  [32m✓[39m tests/unit/browser-settings-store.test.ts [2m([22m[2m5 tests[22m[2m)[22m[32m 16[2mms[22m[39m
Build and inspect Linux Electron artifacts	Full deterministic unit gate	2026-09-11T14:02:22.7455929Z  [32m✓[39m tests/unit/coverage-tile-protocol.test.ts [2m([22m[2m6 tests[22m[2m)[22m[32m 14[2mms[22m[39m
Build and inspect Linux Electron artifacts	Full deterministic unit gate	2026-09-11T14:02:23.3921325Z  [32m✓[39m tests/unit/electron-crash-log.test.ts [2m([22m[2m9 tests[22m[2m)[22m[32m 51[2mms[22m[39m
Build and inspect Linux Electron artifacts	Full deterministic unit gate	2026-09-11T14:02:24.3099533Z  [32m✓[39m tests/unit/start-coverage-runtime.test.ts [2m([22m[2m3 tests[22m[2m)[22m[33m 313[2mms[22m[39m
Build and inspect Linux Electron artifacts	Full deterministic unit gate	2026-09-11T14:02:25.7822753Z  [32m✓[39m tests/unit/tracking-poll-ledger.test.ts [2m([22m[2m6 tests[22m[2m)[22m[33m 885[2mms[22m[39m
Build and inspect Linux Electron artifacts	Full deterministic unit gate	2026-09-11T14:02:25.7823510Z      [33m[2m✓[22m[39m retains a bounded chronological ledger [33m 880[2mms[22m[39m
Build and inspect Linux Electron artifacts	Full deterministic unit gate	2026-09-11T14:02:26.3766000Z  [32m✓[39m tests/unit/traccar-normalization.test.ts [2m([22m[2m29 tests[22m[2m)[22m[32m 10[2mms[22m[39m
Build and inspect Linux Electron artifacts	Full deterministic unit gate	2026-09-11T14:02:27.0096097Z  [32m✓[39m tests/unit/start-marker-runtime.test.ts [2m([22m[2m7 tests[22m[2m)[22m[32m 15[2mms[22m[39m
Build and inspect Linux Electron artifacts	Full deterministic unit gate	2026-09-11T14:02:27.6772743Z [90mstderr[2m | tests/unit/use-outing-controls-view-model.test.ts[2m > [22m[2museOutingControlsViewModel [DON-270][2m > [22m[2mstates explicitly that fixes are Unassigned when no outing is active
Build and inspect Linux Electron artifacts	Full deterministic unit gate	2026-09-11T14:02:27.6773732Z [22m[39mThe current testing environment is not configured to support act(...)
Build and inspect Linux Electron artifacts	Full deterministic unit gate	2026-09-11T14:02:27.6773996Z 
Build and inspect Linux Electron artifacts	Full deterministic unit gate	2026-09-11T14:02:27.6785513Z [90mstderr[2m | tests/unit/use-outing-controls-view-model.test.ts[2m > [22m[2museOutingControlsViewModel [DON-270][2m > [22m[2mstates explicitly that fixes are Unassigned when no outing is active
Build and inspect Linux Electron artifacts	Full deterministic unit gate	2026-09-11T14:02:27.6807695Z [22m[39mThe current testing environment is not configured to support act(...)
Build and inspect Linux Electron artifacts	Full deterministic unit gate	2026-09-11T14:02:27.6808205Z 
Build and inspect Linux Electron artifacts	Full deterministic unit gate	2026-09-11T14:02:27.6809520Z [90mstderr[2m | tests/unit/use-outing-controls-view-model.test.ts[2m > [22m[2museOutingControlsViewModel [DON-270][2m > [22m[2mdelegates explicit start, end, rename and boundary edits
Build and inspect Linux Electron artifacts	Full deterministic unit gate	2026-09-11T14:02:27.6810955Z [22m[39mThe current testing environment is not configured to support act(...)
Build and inspect Linux Electron artifacts	Full deterministic unit gate	2026-09-11T14:02:27.6811820Z 
Build and inspect Linux Electron artifacts	Full deterministic unit gate	2026-09-11T14:02:27.6831640Z [90mstderr[2m | tests/unit/use-outing-controls-view-model.test.ts[2m > [22m[2museOutingControlsViewModel [DON-270][2m > [22m[2mdelegates explicit start, end, rename and boundary edits
Build and inspect Linux Electron artifacts	Full deterministic unit gate	2026-09-11T14:02:27.6832456Z [22m[39mThe current testing environment is not configured to support act(...)
Build and inspect Linux Electron artifacts	Full deterministic unit gate	2026-09-11T14:02:27.6832704Z 
Build and inspect Linux Electron artifacts	Full deterministic unit gate	2026-09-11T14:02:27.6845623Z [90mstderr[2m | tests/unit/use-outing-controls-view-model.test.ts[2m > [22m[2museOutingControlsViewModel [DON-270][2m > [22m[2mkeeps finalized mission outing bookkeeping read-only
Build and inspect Linux Electron artifacts	Full deterministic unit gate	2026-09-11T14:02:27.6846441Z [22m[39mThe current testing environment is not configured to support act(...)
Build and inspect Linux Electron artifacts	Full deterministic unit gate	2026-09-11T14:02:27.6846679Z 
Build and inspect Linux Electron artifacts	Full deterministic unit gate	2026-09-11T14:02:27.6852644Z [90mstderr[2m | tests/unit/use-outing-controls-view-model.test.ts[2m > [22m[2museOutingControlsViewModel [DON-270][2m > [22m[2mkeeps finalized mission outing bookkeeping read-only
Build and inspect Linux Electron artifacts	Full deterministic unit gate	2026-09-11T14:02:27.6853426Z [22m[39mThe current testing environment is not configured to support act(...)
Build and inspect Linux Electron artifacts	Full deterministic unit gate	2026-09-11T14:02:27.6853680Z 
Build and inspect Linux Electron artifacts	Full deterministic unit gate	2026-09-11T14:02:27.6868890Z [90mstderr[2m | tests/unit/use-outing-controls-view-model.test.ts[2m > [22m[2museOutingControlsViewModel [DON-270][2m > [22m[2mhides and disables outing state from a different runtime mission
Build and inspect Linux Electron artifacts	Full deterministic unit gate	2026-09-11T14:02:27.6869738Z [22m[39mThe current testing environment is not configured to support act(...)
Build and inspect Linux Electron artifacts	Full deterministic unit gate	2026-09-11T14:02:27.6870016Z 
Build and inspect Linux Electron artifacts	Full deterministic unit gate	2026-09-11T14:02:27.6877315Z [90mstderr[2m | tests/unit/use-outing-controls-view-model.test.ts[2m > [22m[2museOutingControlsViewModel [DON-270][2m > [22m[2mhides and disables outing state from a different runtime mission
Build and inspect Linux Electron artifacts	Full deterministic unit gate	2026-09-11T14:02:27.6878367Z [22m[39mThe current testing environment is not configured to support act(...)
Build and inspect Linux Electron artifacts	Full deterministic unit gate	2026-09-11T14:02:27.6878602Z 
Build and inspect Linux Electron artifacts	Full deterministic unit gate	2026-09-11T14:02:27.6898818Z [90mstderr[2m | tests/unit/use-outing-controls-view-model.test.ts[2m > [22m[2museOutingControlsViewModel [DON-270][2m > [22m[2mkeeps outing controls read-only while hydration is loading or failed
Build and inspect Linux Electron artifacts	Full deterministic unit gate	2026-09-11T14:02:27.6899632Z [22m[39mThe current testing environment is not configured to support act(...)
Build and inspect Linux Electron artifacts	Full deterministic unit gate	2026-09-11T14:02:27.6899866Z 
Build and inspect Linux Electron artifacts	Full deterministic unit gate	2026-09-11T14:02:27.6910538Z [90mstderr[2m | tests/unit/use-outing-controls-view-model.test.ts[2m > [22m[2museOutingControlsViewModel [DON-270][2m > [22m[2mkeeps outing controls read-only while hydration is loading or failed
Build and inspect Linux Electron artifacts	Full deterministic unit gate	2026-09-11T14:02:27.6911341Z [22m[39mThe current testing environment is not configured to support act(...)
Build and inspect Linux Electron artifacts	Full deterministic unit gate	2026-09-11T14:02:27.6911821Z The current testing environment is not configured to support act(...)
Build and inspect Linux Electron artifacts	Full deterministic unit gate	2026-09-11T14:02:27.6912046Z 
Build and inspect Linux Electron artifacts	Full deterministic unit gate	2026-09-11T14:02:27.6916480Z [90mstderr[2m | tests/unit/use-outing-controls-view-model.test.ts[2m > [22m[2museOutingControlsViewModel [DON-270][2m > [22m[2mkeeps outing controls read-only while hydration is loading or failed
Build and inspect Linux Electron artifacts	Full deterministic unit gate	2026-09-11T14:02:27.6917743Z [22m[39mThe current testing environment is not configured to support act(...)
Build and inspect Linux Electron artifacts	Full deterministic unit gate	2026-09-11T14:02:27.6918089Z 
Build and inspect Linux Electron artifacts	Full deterministic unit gate	2026-09-11T14:02:27.6925709Z  [32m✓[39m tests/unit/use-outing-controls-view-model.test.ts [2m([22m[2m5 tests[22m[2m)[22m[32m 27[2mms[22m[39m
Build and inspect Linux Electron artifacts	Full deterministic unit gate	2026-09-11T14:02:28.2842617Z  [32m✓[39m tests/unit/map-overlay-primitives.test.ts [2m([22m[2m7 tests[22m[2m)[22m[32m 7[2mms[22m[39m
Build and inspect Linux Electron artifacts	Full deterministic unit gate	2026-09-11T14:02:29.0330005Z [90mstderr[2m | tests/unit/coordinate-converter-dialog.test.ts[2m > [22m[2mCoordinateConverterDialog marker workflow[2m > [22m[2mopens the normal marker form from a converted grid location
Build and inspect Linux Electron artifacts	Full deterministic unit gate	2026-09-11T14:02:29.0330908Z [22m[39mThe current testing environment is not configured to support act(...)
Build and inspect Linux Electron artifacts	Full deterministic unit gate	2026-09-11T14:02:29.0331387Z The current testing environment is not configured to support act(...)
Build and inspect Linux Electron artifacts	Full deterministic unit gate	2026-09-11T14:02:29.0331807Z The current testing environment is not configured to support act(...)
Build and inspect Linux Electron artifacts	Full deterministic unit gate	2026-09-11T14:02:29.0332220Z The current testing environment is not configured to support act(...)
Build and inspect Linux Electron artifacts	Full deterministic unit gate	2026-09-11T14:02:29.0332624Z The current testing environment is not configured to support act(...)
Build and inspect Linux Electron artifacts	Full deterministic unit gate	2026-09-11T14:02:29.0333364Z The current testing environment is not configured to support act(...)
Build and inspect Linux Electron artifacts	Full deterministic unit gate	2026-09-11T14:02:29.0333770Z The current testing environment is not configured to support act(...)
Build and inspect Linux Electron artifacts	Full deterministic unit gate	2026-09-11T14:02:29.0334173Z The current testing environment is not configured to support act(...)
Build and inspect Linux Electron artifacts	Full deterministic unit gate	2026-09-11T14:02:29.0334549Z 
Build and inspect Linux Electron artifacts	Full deterministic unit gate	2026-09-11T14:02:29.0367957Z [90mstderr[2m | tests/unit/coordinate-converter-dialog.test.ts[2m > [22m[2mCoordinateConverterDialog marker workflow[2m > [22m[2mopens the normal marker form from a converted grid location
Build and inspect Linux Electron artifacts	Full deterministic unit gate	2026-09-11T14:02:29.0368768Z [22m[39mThe current testing environment is not configured to support act(...)
Build and inspect Linux Electron artifacts	Full deterministic unit gate	2026-09-11T14:02:29.0369201Z The current testing environment is not configured to support act(...)
Build and inspect Linux Electron artifacts	Full deterministic unit gate	2026-09-11T14:02:29.0369499Z 
Build and inspect Linux Electron artifacts	Full deterministic unit gate	2026-09-11T14:02:29.0396455Z [90mstderr[2m | tests/unit/coordinate-converter-dialog.test.ts[2m > [22m[2mCoordinateConverterDialog marker workflow[2m > [22m[2mopens the normal marker form from a converted grid location
Build and inspect Linux Electron artifacts	Full deterministic unit gate	2026-09-11T14:02:29.0397451Z [22m[39mThe current testing environment is not configured to support act(...)
Build and inspect Linux Electron artifacts	Full deterministic unit gate	2026-09-11T14:02:29.0397765Z 
Build and inspect Linux Electron artifacts	Full deterministic unit gate	2026-09-11T14:02:29.0498527Z [90mstderr[2m | tests/unit/coordinate-converter-dialog.test.ts[2m > [22m[2mCoordinateConverterDialog marker workflow[2m > [22m[2mkeeps marker creation available after going to a converted grid location
Build and inspect Linux Electron artifacts	Full deterministic unit gate	2026-09-11T14:02:29.0499878Z [22m[39mThe current testing environment is not configured to support act(...)
Build and inspect Linux Electron artifacts	Full deterministic unit gate	2026-09-11T14:02:29.0500586Z The current testing environment is not configured to support act(...)
Build and inspect Linux Electron artifacts	Full deterministic unit gate	2026-09-11T14:02:29.0501553Z The current testing environment is not configured to support act(...)
Build and inspect Linux Electron artifacts	Full deterministic unit gate	2026-09-11T14:02:29.0502220Z The current testing environment is not configured to support act(...)
Build and inspect Linux Electron artifacts	Full deterministic unit gate	2026-09-11T14:02:29.0502900Z The current testing environment is not configured to support act(...)
Build and inspect Linux Electron artifacts	Full deterministic unit gate	2026-09-11T14:02:29.0503574Z The current testing environment is not configured to support act(...)
Build and inspect Linux Electron artifacts	Full deterministic unit gate	2026-09-11T14:02:29.0504219Z The current testing environment is not configured to support act(...)
Build and inspect Linux Electron artifacts	Full deterministic unit gate	2026-09-11T14:02:29.0505035Z The current testing environment is not configured to support act(...)
Build and inspect Linux Electron artifacts	Full deterministic unit gate	2026-09-11T14:02:29.0505386Z 
Build and inspect Linux Electron artifacts	Full deterministic unit gate	2026-09-11T14:02:29.0530070Z [90mstderr[2m | tests/unit/coordinate-converter-dialog.test.ts[2m > [22m[2mCoordinateConverterDialog marker workflow[2m > [22m[2mkeeps marker creation available after going to a converted grid location
Build and inspect Linux Electron artifacts	Full deterministic unit gate	2026-09-11T14:02:29.0531284Z [22m[39mThe current testing environment is not configured to support act(...)
Build and inspect Linux Electron artifacts	Full deterministic unit gate	2026-09-11T14:02:29.0532025Z The current testing environment is not configured to support act(...)
Build and inspect Linux Electron artifacts	Full deterministic unit gate	2026-09-11T14:02:29.0532506Z 
Build and inspect Linux Electron artifacts	Full deterministic unit gate	2026-09-11T14:02:29.0537261Z [90mstderr[2m | tests/unit/coordinate-converter-dialog.test.ts[2m > [22m[2mCoordinateConverterDialog marker workflow[2m > [22m[2mkeeps marker creation available after going to a converted grid location
Build and inspect Linux Electron artifacts	Full deterministic unit gate	2026-09-11T14:02:29.0538377Z [22m[39mThe current testing environment is not configured to support act(...)
Build and inspect Linux Electron artifacts	Full deterministic unit gate	2026-09-11T14:02:29.0538917Z 
Build and inspect Linux Electron artifacts	Full deterministic unit gate	2026-09-11T14:02:29.0623459Z [90mstderr[2m | tests/unit/coordinate-converter-dialog.test.ts[2m > [22m[2mCoordinateConverterDialog marker workflow[2m > [22m[2mrenders coordinate modes with distinct active and inactive tab chrome
Build and inspect Linux Electron artifacts	Full deterministic unit gate	2026-09-11T14:02:29.0625076Z [22m[39mThe current testing environment is not configured to support act(...)
Build and inspect Linux Electron artifacts	Full deterministic unit gate	2026-09-11T14:02:29.0625792Z The current testing environment is not configured to support act(...)
Build and inspect Linux Electron artifacts	Full deterministic unit gate	2026-09-11T14:02:29.0626473Z The current testing environment is not configured to support act(...)
Build and inspect Linux Electron artifacts	Full deterministic unit gate	2026-09-11T14:02:29.0627167Z The current testing environment is not configured to support act(...)
Build and inspect Linux Electron artifacts	Full deterministic unit gate	2026-09-11T14:02:29.0627797Z The current testing environment is not configured to support act(...)
Build and inspect Linux Electron artifacts	Full deterministic unit gate	2026-09-11T14:02:29.0628415Z The current testing environment is not configured to support act(...)
Build and inspect Linux Electron artifacts	Full deterministic unit gate	2026-09-11T14:02:29.0629090Z The current testing environment is not configured to support act(...)
Build and inspect Linux Electron artifacts	Full deterministic unit gate	2026-09-11T14:02:29.0629446Z 
Build and inspect Linux Electron artifacts	Full deterministic unit gate	2026-09-11T14:02:29.0645150Z [90mstderr[2m | tests/unit/coordinate-converter-dialog.test.ts[2m > [22m[2mCoordinateConverterDialog marker workflow[2m > [22m[2mrenders coordinate modes with distinct active and inactive tab chrome
Build and inspect Linux Electron artifacts	Full deterministic unit gate	2026-09-11T14:02:29.0646917Z [22m[39mThe current testing environment is not configured to support act(...)
Build and inspect Linux Electron artifacts	Full deterministic unit gate	2026-09-11T14:02:29.0647324Z 
Build and inspect Linux Electron artifacts	Full deterministic unit gate	2026-09-11T14:02:29.0654918Z  [32m✓[39m tests/unit/coordinate-converter-dialog.test.ts [2m([22m[2m3 tests[22m[2m)[22m[32m 72[2mms[22m[39m
Build and inspect Linux Electron artifacts	Full deterministic unit gate	2026-09-11T14:02:30.2354361Z [90mstderr[2m | tests/unit/runtime-boot-gate.test.ts[2m > [22m[2mRuntimeBootGate[2m > [22m[2msurfaces an autosave warning in the command mast when backup sync is failing
Build and inspect Linux Electron artifacts	Full deterministic unit gate	2026-09-11T14:02:30.2355406Z [22m[39mThe current testing environment is not configured to support act(...)
Build and inspect Linux Electron artifacts	Full deterministic unit gate	2026-09-11T14:02:30.2355677Z 
Build and inspect Linux Electron artifacts	Full deterministic unit gate	2026-09-11T14:02:30.2378313Z [90mstderr[2m | tests/unit/runtime-boot-gate.test.ts[2m > [22m[2mRuntimeBootGate[2m > [22m[2msurfaces an autosave warning in the command mast when backup sync is failing
Build and inspect Linux Electron artifacts	Full deterministic unit gate	2026-09-11T14:02:30.2379204Z [22m[39mThe current testing environment is not configured to support act(...)
Build and inspect Linux Electron artifacts	Full deterministic unit gate	2026-09-11T14:02:30.2379452Z 
Build and inspect Linux Electron artifacts	Full deterministic unit gate	2026-09-11T14:02:30.2440908Z [90mstderr[2m | tests/unit/runtime-boot-gate.test.ts[2m > [22m[2mRuntimeBootGate[2m > [22m[2mlabels hosted browser mode as session-only testing instead of green operational readiness
Build and inspect Linux Electron artifacts	Full deterministic unit gate	2026-09-11T14:02:30.2441752Z [22m[39mThe current testing environment is not configured to support act(...)
Build and inspect Linux Electron artifacts	Full deterministic unit gate	2026-09-11T14:02:30.2448166Z 
Build and inspect Linux Electron artifacts	Full deterministic unit gate	2026-09-11T14:02:30.2449169Z [90mstderr[2m | tests/unit/runtime-boot-gate.test.ts[2m > [22m[2mRuntimeBootGate[2m > [22m[2mlabels hosted browser mode as session-only testing instead of green operational readiness
Build and inspect Linux Electron artifacts	Full deterministic unit gate	2026-09-11T14:02:30.2450818Z [22m[39mThe current testing environment is not configured to support act(...)
Build and inspect Linux Electron artifacts	Full deterministic unit gate	2026-09-11T14:02:30.2451103Z 
Build and inspect Linux Electron artifacts	Full deterministic unit gate	2026-09-11T14:02:30.2504252Z [90mstderr[2m | tests/unit/runtime-boot-gate.test.ts[2m > [22m[2mRuntimeBootGate[2m > [22m[2msurfaces lifecycle backup failures as a persistent alert outside the mast
Build and inspect Linux Electron artifacts	Full deterministic unit gate	2026-09-11T14:02:30.2505565Z [22m[39mThe current testing environment is not configured to support act(...)
Build and inspect Linux Electron artifacts	Full deterministic unit gate	2026-09-11T14:02:30.2505852Z 
Build and inspect Linux Electron artifacts	Full deterministic unit gate	2026-09-11T14:02:30.2509695Z [90mstderr[2m | tests/unit/runtime-boot-gate.test.ts[2m > [22m[2mRuntimeBootGate[2m > [22m[2msurfaces lifecycle backup failures as a persistent alert outside the mast
Build and inspect Linux Electron artifacts	Full deterministic unit gate	2026-09-11T14:02:30.2510827Z [22m[39mThe current testing environment is not configured to support act(...)
Build and inspect Linux Electron artifacts	Full deterministic unit gate	2026-09-11T14:02:30.2511263Z 
Build and inspect Linux Electron artifacts	Full deterministic unit gate	2026-09-11T14:02:30.2532619Z [90mstderr[2m | tests/unit/runtime-boot-gate.test.ts[2m > [22m[2mRuntimeBootGate[2m > [22m[2mshows a calm preparing state during runtime startup
Build and inspect Linux Electron artifacts	Full deterministic unit gate	2026-09-11T14:02:30.2533674Z [22m[39mThe current testing environment is not configured to support act(...)
Build and inspect Linux Electron artifacts	Full deterministic unit gate	2026-09-11T14:02:30.2534053Z 
Build and inspect Linux Electron artifacts	Full deterministic unit gate	2026-09-11T14:02:30.2537782Z [90mstderr[2m | tests/unit/runtime-boot-gate.test.ts[2m > [22m[2mRuntimeBootGate[2m > [22m[2mshows a calm preparing state during runtime startup
Build and inspect Linux Electron artifacts	Full deterministic unit gate	2026-09-11T14:02:30.2538815Z [22m[39mThe current testing environment is not configured to support act(...)
Build and inspect Linux Electron artifacts	Full deterministic unit gate	2026-09-11T14:02:30.2539185Z 
Build and inspect Linux Electron artifacts	Full deterministic unit gate	2026-09-11T14:02:30.2612838Z [90mstderr[2m | tests/unit/runtime-boot-gate.test.ts[2m > [22m[2mRuntimeBootGate[2m > [22m[2mshows the startup fault and reload action when boot fails
Build and inspect Linux Electron artifacts	Full deterministic unit gate	2026-09-11T14:02:30.2613905Z [22m[39mThe current testing environment is not configured to support act(...)
Build and inspect Linux Electron artifacts	Full deterministic unit gate	2026-09-11T14:02:30.2614280Z 
Build and inspect Linux Electron artifacts	Full deterministic unit gate	2026-09-11T14:02:30.2621284Z [90mstderr[2m | tests/unit/runtime-boot-gate.test.ts[2m > [22m[2mRuntimeBootGate[2m > [22m[2mshows the startup fault and reload action when boot fails
Build and inspect Linux Electron artifacts	Full deterministic unit gate	2026-09-11T14:02:30.2622351Z [22m[39mThe current testing environment is not configured to support act(...)
Build and inspect Linux Electron artifacts	Full deterministic unit gate	2026-09-11T14:02:30.2622842Z 
Build and inspect Linux Electron artifacts	Full deterministic unit gate	2026-09-11T14:02:30.2671511Z [90mstderr[2m | tests/unit/runtime-boot-gate.test.ts[2m > [22m[2mRuntimeBootGate[2m > [22m[2mexports a startup-fault support bundle before the normal diagnostics workspace is available
Build and inspect Linux Electron artifacts	Full deterministic unit gate	2026-09-11T14:02:30.2673019Z [22m[39mThe current testing environment is not configured to support act(...)
Build and inspect Linux Electron artifacts	Full deterministic unit gate	2026-09-11T14:02:30.2673704Z The current testing environment is not configured to support act(...)
Build and inspect Linux Electron artifacts	Full deterministic unit gate	2026-09-11T14:02:30.2674396Z The current testing environment is not configured to support act(...)
Build and inspect Linux Electron artifacts	Full deterministic unit gate	2026-09-11T14:02:30.2675048Z The current testing environment is not configured to support act(...)
Build and inspect Linux Electron artifacts	Full deterministic unit gate	2026-09-11T14:02:30.2675274Z 
Build and inspect Linux Electron artifacts	Full deterministic unit gate	2026-09-11T14:02:30.2675934Z [90mstderr[2m | tests/unit/runtime-boot-gate.test.ts[2m > [22m[2mRuntimeBootGate[2m > [22m[2mexports a startup-fault support bundle before the normal diagnostics workspace is available
Build and inspect Linux Electron artifacts	Full deterministic unit gate	2026-09-11T14:02:30.2676716Z [22m[39mThe current testing environment is not configured to support act(...)
Build and inspect Linux Electron artifacts	Full deterministic unit gate	2026-09-11T14:02:30.2677140Z The current testing environment is not configured to support act(...)
Build and inspect Linux Electron artifacts	Full deterministic unit gate	2026-09-11T14:02:30.2677351Z 
Build and inspect Linux Electron artifacts	Full deterministic unit gate	2026-09-11T14:02:30.2693742Z [90mstderr[2m | tests/unit/runtime-boot-gate.test.ts[2m > [22m[2mRuntimeBootGate[2m > [22m[2mexports a startup-fault support bundle before the normal diagnostics workspace is available
Build and inspect Linux Electron artifacts	Full deterministic unit gate	2026-09-11T14:02:30.2695055Z [22m[39mThe current testing environment is not configured to support act(...)
Build and inspect Linux Electron artifacts	Full deterministic unit gate	2026-09-11T14:02:30.2695375Z 
Build and inspect Linux Electron artifacts	Full deterministic unit gate	2026-09-11T14:02:30.2712222Z  [32m✓[39m tests/unit/runtime-boot-gate.test.ts [2m([22m[2m7 tests[22m[2m)[22m[32m 64[2mms[22m[39m
Build and inspect Linux Electron artifacts	Full deterministic unit gate	2026-09-11T14:02:30.9068791Z  [32m✓[39m tests/unit/release-smoke-safety.test.ts [2m([22m[2m7 tests[22m[2m)[22m[32m 9[2mms[22m[39m
Build and inspect Linux Electron artifacts	Full deterministic unit gate	2026-09-11T14:02:31.5268215Z  [32m✓[39m tests/unit/runtime-managed-services.test.ts [2m([22m[2m5 tests[22m[2m)[22m[32m 11[2mms[22m[39m
Build and inspect Linux Electron artifacts	Full deterministic unit gate	2026-09-11T14:02:32.5218043Z [90mstderr[2m | tests/unit/mission-review-gpx-pagination.test.ts[2m > [22m[2mMission Review GPX pagination[2m > [22m[2mkeeps retained Search pages usable but evidence entry blocked after Review failure [DON-279]
Build and inspect Linux Electron artifacts	Full deterministic unit gate	2026-09-11T14:02:32.5219089Z [22m[39mA suspended resource finished loading inside a test, but the event was not wrapped in act(...).
Build and inspect Linux Electron artifacts	Full deterministic unit gate	2026-09-11T14:02:32.5219423Z 
Build and inspect Linux Electron artifacts	Full deterministic unit gate	2026-09-11T14:02:32.5219675Z When testing, code that resolves suspended data should be wrapped into act(...):
Build and inspect Linux Electron artifacts	Full deterministic unit gate	2026-09-11T14:02:32.5219934Z 
Build and inspect Linux Electron artifacts	Full deterministic unit gate	2026-09-11T14:02:32.5220009Z act(() => {
Build and inspect Linux Electron artifacts	Full deterministic unit gate	2026-09-11T14:02:32.5220229Z   /* finish loading suspended data */
Build and inspect Linux Electron artifacts	Full deterministic unit gate	2026-09-11T14:02:32.5220449Z });
Build and inspect Linux Electron artifacts	Full deterministic unit gate	2026-09-11T14:02:32.5220633Z /* assert on the output */
Build and inspect Linux Electron artifacts	Full deterministic unit gate	2026-09-11T14:02:32.5220769Z 
Build and inspect Linux Electron artifacts	Full deterministic unit gate	2026-09-11T14:02:32.5221194Z This ensures that you're testing the behavior the user would see in the browser. Learn more at https://react.dev/link/wrap-tests-with-act
Build and inspect Linux Electron artifacts	Full deterministic unit gate	2026-09-11T14:02:32.5221864Z A suspended resource finished loading inside a test, but the event was not wrapped in act(...).
Build and inspect Linux Electron artifacts	Full deterministic unit gate	2026-09-11T14:02:32.5222161Z 
Build and inspect Linux Electron artifacts	Full deterministic unit gate	2026-09-11T14:02:32.5222390Z When testing, code that resolves suspended data should be wrapped into act(...):
Build and inspect Linux Electron artifacts	Full deterministic unit gate	2026-09-11T14:02:32.5222648Z 
Build and inspect Linux Electron artifacts	Full deterministic unit gate	2026-09-11T14:02:32.5222728Z act(() => {
Build and inspect Linux Electron artifacts	Full deterministic unit gate	2026-09-11T14:02:32.5222930Z   /* finish loading suspended data */
Build and inspect Linux Electron artifacts	Full deterministic unit gate	2026-09-11T14:02:32.5223138Z });
Build and inspect Linux Electron artifacts	Full deterministic unit gate	2026-09-11T14:02:32.5223328Z /* assert on the output */
Build and inspect Linux Electron artifacts	Full deterministic unit gate	2026-09-11T14:02:32.5223453Z 
Build and inspect Linux Electron artifacts	Full deterministic unit gate	2026-09-11T14:02:32.5223860Z This ensures that you're testing the behavior the user would see in the browser. Learn more at https://react.dev/link/wrap-tests-with-act
Build and inspect Linux Electron artifacts	Full deterministic unit gate	2026-09-11T14:02:32.5224510Z A suspended resource finished loading inside a test, but the event was not wrapped in act(...).
Build and inspect Linux Electron artifacts	Full deterministic unit gate	2026-09-11T14:02:32.5225076Z 
Build and inspect Linux Electron artifacts	Full deterministic unit gate	2026-09-11T14:02:32.5225323Z When testing, code that resolves suspended data should be wrapped into act(...):
Build and inspect Linux Electron artifacts	Full deterministic unit gate	2026-09-11T14:02:32.5225589Z 
Build and inspect Linux Electron artifacts	Full deterministic unit gate	2026-09-11T14:02:32.5225681Z act(() => {
Build and inspect Linux Electron artifacts	Full deterministic unit gate	2026-09-11T14:02:32.5225897Z   /* finish loading suspended data */
Build and inspect Linux Electron artifacts	Full deterministic unit gate	2026-09-11T14:02:32.5226111Z });
Build and inspect Linux Electron artifacts	Full deterministic unit gate	2026-09-11T14:02:32.5226288Z /* assert on the output */
Build and inspect Linux Electron artifacts	Full deterministic unit gate	2026-09-11T14:02:32.5226450Z 
Build and inspect Linux Electron artifacts	Full deterministic unit gate	2026-09-11T14:02:32.5226986Z This ensures that you're testing the behavior the user would see in the browser. Learn more at https://react.dev/link/wrap-tests-with-act
Build and inspect Linux Electron artifacts	Full deterministic unit gate	2026-09-11T14:02:32.5227919Z A suspended resource finished loading inside a test, but the event was not wrapped in act(...).
Build and inspect Linux Electron artifacts	Full deterministic unit gate	2026-09-11T14:02:32.5228824Z 
Build and inspect Linux Electron artifacts	Full deterministic unit gate	2026-09-11T14:02:32.5229206Z When testing, code that resolves suspended data should be wrapped into act(...):
Build and inspect Linux Electron artifacts	Full deterministic unit gate	2026-09-11T14:02:32.5229587Z 
Build and inspect Linux Electron artifacts	Full deterministic unit gate	2026-09-11T14:02:32.5229700Z act(() => {
Build and inspect Linux Electron artifacts	Full deterministic unit gate	2026-09-11T14:02:32.5229984Z   /* finish loading suspended data */
Build and inspect Linux Electron artifacts	Full deterministic unit gate	2026-09-11T14:02:32.5230310Z });
Build and inspect Linux Electron artifacts	Full deterministic unit gate	2026-09-11T14:02:32.5230566Z /* assert on the output */
Build and inspect Linux Electron artifacts	Full deterministic unit gate	2026-09-11T14:02:32.5230754Z 
Build and inspect Linux Electron artifacts	Full deterministic unit gate	2026-09-11T14:02:32.5231383Z This ensures that you're testing the behavior the user would see in the browser. Learn more at https://react.dev/link/wrap-tests-with-act
Build and inspect Linux Electron artifacts	Full deterministic unit gate	2026-09-11T14:02:32.5232397Z A suspended resource finished loading inside a test, but the event was not wrapped in act(...).
Build and inspect Linux Electron artifacts	Full deterministic unit gate	2026-09-11T14:02:32.5232828Z 
Build and inspect Linux Electron artifacts	Full deterministic unit gate	2026-09-11T14:02:32.5233178Z When testing, code that resolves suspended data should be wrapped into act(...):
Build and inspect Linux Electron artifacts	Full deterministic unit gate	2026-09-11T14:02:32.5233496Z 
Build and inspect Linux Electron artifacts	Full deterministic unit gate	2026-09-11T14:02:32.5233597Z act(() => {
Build and inspect Linux Electron artifacts	Full deterministic unit gate	2026-09-11T14:02:32.5233869Z   /* finish loading suspended data */
Build and inspect Linux Electron artifacts	Full deterministic unit gate	2026-09-11T14:02:32.5234166Z });
Build and inspect Linux Electron artifacts	Full deterministic unit gate	2026-09-11T14:02:32.5234410Z /* assert on the output */
Build and inspect Linux Electron artifacts	Full deterministic unit gate	2026-09-11T14:02:32.5234593Z 
Build and inspect Linux Electron artifacts	Full deterministic unit gate	2026-09-11T14:02:32.5235370Z This ensures that you're testing the behavior the user would see in the browser. Learn more at https://react.dev/link/wrap-tests-with-act
Build and inspect Linux Electron artifacts	Full deterministic unit gate	2026-09-11T14:02:32.5236414Z A suspended resource finished loading inside a test, but the event was not wrapped in act(...).
Build and inspect Linux Electron artifacts	Full deterministic unit gate	2026-09-11T14:02:32.5236814Z 
Build and inspect Linux Electron artifacts	Full deterministic unit gate	2026-09-11T14:02:32.5237114Z When testing, code that resolves suspended data should be wrapped into act(...):
Build and inspect Linux Electron artifacts	Full deterministic unit gate	2026-09-11T14:02:32.5237367Z 
Build and inspect Linux Electron artifacts	Full deterministic unit gate	2026-09-11T14:02:32.5237654Z act(() => {
Build and inspect Linux Electron artifacts	Full deterministic unit gate	2026-09-11T14:02:32.5237865Z   /* finish loading suspended data */
Build and inspect Linux Electron artifacts	Full deterministic unit gate	2026-09-11T14:02:32.5238083Z });
Build and inspect Linux Electron artifacts	Full deterministic unit gate	2026-09-11T14:02:32.5238267Z /* assert on the output */
Build and inspect Linux Electron artifacts	Full deterministic unit gate	2026-09-11T14:02:32.5238406Z 
Build and inspect Linux Electron artifacts	Full deterministic unit gate	2026-09-11T14:02:32.5238813Z This ensures that you're testing the behavior the user would see in the browser. Learn more at https://react.dev/link/wrap-tests-with-act
Build and inspect Linux Electron artifacts	Full deterministic unit gate	2026-09-11T14:02:32.5239173Z 
Build and inspect Linux Electron artifacts	Full deterministic unit gate	2026-09-11T14:02:32.5287184Z [90mstderr[2m | tests/unit/mission-review-gpx-pagination.test.ts[2m > [22m[2mMission Review GPX pagination[2m > [22m[2mkeeps retained Search pages usable but evidence entry blocked after Review failure [DON-279]
Build and inspect Linux Electron artifacts	Full deterministic unit gate	2026-09-11T14:02:32.5288190Z [22m[39mA suspended resource finished loading inside a test, but the event was not wrapped in act(...).
Build and inspect Linux Electron artifacts	Full deterministic unit gate	2026-09-11T14:02:32.5288496Z 
Build and inspect Linux Electron artifacts	Full deterministic unit gate	2026-09-11T14:02:32.5288738Z When testing, code that resolves suspended data should be wrapped into act(...):
Build and inspect Linux Electron artifacts	Full deterministic unit gate	2026-09-11T14:02:32.5288986Z 
Build and inspect Linux Electron artifacts	Full deterministic unit gate	2026-09-11T14:02:32.5289065Z act(() => {
Build and inspect Linux Electron artifacts	Full deterministic unit gate	2026-09-11T14:02:32.5289279Z   /* finish loading suspended data */
Build and inspect Linux Electron artifacts	Full deterministic unit gate	2026-09-11T14:02:32.5289496Z });
Build and inspect Linux Electron artifacts	Full deterministic unit gate	2026-09-11T14:02:32.5289677Z /* assert on the output */
Build and inspect Linux Electron artifacts	Full deterministic unit gate	2026-09-11T14:02:32.5289810Z 
Build and inspect Linux Electron artifacts	Full deterministic unit gate	2026-09-11T14:02:32.5290417Z This ensures that you're testing the behavior the user would see in the browser. Learn more at https://react.dev/link/wrap-tests-with-act
Build and inspect Linux Electron artifacts	Full deterministic unit gate	2026-09-11T14:02:32.5291087Z A suspended resource finished loading inside a test, but the event was not wrapped in act(...).
Build and inspect Linux Electron artifacts	Full deterministic unit gate	2026-09-11T14:02:32.5291446Z 
Build and inspect Linux Electron artifacts	Full deterministic unit gate	2026-09-11T14:02:32.5291904Z When testing, code that resolves suspended data should be wrapped into act(...):
Build and inspect Linux Electron artifacts	Full deterministic unit gate	2026-09-11T14:02:32.5292164Z 
Build and inspect Linux Electron artifacts	Full deterministic unit gate	2026-09-11T14:02:32.5292243Z act(() => {
Build and inspect Linux Electron artifacts	Full deterministic unit gate	2026-09-11T14:02:32.5292442Z   /* finish loading suspended data */
Build and inspect Linux Electron artifacts	Full deterministic unit gate	2026-09-11T14:02:32.5292662Z });
Build and inspect Linux Electron artifacts	Full deterministic unit gate	2026-09-11T14:02:32.5292840Z /* assert on the output */
Build and inspect Linux Electron artifacts	Full deterministic unit gate	2026-09-11T14:02:32.5292971Z 
Build and inspect Linux Electron artifacts	Full deterministic unit gate	2026-09-11T14:02:32.5293572Z This ensures that you're testing the behavior the user would see in the browser. Learn more at https://react.dev/link/wrap-tests-with-act
Build and inspect Linux Electron artifacts	Full deterministic unit gate	2026-09-11T14:02:32.5293957Z 
Build and inspect Linux Electron artifacts	Full deterministic unit gate	2026-09-11T14:02:32.7799545Z  [32m✓[39m tests/unit/mission-review-gpx-pagination.test.ts [2m([22m[2m2 tests[22m[2m)[22m[33m 396[2mms[22m[39m
Build and inspect Linux Electron artifacts	Full deterministic unit gate	2026-09-11T14:02:32.7800956Z      [33m[2m✓[22m[39m keeps retained Search pages usable but evidence entry blocked after Review failure [DON-279] [33m 333[2mms[22m[39m
Build and inspect Linux Electron artifacts	Full deterministic unit gate	2026-09-11T14:02:33.5272019Z [90mstderr[2m | tests/unit/mission-replay-object-page-limitation.test.ts[2m > [22m[2mmission replay object-page limitation [DON-278][2m > [22m[2mremoves the visible large-state warning when the displayed page is not summarized
Build and inspect Linux Electron artifacts	Full deterministic unit gate	2026-09-11T14:02:33.5273757Z [22m[39mThe current testing environment is not configured to support act(...)
Build and inspect Linux Electron artifacts	Full deterministic unit gate	2026-09-11T14:02:33.5274045Z 
Build and inspect Linux Electron artifacts	Full deterministic unit gate	2026-09-11T14:02:33.5720546Z [90mstderr[2m | tests/unit/mission-replay-object-page-limitation.test.ts[2m > [22m[2mmission replay object-page limitation [DON-278][2m > [22m[2mremoves the visible large-state warning when the displayed page is not summarized
Build and inspect Linux Electron artifacts	Full deterministic unit gate	2026-09-11T14:02:33.5721504Z [22m[39mThe current testing environment is not configured to support act(...)
Build and inspect Linux Electron artifacts	Full deterministic unit gate	2026-09-11T14:02:33.5721752Z 
Build and inspect Linux Electron artifacts	Full deterministic unit gate	2026-09-11T14:02:33.5806903Z [90mstderr[2m | tests/unit/mission-replay-object-page-limitation.test.ts[2m > [22m[2mmission replay object-page limitation [DON-278][2m > [22m[2mremoves the visible large-state warning when the displayed page is not summarized
Build and inspect Linux Electron artifacts	Full deterministic unit gate	2026-09-11T14:02:33.5807820Z [22m[39mThe current testing environment is not configured to support act(...)
Build and inspect Linux Electron artifacts	Full deterministic unit gate	2026-09-11T14:02:33.5808070Z 
Build and inspect Linux Electron artifacts	Full deterministic unit gate	2026-09-11T14:02:33.5821654Z [90mstderr[2m | tests/unit/mission-replay-object-page-limitation.test.ts[2m > [22m[2mmission replay object-page limitation [DON-278][2m > [22m[2mbinds remounted controls to the accepted replay time and display filters [DON-278]
Build and inspect Linux Electron artifacts	Full deterministic unit gate	2026-09-11T14:02:33.5822774Z [22m[39mThe current testing environment is not configured to support act(...)
Build and inspect Linux Electron artifacts	Full deterministic unit gate	2026-09-11T14:02:33.5823022Z 
Build and inspect Linux Electron artifacts	Full deterministic unit gate	2026-09-11T14:02:33.5935589Z [90mstderr[2m | tests/unit/mission-replay-object-page-limitation.test.ts[2m > [22m[2mmission replay object-page limitation [DON-278][2m > [22m[2mbinds remounted controls to the accepted replay time and display filters [DON-278]
Build and inspect Linux Electron artifacts	Full deterministic unit gate	2026-09-11T14:02:33.5937022Z [22m[39mThe current testing environment is not configured to support act(...)
Build and inspect Linux Electron artifacts	Full deterministic unit gate	2026-09-11T14:02:33.5937304Z 
Build and inspect Linux Electron artifacts	Full deterministic unit gate	2026-09-11T14:02:33.5979118Z [90mstderr[2m | tests/unit/mission-replay-object-page-limitation.test.ts[2m > [22m[2mmission replay object-page limitation [DON-278][2m > [22m[2mbinds remounted controls to the accepted replay time and display filters [DON-278]
Build and inspect Linux Electron artifacts	Full deterministic unit gate	2026-09-11T14:02:33.5980067Z [22m[39mThe current testing environment is not configured to support act(...)
Build and inspect Linux Electron artifacts	Full deterministic unit gate	2026-09-11T14:02:33.5980316Z 
Build and inspect Linux Electron artifacts	Full deterministic unit gate	2026-09-11T14:02:33.5990007Z [90mstderr[2m | tests/unit/mission-replay-object-page-limitation.test.ts[2m > [22m[2mmission replay object-page limitation [DON-278][2m > [22m[2mkeeps an unsent historical time draft through live-mission rerenders [DON-278]
Build and inspect Linux Electron artifacts	Full deterministic unit gate	2026-09-11T14:02:33.5991023Z [22m[39mThe current testing environment is not configured to support act(...)
Build and inspect Linux Electron artifacts	Full deterministic unit gate	2026-09-11T14:02:33.5991262Z 
Build and inspect Linux Electron artifacts	Full deterministic unit gate	2026-09-11T14:02:33.6053908Z [90mstderr[2m | tests/unit/mission-replay-object-page-limitation.test.ts[2m > [22m[2mmission replay object-page limitation [DON-278][2m > [22m[2mkeeps an unsent historical time draft through live-mission rerenders [DON-278]
Build and inspect Linux Electron artifacts	Full deterministic unit gate	2026-09-11T14:02:33.6056718Z [22m[39mThe current testing environment is not configured to support act(...)
Build and inspect Linux Electron artifacts	Full deterministic unit gate	2026-09-11T14:02:33.6057408Z The current testing environment is not configured to support act(...)
Build and inspect Linux Electron artifacts	Full deterministic unit gate	2026-09-11T14:02:33.6057759Z 
Build and inspect Linux Electron artifacts	Full deterministic unit gate	2026-09-11T14:02:33.6058588Z [90mstderr[2m | tests/unit/mission-replay-object-page-limitation.test.ts[2m > [22m[2mmission replay object-page limitation [DON-278][2m > [22m[2mkeeps an unsent historical time draft through live-mission rerenders [DON-278]
Build and inspect Linux Electron artifacts	Full deterministic unit gate	2026-09-11T14:02:33.6059477Z [22m[39mThe current testing environment is not configured to support act(...)
Build and inspect Linux Electron artifacts	Full deterministic unit gate	2026-09-11T14:02:33.6059716Z 
Build and inspect Linux Electron artifacts	Full deterministic unit gate	2026-09-11T14:02:33.6081464Z [90mstderr[2m | tests/unit/mission-replay-object-page-limitation.test.ts[2m > [22m[2mmission replay object-page limitation [DON-278][2m > [22m[2mkeeps an unsent historical time draft through live-mission rerenders [DON-278]
Build and inspect Linux Electron artifacts	Full deterministic unit gate	2026-09-11T14:02:33.6082358Z [22m[39mThe current testing environment is not configured to support act(...)
Build and inspect Linux Electron artifacts	Full deterministic unit gate	2026-09-11T14:02:33.6082585Z 
Build and inspect Linux Electron artifacts	Full deterministic unit gate	2026-09-11T14:02:33.6091873Z  [32m✓[39m tests/unit/mission-replay-object-page-limitation.test.ts [2m([22m[2m3 tests[22m[2m)[22m[32m 86[2mms[22m[39m
Build and inspect Linux Electron artifacts	Full deterministic unit gate	2026-09-11T14:02:34.2059497Z  [32m✓[39m tests/unit/layer-panel-model.test.ts [2m([22m[2m5 tests[22m[2m)[22m[32m 17[2mms[22m[39m
Build and inspect Linux Electron artifacts	Full deterministic unit gate	2026-09-11T14:02:34.8075705Z  [32m✓[39m tests/unit/offline-map-coverage.test.ts [2m([22m[2m11 tests[22m[2m)[22m[32m 8[2mms[22m[39m
Build and inspect Linux Electron artifacts	Full deterministic unit gate	2026-09-11T14:02:35.5113472Z [90mstderr[2m | tests/unit/marker-dialog-casualty-validation.test.ts[2m > [22m[2mMarkerDialog casualty required-field validation[2m > [22m[2mdisables Save when casualty status is empty
Build and inspect Linux Electron artifacts	Full deterministic unit gate	2026-09-11T14:02:35.5114538Z [22m[39mThe current testing environment is not configured to support act(...)
Build and inspect Linux Electron artifacts	Full deterministic unit gate	2026-09-11T14:02:35.5114973Z 
Build and inspect Linux Electron artifacts	Full deterministic unit gate	2026-09-11T14:02:35.5146370Z [90mstderr[2m | tests/unit/marker-dialog-casualty-validation.test.ts[2m > [22m[2mMarkerDialog casualty required-field validation[2m > [22m[2mdisables Save when casualty status is empty
Build and inspect Linux Electron artifacts	Full deterministic unit gate	2026-09-11T14:02:35.5147260Z [22m[39mThe current testing environment is not configured to support act(...)
Build and inspect Linux Electron artifacts	Full deterministic unit gate	2026-09-11T14:02:35.5147528Z 
Build and inspect Linux Electron artifacts	Full deterministic unit gate	2026-09-11T14:02:35.5244479Z [90mstderr[2m | tests/unit/marker-dialog-casualty-validation.test.ts[2m > [22m[2mMarkerDialog casualty required-field validation[2m > [22m[2mdisables Save when casualty evacuation priority is empty
Build and inspect Linux Electron artifacts	Full deterministic unit gate	2026-09-11T14:02:35.5246258Z [22m[39mThe current testing environment is not configured to support act(...)
Build and inspect Linux Electron artifacts	Full deterministic unit gate	2026-09-11T14:02:35.5246654Z 
Build and inspect Linux Electron artifacts	Full deterministic unit gate	2026-09-11T14:02:35.5257336Z [90mstderr[2m | tests/unit/marker-dialog-casualty-validation.test.ts[2m > [22m[2mMarkerDialog casualty required-field validation[2m > [22m[2mdisables Save when casualty evacuation priority is empty
Build and inspect Linux Electron artifacts	Full deterministic unit gate	2026-09-11T14:02:35.5259702Z [22m[39mThe current testing environment is not configured to support act(...)
Build and inspect Linux Electron artifacts	Full deterministic unit gate	2026-09-11T14:02:35.5260350Z 
Build and inspect Linux Electron artifacts	Full deterministic unit gate	2026-09-11T14:02:35.5336789Z [90mstderr[2m | tests/unit/marker-dialog-casualty-validation.test.ts[2m > [22m[2mMarkerDialog casualty required-field validation[2m > [22m[2mdisables Save when casualty name is empty
Build and inspect Linux Electron artifacts	Full deterministic unit gate	2026-09-11T14:02:35.5337687Z [22m[39mThe current testing environment is not configured to support act(...)
Build and inspect Linux Electron artifacts	Full deterministic unit gate	2026-09-11T14:02:35.5337930Z 
Build and inspect Linux Electron artifacts	Full deterministic unit gate	2026-09-11T14:02:35.5346069Z [90mstderr[2m | tests/unit/marker-dialog-casualty-validation.test.ts[2m > [22m[2mMarkerDialog casualty required-field validation[2m > [22m[2mdisables Save when casualty name is empty
Build and inspect Linux Electron artifacts	Full deterministic unit gate	2026-09-11T14:02:35.5346876Z [22m[39mThe current testing environment is not configured to support act(...)
Build and inspect Linux Electron artifacts	Full deterministic unit gate	2026-09-11T14:02:35.5347119Z 
Build and inspect Linux Electron artifacts	Full deterministic unit gate	2026-09-11T14:02:35.5422070Z [90mstderr[2m | tests/unit/marker-dialog-casualty-validation.test.ts[2m > [22m[2mMarkerDialog casualty required-field validation[2m > [22m[2menables Save when all required casualty fields are filled
Build and inspect Linux Electron artifacts	Full deterministic unit gate	2026-09-11T14:02:35.5423233Z [22m[39mThe current testing environment is not configured to support act(...)
Build and inspect Linux Electron artifacts	Full deterministic unit gate	2026-09-11T14:02:35.5423553Z 
Build and inspect Linux Electron artifacts	Full deterministic unit gate	2026-09-11T14:02:35.5431098Z [90mstderr[2m | tests/unit/marker-dialog-casualty-validation.test.ts[2m > [22m[2mMarkerDialog casualty required-field validation[2m > [22m[2menables Save when all required casualty fields are filled
Build and inspect Linux Electron artifacts	Full deterministic unit gate	2026-09-11T14:02:35.5432163Z [22m[39mThe current testing environment is not configured to support act(...)
Build and inspect Linux Electron artifacts	Full deterministic unit gate	2026-09-11T14:02:35.5432470Z 
Build and inspect Linux Electron artifacts	Full deterministic unit gate	2026-09-11T14:02:35.5562887Z [90mstderr[2m | tests/unit/marker-dialog-casualty-validation.test.ts[2m > [22m[2mMarkerDialog casualty required-field validation[2m > [22m[2mshows a validation error message when casualty fields are missing
Build and inspect Linux Electron artifacts	Full deterministic unit gate	2026-09-11T14:02:35.5564110Z [22m[39mThe current testing environment is not configured to support act(...)
Build and inspect Linux Electron artifacts	Full deterministic unit gate	2026-09-11T14:02:35.5564575Z 
Build and inspect Linux Electron artifacts	Full deterministic unit gate	2026-09-11T14:02:35.5576095Z [90mstderr[2m | tests/unit/marker-dialog-casualty-validation.test.ts[2m > [22m[2mMarkerDialog casualty required-field validation[2m > [22m[2mshows a validation error message when casualty fields are missing
Build and inspect Linux Electron artifacts	Full deterministic unit gate	2026-09-11T14:02:35.5577225Z [22m[39mThe current testing environment is not configured to support act(...)
Build and inspect Linux Electron artifacts	Full deterministic unit gate	2026-09-11T14:02:35.5577667Z 
Build and inspect Linux Electron artifacts	Full deterministic unit gate	2026-09-11T14:02:35.5642081Z [90mstderr[2m | tests/unit/marker-dialog-casualty-validation.test.ts[2m > [22m[2mMarkerDialog casualty required-field validation[2m > [22m[2mdoes not show validation error for non-casualty markers with empty fields
Build and inspect Linux Electron artifacts	Full deterministic unit gate	2026-09-11T14:02:35.5643524Z [22m[39mThe current testing environment is not configured to support act(...)
Build and inspect Linux Electron artifacts	Full deterministic unit gate	2026-09-11T14:02:35.5643907Z 
Build and inspect Linux Electron artifacts	Full deterministic unit gate	2026-09-11T14:02:35.5649674Z [90mstderr[2m | tests/unit/marker-dialog-casualty-validation.test.ts[2m > [22m[2mMarkerDialog casualty required-field validation[2m > [22m[2mdoes not show validation error for non-casualty markers with empty fields
Build and inspect Linux Electron artifacts	Full deterministic unit gate	2026-09-11T14:02:35.5651179Z [22m[39mThe current testing environment is not configured to support act(...)
Build and inspect Linux Electron artifacts	Full deterministic unit gate	2026-09-11T14:02:35.5651591Z 
Build and inspect Linux Electron artifacts	Full deterministic unit gate	2026-09-11T14:02:35.5741482Z [90mstderr[2m | tests/unit/marker-dialog-casualty-validation.test.ts[2m > [22m[2mMarkerDialog casualty required-field validation[2m > [22m[2mmarks condition field with aria-invalid when empty on casualty
Build and inspect Linux Electron artifacts	Full deterministic unit gate	2026-09-11T14:02:35.5742717Z [22m[39mThe current testing environment is not configured to support act(...)
Build and inspect Linux Electron artifacts	Full deterministic unit gate	2026-09-11T14:02:35.5743221Z 
Build and inspect Linux Electron artifacts	Full deterministic unit gate	2026-09-11T14:02:35.5750164Z [90mstderr[2m | tests/unit/marker-dialog-casualty-validation.test.ts[2m > [22m[2mMarkerDialog casualty required-field validation[2m > [22m[2mmarks condition field with aria-invalid when empty on casualty
Build and inspect Linux Electron artifacts	Full deterministic unit gate	2026-09-11T14:02:35.5751324Z [22m[39mThe current testing environment is not configured to support act(...)
Build and inspect Linux Electron artifacts	Full deterministic unit gate	2026-09-11T14:02:35.5751766Z 
Build and inspect Linux Electron artifacts	Full deterministic unit gate	2026-09-11T14:02:35.5846490Z [90mstderr[2m | tests/unit/marker-dialog-casualty-validation.test.ts[2m > [22m[2mMarkerDialog casualty required-field validation[2m > [22m[2mlabels casualty condition as Casualty Status and orders casualty options for coordinators
Build and inspect Linux Electron artifacts	Full deterministic unit gate	2026-09-11T14:02:35.5848601Z [22m[39mThe current testing environment is not configured to support act(...)
Build and inspect Linux Electron artifacts	Full deterministic unit gate	2026-09-11T14:02:35.5849262Z 
Build and inspect Linux Electron artifacts	Full deterministic unit gate	2026-09-11T14:02:35.5855151Z [90mstderr[2m | tests/unit/marker-dialog-casualty-validation.test.ts[2m > [22m[2mMarkerDialog casualty required-field validation[2m > [22m[2mlabels casualty condition as Casualty Status and orders casualty options for coordinators
Build and inspect Linux Electron artifacts	Full deterministic unit gate	2026-09-11T14:02:35.5856334Z [22m[39mThe current testing environment is not configured to support act(...)
Build and inspect Linux Electron artifacts	Full deterministic unit gate	2026-09-11T14:02:35.5856582Z 
Build and inspect Linux Electron artifacts	Full deterministic unit gate	2026-09-11T14:02:35.5935154Z [90mstderr[2m | tests/unit/marker-dialog-casualty-validation.test.ts[2m > [22m[2mMarkerDialog casualty required-field validation[2m > [22m[2mshows a marker label-size control with the casualty default
Build and inspect Linux Electron artifacts	Full deterministic unit gate	2026-09-11T14:02:35.5936467Z [22m[39mThe current testing environment is not configured to support act(...)
Build and inspect Linux Electron artifacts	Full deterministic unit gate	2026-09-11T14:02:35.5936722Z 
Build and inspect Linux Electron artifacts	Full deterministic unit gate	2026-09-11T14:02:35.5943544Z [90mstderr[2m | tests/unit/marker-dialog-casualty-validation.test.ts[2m > [22m[2mMarkerDialog casualty required-field validation[2m > [22m[2mshows a marker label-size control with the casualty default
Build and inspect Linux Electron artifacts	Full deterministic unit gate	2026-09-11T14:02:35.5945036Z [22m[39mThe current testing environment is not configured to support act(...)
Build and inspect Linux Electron artifacts	Full deterministic unit gate	2026-09-11T14:02:35.5945289Z 
Build and inspect Linux Electron artifacts	Full deterministic unit gate	2026-09-11T14:02:35.5957201Z  [32m✓[39m tests/unit/marker-dialog-casualty-validation.test.ts [2m([22m[2m9 tests[22m[2m)[22m[32m 132[2mms[22m[39m
Build and inspect Linux Electron artifacts	Full deterministic unit gate	2026-09-11T14:02:36.2917979Z  [32m✓[39m tests/unit/app-runtime-controller.test.ts [2m([22m[2m7 tests[22m[2m)[22m[32m 110[2mms[22m[39m
Build and inspect Linux Electron artifacts	Full deterministic unit gate	2026-09-11T14:02:37.0085924Z  [32m✓[39m tests/unit/electron-archive-plaintext-sweep-integration.test.ts [2m([22m[2m3 tests[22m[2m)[22m[32m 118[2mms[22m[39m
Build and inspect Linux Electron artifacts	Full deterministic unit gate	2026-09-11T14:02:37.7441294Z  [32m✓[39m tests/unit/stationary-attention-store.test.ts [2m([22m[2m7 tests[22m[2m)[22m[32m 8[2mms[22m[39m
Build and inspect Linux Electron artifacts	Full deterministic unit gate	2026-09-11T14:02:38.5733954Z  [32m✓[39m tests/unit/linux-hang-collector.test.ts [2m([22m[2m3 tests[22m[2m)[22m[32m 205[2mms[22m[39m
Build and inspect Linux Electron artifacts	Full deterministic unit gate	2026-09-11T14:02:39.1844180Z  [32m✓[39m tests/unit/electron-mission-replay-runner.test.ts [2m([22m[2m6 tests[22m[2m)[22m[32m 10[2mms[22m[39m
Build and inspect Linux Electron artifacts	Full deterministic unit gate	2026-09-11T14:02:39.7919621Z  [32m✓[39m tests/unit/tracking-snapshot-health.test.ts [2m([22m[2m10 tests[22m[2m)[22m[32m 7[2mms[22m[39m
Build and inspect Linux Electron artifacts	Full deterministic unit gate	2026-09-11T14:02:55.6032364Z  [32m✓[39m tests/unit/assurance/war-02a/backup.test.ts [2m([22m[2m13 tests[22m[2m)[22m[33m 15680[2mms[22m[39m
Build and inspect Linux Electron artifacts	Full deterministic unit gate	2026-09-11T14:02:55.6033556Z      [33m[2m✓[22m[39m historical backup atomicity: EIO before sqlite.backup retains a whole mirror [33m 1755[2mms[22m[39m
Build and inspect Linux Electron artifacts	Full deterministic unit gate	2026-09-11T14:02:55.6034777Z      [33m[2m✓[22m[39m historical backup atomicity: ENOSPC before sqlite.backup retains a whole mirror [33m 1723[2mms[22m[39m
Build and inspect Linux Electron artifacts	Full deterministic unit gate	2026-09-11T14:02:55.6035738Z      [33m[2m✓[22m[39m historical backup atomicity: INTERRUPTED before sqlite.backup retains a whole mirror [33m 1627[2mms[22m[39m
Build and inspect Linux Electron artifacts	Full deterministic unit gate	2026-09-11T14:02:55.6036803Z      [33m[2m✓[22m[39m historical backup atomicity: EIO after sqlite.backup retains a whole mirror [33m 1929[2mms[22m[39m
Build and inspect Linux Electron artifacts	Full deterministic unit gate	2026-09-11T14:02:55.6039535Z      [33m[2m✓[22m[39m historical backup atomicity: ENOSPC after sqlite.backup retains a whole mirror [33m 1588[2mms[22m[39m
Build and inspect Linux Electron artifacts	Full deterministic unit gate	2026-09-11T14:02:55.6040707Z      [33m[2m✓[22m[39m historical backup atomicity: INTERRUPTED after sqlite.backup retains a whole mirror [33m 1730[2mms[22m[39m
Build and inspect Linux Electron artifacts	Full deterministic unit gate	2026-09-11T14:02:55.6042232Z      [33m[2m✓[22m[39m historical backup atomicity: EIO before file.rename retains a whole mirror [33m 1831[2mms[22m[39m
Build and inspect Linux Electron artifacts	Full deterministic unit gate	2026-09-11T14:02:55.6043128Z      [33m[2m✓[22m[39m historical backup atomicity: ENOSPC before file.rename retains a whole mirror [33m 1613[2mms[22m[39m
Build and inspect Linux Electron artifacts	Full deterministic unit gate	2026-09-11T14:02:55.6043861Z      [33m[2m✓[22m[39m historical backup atomicity: INTERRUPTED before file.rename retains a whole mirror [33m 1634[2mms[22m[39m
Build and inspect Linux Electron artifacts	Full deterministic unit gate	2026-09-11T14:02:56.1912901Z  [32m✓[39m tests/unit/electron-archive-gpx-proof.test.ts [2m([22m[2m4 tests[22m[2m)[22m[32m 10[2mms[22m[39m
Build and inspect Linux Electron artifacts	Full deterministic unit gate	2026-09-11T14:02:56.8187955Z  [32m✓[39m tests/unit/electron-archive-custody-file.test.ts [2m([22m[2m3 tests[22m[2m)[22m[32m 47[2mms[22m[39m
Build and inspect Linux Electron artifacts	Full deterministic unit gate	2026-09-11T14:02:57.8272564Z  [32m✓[39m tests/unit/coverage-finalized-mission.test.ts [2m([22m[2m2 tests[22m[2m)[22m[33m 374[2mms[22m[39m
Build and inspect Linux Electron artifacts	Full deterministic unit gate	2026-09-11T14:02:58.9119479Z  [32m✓[39m tests/unit/electron-gpx-forced-kill-recovery.test.ts [2m([22m[2m2 tests[22m[2m)[22m[33m 472[2mms[22m[39m
Build and inspect Linux Electron artifacts	Full deterministic unit gate	2026-09-11T14:02:59.4877053Z  [32m✓[39m tests/unit/participant-backfill-runtime.test.ts [2m([22m[2m5 tests[22m[2m)[22m[32m 8[2mms[22m[39m
Build and inspect Linux Electron artifacts	Full deterministic unit gate	2026-09-11T14:03:00.0888043Z  [32m✓[39m tests/unit/sync-drawing-overlay.test.ts [2m([22m[2m6 tests[22m[2m)[22m[32m 11[2mms[22m[39m
Build and inspect Linux Electron artifacts	Full deterministic unit gate	2026-09-11T14:03:00.8337309Z  [32m✓[39m tests/unit/start-exact-breadcrumb-dot-runtime.test.ts [2m([22m[2m2 tests[22m[2m)[22m[32m 99[2mms[22m[39m
Build and inspect Linux Electron artifacts	Full deterministic unit gate	2026-09-11T14:03:01.5015232Z  [32m✓[39m tests/unit/electron-tracking-soak-mock-server.test.ts [2m([22m[2m2 tests[22m[2m)[22m[32m 71[2mms[22m[39m
Build and inspect Linux Electron artifacts	Full deterministic unit gate	2026-09-11T14:03:02.2713677Z  [32m✓[39m tests/unit/electron-archive-finalization-progress.test.ts [2m([22m[2m5 tests[22m[2m)[22m[32m 10[2mms[22m[39m
Build and inspect Linux Electron artifacts	Full deterministic unit gate	2026-09-11T14:03:03.0889743Z  [32m✓[39m tests/unit/bootstrap-app-runtime.test.ts [2m([22m[2m5 tests[22m[2m)[22m[32m 9[2mms[22m[39m
Build and inspect Linux Electron artifacts	Full deterministic unit gate	2026-09-11T14:03:03.7222093Z  [32m✓[39m tests/unit/linux-package-inventory.test.ts [2m([22m[2m30 tests[22m[2m)[22m[32m 22[2mms[22m[39m
Build and inspect Linux Electron artifacts	Full deterministic unit gate	2026-09-11T14:03:04.3175625Z  [32m✓[39m tests/unit/electron-gpx-evidence-import-runner.test.ts [2m([22m[2m6 tests[22m[2m)[22m[32m 9[2mms[22m[39m
Build and inspect Linux Electron artifacts	Full deterministic unit gate	2026-09-11T14:03:04.9029656Z  [32m✓[39m tests/unit/drawing-hit-testing.test.ts [2m([22m[2m7 tests[22m[2m)[22m[32m 5[2mms[22m[39m
Build and inspect Linux Electron artifacts	Full deterministic unit gate	2026-09-11T14:03:05.4933286Z  [32m✓[39m tests/unit/electron-map-freeze-probe-lib.test.ts [2m([22m[2m13 tests[22m[2m)[22m[32m 8[2mms[22m[39m
Build and inspect Linux Electron artifacts	Full deterministic unit gate	2026-09-11T14:03:05.7932682Z  [32m✓[39m tests/unit/assurance/war-02a/renderer-lifecycle.test.ts [2m([22m[2m2 tests[22m[2m)[22m[32m 153[2mms[22m[39m
Build and inspect Linux Electron artifacts	Full deterministic unit gate	2026-09-11T14:03:06.6253431Z  [32m✓[39m tests/unit/electron-archive-lifecycle-liveness-mock-traccar.test.ts [2m([22m[2m3 tests[22m[2m)[22m[32m 254[2mms[22m[39m
Build and inspect Linux Electron artifacts	Full deterministic unit gate	2026-09-11T14:03:07.2624458Z  [32m✓[39m tests/unit/coverage-participant-scope.test.ts [2m([22m[2m1 test[22m[2m)[22m[32m 12[2mms[22m[39m
Build and inspect Linux Electron artifacts	Full deterministic unit gate	2026-09-11T14:03:07.8473167Z  [32m✓[39m tests/unit/electron-archive-cleanup-startup.test.ts [2m([22m[2m3 tests[22m[2m)[22m[32m 7[2mms[22m[39m
Build and inspect Linux Electron artifacts	Full deterministic unit gate	2026-09-11T14:03:08.4898597Z  [32m✓[39m tests/unit/replay-map-projection.test.ts [2m([22m[2m8 tests[22m[2m)[22m[32m 9[2mms[22m[39m
Build and inspect Linux Electron artifacts	Full deterministic unit gate	2026-09-11T14:03:09.2227703Z [90mstderr[2m | tests/unit/marker-dialog-treatment-log.test.ts[2m > [22m[2mMarkerDialog casualty treatment log[2m > [22m[2mappends treatment updates while preserving earlier treatment notes
Build and inspect Linux Electron artifacts	Full deterministic unit gate	2026-09-11T14:03:09.2229173Z [22m[39mThe current testing environment is not configured to support act(...)
Build and inspect Linux Electron artifacts	Full deterministic unit gate	2026-09-11T14:03:09.2229626Z The current testing environment is not configured to support act(...)
Build and inspect Linux Electron artifacts	Full deterministic unit gate	2026-09-11T14:03:09.2230045Z The current testing environment is not configured to support act(...)
Build and inspect Linux Electron artifacts	Full deterministic unit gate	2026-09-11T14:03:09.2230462Z The current testing environment is not configured to support act(...)
Build and inspect Linux Electron artifacts	Full deterministic unit gate	2026-09-11T14:03:09.2230678Z 
Build and inspect Linux Electron artifacts	Full deterministic unit gate	2026-09-11T14:03:09.2254455Z [90mstderr[2m | tests/unit/marker-dialog-treatment-log.test.ts[2m > [22m[2mMarkerDialog casualty treatment log[2m > [22m[2mappends treatment updates while preserving earlier treatment notes
Build and inspect Linux Electron artifacts	Full deterministic unit gate	2026-09-11T14:03:09.2255726Z [22m[39mThe current testing environment is not configured to support act(...)
Build and inspect Linux Electron artifacts	Full deterministic unit gate	2026-09-11T14:03:09.2256175Z 
Build and inspect Linux Electron artifacts	Full deterministic unit gate	2026-09-11T14:03:09.2489762Z [90mstderr[2m | tests/unit/marker-dialog-treatment-log.test.ts[2m > [22m[2mMarkerDialog casualty treatment log[2m > [22m[2mclears an unsaved treatment-size error when the dialog closes
Build and inspect Linux Electron artifacts	Full deterministic unit gate	2026-09-11T14:03:09.2490866Z [22m[39mThe current testing environment is not configured to support act(...)
Build and inspect Linux Electron artifacts	Full deterministic unit gate	2026-09-11T14:03:09.2491443Z The current testing environment is not configured to support act(...)
Build and inspect Linux Electron artifacts	Full deterministic unit gate	2026-09-11T14:03:09.2492574Z The current testing environment is not configured to support act(...)
Build and inspect Linux Electron artifacts	Full deterministic unit gate	2026-09-11T14:03:09.2493354Z The current testing environment is not configured to support act(...)
Build and inspect Linux Electron artifacts	Full deterministic unit gate	2026-09-11T14:03:09.2493972Z The current testing environment is not configured to support act(...)
Build and inspect Linux Electron artifacts	Full deterministic unit gate	2026-09-11T14:03:09.2494294Z 
Build and inspect Linux Electron artifacts	Full deterministic unit gate	2026-09-11T14:03:09.2505686Z [90mstderr[2m | tests/unit/marker-dialog-treatment-log.test.ts[2m > [22m[2mMarkerDialog casualty treatment log[2m > [22m[2mclears an unsaved treatment-size error when the dialog closes
Build and inspect Linux Electron artifacts	Full deterministic unit gate	2026-09-11T14:03:09.2507031Z [22m[39mThe current testing environment is not configured to support act(...)
Build and inspect Linux Electron artifacts	Full deterministic unit gate	2026-09-11T14:03:09.2507612Z 
Build and inspect Linux Electron artifacts	Full deterministic unit gate	2026-09-11T14:03:09.2516575Z  [32m✓[39m tests/unit/marker-dialog-treatment-log.test.ts [2m([22m[2m2 tests[22m[2m)[22m[32m 96[2mms[22m[39m
Build and inspect Linux Electron artifacts	Full deterministic unit gate	2026-09-11T14:03:10.1855775Z  [32m✓[39m tests/unit/mission-review-lifecycle.test.ts [2m([22m[2m3 tests[22m[2m)[22m[32m 65[2mms[22m[39m
Build and inspect Linux Electron artifacts	Full deterministic unit gate	2026-09-11T14:03:11.0861654Z  [32m✓[39m tests/unit/electron-gpx-foreground-priority.test.ts [2m([22m[2m2 tests[22m[2m)[22m[32m 293[2mms[22m[39m
Build and inspect Linux Electron artifacts	Full deterministic unit gate	2026-09-11T14:03:11.6834360Z  [32m✓[39m tests/unit/layer-catalog-store.test.ts [2m([22m[2m1 test[22m[2m)[22m[32m 3[2mms[22m[39m
Build and inspect Linux Electron artifacts	Full deterministic unit gate	2026-09-11T14:03:12.7961556Z Startup SQLite contention: {"maximumGapMs":61.79775399999994,"processCpuMs":8.757}
Build and inspect Linux Electron artifacts	Full deterministic unit gate	2026-09-11T14:03:13.3585042Z Startup SQLite contention: {"maximumGapMs":11.329615999999987,"processCpuMs":5.57}
Build and inspect Linux Electron artifacts	Full deterministic unit gate	2026-09-11T14:03:13.4844197Z  [32m✓[39m tests/unit/electron-startup-write-responsiveness.test.ts [2m([22m[2m2 tests[22m[2m)[22m[33m 1189[2mms[22m[39m
Build and inspect Linux Electron artifacts	Full deterministic unit gate	2026-09-11T14:03:13.4845735Z    [33m[2m✓[22m[39m keeps the main loop below 200 ms when startup archive bookkeeping meets a background SQLite writer during complete [DON-254] [33m 507[2mms[22m[39m
Build and inspect Linux Electron artifacts	Full deterministic unit gate	2026-09-11T14:03:13.4847164Z    [33m[2m✓[22m[39m keeps the main loop below 200 ms when startup archive bookkeeping meets a background SQLite writer during shutdown [DON-254] [33m 681[2mms[22m[39m
Build and inspect Linux Electron artifacts	Full deterministic unit gate	2026-09-11T14:03:14.0626828Z  [32m✓[39m tests/unit/electron-mission-live-review-access.test.ts [2m([22m[2m4 tests[22m[2m)[22m[32m 9[2mms[22m[39m
Build and inspect Linux Electron artifacts	Full deterministic unit gate	2026-09-11T14:03:14.7368683Z [90mstderr[2m | tests/unit/replay-map-view.test.tsx[2m > [22m[2mclears a transient basemap failure when that source finishes loading
Build and inspect Linux Electron artifacts	Full deterministic unit gate	2026-09-11T14:03:14.7370230Z [22m[39mThe current testing environment is not configured to support act(...)
Build and inspect Linux Electron artifacts	Full deterministic unit gate	2026-09-11T14:03:14.7370812Z 
Build and inspect Linux Electron artifacts	Full deterministic unit gate	2026-09-11T14:03:14.7653282Z [90mstderr[2m | tests/unit/replay-map-view.test.tsx[2m > [22m[2mclears a transient basemap failure when that source finishes loading
Build and inspect Linux Electron artifacts	Full deterministic unit gate	2026-09-11T14:03:14.7654479Z [22m[39mThe current testing environment is not configured to support act(...)
Build and inspect Linux Electron artifacts	Full deterministic unit gate	2026-09-11T14:03:14.7655489Z 
Build and inspect Linux Electron artifacts	Full deterministic unit gate	2026-09-11T14:03:14.7785833Z [90mstderr[2m | tests/unit/replay-map-view.test.tsx[2m > [22m[2mclears a transient basemap failure when that source finishes loading
Build and inspect Linux Electron artifacts	Full deterministic unit gate	2026-09-11T14:03:14.7787007Z [22m[39mThe current testing environment is not configured to support act(...)
Build and inspect Linux Electron artifacts	Full deterministic unit gate	2026-09-11T14:03:14.7787721Z The current testing environment is not configured to support act(...)
Build and inspect Linux Electron artifacts	Full deterministic unit gate	2026-09-11T14:03:14.7788426Z The current testing environment is not configured to support act(...)
Build and inspect Linux Electron artifacts	Full deterministic unit gate	2026-09-11T14:03:14.7788781Z 
Build and inspect Linux Electron artifacts	Full deterministic unit gate	2026-09-11T14:03:14.7801011Z [90mstderr[2m | tests/unit/replay-map-view.test.tsx[2m > [22m[2mclears a transient basemap failure when that source finishes loading
Build and inspect Linux Electron artifacts	Full deterministic unit gate	2026-09-11T14:03:14.7802136Z [22m[39mThe current testing environment is not configured to support act(...)
Build and inspect Linux Electron artifacts	Full deterministic unit gate	2026-09-11T14:03:14.7802536Z 
Build and inspect Linux Electron artifacts	Full deterministic unit gate	2026-09-11T14:03:14.7810745Z [90mstderr[2m | tests/unit/replay-map-view.test.tsx[2m > [22m[2mdoes not clear an evidence error because an unrelated tile loaded
Build and inspect Linux Electron artifacts	Full deterministic unit gate	2026-09-11T14:03:14.7811875Z [22m[39mThe current testing environment is not configured to support act(...)
Build and inspect Linux Electron artifacts	Full deterministic unit gate	2026-09-11T14:03:14.7812278Z 
Build and inspect Linux Electron artifacts	Full deterministic unit gate	2026-09-11T14:03:14.7829060Z [90mstderr[2m | tests/unit/replay-map-view.test.tsx[2m > [22m[2mdoes not clear an evidence error because an unrelated tile loaded
Build and inspect Linux Electron artifacts	Full deterministic unit gate	2026-09-11T14:03:14.7830171Z [22m[39mThe current testing environment is not configured to support act(...)
Build and inspect Linux Electron artifacts	Full deterministic unit gate	2026-09-11T14:03:14.7830606Z 
Build and inspect Linux Electron artifacts	Full deterministic unit gate	2026-09-11T14:03:14.7870711Z [90mstderr[2m | tests/unit/replay-map-view.test.tsx[2m > [22m[2mdoes not clear an evidence error because an unrelated tile loaded
Build and inspect Linux Electron artifacts	Full deterministic unit gate	2026-09-11T14:03:14.7871731Z [22m[39mThe current testing environment is not configured to support act(...)
Build and inspect Linux Electron artifacts	Full deterministic unit gate	2026-09-11T14:03:14.7872478Z The current testing environment is not configured to support act(...)
Build and inspect Linux Electron artifacts	Full deterministic unit gate	2026-09-11T14:03:14.7873156Z The current testing environment is not configured to support act(...)
Build and inspect Linux Electron artifacts	Full deterministic unit gate	2026-09-11T14:03:14.7873523Z 
Build and inspect Linux Electron artifacts	Full deterministic unit gate	2026-09-11T14:03:14.7875917Z [90mstderr[2m | tests/unit/replay-map-view.test.tsx[2m > [22m[2mdoes not clear an evidence error because an unrelated tile loaded
Build and inspect Linux Electron artifacts	Full deterministic unit gate	2026-09-11T14:03:14.7877755Z [22m[39mThe current testing environment is not configured to support act(...)
Build and inspect Linux Electron artifacts	Full deterministic unit gate	2026-09-11T14:03:14.7878233Z 
Build and inspect Linux Electron artifacts	Full deterministic unit gate	2026-09-11T14:03:14.7884018Z [90mstderr[2m | tests/unit/replay-map-view.test.tsx[2m > [22m[2mshows one basemap warning while retaining each failed tile until its own recovery
Build and inspect Linux Electron artifacts	Full deterministic unit gate	2026-09-11T14:03:14.7885776Z [22m[39mThe current testing environment is not configured to support act(...)
Build and inspect Linux Electron artifacts	Full deterministic unit gate	2026-09-11T14:03:14.7886194Z 
Build and inspect Linux Electron artifacts	Full deterministic unit gate	2026-09-11T14:03:14.7907181Z [90mstderr[2m | tests/unit/replay-map-view.test.tsx[2m > [22m[2mshows one basemap warning while retaining each failed tile until its own recovery
Build and inspect Linux Electron artifacts	Full deterministic unit gate	2026-09-11T14:03:14.7907917Z [22m[39mThe current testing environment is not configured to support act(...)
Build and inspect Linux Electron artifacts	Full deterministic unit gate	2026-09-11T14:03:14.7908161Z 
Build and inspect Linux Electron artifacts	Full deterministic unit gate	2026-09-11T14:03:14.7959303Z [90mstderr[2m | tests/unit/replay-map-view.test.tsx[2m > [22m[2mshows one basemap warning while retaining each failed tile until its own recovery
Build and inspect Linux Electron artifacts	Full deterministic unit gate	2026-09-11T14:03:14.7960078Z [22m[39mThe current testing environment is not configured to support act(...)
Build and inspect Linux Electron artifacts	Full deterministic unit gate	2026-09-11T14:03:14.7960543Z The current testing environment is not configured to support act(...)
Build and inspect Linux Electron artifacts	Full deterministic unit gate	2026-09-11T14:03:14.7960963Z The current testing environment is not configured to support act(...)
Build and inspect Linux Electron artifacts	Full deterministic unit gate	2026-09-11T14:03:14.7961390Z The current testing environment is not configured to support act(...)
Build and inspect Linux Electron artifacts	Full deterministic unit gate	2026-09-11T14:03:14.7961616Z 
Build and inspect Linux Electron artifacts	Full deterministic unit gate	2026-09-11T14:03:14.7964078Z [90mstderr[2m | tests/unit/replay-map-view.test.tsx[2m > [22m[2mshows one basemap warning while retaining each failed tile until its own recovery
Build and inspect Linux Electron artifacts	Full deterministic unit gate	2026-09-11T14:03:14.7965215Z [22m[39mThe current testing environment is not configured to support act(...)
Build and inspect Linux Electron artifacts	Full deterministic unit gate	2026-09-11T14:03:14.7965591Z 
Build and inspect Linux Electron artifacts	Full deterministic unit gate	2026-09-11T14:03:14.7971933Z [90mstderr[2m | tests/unit/replay-map-view.test.tsx[2m > [22m[2muses one point filter and includes rendered symbols and labels in click inspection
Build and inspect Linux Electron artifacts	Full deterministic unit gate	2026-09-11T14:03:14.7972670Z [22m[39mThe current testing environment is not configured to support act(...)
Build and inspect Linux Electron artifacts	Full deterministic unit gate	2026-09-11T14:03:14.7973156Z 
Build and inspect Linux Electron artifacts	Full deterministic unit gate	2026-09-11T14:03:14.7986981Z [90mstderr[2m | tests/unit/replay-map-view.test.tsx[2m > [22m[2muses one point filter and includes rendered symbols and labels in click inspection
Build and inspect Linux Electron artifacts	Full deterministic unit gate	2026-09-11T14:03:14.7988012Z [22m[39mThe current testing environment is not configured to support act(...)
Build and inspect Linux Electron artifacts	Full deterministic unit gate	2026-09-11T14:03:14.7988254Z 
Build and inspect Linux Electron artifacts	Full deterministic unit gate	2026-09-11T14:03:14.8018175Z [90mstderr[2m | tests/unit/replay-map-view.test.tsx[2m > [22m[2muses one point filter and includes rendered symbols and labels in click inspection
Build and inspect Linux Electron artifacts	Full deterministic unit gate	2026-09-11T14:03:14.8019217Z [22m[39mThe current testing environment is not configured to support act(...)
Build and inspect Linux Electron artifacts	Full deterministic unit gate	2026-09-11T14:03:14.8019640Z 
Build and inspect Linux Electron artifacts	Full deterministic unit gate	2026-09-11T14:03:14.8028039Z  [32m✓[39m tests/unit/replay-map-view.test.tsx [2m([22m[2m4 tests[22m[2m)[22m[32m 74[2mms[22m[39m
Build and inspect Linux Electron artifacts	Full deterministic unit gate	2026-09-11T14:03:15.5523241Z  [32m✓[39m tests/unit/electron-archive-review-projection-worker.test.ts [2m([22m[2m2 tests[22m[2m)[22m[32m 134[2mms[22m[39m
Build and inspect Linux Electron artifacts	Full deterministic unit gate	2026-09-11T14:03:16.2570349Z [90mstderr[2m | tests/unit/marker-dialog-two-stage-delete.test.ts[2m > [22m[2mMarkerDialog two-stage delete confirmation[2m > [22m[2mdoes not delete on first click — shows confirmation instead
Build and inspect Linux Electron artifacts	Full deterministic unit gate	2026-09-11T14:03:16.2571811Z [22m[39mThe current testing environment is not configured to support act(...)
Build and inspect Linux Electron artifacts	Full deterministic unit gate	2026-09-11T14:03:16.2572556Z The current testing environment is not configured to support act(...)
Build and inspect Linux Electron artifacts	Full deterministic unit gate	2026-09-11T14:03:16.2572961Z 
Build and inspect Linux Electron artifacts	Full deterministic unit gate	2026-09-11T14:03:16.2592604Z [90mstderr[2m | tests/unit/marker-dialog-two-stage-delete.test.ts[2m > [22m[2mMarkerDialog two-stage delete confirmation[2m > [22m[2mdoes not delete on first click — shows confirmation instead
Build and inspect Linux Electron artifacts	Full deterministic unit gate	2026-09-11T14:03:16.2594028Z [22m[39mThe current testing environment is not configured to support act(...)
Build and inspect Linux Electron artifacts	Full deterministic unit gate	2026-09-11T14:03:16.2594441Z 
Build and inspect Linux Electron artifacts	Full deterministic unit gate	2026-09-11T14:03:16.2715706Z [90mstderr[2m | tests/unit/marker-dialog-two-stage-delete.test.ts[2m > [22m[2mMarkerDialog two-stage delete confirmation[2m > [22m[2mdeletes on confirmation click after the first stage
Build and inspect Linux Electron artifacts	Full deterministic unit gate	2026-09-11T14:03:16.2717115Z [22m[39mThe current testing environment is not configured to support act(...)
Build and inspect Linux Electron artifacts	Full deterministic unit gate	2026-09-11T14:03:16.2717842Z The current testing environment is not configured to support act(...)
Build and inspect Linux Electron artifacts	Full deterministic unit gate	2026-09-11T14:03:16.2718198Z 
Build and inspect Linux Electron artifacts	Full deterministic unit gate	2026-09-11T14:03:16.2725237Z [90mstderr[2m | tests/unit/marker-dialog-two-stage-delete.test.ts[2m > [22m[2mMarkerDialog two-stage delete confirmation[2m > [22m[2mdeletes on confirmation click after the first stage
Build and inspect Linux Electron artifacts	Full deterministic unit gate	2026-09-11T14:03:16.2727119Z [22m[39mThe current testing environment is not configured to support act(...)
Build and inspect Linux Electron artifacts	Full deterministic unit gate	2026-09-11T14:03:16.2727502Z 
Build and inspect Linux Electron artifacts	Full deterministic unit gate	2026-09-11T14:03:16.2870704Z [90mstderr[2m | tests/unit/marker-dialog-two-stage-delete.test.ts[2m > [22m[2mMarkerDialog two-stage delete confirmation[2m > [22m[2mcancels deletion when Keep is clicked
Build and inspect Linux Electron artifacts	Full deterministic unit gate	2026-09-11T14:03:16.2871989Z [22m[39mThe current testing environment is not configured to support act(...)
Build and inspect Linux Electron artifacts	Full deterministic unit gate	2026-09-11T14:03:16.2872703Z The current testing environment is not configured to support act(...)
Build and inspect Linux Electron artifacts	Full deterministic unit gate	2026-09-11T14:03:16.2873370Z The current testing environment is not configured to support act(...)
Build and inspect Linux Electron artifacts	Full deterministic unit gate	2026-09-11T14:03:16.2873718Z 
Build and inspect Linux Electron artifacts	Full deterministic unit gate	2026-09-11T14:03:16.2881669Z [90mstderr[2m | tests/unit/marker-dialog-two-stage-delete.test.ts[2m > [22m[2mMarkerDialog two-stage delete confirmation[2m > [22m[2mcancels deletion when Keep is clicked
Build and inspect Linux Electron artifacts	Full deterministic unit gate	2026-09-11T14:03:16.2883203Z [22m[39mThe current testing environment is not configured to support act(...)
Build and inspect Linux Electron artifacts	Full deterministic unit gate	2026-09-11T14:03:16.2883814Z 
Build and inspect Linux Electron artifacts	Full deterministic unit gate	2026-09-11T14:03:16.3129363Z [90mstderr[2m | tests/unit/marker-dialog-two-stage-delete.test.ts[2m > [22m[2mMarkerDialog two-stage delete confirmation[2m > [22m[2mshows the marker type in the confirmation message
Build and inspect Linux Electron artifacts	Full deterministic unit gate	2026-09-11T14:03:16.3130715Z [22m[39mThe current testing environment is not configured to support act(...)
Build and inspect Linux Electron artifacts	Full deterministic unit gate	2026-09-11T14:03:16.3131397Z The current testing environment is not configured to support act(...)
Build and inspect Linux Electron artifacts	Full deterministic unit gate	2026-09-11T14:03:16.3131733Z 
Build and inspect Linux Electron artifacts	Full deterministic unit gate	2026-09-11T14:03:16.3143315Z [90mstderr[2m | tests/unit/marker-dialog-two-stage-delete.test.ts[2m > [22m[2mMarkerDialog two-stage delete confirmation[2m > [22m[2mshows the marker type in the confirmation message
Build and inspect Linux Electron artifacts	Full deterministic unit gate	2026-09-11T14:03:16.3144989Z [22m[39mThe current testing environment is not configured to support act(...)
Build and inspect Linux Electron artifacts	Full deterministic unit gate	2026-09-11T14:03:16.3145249Z 
Build and inspect Linux Electron artifacts	Full deterministic unit gate	2026-09-11T14:03:16.3276643Z [90mstderr[2m | tests/unit/marker-dialog-two-stage-delete.test.ts[2m > [22m[2mMarkerDialog two-stage delete confirmation[2m > [22m[2mstates that removal retires the marker while preserving mission history
Build and inspect Linux Electron artifacts	Full deterministic unit gate	2026-09-11T14:03:16.3294387Z  [32m✓[39m tests/unit/marker-dialog-two-stage-delete.test.ts [2m([22m[2m5 tests[22m[2m)[22m[32m 117[2mms[22m[39m
Build and inspect Linux Electron artifacts	Full deterministic unit gate	2026-09-11T14:03:16.3295679Z [22m[39mThe current testing environment is not configured to support act(...)
Build and inspect Linux Electron artifacts	Full deterministic unit gate	2026-09-11T14:03:16.3305540Z The current testing environment is not configured to support act(...)
Build and inspect Linux Electron artifacts	Full deterministic unit gate	2026-09-11T14:03:16.3306056Z 
Build and inspect Linux Electron artifacts	Full deterministic unit gate	2026-09-11T14:03:16.3307388Z [90mstderr[2m | tests/unit/marker-dialog-two-stage-delete.test.ts[2m > [22m[2mMarkerDialog two-stage delete confirmation[2m > [22m[2mstates that removal retires the marker while preserving mission history
Build and inspect Linux Electron artifacts	Full deterministic unit gate	2026-09-11T14:03:16.3308270Z [22m[39mThe current testing environment is not configured to support act(...)
Build and inspect Linux Electron artifacts	Full deterministic unit gate	2026-09-11T14:03:16.3308591Z 
Build and inspect Linux Electron artifacts	Full deterministic unit gate	2026-09-11T14:03:17.0414122Z [90mstderr[2m | tests/unit/basemap-switcher.test.ts[2m > [22m[2mBasemapSwitcher[2m > [22m[2mgroups official maps separately from public fallback maps
Build and inspect Linux Electron artifacts	Full deterministic unit gate	2026-09-11T14:03:17.0415653Z [22m[39mThe current testing environment is not configured to support act(...)
Build and inspect Linux Electron artifacts	Full deterministic unit gate	2026-09-11T14:03:17.0416398Z The current testing environment is not configured to support act(...)
Build and inspect Linux Electron artifacts	Full deterministic unit gate	2026-09-11T14:03:17.0417004Z 
Build and inspect Linux Electron artifacts	Full deterministic unit gate	2026-09-11T14:03:17.0435433Z [90mstderr[2m | tests/unit/basemap-switcher.test.ts[2m > [22m[2mBasemapSwitcher[2m > [22m[2mgroups official maps separately from public fallback maps
Build and inspect Linux Electron artifacts	Full deterministic unit gate	2026-09-11T14:03:17.0436734Z [22m[39mThe current testing environment is not configured to support act(...)
Build and inspect Linux Electron artifacts	Full deterministic unit gate	2026-09-11T14:03:17.0437151Z 
Build and inspect Linux Electron artifacts	Full deterministic unit gate	2026-09-11T14:03:17.0518180Z [90mstderr[2m | tests/unit/basemap-switcher.test.ts[2m > [22m[2mBasemapSwitcher[2m > [22m[2mrenders official maps as not configured while keeping public maps selectable
Build and inspect Linux Electron artifacts	Full deterministic unit gate	2026-09-11T14:03:17.0519503Z [22m[39mThe current testing environment is not configured to support act(...)
Build and inspect Linux Electron artifacts	Full deterministic unit gate	2026-09-11T14:03:17.0520195Z The current testing environment is not configured to support act(...)
Build and inspect Linux Electron artifacts	Full deterministic unit gate	2026-09-11T14:03:17.0521275Z The current testing environment is not configured to support act(...)
Build and inspect Linux Electron artifacts	Full deterministic unit gate	2026-09-11T14:03:17.0521626Z 
Build and inspect Linux Electron artifacts	Full deterministic unit gate	2026-09-11T14:03:17.0522602Z [90mstderr[2m | tests/unit/basemap-switcher.test.ts[2m > [22m[2mBasemapSwitcher[2m > [22m[2mrenders official maps as not configured while keeping public maps selectable
Build and inspect Linux Electron artifacts	Full deterministic unit gate	2026-09-11T14:03:17.0523797Z [22m[39mThe current testing environment is not configured to support act(...)
Build and inspect Linux Electron artifacts	Full deterministic unit gate	2026-09-11T14:03:17.0524174Z 
Build and inspect Linux Electron artifacts	Full deterministic unit gate	2026-09-11T14:03:17.0573734Z [90mstderr[2m | tests/unit/basemap-switcher.test.ts[2m > [22m[2mBasemapSwitcher[2m > [22m[2menables configured official maps and returns their map id on selection
Build and inspect Linux Electron artifacts	Full deterministic unit gate	2026-09-11T14:03:17.0574562Z [22m[39mThe current testing environment is not configured to support act(...)
Build and inspect Linux Electron artifacts	Full deterministic unit gate	2026-09-11T14:03:17.0575212Z The current testing environment is not configured to support act(...)
Build and inspect Linux Electron artifacts	Full deterministic unit gate	2026-09-11T14:03:17.0575638Z The current testing environment is not configured to support act(...)
Build and inspect Linux Electron artifacts	Full deterministic unit gate	2026-09-11T14:03:17.0575868Z 
Build and inspect Linux Electron artifacts	Full deterministic unit gate	2026-09-11T14:03:17.0577893Z [90mstderr[2m | tests/unit/basemap-switcher.test.ts[2m > [22m[2mBasemapSwitcher[2m > [22m[2menables configured official maps and returns their map id on selection
Build and inspect Linux Electron artifacts	Full deterministic unit gate	2026-09-11T14:03:17.0579006Z [22m[39mThe current testing environment is not configured to support act(...)
Build and inspect Linux Electron artifacts	Full deterministic unit gate	2026-09-11T14:03:17.0579273Z 
Build and inspect Linux Electron artifacts	Full deterministic unit gate	2026-09-11T14:03:17.0624123Z [90mstderr[2m | tests/unit/basemap-switcher.test.ts[2m > [22m[2mBasemapSwitcher[2m > [22m[2mshows official offline readiness in the maps status area
Build and inspect Linux Electron artifacts	Full deterministic unit gate	2026-09-11T14:03:17.0625304Z [22m[39mThe current testing environment is not configured to support act(...)
Build and inspect Linux Electron artifacts	Full deterministic unit gate	2026-09-11T14:03:17.0626053Z The current testing environment is not configured to support act(...)
Build and inspect Linux Electron artifacts	Full deterministic unit gate	2026-09-11T14:03:17.0626274Z 
Build and inspect Linux Electron artifacts	Full deterministic unit gate	2026-09-11T14:03:17.0630429Z [90mstderr[2m | tests/unit/basemap-switcher.test.ts[2m > [22m[2mBasemapSwitcher[2m > [22m[2mshows official offline readiness in the maps status area
Build and inspect Linux Electron artifacts	Full deterministic unit gate	2026-09-11T14:03:17.0631470Z [22m[39mThe current testing environment is not configured to support act(...)
Build and inspect Linux Electron artifacts	Full deterministic unit gate	2026-09-11T14:03:17.0631841Z 
Build and inspect Linux Electron artifacts	Full deterministic unit gate	2026-09-11T14:03:17.0642535Z  [32m✓[39m tests/unit/basemap-switcher.test.ts [2m([22m[2m4 tests[22m[2m)[22m[32m 58[2mms[22m[39m
Build and inspect Linux Electron artifacts	Full deterministic unit gate	2026-09-11T14:03:17.6448248Z  [32m✓[39m tests/unit/electron-breadcrumb-query-ipc.test.ts [2m([22m[2m2 tests[22m[2m)[22m[32m 6[2mms[22m[39m
Build and inspect Linux Electron artifacts	Full deterministic unit gate	2026-09-11T14:03:18.2706269Z  [32m✓[39m tests/unit/electron-official-map-offline-smoke-lib.test.ts [2m([22m[2m4 tests[22m[2m)[22m[32m 35[2mms[22m[39m
Build and inspect Linux Electron artifacts	Full deterministic unit gate	2026-09-11T14:03:18.8641280Z  [32m✓[39m tests/unit/map-interaction-mode-store.test.ts [2m([22m[2m14 tests[22m[2m)[22m[32m 5[2mms[22m[39m
Build and inspect Linux Electron artifacts	Full deterministic unit gate	2026-09-11T14:03:19.5647165Z [90mstderr[2m | tests/unit/color-palette-input.test.ts[2m > [22m[2mColorPaletteInput[2m > [22m[2mrenders all SAR palette swatches
Build and inspect Linux Electron artifacts	Full deterministic unit gate	2026-09-11T14:03:19.5648132Z [22m[39mThe current testing environment is not configured to support act(...)
Build and inspect Linux Electron artifacts	Full deterministic unit gate	2026-09-11T14:03:19.5648390Z 
Build and inspect Linux Electron artifacts	Full deterministic unit gate	2026-09-11T14:03:19.5664236Z [90mstderr[2m | tests/unit/color-palette-input.test.ts[2m > [22m[2mColorPaletteInput[2m > [22m[2mrenders all SAR palette swatches
Build and inspect Linux Electron artifacts	Full deterministic unit gate	2026-09-11T14:03:19.5665082Z [22m[39mThe current testing environment is not configured to support act(...)
Build and inspect Linux Electron artifacts	Full deterministic unit gate	2026-09-11T14:03:19.5665331Z 
Build and inspect Linux Electron artifacts	Full deterministic unit gate	2026-09-11T14:03:19.5712999Z [90mstderr[2m | tests/unit/color-palette-input.test.ts[2m > [22m[2mColorPaletteInput[2m > [22m[2mmarks the currently selected swatch as aria-checked
Build and inspect Linux Electron artifacts	Full deterministic unit gate	2026-09-11T14:03:19.5714083Z [22m[39mThe current testing environment is not configured to support act(...)
Build and inspect Linux Electron artifacts	Full deterministic unit gate	2026-09-11T14:03:19.5714371Z 
Build and inspect Linux Electron artifacts	Full deterministic unit gate	2026-09-11T14:03:19.5720126Z [90mstderr[2m | tests/unit/color-palette-input.test.ts[2m > [22m[2mColorPaletteInput[2m > [22m[2mmarks the currently selected swatch as aria-checked
Build and inspect Linux Electron artifacts	Full deterministic unit gate	2026-09-11T14:03:19.5720836Z [22m[39mThe current testing environment is not configured to support act(...)
Build and inspect Linux Electron artifacts	Full deterministic unit gate	2026-09-11T14:03:19.5721067Z 
Build and inspect Linux Electron artifacts	Full deterministic unit gate	2026-09-11T14:03:19.5802391Z [90mstderr[2m | tests/unit/color-palette-input.test.ts[2m > [22m[2mColorPaletteInput[2m > [22m[2mcalls onChange when a swatch is clicked
Build and inspect Linux Electron artifacts	Full deterministic unit gate	2026-09-11T14:03:19.5803759Z [22m[39mThe current testing environment is not configured to support act(...)
Build and inspect Linux Electron artifacts	Full deterministic unit gate	2026-09-11T14:03:19.5804203Z The current testing environment is not configured to support act(...)
Build and inspect Linux Electron artifacts	Full deterministic unit gate	2026-09-11T14:03:19.5804744Z The current testing environment is not configured to support act(...)
Build and inspect Linux Electron artifacts	Full deterministic unit gate	2026-09-11T14:03:19.5804980Z 
Build and inspect Linux Electron artifacts	Full deterministic unit gate	2026-09-11T14:03:19.5808467Z [90mstderr[2m | tests/unit/color-palette-input.test.ts[2m > [22m[2mColorPaletteInput[2m > [22m[2mcalls onChange when a swatch is clicked
Build and inspect Linux Electron artifacts	Full deterministic unit gate	2026-09-11T14:03:19.5809138Z [22m[39mThe current testing environment is not configured to support act(...)
Build and inspect Linux Electron artifacts	Full deterministic unit gate	2026-09-11T14:03:19.5809375Z 
Build and inspect Linux Electron artifacts	Full deterministic unit gate	2026-09-11T14:03:19.5859686Z [90mstderr[2m | tests/unit/color-palette-input.test.ts[2m > [22m[2mColorPaletteInput[2m > [22m[2mupdates the value when a valid hex is typed
Build and inspect Linux Electron artifacts	Full deterministic unit gate	2026-09-11T14:03:19.5860777Z [22m[39mThe current testing environment is not configured to support act(...)
Build and inspect Linux Electron artifacts	Full deterministic unit gate	2026-09-11T14:03:19.5861252Z The current testing environment is not configured to support act(...)
Build and inspect Linux Electron artifacts	Full deterministic unit gate	2026-09-11T14:03:19.5861678Z The current testing environment is not configured to support act(...)
Build and inspect Linux Electron artifacts	Full deterministic unit gate	2026-09-11T14:03:19.5861892Z 
Build and inspect Linux Electron artifacts	Full deterministic unit gate	2026-09-11T14:03:19.5863877Z [90mstderr[2m | tests/unit/color-palette-input.test.ts[2m > [22m[2mColorPaletteInput[2m > [22m[2mupdates the value when a valid hex is typed
Build and inspect Linux Electron artifacts	Full deterministic unit gate	2026-09-11T14:03:19.5864945Z [22m[39mThe current testing environment is not configured to support act(...)
Build and inspect Linux Electron artifacts	Full deterministic unit gate	2026-09-11T14:03:19.5865405Z 
Build and inspect Linux Electron artifacts	Full deterministic unit gate	2026-09-11T14:03:19.5911648Z [90mstderr[2m | tests/unit/color-palette-input.test.ts[2m > [22m[2mColorPaletteInput[2m > [22m[2maccepts hex without # prefix and normalizes to uppercase
Build and inspect Linux Electron artifacts	Full deterministic unit gate	2026-09-11T14:03:19.5913238Z [22m[39mThe current testing environment is not configured to support act(...)
Build and inspect Linux Electron artifacts	Full deterministic unit gate	2026-09-11T14:03:19.5913976Z The current testing environment is not configured to support act(...)
Build and inspect Linux Electron artifacts	Full deterministic unit gate	2026-09-11T14:03:19.5914829Z The current testing environment is not configured to support act(...)
Build and inspect Linux Electron artifacts	Full deterministic unit gate	2026-09-11T14:03:19.5915196Z 
Build and inspect Linux Electron artifacts	Full deterministic unit gate	2026-09-11T14:03:19.5917193Z [90mstderr[2m | tests/unit/color-palette-input.test.ts[2m > [22m[2mColorPaletteInput[2m > [22m[2maccepts hex without # prefix and normalizes to uppercase
Build and inspect Linux Electron artifacts	Full deterministic unit gate	2026-09-11T14:03:19.5918385Z [22m[39mThe current testing environment is not configured to support act(...)
Build and inspect Linux Electron artifacts	Full deterministic unit gate	2026-09-11T14:03:19.5918802Z 
Build and inspect Linux Electron artifacts	Full deterministic unit gate	2026-09-11T14:03:19.5958188Z [90mstderr[2m | tests/unit/color-palette-input.test.ts[2m > [22m[2mColorPaletteInput[2m > [22m[2mrejects invalid hex values and does not call onChange
Build and inspect Linux Electron artifacts	Full deterministic unit gate	2026-09-11T14:03:19.5959403Z [22m[39mThe current testing environment is not configured to support act(...)
Build and inspect Linux Electron artifacts	Full deterministic unit gate	2026-09-11T14:03:19.5960108Z The current testing environment is not configured to support act(...)
Build and inspect Linux Electron artifacts	Full deterministic unit gate	2026-09-11T14:03:19.5960749Z The current testing environment is not configured to support act(...)
Build and inspect Linux Electron artifacts	Full deterministic unit gate	2026-09-11T14:03:19.5961102Z 
Build and inspect Linux Electron artifacts	Full deterministic unit gate	2026-09-11T14:03:19.5961969Z [90mstderr[2m | tests/unit/color-palette-input.test.ts[2m > [22m[2mColorPaletteInput[2m > [22m[2mrejects invalid hex values and does not call onChange
Build and inspect Linux Electron artifacts	Full deterministic unit gate	2026-09-11T14:03:19.5963096Z [22m[39mThe current testing environment is not configured to support act(...)
Build and inspect Linux Electron artifacts	Full deterministic unit gate	2026-09-11T14:03:19.5963509Z 
Build and inspect Linux Electron artifacts	Full deterministic unit gate	2026-09-11T14:03:19.5992800Z [90mstderr[2m | tests/unit/color-palette-input.test.ts[2m > [22m[2mColorPaletteInput[2m > [22m[2mrenders a preview swatch showing the current colour
Build and inspect Linux Electron artifacts	Full deterministic unit gate	2026-09-11T14:03:19.5993972Z [22m[39mThe current testing environment is not configured to support act(...)
Build and inspect Linux Electron artifacts	Full deterministic unit gate	2026-09-11T14:03:19.5994372Z 
Build and inspect Linux Electron artifacts	Full deterministic unit gate	2026-09-11T14:03:19.5998064Z [90mstderr[2m | tests/unit/color-palette-input.test.ts[2m > [22m[2mColorPaletteInput[2m > [22m[2mrenders a preview swatch showing the current colour
Build and inspect Linux Electron artifacts	Full deterministic unit gate	2026-09-11T14:03:19.5999557Z [22m[39mThe current testing environment is not configured to support act(...)
Build and inspect Linux Electron artifacts	Full deterministic unit gate	2026-09-11T14:03:19.6000150Z 
Build and inspect Linux Electron artifacts	Full deterministic unit gate	2026-09-11T14:03:19.6012514Z [90mstderr[2m | tests/unit/color-palette-input.test.ts[2m > [22m[2mColorPaletteInput[2m > [22m[2mexposes SAR_PALETTE with 12 high-contrast operational colours
Build and inspect Linux Electron artifacts	Full deterministic unit gate	2026-09-11T14:03:19.6013828Z [22m[39mThe current testing environment is not configured to support act(...)
Build and inspect Linux Electron artifacts	Full deterministic unit gate	2026-09-11T14:03:19.6014073Z 
Build and inspect Linux Electron artifacts	Full deterministic unit gate	2026-09-11T14:03:19.6025368Z  [32m✓[39m tests/unit/color-palette-input.test.ts [2m([22m[2m8 tests[22m[2m)[22m[32m 79[2mms[22m[39m
Build and inspect Linux Electron artifacts	Full deterministic unit gate	2026-09-11T14:03:20.1860216Z  [32m✓[39m tests/unit/start-measurement-runtime.test.ts [2m([22m[2m4 tests[22m[2m)[22m[32m 10[2mms[22m[39m
Build and inspect Linux Electron artifacts	Full deterministic unit gate	2026-09-11T14:03:21.1268407Z  [32m✓[39m tests/unit/electron-archive-cleanup-runner.test.ts [2m([22m[2m3 tests[22m[2m)[22m[33m 371[2mms[22m[39m
Build and inspect Linux Electron artifacts	Full deterministic unit gate	2026-09-11T14:03:21.7982807Z  [32m✓[39m tests/unit/linux-package-source.test.ts [2m([22m[2m2 tests[22m[2m)[22m[32m 88[2mms[22m[39m
Build and inspect Linux Electron artifacts	Full deterministic unit gate	2026-09-11T14:03:22.4887776Z [90mstderr[2m | tests/unit/marker-at-grid-panel.test.ts[2m > [22m[2mMarkerAtGridPanel[2m > [22m[2mrefreshes marker runtime to the active mission before opening a grid marker draft
Build and inspect Linux Electron artifacts	Full deterministic unit gate	2026-09-11T14:03:22.4888977Z [22m[39mThe current testing environment is not configured to support act(...)
Build and inspect Linux Electron artifacts	Full deterministic unit gate	2026-09-11T14:03:22.4889473Z The current testing environment is not configured to support act(...)
Build and inspect Linux Electron artifacts	Full deterministic unit gate	2026-09-11T14:03:22.4889907Z The current testing environment is not configured to support act(...)
Build and inspect Linux Electron artifacts	Full deterministic unit gate	2026-09-11T14:03:22.4890121Z 
Build and inspect Linux Electron artifacts	Full deterministic unit gate	2026-09-11T14:03:22.4890782Z [90mstderr[2m | tests/unit/marker-at-grid-panel.test.ts[2m > [22m[2mMarkerAtGridPanel[2m > [22m[2mrefreshes marker runtime to the active mission before opening a grid marker draft
Build and inspect Linux Electron artifacts	Full deterministic unit gate	2026-09-11T14:03:22.4891523Z [22m[39mThe current testing environment is not configured to support act(...)
Build and inspect Linux Electron artifacts	Full deterministic unit gate	2026-09-11T14:03:22.4892104Z 
Build and inspect Linux Electron artifacts	Full deterministic unit gate	2026-09-11T14:03:22.4936949Z [90mstderr[2m | tests/unit/marker-at-grid-panel.test.ts[2m > [22m[2mMarkerAtGridPanel[2m > [22m[2mrefreshes marker runtime to the active mission before opening a grid marker draft
Build and inspect Linux Electron artifacts	Full deterministic unit gate	2026-09-11T14:03:22.4938125Z [22m[39mThe current testing environment is not configured to support act(...)
Build and inspect Linux Electron artifacts	Full deterministic unit gate	2026-09-11T14:03:22.4938380Z 
Build and inspect Linux Electron artifacts	Full deterministic unit gate	2026-09-11T14:03:22.4946159Z  [32m✓[39m tests/unit/marker-at-grid-panel.test.ts [2m([22m[2m1 test[22m[2m)[22m[32m 59[2mms[22m[39m
Build and inspect Linux Electron artifacts	Full deterministic unit gate	2026-09-11T14:03:23.0923342Z  [32m✓[39m tests/unit/map-interaction-guards.test.ts [2m([22m[2m11 tests[22m[2m)[22m[32m 18[2mms[22m[39m
Build and inspect Linux Electron artifacts	Full deterministic unit gate	2026-09-11T14:03:23.7219869Z  [32m✓[39m tests/unit/diagnostic-event-log.test.ts [2m([22m[2m4 tests[22m[2m)[22m[32m 7[2mms[22m[39m
Build and inspect Linux Electron artifacts	Full deterministic unit gate	2026-09-11T14:03:24.3176872Z  [32m✓[39m tests/unit/breadcrumb-pr3-manual.test.ts [2m([22m[2m2 tests[22m[2m)[22m[32m 7[2mms[22m[39m
Build and inspect Linux Electron artifacts	Full deterministic unit gate	2026-09-11T14:03:24.9026597Z  [32m✓[39m tests/unit/electron-mission-review-read-query-ipc.test.ts [2m([22m[2m2 tests[22m[2m)[22m[32m 6[2mms[22m[39m
Build and inspect Linux Electron artifacts	Full deterministic unit gate	2026-09-11T14:03:25.4865684Z  [32m✓[39m tests/unit/drawing-runtime-session.test.ts [2m([22m[2m6 tests[22m[2m)[22m[32m 4[2mms[22m[39m
Build and inspect Linux Electron artifacts	Full deterministic unit gate	2026-09-11T14:03:26.0804849Z  [32m✓[39m tests/unit/electron-outing-fix-summary-ipc.test.ts [2m([22m[2m2 tests[22m[2m)[22m[32m 9[2mms[22m[39m
Build and inspect Linux Electron artifacts	Full deterministic unit gate	2026-09-11T14:03:26.6956795Z  [32m✓[39m tests/unit/coverage-fairness.test.ts [2m([22m[2m4 tests[22m[2m)[22m[32m 11[2mms[22m[39m
Build and inspect Linux Electron artifacts	Full deterministic unit gate	2026-09-11T14:03:28.1069646Z  [32m✓[39m tests/unit/appimage-launcher-safety.test.ts [2m([22m[2m15 tests[22m[2m)[22m[33m 824[2mms[22m[39m
Build and inspect Linux Electron artifacts	Full deterministic unit gate	2026-09-11T14:03:28.1070473Z      [33m[2m✓[22m[39m accepts the selected builder actual generated launcher, not just a fixture [33m 810[2mms[22m[39m
Build and inspect Linux Electron artifacts	Full deterministic unit gate	2026-09-11T14:03:29.2301199Z  [32m✓[39m tests/unit/main-event-loop-probe.test.ts [2m([22m[2m5 tests[22m[2m)[22m[33m 538[2mms[22m[39m
Build and inspect Linux Electron artifacts	Full deterministic unit gate	2026-09-11T14:03:29.2302363Z      [33m[2m✓[22m[39m rejects a real blocked Node main loop that the inspector interrupt path misses [33m 532[2mms[22m[39m
Build and inspect Linux Electron artifacts	Full deterministic unit gate	2026-09-11T14:03:29.8163359Z  [32m✓[39m tests/unit/map-config.test.ts [2m([22m[2m8 tests[22m[2m)[22m[32m 4[2mms[22m[39m
Build and inspect Linux Electron artifacts	Full deterministic unit gate	2026-09-11T14:03:30.3945346Z  [32m✓[39m tests/unit/electron-archive-legacy-predecessor-envelope.test.ts [2m([22m[2m2 tests[22m[2m)[22m[32m 6[2mms[22m[39m
Build and inspect Linux Electron artifacts	Full deterministic unit gate	2026-09-11T14:03:30.9826621Z  [32m✓[39m tests/unit/operational-position-retention.test.ts [2m([22m[2m3 tests[22m[2m)[22m[32m 4[2mms[22m[39m
Build and inspect Linux Electron artifacts	Full deterministic unit gate	2026-09-11T14:03:31.5592454Z  [32m✓[39m tests/unit/gpx-hit-testing.test.ts [2m([22m[2m7 tests[22m[2m)[22m[32m 4[2mms[22m[39m
Build and inspect Linux Electron artifacts	Full deterministic unit gate	2026-09-11T14:03:32.1533031Z  [32m✓[39m tests/unit/electron-legacy-evidence-backfill-runner.test.ts [2m([22m[2m3 tests[22m[2m)[22m[32m 11[2mms[22m[39m
Build and inspect Linux Electron artifacts	Full deterministic unit gate	2026-09-11T14:03:32.7779584Z  [32m✓[39m tests/unit/verification-scripts.test.ts [2m([22m[2m5 tests[22m[2m)[22m[32m 47[2mms[22m[39m
Build and inspect Linux Electron artifacts	Full deterministic unit gate	2026-09-11T14:03:33.3723968Z  [32m✓[39m tests/unit/drawing-runtime-editor.test.ts [2m([22m[2m5 tests[22m[2m)[22m[32m 5[2mms[22m[39m
Build and inspect Linux Electron artifacts	Full deterministic unit gate	2026-09-11T14:03:33.9476606Z  [32m✓[39m tests/unit/map-layer-filters.test.ts [2m([22m[2m6 tests[22m[2m)[22m[32m 4[2mms[22m[39m
Build and inspect Linux Electron artifacts	Full deterministic unit gate	2026-09-11T14:03:34.6774074Z [90mstderr[2m | tests/unit/outing-controls-section.test.ts[2m > [22m[2mOutingControlsSection mission scope [DON-270][2m > [22m[2msuppresses and clears an edit draft when the UI mission identity changes
Build and inspect Linux Electron artifacts	Full deterministic unit gate	2026-09-11T14:03:34.6775320Z [22m[39mThe current testing environment is not configured to support act(...)
Build and inspect Linux Electron artifacts	Full deterministic unit gate	2026-09-11T14:03:34.6775787Z The current testing environment is not configured to support act(...)
Build and inspect Linux Electron artifacts	Full deterministic unit gate	2026-09-11T14:03:34.6776199Z The current testing environment is not configured to support act(...)
Build and inspect Linux Electron artifacts	Full deterministic unit gate	2026-09-11T14:03:34.6776620Z The current testing environment is not configured to support act(...)
Build and inspect Linux Electron artifacts	Full deterministic unit gate	2026-09-11T14:03:34.6777024Z The current testing environment is not configured to support act(...)
Build and inspect Linux Electron artifacts	Full deterministic unit gate	2026-09-11T14:03:34.6777742Z The current testing environment is not configured to support act(...)
Build and inspect Linux Electron artifacts	Full deterministic unit gate	2026-09-11T14:03:34.6778152Z The current testing environment is not configured to support act(...)
Build and inspect Linux Electron artifacts	Full deterministic unit gate	2026-09-11T14:03:34.6778548Z The current testing environment is not configured to support act(...)
Build and inspect Linux Electron artifacts	Full deterministic unit gate	2026-09-11T14:03:34.6778774Z 
Build and inspect Linux Electron artifacts	Full deterministic unit gate	2026-09-11T14:03:34.6784285Z [90mstderr[2m | tests/unit/outing-controls-section.test.ts[2m > [22m[2mOutingControlsSection mission scope [DON-270][2m > [22m[2msuppresses and clears an edit draft when the UI mission identity changes
Build and inspect Linux Electron artifacts	Full deterministic unit gate	2026-09-11T14:03:34.6785461Z [22m[39mThe current testing environment is not configured to support act(...)
Build and inspect Linux Electron artifacts	Full deterministic unit gate	2026-09-11T14:03:34.6785713Z 
Build and inspect Linux Electron artifacts	Full deterministic unit gate	2026-09-11T14:03:34.6796945Z  [32m✓[39m tests/unit/outing-controls-section.test.ts [2m([22m[2m1 test[22m[2m)[22m[32m 52[2mms[22m[39m
Build and inspect Linux Electron artifacts	Full deterministic unit gate	2026-09-11T14:03:34.7868485Z  [32m✓[39m tests/unit/assurance/war-02a/proof-result.test.ts [2m([22m[2m11 tests[22m[2m)[22m[32m 5[2mms[22m[39m
Build and inspect Linux Electron artifacts	Full deterministic unit gate	2026-09-11T14:03:35.4407290Z  [32m✓[39m tests/unit/electron-zip-archive.test.ts [2m([22m[2m5 tests[22m[2m)[22m[32m 72[2mms[22m[39m
Build and inspect Linux Electron artifacts	Full deterministic unit gate	2026-09-11T14:03:36.0370800Z  [32m✓[39m tests/unit/text-label-drag.test.ts [2m([22m[2m5 tests[22m[2m)[22m[32m 5[2mms[22m[39m
Build and inspect Linux Electron artifacts	Full deterministic unit gate	2026-09-11T14:03:36.7317972Z [90mstderr[2m | tests/unit/measurement-panel-clear-confirm.test.ts[2m > [22m[2mMeasurementPanel two-stage clear confirmation[2m > [22m[2mdoes not clear on first click — shows confirmation instead
Build and inspect Linux Electron artifacts	Full deterministic unit gate	2026-09-11T14:03:36.7319512Z [22m[39mThe current testing environment is not configured to support act(...)
Build and inspect Linux Electron artifacts	Full deterministic unit gate	2026-09-11T14:03:36.7320239Z The current testing environment is not configured to support act(...)
Build and inspect Linux Electron artifacts	Full deterministic unit gate	2026-09-11T14:03:36.7320608Z 
Build and inspect Linux Electron artifacts	Full deterministic unit gate	2026-09-11T14:03:36.7332646Z [90mstderr[2m | tests/unit/measurement-panel-clear-confirm.test.ts[2m > [22m[2mMeasurementPanel two-stage clear confirmation[2m > [22m[2mdoes not clear on first click — shows confirmation instead
Build and inspect Linux Electron artifacts	Full deterministic unit gate	2026-09-11T14:03:36.7334053Z [22m[39mThe current testing environment is not configured to support act(...)
Build and inspect Linux Electron artifacts	Full deterministic unit gate	2026-09-11T14:03:36.7334485Z 
Build and inspect Linux Electron artifacts	Full deterministic unit gate	2026-09-11T14:03:36.7386688Z [90mstderr[2m | tests/unit/measurement-panel-clear-confirm.test.ts[2m > [22m[2mMeasurementPanel two-stage clear confirmation[2m > [22m[2mclears on confirmation click after the first stage
Build and inspect Linux Electron artifacts	Full deterministic unit gate	2026-09-11T14:03:36.7388498Z [22m[39mThe current testing environment is not configured to support act(...)
Build and inspect Linux Electron artifacts	Full deterministic unit gate	2026-09-11T14:03:36.7389429Z The current testing environment is not configured to support act(...)
Build and inspect Linux Electron artifacts	Full deterministic unit gate	2026-09-11T14:03:36.7390714Z The current testing environment is not configured to support act(...)
Build and inspect Linux Electron artifacts	Full deterministic unit gate	2026-09-11T14:03:36.7391228Z 
Build and inspect Linux Electron artifacts	Full deterministic unit gate	2026-09-11T14:03:36.7392525Z [90mstderr[2m | tests/unit/measurement-panel-clear-confirm.test.ts[2m > [22m[2mMeasurementPanel two-stage clear confirmation[2m > [22m[2mclears on confirmation click after the first stage
Build and inspect Linux Electron artifacts	Full deterministic unit gate	2026-09-11T14:03:36.7393430Z [22m[39mThe current testing environment is not configured to support act(...)
Build and inspect Linux Electron artifacts	Full deterministic unit gate	2026-09-11T14:03:36.7393676Z 
Build and inspect Linux Electron artifacts	Full deterministic unit gate	2026-09-11T14:03:36.7450558Z [90mstderr[2m | tests/unit/measurement-panel-clear-confirm.test.ts[2m > [22m[2mMeasurementPanel two-stage clear confirmation[2m > [22m[2mcancels clear when Keep is clicked
Build and inspect Linux Electron artifacts	Full deterministic unit gate	2026-09-11T14:03:36.7451409Z [22m[39mThe current testing environment is not configured to support act(...)
Build and inspect Linux Electron artifacts	Full deterministic unit gate	2026-09-11T14:03:36.7451856Z The current testing environment is not configured to support act(...)
Build and inspect Linux Electron artifacts	Full deterministic unit gate	2026-09-11T14:03:36.7452269Z The current testing environment is not configured to support act(...)
Build and inspect Linux Electron artifacts	Full deterministic unit gate	2026-09-11T14:03:36.7452494Z 
Build and inspect Linux Electron artifacts	Full deterministic unit gate	2026-09-11T14:03:36.7454284Z [90mstderr[2m | tests/unit/measurement-panel-clear-confirm.test.ts[2m > [22m[2mMeasurementPanel two-stage clear confirmation[2m > [22m[2mcancels clear when Keep is clicked
Build and inspect Linux Electron artifacts	Full deterministic unit gate	2026-09-11T14:03:36.7455336Z [22m[39mThe current testing environment is not configured to support act(...)
Build and inspect Linux Electron artifacts	Full deterministic unit gate	2026-09-11T14:03:36.7455583Z 
Build and inspect Linux Electron artifacts	Full deterministic unit gate	2026-09-11T14:03:36.7465351Z  [32m✓[39m tests/unit/measurement-panel-clear-confirm.test.ts [2m([22m[2m3 tests[22m[2m)[22m[32m 45[2mms[22m[39m
Build and inspect Linux Electron artifacts	Full deterministic unit gate	2026-09-11T14:03:37.3102717Z  [32m✓[39m tests/unit/effective-overlay-visibility.test.ts [2m([22m[2m3 tests[22m[2m)[22m[32m 3[2mms[22m[39m
Build and inspect Linux Electron artifacts	Full deterministic unit gate	2026-09-11T14:03:37.8925636Z  [32m✓[39m tests/unit/electron-durable-file.test.ts [2m([22m[2m2 tests[22m[2m)[22m[32m 5[2mms[22m[39m
Build and inspect Linux Electron artifacts	Full deterministic unit gate	2026-09-11T14:03:38.4859842Z  [32m✓[39m tests/unit/tauri-layer-catalog-store.test.ts [2m([22m[2m1 test[22m[2m)[22m[32m 7[2mms[22m[39m
Build and inspect Linux Electron artifacts	Full deterministic unit gate	2026-09-11T14:03:40.3157266Z  [32m✓[39m tests/unit/assurance/war-02a/reporter.test.ts [2m([22m[2m3 tests[22m[2m)[22m[33m 1724[2mms[22m[39m
Build and inspect Linux Electron artifacts	Full deterministic unit gate	2026-09-11T14:03:40.3158226Z      [33m[2m✓[22m[39m refuses the intended assertion plus a cleanup error [33m 573[2mms[22m[39m
Build and inspect Linux Electron artifacts	Full deterministic unit gate	2026-09-11T14:03:40.3158812Z      [33m[2m✓[22m[39m refuses the intended assertion plus a suite error [33m 578[2mms[22m[39m
Build and inspect Linux Electron artifacts	Full deterministic unit gate	2026-09-11T14:03:40.3159387Z      [33m[2m✓[22m[39m refuses the intended assertion plus a unhandled error [33m 572[2mms[22m[39m
Build and inspect Linux Electron artifacts	Full deterministic unit gate	2026-09-11T14:03:40.8941016Z  [32m✓[39m tests/unit/marker-hit-testing.test.ts [2m([22m[2m3 tests[22m[2m)[22m[32m 3[2mms[22m[39m
Build and inspect Linux Electron artifacts	Full deterministic unit gate	2026-09-11T14:03:41.4922845Z  [32m✓[39m tests/unit/assurance/war-02a/scheduler.test.ts [2m([22m[2m6 tests[22m[2m)[22m[32m 7[2mms[22m[39m
Build and inspect Linux Electron artifacts	Full deterministic unit gate	2026-09-11T14:03:42.1305975Z  [32m✓[39m tests/unit/focus-management.test.ts [2m([22m[2m5 tests[22m[2m)[22m[32m 41[2mms[22m[39m
Build and inspect Linux Electron artifacts	Full deterministic unit gate	2026-09-11T14:03:42.7304176Z  [32m✓[39m tests/unit/electron-coverage-tile-catalog.test.ts [2m([22m[2m2 tests[22m[2m)[22m[32m 6[2mms[22m[39m
Build and inspect Linux Electron artifacts	Full deterministic unit gate	2026-09-11T14:03:43.3202773Z  [32m✓[39m tests/unit/electron-storage-diagnostics-kill-probe-lib.test.ts [2m([22m[2m4 tests[22m[2m)[22m[32m 5[2mms[22m[39m
Build and inspect Linux Electron artifacts	Full deterministic unit gate	2026-09-11T14:03:43.9533321Z  [32m✓[39m tests/unit/electron-outing-fix-summary-runner.test.ts [2m([22m[2m3 tests[22m[2m)[22m[32m 52[2mms[22m[39m
Build and inspect Linux Electron artifacts	Full deterministic unit gate	2026-09-11T14:03:44.5521561Z  [32m✓[39m tests/unit/layer-catalog-tree.test.ts [2m([22m[2m3 tests[22m[2m)[22m[32m 8[2mms[22m[39m
Build and inspect Linux Electron artifacts	Full deterministic unit gate	2026-09-11T14:03:45.1474094Z  [32m✓[39m tests/unit/command-mast-tracking-readout.test.ts [2m([22m[2m8 tests[22m[2m)[22m[32m 4[2mms[22m[39m
Build and inspect Linux Electron artifacts	Full deterministic unit gate	2026-09-11T14:03:45.7433105Z  [32m✓[39m tests/unit/coverage-store.test.ts [2m([22m[2m3 tests[22m[2m)[22m[32m 4[2mms[22m[39m
Build and inspect Linux Electron artifacts	Full deterministic unit gate	2026-09-11T14:03:46.3239419Z  [32m✓[39m tests/unit/rejected-position-evidence.test.ts [2m([22m[2m5 tests[22m[2m)[22m[32m 6[2mms[22m[39m
Build and inspect Linux Electron artifacts	Full deterministic unit gate	2026-09-11T14:03:46.9137236Z  [32m✓[39m tests/unit/electron-coverage-query-result-attestation.test.ts [2m([22m[2m2 tests[22m[2m)[22m[32m 7[2mms[22m[39m
Build and inspect Linux Electron artifacts	Full deterministic unit gate	2026-09-11T14:03:47.5268061Z  [32m✓[39m tests/unit/coverage-filter-store.test.ts [2m([22m[2m2 tests[22m[2m)[22m[32m 5[2mms[22m[39m
Build and inspect Linux Electron artifacts	Full deterministic unit gate	2026-09-11T14:03:48.1246634Z  [32m✓[39m tests/unit/mission-correction-evidence-recovery-failure.test.ts [2m([22m[2m2 tests[22m[2m)[22m[32m 3[2mms[22m[39m
Build and inspect Linux Electron artifacts	Full deterministic unit gate	2026-09-11T14:03:48.7146703Z  [32m✓[39m tests/unit/coverage-period-resolver.test.ts [2m([22m[2m7 tests[22m[2m)[22m[32m 6[2mms[22m[39m
Build and inspect Linux Electron artifacts	Full deterministic unit gate	2026-09-11T14:03:49.3109687Z  [32m✓[39m tests/unit/gpx-geojson.test.ts [2m([22m[2m6 tests[22m[2m)[22m[32m 7[2mms[22m[39m
Build and inspect Linux Electron artifacts	Full deterministic unit gate	2026-09-11T14:03:49.9053243Z  [32m✓[39m tests/unit/electron-sqlite-snapshot-sanity.test.ts [2m([22m[2m2 tests[22m[2m)[22m[32m 8[2mms[22m[39m
Build and inspect Linux Electron artifacts	Full deterministic unit gate	2026-09-11T14:03:50.5443560Z  [32m✓[39m tests/unit/electron-archive-review-projection-query.test.ts [2m([22m[2m3 tests[22m[2m)[22m[32m 52[2mms[22m[39m
Build and inspect Linux Electron artifacts	Full deterministic unit gate	2026-09-11T14:03:51.1466804Z  [32m✓[39m tests/unit/coverage-claim-revocation.test.ts [2m([22m[2m2 tests[22m[2m)[22m[32m 7[2mms[22m[39m
Build and inspect Linux Electron artifacts	Full deterministic unit gate	2026-09-11T14:03:51.7355530Z  [32m✓[39m tests/unit/electron-archive-correction-attachment-references.test.ts [2m([22m[2m4 tests[22m[2m)[22m[32m 7[2mms[22m[39m
Build and inspect Linux Electron artifacts	Full deterministic unit gate	2026-09-11T14:03:52.3456185Z  [32m✓[39m tests/unit/position-ingest-policy.test.ts [2m([22m[2m6 tests[22m[2m)[22m[32m 5[2mms[22m[39m
Build and inspect Linux Electron artifacts	Full deterministic unit gate	2026-09-11T14:03:52.9728244Z  [32m✓[39m tests/unit/coverage-current-position-isolation.test.ts [2m([22m[2m1 test[22m[2m)[22m[32m 12[2mms[22m[39m
Build and inspect Linux Electron artifacts	Full deterministic unit gate	2026-09-11T14:03:53.5641831Z  [32m✓[39m tests/unit/electron-coverage-query-plan.test.ts [2m([22m[2m2 tests[22m[2m)[22m[32m 7[2mms[22m[39m
Build and inspect Linux Electron artifacts	Full deterministic unit gate	2026-09-11T14:03:54.1601899Z  [32m✓[39m tests/unit/use-participant-selection-view-model.test.ts [2m([22m[2m3 tests[22m[2m)[22m[32m 6[2mms[22m[39m
Build and inspect Linux Electron artifacts	Full deterministic unit gate	2026-09-11T14:03:54.7338148Z  [32m✓[39m tests/unit/start-helicopter-runtime.test.ts [2m([22m[2m2 tests[22m[2m)[22m[32m 5[2mms[22m[39m
Build and inspect Linux Electron artifacts	Full deterministic unit gate	2026-09-11T14:03:55.3668632Z  [32m✓[39m tests/unit/marker-geojson.test.ts [2m([22m[2m2 tests[22m[2m)[22m[32m 4[2mms[22m[39m
Build and inspect Linux Electron artifacts	Full deterministic unit gate	2026-09-11T14:03:56.2349737Z  [32m✓[39m tests/unit/electron-breadcrumb-dot-mission-store.test.ts [2m([22m[2m1 test[22m[2m)[22m[32m 253[2mms[22m[39m
Build and inspect Linux Electron artifacts	Full deterministic unit gate	2026-09-11T14:03:56.8382610Z  [32m✓[39m tests/unit/map-drawing-interactions.test.ts [2m([22m[2m11 tests[22m[2m)[22m[32m 12[2mms[22m[39m
Build and inspect Linux Electron artifacts	Full deterministic unit gate	2026-09-11T14:03:57.4366529Z  [32m✓[39m tests/unit/electron-gpx-file-system.test.ts [2m([22m[2m3 tests[22m[2m)[22m[32m 17[2mms[22m[39m
Build and inspect Linux Electron artifacts	Full deterministic unit gate	2026-09-11T14:03:58.1082926Z [90mstderr[2m | tests/unit/use-mission-timer.test.ts[2m > [22m[2museMissionTimer[2m > [22m[2mreturns null when there is no current mission
Build and inspect Linux Electron artifacts	Full deterministic unit gate	2026-09-11T14:03:58.1083795Z [22m[39mThe current testing environment is not configured to support act(...)
Build and inspect Linux Electron artifacts	Full deterministic unit gate	2026-09-11T14:03:58.1084081Z 
Build and inspect Linux Electron artifacts	Full deterministic unit gate	2026-09-11T14:03:58.1097410Z [90mstderr[2m | tests/unit/use-mission-timer.test.ts[2m > [22m[2museMissionTimer[2m > [22m[2mreturns null when there is no current mission
Build and inspect Linux Electron artifacts	Full deterministic unit gate	2026-09-11T14:03:58.1098126Z [22m[39mThe current testing environment is not configured to support act(...)
Build and inspect Linux Electron artifacts	Full deterministic unit gate	2026-09-11T14:03:58.1098370Z 
Build and inspect Linux Electron artifacts	Full deterministic unit gate	2026-09-11T14:03:58.1137458Z [90mstderr[2m | tests/unit/use-mission-timer.test.ts[2m > [22m[2museMissionTimer[2m > [22m[2mticks active mission elapsed and active-search time from one clock
Build and inspect Linux Electron artifacts	Full deterministic unit gate	2026-09-11T14:03:58.1138180Z [22m[39mThe current testing environment is not configured to support act(...)
Build and inspect Linux Electron artifacts	Full deterministic unit gate	2026-09-11T14:03:58.1138632Z The current testing environment is not configured to support act(...)
Build and inspect Linux Electron artifacts	Full deterministic unit gate	2026-09-11T14:03:58.1139046Z The current testing environment is not configured to support act(...)
Build and inspect Linux Electron artifacts	Full deterministic unit gate	2026-09-11T14:03:58.1139262Z 
Build and inspect Linux Electron artifacts	Full deterministic unit gate	2026-09-11T14:03:58.1143005Z [90mstderr[2m | tests/unit/use-mission-timer.test.ts[2m > [22m[2museMissionTimer[2m > [22m[2mticks active mission elapsed and active-search time from one clock
Build and inspect Linux Electron artifacts	Full deterministic unit gate	2026-09-11T14:03:58.1143712Z [22m[39mThe current testing environment is not configured to support act(...)
Build and inspect Linux Electron artifacts	Full deterministic unit gate	2026-09-11T14:03:58.1144307Z 
Build and inspect Linux Electron artifacts	Full deterministic unit gate	2026-09-11T14:03:58.1153060Z  [32m✓[39m tests/unit/use-mission-timer.test.ts [2m([22m[2m2 tests[22m[2m)[22m[32m 19[2mms[22m[39m
Build and inspect Linux Electron artifacts	Full deterministic unit gate	2026-09-11T14:03:58.8363766Z  [32m✓[39m tests/unit/gpx-import-pagination.test.ts [2m([22m[2m2 tests[22m[2m)[22m[32m 62[2mms[22m[39m
Build and inspect Linux Electron artifacts	Full deterministic unit gate	2026-09-11T14:03:59.4246006Z  [32m✓[39m tests/unit/electron-outing-fix-summary.test.ts [2m([22m[2m2 tests[22m[2m)[22m[32m 6[2mms[22m[39m
Build and inspect Linux Electron artifacts	Full deterministic unit gate	2026-09-11T14:04:00.0138540Z  [32m✓[39m tests/unit/electron-breadcrumb-dot-ipc.test.ts [2m([22m[2m1 test[22m[2m)[22m[32m 5[2mms[22m[39m
Build and inspect Linux Electron artifacts	Full deterministic unit gate	2026-09-11T14:04:00.6070744Z  [32m✓[39m tests/unit/open-external-url.test.ts [2m([22m[2m6 tests[22m[2m)[22m[32m 10[2mms[22m[39m
Build and inspect Linux Electron artifacts	Full deterministic unit gate	2026-09-11T14:04:01.1925452Z  [32m✓[39m tests/unit/coverage-catalog-delivery-plan.test.ts [2m([22m[2m2 tests[22m[2m)[22m[32m 6[2mms[22m[39m
Build and inspect Linux Electron artifacts	Full deterministic unit gate	2026-09-11T14:04:01.7824045Z  [32m✓[39m tests/unit/electron-coverage-query-result-envelope.test.ts [2m([22m[2m3 tests[22m[2m)[22m[32m 4[2mms[22m[39m
Build and inspect Linux Electron artifacts	Full deterministic unit gate	2026-09-11T14:04:02.3744823Z  [32m✓[39m tests/unit/coverage-bench-window-lifecycle.test.ts [2m([22m[2m3 tests[22m[2m)[22m[32m 3[2mms[22m[39m
Build and inspect Linux Electron artifacts	Full deterministic unit gate	2026-09-11T14:04:02.9813784Z  [32m✓[39m tests/unit/breadcrumb-identity-index.test.ts [2m([22m[2m3 tests[22m[2m)[22m[32m 19[2mms[22m[39m
Build and inspect Linux Electron artifacts	Full deterministic unit gate	2026-09-11T14:04:03.5591897Z  [32m✓[39m tests/unit/current-transport-freshness.test.ts [2m([22m[2m2 tests[22m[2m)[22m[32m 3[2mms[22m[39m
Build and inspect Linux Electron artifacts	Full deterministic unit gate	2026-09-11T14:04:04.1401345Z  [32m✓[39m tests/unit/helicopter-panel-slots.test.ts [2m([22m[2m6 tests[22m[2m)[22m[32m 4[2mms[22m[39m
Build and inspect Linux Electron artifacts	Full deterministic unit gate	2026-09-11T14:04:04.7396538Z  [32m✓[39m tests/unit/dublin-local-time.test.ts [2m([22m[2m6 tests[22m[2m)[22m[32m 19[2mms[22m[39m
Build and inspect Linux Electron artifacts	Full deterministic unit gate	2026-09-11T14:04:05.4475955Z [90mstderr[2m | tests/unit/coordinate-bar.test.ts[2m > [22m[2mCoordinateBar[2m > [22m[2mkeeps operator coordinates visible without low-use CRS cells
Build and inspect Linux Electron artifacts	Full deterministic unit gate	2026-09-11T14:04:05.4476797Z [22m[39mThe current testing environment is not configured to support act(...)
Build and inspect Linux Electron artifacts	Full deterministic unit gate	2026-09-11T14:04:05.4477055Z 
Build and inspect Linux Electron artifacts	Full deterministic unit gate	2026-09-11T14:04:05.4496416Z [90mstderr[2m | tests/unit/coordinate-bar.test.ts[2m > [22m[2mCoordinateBar[2m > [22m[2mkeeps operator coordinates visible without low-use CRS cells
Build and inspect Linux Electron artifacts	Full deterministic unit gate	2026-09-11T14:04:05.4497617Z [22m[39mThe current testing environment is not configured to support act(...)
Build and inspect Linux Electron artifacts	Full deterministic unit gate	2026-09-11T14:04:05.4498008Z 
Build and inspect Linux Electron artifacts	Full deterministic unit gate	2026-09-11T14:04:05.4534495Z [90mstderr[2m | tests/unit/coordinate-bar.test.ts[2m > [22m[2mCoordinateBar[2m > [22m[2mrenders a safe placeholder instead of throwing for impossible coordinate props
Build and inspect Linux Electron artifacts	Full deterministic unit gate	2026-09-11T14:04:05.4536014Z [22m[39mThe current testing environment is not configured to support act(...)
Build and inspect Linux Electron artifacts	Full deterministic unit gate	2026-09-11T14:04:05.4536417Z 
Build and inspect Linux Electron artifacts	Full deterministic unit gate	2026-09-11T14:04:05.4543549Z [90mstderr[2m | tests/unit/coordinate-bar.test.ts[2m > [22m[2mCoordinateBar[2m > [22m[2mrenders a safe placeholder instead of throwing for impossible coordinate props
Build and inspect Linux Electron artifacts	Full deterministic unit gate	2026-09-11T14:04:05.4544985Z [22m[39mThe current testing environment is not configured to support act(...)
Build and inspect Linux Electron artifacts	Full deterministic unit gate	2026-09-11T14:04:05.4545408Z 
Build and inspect Linux Electron artifacts	Full deterministic unit gate	2026-09-11T14:04:05.4553261Z  [32m✓[39m tests/unit/coordinate-bar.test.ts [2m([22m[2m2 tests[22m[2m)[22m[32m 34[2mms[22m[39m
Build and inspect Linux Electron artifacts	Full deterministic unit gate	2026-09-11T14:04:06.0532928Z  [32m✓[39m tests/unit/electron-tracking-memory-attribution-lib.test.ts [2m([22m[2m2 tests[22m[2m)[22m[32m 13[2mms[22m[39m
Build and inspect Linux Electron artifacts	Full deterministic unit gate	2026-09-11T14:04:06.6507653Z  [32m✓[39m tests/unit/tracking-viewport.test.ts [2m([22m[2m4 tests[22m[2m)[22m[32m 6[2mms[22m[39m
Build and inspect Linux Electron artifacts	Full deterministic unit gate	2026-09-11T14:04:07.2418661Z  [32m✓[39m tests/unit/mission-phase-presentation.test.ts [2m([22m[2m4 tests[22m[2m)[22m[32m 6[2mms[22m[39m
Build and inspect Linux Electron artifacts	Full deterministic unit gate	2026-09-11T14:04:07.9092342Z [90mstderr[2m | tests/unit/use-workspace-visibility.test.tsx[2m > [22m[2mdoes not reuse hiding choices across mission:paused
Build and inspect Linux Electron artifacts	Full deterministic unit gate	2026-09-11T14:04:07.9093395Z [22m[39mThe current testing environment is not configured to support act(...)
Build and inspect Linux Electron artifacts	Full deterministic unit gate	2026-09-11T14:04:07.9094782Z The current testing environment is not configured to support act(...)
Build and inspect Linux Electron artifacts	Full deterministic unit gate	2026-09-11T14:04:07.9095544Z The current testing environment is not configured to support act(...)
Build and inspect Linux Electron artifacts	Full deterministic unit gate	2026-09-11T14:04:07.9096288Z The current testing environment is not configured to support act(...)
Build and inspect Linux Electron artifacts	Full deterministic unit gate	2026-09-11T14:04:07.9097024Z The current testing environment is not configured to support act(...)
Build and inspect Linux Electron artifacts	Full deterministic unit gate	2026-09-11T14:04:07.9097853Z The current testing environment is not configured to support act(...)
Build and inspect Linux Electron artifacts	Full deterministic unit gate	2026-09-11T14:04:07.9098429Z 
Build and inspect Linux Electron artifacts	Full deterministic unit gate	2026-09-11T14:04:07.9134478Z [90mstderr[2m | tests/unit/use-workspace-visibility.test.tsx[2m > [22m[2mdoes not reuse hiding choices across mission:recovery
Build and inspect Linux Electron artifacts	Full deterministic unit gate	2026-09-11T14:04:07.9135892Z [22m[39mThe current testing environment is not configured to support act(...)
Build and inspect Linux Electron artifacts	Full deterministic unit gate	2026-09-11T14:04:07.9137213Z The current testing environment is not configured to support act(...)
Build and inspect Linux Electron artifacts	Full deterministic unit gate	2026-09-11T14:04:07.9138028Z The current testing environment is not configured to support act(...)
Build and inspect Linux Electron artifacts	Full deterministic unit gate	2026-09-11T14:04:07.9138741Z The current testing environment is not configured to support act(...)
Build and inspect Linux Electron artifacts	Full deterministic unit gate	2026-09-11T14:04:07.9139451Z The current testing environment is not configured to support act(...)
Build and inspect Linux Electron artifacts	Full deterministic unit gate	2026-09-11T14:04:07.9140155Z The current testing environment is not configured to support act(...)
Build and inspect Linux Electron artifacts	Full deterministic unit gate	2026-09-11T14:04:07.9140523Z 
Build and inspect Linux Electron artifacts	Full deterministic unit gate	2026-09-11T14:04:07.9158441Z [90mstderr[2m | tests/unit/use-workspace-visibility.test.tsx[2m > [22m[2mdoes not reuse hiding choices across none:idle
Build and inspect Linux Electron artifacts	Full deterministic unit gate	2026-09-11T14:04:07.9159800Z [22m[39mThe current testing environment is not configured to support act(...)
Build and inspect Linux Electron artifacts	Full deterministic unit gate	2026-09-11T14:04:07.9160697Z The current testing environment is not configured to support act(...)
Build and inspect Linux Electron artifacts	Full deterministic unit gate	2026-09-11T14:04:07.9161769Z The current testing environment is not configured to support act(...)
Build and inspect Linux Electron artifacts	Full deterministic unit gate	2026-09-11T14:04:07.9162588Z The current testing environment is not configured to support act(...)
Build and inspect Linux Electron artifacts	Full deterministic unit gate	2026-09-11T14:04:07.9163386Z The current testing environment is not configured to support act(...)
Build and inspect Linux Electron artifacts	Full deterministic unit gate	2026-09-11T14:04:07.9164151Z The current testing environment is not configured to support act(...)
Build and inspect Linux Electron artifacts	Full deterministic unit gate	2026-09-11T14:04:07.9164772Z 
Build and inspect Linux Electron artifacts	Full deterministic unit gate	2026-09-11T14:04:07.9170914Z [90mstderr[2m | tests/unit/use-workspace-visibility.test.tsx[2m > [22m[2mdoes not reuse hiding choices across other:active
Build and inspect Linux Electron artifacts	Full deterministic unit gate	2026-09-11T14:04:07.9172023Z [22m[39mThe current testing environment is not configured to support act(...)
Build and inspect Linux Electron artifacts	Full deterministic unit gate	2026-09-11T14:04:07.9172868Z The current testing environment is not configured to support act(...)
Build and inspect Linux Electron artifacts	Full deterministic unit gate	2026-09-11T14:04:07.9173676Z The current testing environment is not configured to support act(...)
Build and inspect Linux Electron artifacts	Full deterministic unit gate	2026-09-11T14:04:07.9174450Z The current testing environment is not configured to support act(...)
Build and inspect Linux Electron artifacts	Full deterministic unit gate	2026-09-11T14:04:07.9175438Z The current testing environment is not configured to support act(...)
Build and inspect Linux Electron artifacts	Full deterministic unit gate	2026-09-11T14:04:07.9176306Z The current testing environment is not configured to support act(...)
Build and inspect Linux Electron artifacts	Full deterministic unit gate	2026-09-11T14:04:07.9176796Z 
Build and inspect Linux Electron artifacts	Full deterministic unit gate	2026-09-11T14:04:07.9188966Z [90mstderr[2m | tests/unit/use-workspace-visibility.test.tsx[2m > [22m[2man open decision cancels a hiding choice within the same mission context
Build and inspect Linux Electron artifacts	Full deterministic unit gate	2026-09-11T14:04:07.9190283Z [22m[39mThe current testing environment is not configured to support act(...)
Build and inspect Linux Electron artifacts	Full deterministic unit gate	2026-09-11T14:04:07.9191193Z The current testing environment is not configured to support act(...)
Build and inspect Linux Electron artifacts	Full deterministic unit gate	2026-09-11T14:04:07.9192023Z The current testing environment is not configured to support act(...)
Build and inspect Linux Electron artifacts	Full deterministic unit gate	2026-09-11T14:04:07.9192800Z The current testing environment is not configured to support act(...)
Build and inspect Linux Electron artifacts	Full deterministic unit gate	2026-09-11T14:04:07.9193563Z The current testing environment is not configured to support act(...)
Build and inspect Linux Electron artifacts	Full deterministic unit gate	2026-09-11T14:04:07.9194036Z 
Build and inspect Linux Electron artifacts	Full deterministic unit gate	2026-09-11T14:04:07.9198744Z  [32m✓[39m tests/unit/use-workspace-visibility.test.tsx [2m([22m[2m5 tests[22m[2m)[22m[32m 28[2mms[22m[39m
Build and inspect Linux Electron artifacts	Full deterministic unit gate	2026-09-11T14:04:08.5742287Z [90mstderr[2m | tests/unit/install-app-runtime-teardown.test.ts[2m > [22m[2mapp runtime teardown bridge[2m > [22m[2mreturns a negative acknowledgement when runtime cleanup fails
Build and inspect Linux Electron artifacts	Full deterministic unit gate	2026-09-11T14:04:08.5743745Z [22m[39mApp runtime teardown could not drain renderer evidence. Error: rejection evidence drain failed
Build and inspect Linux Electron artifacts	Full deterministic unit gate	2026-09-11T14:04:08.5745576Z     at Object.<anonymous> [90m(/home/runner/work/sartracker-web/sartracker-web/[39mtests/unit/install-app-runtime-teardown.test.ts:47:15[90m)[39m
Build and inspect Linux Electron artifacts	Full deterministic unit gate	2026-09-11T14:04:08.5747098Z     at Object.Mock [as disposeAppRuntime] [90m(file:///home/runner/work/sartracker-web/sartracker-web/[39mnode_modules/[4m@vitest/spy[24m/dist/index.js:332:34[90m)[39m
Build and inspect Linux Electron artifacts	Full deterministic unit gate	2026-09-11T14:04:08.5748761Z     at acknowledgeAfterCleanup [90m(/home/runner/work/sartracker-web/sartracker-web/[39msrc/features/runtime/install-app-runtime-teardown.ts:61:17[90m)[39m
Build and inspect Linux Electron artifacts	Full deterministic unit gate	2026-09-11T14:04:08.5749511Z 
Build and inspect Linux Electron artifacts	Full deterministic unit gate	2026-09-11T14:04:08.6214839Z  [32m✓[39m tests/unit/install-app-runtime-teardown.test.ts [2m([22m[2m2 tests[22m[2m)[22m[32m 106[2mms[22m[39m
Build and inspect Linux Electron artifacts	Full deterministic unit gate	2026-09-11T14:04:09.2166665Z  [32m✓[39m tests/unit/electron-coverage-build-attestation.test.ts [2m([22m[2m2 tests[22m[2m)[22m[32m 5[2mms[22m[39m
Build and inspect Linux Electron artifacts	Full deterministic unit gate	2026-09-11T14:04:09.8666999Z  [32m✓[39m tests/unit/map-marker-interactions.test.ts [2m([22m[2m9 tests[22m[2m)[22m[32m 12[2mms[22m[39m
Build and inspect Linux Electron artifacts	Full deterministic unit gate	2026-09-11T14:04:10.4486588Z  [32m✓[39m tests/unit/trail-segmentation.test.ts [2m([22m[2m4 tests[22m[2m)[22m[32m 5[2mms[22m[39m
Build and inspect Linux Electron artifacts	Full deterministic unit gate	2026-09-11T14:04:11.1518270Z [90mstderr[2m | tests/unit/participant-controls-section.test.ts[2m > [22m[2mParticipantControlsSection [DON-271][2m > [22m[2msurfaces active-mission membership bookkeeping failures
Build and inspect Linux Electron artifacts	Full deterministic unit gate	2026-09-11T14:04:11.1519348Z [22m[39mThe current testing environment is not configured to support act(...)
Build and inspect Linux Electron artifacts	Full deterministic unit gate	2026-09-11T14:04:11.1537696Z 
Build and inspect Linux Electron artifacts	Full deterministic unit gate	2026-09-11T14:04:11.1538739Z [90mstderr[2m | tests/unit/participant-controls-section.test.ts[2m > [22m[2mParticipantControlsSection [DON-271][2m > [22m[2msurfaces active-mission membership bookkeeping failures
Build and inspect Linux Electron artifacts	Full deterministic unit gate	2026-09-11T14:04:11.1540249Z [22m[39mThe current testing environment is not configured to support act(...)
Build and inspect Linux Electron artifacts	Full deterministic unit gate	2026-09-11T14:04:11.1540500Z 
Build and inspect Linux Electron artifacts	Full deterministic unit gate	2026-09-11T14:04:11.1741576Z [90mstderr[2m | tests/unit/participant-controls-section.test.ts[2m > [22m[2mParticipantControlsSection [DON-271][2m > [22m[2mexposes bounded participant identity for packaged readiness checks
Build and inspect Linux Electron artifacts	Full deterministic unit gate	2026-09-11T14:04:11.1742895Z [22m[39mThe current testing environment is not configured to support act(...)
Build and inspect Linux Electron artifacts	Full deterministic unit gate	2026-09-11T14:04:11.1743278Z 
Build and inspect Linux Electron artifacts	Full deterministic unit gate	2026-09-11T14:04:11.1748852Z [90mstderr[2m | tests/unit/participant-controls-section.test.ts[2m > [22m[2mParticipantControlsSection [DON-271][2m > [22m[2mexposes bounded participant identity for packaged readiness checks
Build and inspect Linux Electron artifacts	Full deterministic unit gate	2026-09-11T14:04:11.1750070Z [22m[39mThe current testing environment is not configured to support act(...)
Build and inspect Linux Electron artifacts	Full deterministic unit gate	2026-09-11T14:04:11.1750313Z 
Build and inspect Linux Electron artifacts	Full deterministic unit gate	2026-09-11T14:04:11.1760326Z  [32m✓[39m tests/unit/participant-controls-section.test.ts [2m([22m[2m2 tests[22m[2m)[22m[32m 58[2mms[22m[39m
Build and inspect Linux Electron artifacts	Full deterministic unit gate	2026-09-11T14:04:11.8487004Z  [32m✓[39m tests/unit/electron-mission-replay-database.test.ts [2m([22m[2m2 tests[22m[2m)[22m[32m 93[2mms[22m[39m
Build and inspect Linux Electron artifacts	Full deterministic unit gate	2026-09-11T14:04:12.4357207Z  [32m✓[39m tests/unit/mission-active-tracking.test.ts [2m([22m[2m2 tests[22m[2m)[22m[32m 3[2mms[22m[39m
Build and inspect Linux Electron artifacts	Full deterministic unit gate	2026-09-11T14:04:13.0212130Z  [32m✓[39m tests/unit/electron-diagnostic-sanitizer.test.ts [2m([22m[2m2 tests[22m[2m)[22m[32m 4[2mms[22m[39m
Build and inspect Linux Electron artifacts	Full deterministic unit gate	2026-09-11T14:04:13.6125467Z  [32m✓[39m tests/unit/history-completeness-warning.test.ts [2m([22m[2m3 tests[22m[2m)[22m[32m 4[2mms[22m[39m
Build and inspect Linux Electron artifacts	Full deterministic unit gate	2026-09-11T14:04:14.2026257Z  [32m✓[39m tests/unit/electron-tracking-soak-ci-lib.test.ts [2m([22m[2m3 tests[22m[2m)[22m[32m 4[2mms[22m[39m
Build and inspect Linux Electron artifacts	Full deterministic unit gate	2026-09-11T14:04:15.0865654Z  [32m✓[39m tests/unit/electron-sqlite-backup-runner.test.ts [2m([22m[2m2 tests[22m[2m)[22m[33m 301[2mms[22m[39m
Build and inspect Linux Electron artifacts	Full deterministic unit gate	2026-09-11T14:04:15.6709757Z  [32m✓[39m tests/unit/electron-archive-review-work-queue.test.ts [2m([22m[2m2 tests[22m[2m)[22m[32m 6[2mms[22m[39m
Build and inspect Linux Electron artifacts	Full deterministic unit gate	2026-09-11T14:04:16.4202953Z [90mstderr[2m | tests/unit/mission-replay-dst-overlap.test.ts[2m > [22m[2mmission replay Dublin overlap selection [DON-278][2m > [22m[2mkeeps 2026-10-25T00:30:00.000Z seekable with its exact repeated-time occurrence
Build and inspect Linux Electron artifacts	Full deterministic unit gate	2026-09-11T14:04:16.4204390Z [22m[39mThe current testing environment is not configured to support act(...)
Build and inspect Linux Electron artifacts	Full deterministic unit gate	2026-09-11T14:04:16.4204832Z 
Build and inspect Linux Electron artifacts	Full deterministic unit gate	2026-09-11T14:04:16.4597634Z [90mstderr[2m | tests/unit/mission-replay-dst-overlap.test.ts[2m > [22m[2mmission replay Dublin overlap selection [DON-278][2m > [22m[2mkeeps 2026-10-25T00:30:00.000Z seekable with its exact repeated-time occurrence
Build and inspect Linux Electron artifacts	Full deterministic unit gate	2026-09-11T14:04:16.4598574Z [22m[39mThe current testing environment is not configured to support act(...)
Build and inspect Linux Electron artifacts	Full deterministic unit gate	2026-09-11T14:04:16.4598828Z 
Build and inspect Linux Electron artifacts	Full deterministic unit gate	2026-09-11T14:04:16.4611259Z [90mstderr[2m | tests/unit/mission-replay-dst-overlap.test.ts[2m > [22m[2mmission replay Dublin overlap selection [DON-278][2m > [22m[2mkeeps 2026-10-25T01:30:00.000Z seekable with its exact repeated-time occurrence
Build and inspect Linux Electron artifacts	Full deterministic unit gate	2026-09-11T14:04:16.4612144Z [22m[39mThe current testing environment is not configured to support act(...)
Build and inspect Linux Electron artifacts	Full deterministic unit gate	2026-09-11T14:04:16.4612379Z 
Build and inspect Linux Electron artifacts	Full deterministic unit gate	2026-09-11T14:04:16.4657445Z [90mstderr[2m | tests/unit/mission-replay-dst-overlap.test.ts[2m > [22m[2mmission replay Dublin overlap selection [DON-278][2m > [22m[2mkeeps 2026-10-25T01:30:00.000Z seekable with its exact repeated-time occurrence
Build and inspect Linux Electron artifacts	Full deterministic unit gate	2026-09-11T14:04:16.4658301Z [22m[39mThe current testing environment is not configured to support act(...)
Build and inspect Linux Electron artifacts	Full deterministic unit gate	2026-09-11T14:04:16.4658526Z 
Build and inspect Linux Electron artifacts	Full deterministic unit gate	2026-09-11T14:04:16.4669800Z  [32m✓[39m tests/unit/mission-replay-dst-overlap.test.ts [2m([22m[2m2 tests[22m[2m)[22m[32m 51[2mms[22m[39m
Build and inspect Linux Electron artifacts	Full deterministic unit gate	2026-09-11T14:04:17.0482409Z  [32m✓[39m tests/unit/coverage-progress.test.ts [2m([22m[2m3 tests[22m[2m)[22m[32m 4[2mms[22m[39m
Build and inspect Linux Electron artifacts	Full deterministic unit gate	2026-09-11T14:04:17.6327261Z  [32m✓[39m tests/unit/electron-archive-correction-attachment-copy.test.ts [2m([22m[2m1 test[22m[2m)[22m[32m 3[2mms[22m[39m
Build and inspect Linux Electron artifacts	Full deterministic unit gate	2026-09-11T14:04:18.2690286Z  [32m✓[39m tests/unit/async-map-overlay-cancellation.test.ts [2m([22m[2m2 tests[22m[2m)[22m[32m 6[2mms[22m[39m
Build and inspect Linux Electron artifacts	Full deterministic unit gate	2026-09-11T14:04:18.8606678Z  [32m✓[39m tests/unit/coverage-bench-renderer-contract.test.ts [2m([22m[2m2 tests[22m[2m)[22m[32m 3[2mms[22m[39m
Build and inspect Linux Electron artifacts	Full deterministic unit gate	2026-09-11T14:04:19.4501246Z  [32m✓[39m tests/unit/ingest-health-store.test.ts [2m([22m[2m3 tests[22m[2m)[22m[32m 6[2mms[22m[39m
Build and inspect Linux Electron artifacts	Full deterministic unit gate	2026-09-11T14:04:19.6306666Z  [32m✓[39m tests/unit/assurance/war-02a/filesystem.test.ts [2m([22m[2m30 tests[22m[2m)[22m[32m 72[2mms[22m[39m
Build and inspect Linux Electron artifacts	Full deterministic unit gate	2026-09-11T14:04:20.2116434Z  [32m✓[39m tests/unit/is-tile-error-event.test.ts [2m([22m[2m6 tests[22m[2m)[22m[32m 3[2mms[22m[39m
Build and inspect Linux Electron artifacts	Full deterministic unit gate	2026-09-11T14:04:20.8197772Z  [32m✓[39m tests/unit/coverage-diagnostics.test.ts [2m([22m[2m1 test[22m[2m)[22m[32m 3[2mms[22m[39m
Build and inspect Linux Electron artifacts	Full deterministic unit gate	2026-09-11T14:04:21.3968520Z  [32m✓[39m tests/unit/canonical-fix-time-evidence.test.ts [2m([22m[2m1 test[22m[2m)[22m[32m 3[2mms[22m[39m
Build and inspect Linux Electron artifacts	Full deterministic unit gate	2026-09-11T14:04:21.9763449Z  [32m✓[39m tests/unit/coverage-catalog-activation.test.ts [2m([22m[2m2 tests[22m[2m)[22m[32m 4[2mms[22m[39m
Build and inspect Linux Electron artifacts	Full deterministic unit gate	2026-09-11T14:04:22.5853982Z  [32m✓[39m tests/unit/runtime-boot-store.test.ts [2m([22m[2m5 tests[22m[2m)[22m[32m 6[2mms[22m[39m
Build and inspect Linux Electron artifacts	Full deterministic unit gate	2026-09-11T14:04:23.1718712Z  [32m✓[39m tests/unit/mission-tracking-status-bridge.test.ts [2m([22m[2m2 tests[22m[2m)[22m[32m 5[2mms[22m[39m
Build and inspect Linux Electron artifacts	Full deterministic unit gate	2026-09-11T14:04:23.7726018Z  [32m✓[39m tests/unit/electron-mission-store-adapter.test.ts [2m([22m[2m1 test[22m[2m)[22m[32m 8[2mms[22m[39m
Build and inspect Linux Electron artifacts	Full deterministic unit gate	2026-09-11T14:04:24.3530871Z  [32m✓[39m tests/unit/coverage-production-qualification-contract.test.ts [2m([22m[2m2 tests[22m[2m)[22m[32m 3[2mms[22m[39m
Build and inspect Linux Electron artifacts	Full deterministic unit gate	2026-09-11T14:04:24.9399028Z  [32m✓[39m tests/unit/electron-tracking-soak-validation.test.ts [2m([22m[2m3 tests[22m[2m)[22m[32m 5[2mms[22m[39m
Build and inspect Linux Electron artifacts	Full deterministic unit gate	2026-09-11T14:04:25.5116351Z  [32m✓[39m tests/unit/bulk-device-observations.test.ts [2m([22m[2m2 tests[22m[2m)[22m[32m 4[2mms[22m[39m
Build and inspect Linux Electron artifacts	Full deterministic unit gate	2026-09-11T14:04:25.6271746Z  [32m✓[39m tests/unit/assurance/war-02a/isolated-commonjs.test.ts [2m([22m[2m2 tests[22m[2m)[22m[32m 6[2mms[22m[39m
Build and inspect Linux Electron artifacts	Full deterministic unit gate	2026-09-11T14:04:26.1993558Z  [32m✓[39m tests/unit/persistent-tracking-health.test.ts [2m([22m[2m5 tests[22m[2m)[22m[32m 4[2mms[22m[39m
Build and inspect Linux Electron artifacts	Full deterministic unit gate	2026-09-11T14:04:26.8591699Z [90mstderr[2m | tests/unit/tracking-style-store-selector.test.ts[2m > [22m[2museTrackingStylePreferences[2m > [22m[2mreturns the persisted tracking style through a stable selector-safe hook
Build and inspect Linux Electron artifacts	Full deterministic unit gate	2026-09-11T14:04:26.8593582Z [22m[39mThe current testing environment is not configured to support act(...)
Build and inspect Linux Electron artifacts	Full deterministic unit gate	2026-09-11T14:04:26.8595488Z 
Build and inspect Linux Electron artifacts	Full deterministic unit gate	2026-09-11T14:04:26.8609659Z [90mstderr[2m | tests/unit/tracking-style-store-selector.test.ts[2m > [22m[2museTrackingStylePreferences[2m > [22m[2mreturns the persisted tracking style through a stable selector-safe hook
Build and inspect Linux Electron artifacts	Full deterministic unit gate	2026-09-11T14:04:26.8611371Z [22m[39mThe current testing environment is not configured to support act(...)
Build and inspect Linux Electron artifacts	Full deterministic unit gate	2026-09-11T14:04:26.8612005Z 
Build and inspect Linux Electron artifacts	Full deterministic unit gate	2026-09-11T14:04:26.8628623Z [90mstderr[2m | tests/unit/tracking-style-store-selector.test.ts[2m > [22m[2museTrackingStylePreferences[2m > [22m[2muses the default style when no operator preferences exist
Build and inspect Linux Electron artifacts	Full deterministic unit gate	2026-09-11T14:04:26.8630320Z [22m[39mThe current testing environment is not configured to support act(...)
Build and inspect Linux Electron artifacts	Full deterministic unit gate	2026-09-11T14:04:26.8630959Z 
Build and inspect Linux Electron artifacts	Full deterministic unit gate	2026-09-11T14:04:26.8634051Z [90mstderr[2m | tests/unit/tracking-style-store-selector.test.ts[2m > [22m[2museTrackingStylePreferences[2m > [22m[2muses the default style when no operator preferences exist
Build and inspect Linux Electron artifacts	Full deterministic unit gate	2026-09-11T14:04:26.8635774Z [22m[39mThe current testing environment is not configured to support act(...)
Build and inspect Linux Electron artifacts	Full deterministic unit gate	2026-09-11T14:04:26.8636436Z 
Build and inspect Linux Electron artifacts	Full deterministic unit gate	2026-09-11T14:04:26.8647850Z  [32m✓[39m tests/unit/tracking-style-store-selector.test.ts [2m([22m[2m2 tests[22m[2m)[22m[32m 18[2mms[22m[39m
Build and inspect Linux Electron artifacts	Full deterministic unit gate	2026-09-11T14:04:27.4404939Z  [32m✓[39m tests/unit/mission-timers.test.ts [2m([22m[2m4 tests[22m[2m)[22m[32m 4[2mms[22m[39m
Build and inspect Linux Electron artifacts	Full deterministic unit gate	2026-09-11T14:04:28.0345175Z  [32m✓[39m tests/unit/appimage-offset.test.ts [2m([22m[2m4 tests[22m[2m)[22m[32m 8[2mms[22m[39m
Build and inspect Linux Electron artifacts	Full deterministic unit gate	2026-09-11T14:04:28.6251150Z  [32m✓[39m tests/unit/official-map-protocol.test.ts [2m([22m[2m2 tests[22m[2m)[22m[32m 5[2mms[22m[39m
Build and inspect Linux Electron artifacts	Full deterministic unit gate	2026-09-11T14:04:29.2287453Z  [32m✓[39m tests/unit/mission-model-flag.test.ts [2m([22m[2m4 tests[22m[2m)[22m[32m 4[2mms[22m[39m
Build and inspect Linux Electron artifacts	Full deterministic unit gate	2026-09-11T14:04:29.8157537Z  [32m✓[39m tests/unit/official-map-source.test.ts [2m([22m[2m2 tests[22m[2m)[22m[32m 5[2mms[22m[39m
Build and inspect Linux Electron artifacts	Full deterministic unit gate	2026-09-11T14:04:30.4489259Z  [32m✓[39m tests/unit/replay-map-worker.test.ts [2m([22m[2m3 tests[22m[2m)[22m[32m 52[2mms[22m[39m
Build and inspect Linux Electron artifacts	Full deterministic unit gate	2026-09-11T14:04:31.0494410Z  [32m✓[39m tests/unit/electron-transferred-file-handle-cleanup.test.ts [2m([22m[2m2 tests[22m[2m)[22m[32m 17[2mms[22m[39m
Build and inspect Linux Electron artifacts	Full deterministic unit gate	2026-09-11T14:04:31.6529060Z  [32m✓[39m tests/unit/electron-archive-secret-lifetime.test.ts [2m([22m[2m2 tests[22m[2m)[22m[32m 3[2mms[22m[39m
Build and inspect Linux Electron artifacts	Full deterministic unit gate	2026-09-11T14:04:32.2451435Z  [32m✓[39m tests/unit/electron-traccar-fetch.test.ts [2m([22m[2m2 tests[22m[2m)[22m[32m 8[2mms[22m[39m
Build and inspect Linux Electron artifacts	Full deterministic unit gate	2026-09-11T14:04:32.8398496Z  [32m✓[39m tests/unit/foreground-write-priority.test.ts [2m([22m[2m3 tests[22m[2m)[22m[32m 16[2mms[22m[39m
Build and inspect Linux Electron artifacts	Full deterministic unit gate	2026-09-11T14:04:33.4572314Z  [32m✓[39m tests/unit/electron-finalization-boundary-consumers.test.ts [2m([22m[2m13 tests[22m[2m)[22m[32m 10[2mms[22m[39m
Build and inspect Linux Electron artifacts	Full deterministic unit gate	2026-09-11T14:04:34.0780237Z  [32m✓[39m tests/unit/coverage-flag.test.ts [2m([22m[2m3 tests[22m[2m)[22m[32m 3[2mms[22m[39m
Build and inspect Linux Electron artifacts	Full deterministic unit gate	2026-09-11T14:04:34.7125872Z  [32m✓[39m tests/unit/official-map-export.test.ts [2m([22m[2m2 tests[22m[2m)[22m[32m 4[2mms[22m[39m
Build and inspect Linux Electron artifacts	Full deterministic unit gate	2026-09-11T14:04:35.3321990Z  [32m✓[39m tests/unit/tauri-traccar-fetch.test.ts [2m([22m[2m1 test[22m[2m)[22m[32m 7[2mms[22m[39m
Build and inspect Linux Electron artifacts	Full deterministic unit gate	2026-09-11T14:04:36.0480838Z  [32m✓[39m tests/unit/electron-archive-review-result-budget.test.ts [2m([22m[2m9 tests[22m[2m)[22m[32m 123[2mms[22m[39m
Build and inspect Linux Electron artifacts	Full deterministic unit gate	2026-09-11T14:04:36.6721203Z  [32m✓[39m tests/unit/electron-archive-cleanup-preview.test.ts [2m([22m[2m2 tests[22m[2m)[22m[32m 43[2mms[22m[39m
Build and inspect Linux Electron artifacts	Full deterministic unit gate	2026-09-11T14:04:37.3653391Z  [32m✓[39m tests/unit/map-style.test.ts [2m([22m[2m3 tests[22m[2m)[22m[32m 4[2mms[22m[39m
Build and inspect Linux Electron artifacts	Full deterministic unit gate	2026-09-11T14:04:37.9636573Z  [32m✓[39m tests/unit/linux-package-policy.test.ts [2m([22m[2m7 tests[22m[2m)[22m[32m 4[2mms[22m[39m
Build and inspect Linux Electron artifacts	Full deterministic unit gate	2026-09-11T14:04:38.5645294Z  [32m✓[39m tests/unit/electron-archive-output-settlement.test.ts [2m([22m[2m2 tests[22m[2m)[22m[32m 8[2mms[22m[39m
Build and inspect Linux Electron artifacts	Full deterministic unit gate	2026-09-11T14:04:39.1543646Z  [32m✓[39m tests/unit/read-gpx-import-pages.test.ts [2m([22m[2m2 tests[22m[2m)[22m[32m 7[2mms[22m[39m
Build and inspect Linux Electron artifacts	Full deterministic unit gate	2026-09-11T14:04:39.7383272Z  [32m✓[39m tests/unit/mission-coverage-scope.test.ts [2m([22m[2m2 tests[22m[2m)[22m[32m 3[2mms[22m[39m
Build and inspect Linux Electron artifacts	Full deterministic unit gate	2026-09-11T14:04:40.3329997Z  [32m✓[39m tests/unit/measurement-geojson.test.ts [2m([22m[2m3 tests[22m[2m)[22m[32m 4[2mms[22m[39m
Build and inspect Linux Electron artifacts	Full deterministic unit gate	2026-09-11T14:04:41.5997936Z  [32m✓[39m tests/unit/linux-package-toolchain.test.ts [2m([22m[2m3 tests[22m[2m)[22m[33m 665[2mms[22m[39m
Build and inspect Linux Electron artifacts	Full deterministic unit gate	2026-09-11T14:04:41.5998973Z      [33m[2m✓[22m[39m requires exact declared versions and the pinned builder internal API [33m 661[2mms[22m[39m
Build and inspect Linux Electron artifacts	Full deterministic unit gate	2026-09-11T14:04:42.4184064Z  [32m✓[39m tests/unit/mission-browser-harness-gating.test.ts [2m([22m[2m4 tests[22m[2m)[22m[32m 3[2mms[22m[39m
Build and inspect Linux Electron artifacts	Full deterministic unit gate	2026-09-11T14:04:43.0045787Z  [32m✓[39m tests/unit/map-preferences.test.ts [2m([22m[2m5 tests[22m[2m)[22m[32m 5[2mms[22m[39m
Build and inspect Linux Electron artifacts	Full deterministic unit gate	2026-09-11T14:04:43.6327721Z  [32m✓[39m tests/unit/electron-gpx-source-reader.test.ts [2m([22m[2m1 test[22m[2m)[22m[32m 38[2mms[22m[39m
Build and inspect Linux Electron artifacts	Full deterministic unit gate	2026-09-11T14:04:44.2192350Z  [32m✓[39m tests/unit/register-service-worker.test.ts [2m([22m[2m2 tests[22m[2m)[22m[32m 5[2mms[22m[39m
Build and inspect Linux Electron artifacts	Full deterministic unit gate	2026-09-11T14:04:44.9064239Z [90mstderr[2m | tests/unit/theme-toggle.test.tsx[2m > [22m[2mapplies the selected theme and persists the actual operator toggle
Build and inspect Linux Electron artifacts	Full deterministic unit gate	2026-09-11T14:04:44.9065442Z [22m[39mThe current testing environment is not configured to support act(...)
Build and inspect Linux Electron artifacts	Full deterministic unit gate	2026-09-11T14:04:44.9066147Z The current testing environment is not configured to support act(...)
Build and inspect Linux Electron artifacts	Full deterministic unit gate	2026-09-11T14:04:44.9066795Z The current testing environment is not configured to support act(...)
Build and inspect Linux Electron artifacts	Full deterministic unit gate	2026-09-11T14:04:44.9067408Z The current testing environment is not configured to support act(...)
Build and inspect Linux Electron artifacts	Full deterministic unit gate	2026-09-11T14:04:44.9067633Z 
Build and inspect Linux Electron artifacts	Full deterministic unit gate	2026-09-11T14:04:44.9161258Z [90mstderr[2m | tests/unit/theme-toggle.test.tsx[2m > [22m[2mkeeps the applied theme and exposes a failed preference write
Build and inspect Linux Electron artifacts	Full deterministic unit gate	2026-09-11T14:04:44.9162086Z [22m[39mThe current testing environment is not configured to support act(...)
Build and inspect Linux Electron artifacts	Full deterministic unit gate	2026-09-11T14:04:44.9162533Z The current testing environment is not configured to support act(...)
Build and inspect Linux Electron artifacts	Full deterministic unit gate	2026-09-11T14:04:44.9162946Z The current testing environment is not configured to support act(...)
Build and inspect Linux Electron artifacts	Full deterministic unit gate	2026-09-11T14:04:44.9163374Z The current testing environment is not configured to support act(...)
Build and inspect Linux Electron artifacts	Full deterministic unit gate	2026-09-11T14:04:44.9163583Z 
Build and inspect Linux Electron artifacts	Full deterministic unit gate	2026-09-11T14:04:44.9173069Z  [32m✓[39m tests/unit/theme-toggle.test.tsx [2m([22m[2m2 tests[22m[2m)[22m[32m 41[2mms[22m[39m
Build and inspect Linux Electron artifacts	Full deterministic unit gate	2026-09-11T14:04:45.4967536Z  [32m✓[39m tests/unit/electron-coverage-tile-cache-ledger.test.ts [2m([22m[2m2 tests[22m[2m)[22m[32m 4[2mms[22m[39m
Build and inspect Linux Electron artifacts	Full deterministic unit gate	2026-09-11T14:04:46.1098071Z  [32m✓[39m tests/unit/electron-archive-restored-digest.test.ts [2m([22m[2m1 test[22m[2m)[22m[32m 10[2mms[22m[39m
Build and inspect Linux Electron artifacts	Full deterministic unit gate	2026-09-11T14:04:46.7066733Z  [32m✓[39m tests/unit/operator-time.test.ts [2m([22m[2m4 tests[22m[2m)[22m[32m 15[2mms[22m[39m
Build and inspect Linux Electron artifacts	Full deterministic unit gate	2026-09-11T14:04:47.2860933Z  [32m✓[39m tests/unit/electron-archive-review-cleanup-ownership.test.ts [2m([22m[2m1 test[22m[2m)[22m[32m 4[2mms[22m[39m
Build and inspect Linux Electron artifacts	Full deterministic unit gate	2026-09-11T14:04:47.8632008Z  [32m✓[39m tests/unit/exact-breadcrumb-dot-manual.test.ts [2m([22m[2m1 test[22m[2m)[22m[32m 4[2mms[22m[39m
Build and inspect Linux Electron artifacts	Full deterministic unit gate	2026-09-11T14:04:48.6331681Z [90mstderr[2m | tests/unit/hidden-current-display-warning.test.ts[2m > [22m[2mdescribes hidden device display choices without inventing current fixes
Build and inspect Linux Electron artifacts	Full deterministic unit gate	2026-09-11T14:04:48.6332500Z [22m[39mThe current testing environment is not configured to support act(...)
Build and inspect Linux Electron artifacts	Full deterministic unit gate	2026-09-11T14:04:48.6332944Z The current testing environment is not configured to support act(...)
Build and inspect Linux Electron artifacts	Full deterministic unit gate	2026-09-11T14:04:48.6334774Z 
Build and inspect Linux Electron artifacts	Full deterministic unit gate	2026-09-11T14:04:48.6342103Z  [32m✓[39m tests/unit/hidden-current-display-warning.test.ts [2m([22m[2m1 test[22m[2m)[22m[32m 17[2mms[22m[39m
Build and inspect Linux Electron artifacts	Full deterministic unit gate	2026-09-11T14:04:49.2196940Z  [32m✓[39m tests/unit/electron-support-report-store.test.ts [2m([22m[2m1 test[22m[2m)[22m[32m 4[2mms[22m[39m
Build and inspect Linux Electron artifacts	Full deterministic unit gate	2026-09-11T14:04:49.8053934Z  [32m✓[39m tests/unit/renderer-teardown-wiring.test.ts [2m([22m[2m3 tests[22m[2m)[22m[32m 3[2mms[22m[39m
Build and inspect Linux Electron artifacts	Full deterministic unit gate	2026-09-11T14:04:50.3865830Z  [32m✓[39m tests/unit/assurance/war-02a/fault-plan.test.ts [2m([22m[2m7 tests[22m[2m)[22m[32m 6[2mms[22m[39m
Build and inspect Linux Electron artifacts	Full deterministic unit gate	2026-09-11T14:04:50.9799243Z  [32m✓[39m tests/unit/electron-archive-workload-watchdog.test.ts [2m([22m[2m11 tests[22m[2m)[22m[32m 4[2mms[22m[39m
Build and inspect Linux Electron artifacts	Full deterministic unit gate	2026-09-11T14:04:51.5676333Z  [32m✓[39m tests/unit/electron-gpx-import-source.test.ts [2m([22m[2m1 test[22m[2m)[22m[32m 5[2mms[22m[39m
Build and inspect Linux Electron artifacts	Full deterministic unit gate	2026-09-11T14:04:52.1439583Z  [32m✓[39m tests/unit/apply-map-style-preserving-camera.test.ts [2m([22m[2m1 test[22m[2m)[22m[32m 4[2mms[22m[39m
Build and inspect Linux Electron artifacts	Full deterministic unit gate	2026-09-11T14:04:52.7287005Z  [32m✓[39m tests/unit/map-scale-readout.test.ts [2m([22m[2m3 tests[22m[2m)[22m[32m 3[2mms[22m[39m
Build and inspect Linux Electron artifacts	Full deterministic unit gate	2026-09-11T14:04:53.3028040Z  [32m✓[39m tests/unit/electron-tracking-cache.test.ts [2m([22m[2m1 test[22m[2m)[22m[32m 5[2mms[22m[39m
Build and inspect Linux Electron artifacts	Full deterministic unit gate	2026-09-11T14:04:53.8887508Z  [32m✓[39m tests/unit/audit-events.test.ts [2m([22m[2m3 tests[22m[2m)[22m[32m 5[2mms[22m[39m
Build and inspect Linux Electron artifacts	Full deterministic unit gate	2026-09-11T14:04:54.4631699Z  [32m✓[39m tests/unit/coverage-tile-address.test.ts [2m([22m[2m1 test[22m[2m)[22m[32m 4[2mms[22m[39m
Build and inspect Linux Electron artifacts	Full deterministic unit gate	2026-09-11T14:04:55.0615344Z  [32m✓[39m tests/unit/electron-layer-catalog-store.test.ts [2m([22m[2m2 tests[22m[2m)[22m[32m 5[2mms[22m[39m
Build and inspect Linux Electron artifacts	Full deterministic unit gate	2026-09-11T14:05:00.8939426Z  [32m✓[39m tests/unit/assurance/war-02a/negative-controls.test.ts [2m([22m[2m1 test[22m[2m)[22m[33m 5726[2mms[22m[39m
Build and inspect Linux Electron artifacts	Full deterministic unit gate	2026-09-11T14:05:00.8940774Z    [33m[2m✓[22m[39m keeps both historical controls falsifiable in the normal source gate [33m 5725[2mms[22m[39m
Build and inspect Linux Electron artifacts	Full deterministic unit gate	2026-09-11T14:05:01.4725563Z  [32m✓[39m tests/unit/electron-marker-attachment-store.test.ts [2m([22m[2m1 test[22m[2m)[22m[32m 4[2mms[22m[39m
Build and inspect Linux Electron artifacts	Full deterministic unit gate	2026-09-11T14:05:02.0558669Z  [32m✓[39m tests/unit/map-health.test.ts [2m([22m[2m4 tests[22m[2m)[22m[32m 3[2mms[22m[39m
Build and inspect Linux Electron artifacts	Full deterministic unit gate	2026-09-11T14:05:02.6353046Z  [32m✓[39m tests/unit/tauri-tracking-cache.test.ts [2m([22m[2m1 test[22m[2m)[22m[32m 6[2mms[22m[39m
Build and inspect Linux Electron artifacts	Full deterministic unit gate	2026-09-11T14:05:03.2120320Z  [32m✓[39m tests/unit/electron-mission-replay-message-policy.test.ts [2m([22m[2m2 tests[22m[2m)[22m[32m 6[2mms[22m[39m
Build and inspect Linux Electron artifacts	Full deterministic unit gate	2026-09-11T14:05:03.7977026Z  [32m✓[39m tests/unit/vite-manual-chunks.test.ts [2m([22m[2m4 tests[22m[2m)[22m[32m 4[2mms[22m[39m
Build and inspect Linux Electron artifacts	Full deterministic unit gate	2026-09-11T14:05:04.3762627Z  [32m✓[39m tests/unit/generate-app-version-contract.test.ts [2m([22m[2m2 tests[22m[2m)[22m[32m 3[2mms[22m[39m
Build and inspect Linux Electron artifacts	Full deterministic unit gate	2026-09-11T14:05:05.1150468Z  [32m✓[39m tests/unit/electron-mission-worker.test.ts [2m([22m[2m1 test[22m[2m)[22m[32m 166[2mms[22m[39m
Build and inspect Linux Electron artifacts	Full deterministic unit gate	2026-09-11T14:05:05.6928251Z  [32m✓[39m tests/unit/participant-envelope.test.ts [2m([22m[2m2 tests[22m[2m)[22m[32m 3[2mms[22m[39m
Build and inspect Linux Electron artifacts	Full deterministic unit gate	2026-09-11T14:05:06.2733224Z  [32m✓[39m tests/unit/outing-schedule.test.ts [2m([22m[2m5 tests[22m[2m)[22m[32m 3[2mms[22m[39m
Build and inspect Linux Electron artifacts	Full deterministic unit gate	2026-09-11T14:05:06.8893081Z  [32m✓[39m tests/unit/participant-mission-context.test.ts [2m([22m[2m2 tests[22m[2m)[22m[32m 2[2mms[22m[39m
Build and inspect Linux Electron artifacts	Full deterministic unit gate	2026-09-11T14:05:07.4795527Z  [32m✓[39m tests/unit/runtime-cleanup.test.ts [2m([22m[2m1 test[22m[2m)[22m[32m 5[2mms[22m[39m
Build and inspect Linux Electron artifacts	Full deterministic unit gate	2026-09-11T14:05:08.0609223Z  [32m✓[39m tests/unit/breadcrumb-pr1-manual.test.ts [2m([22m[2m1 test[22m[2m)[22m[32m 4[2mms[22m[39m
Build and inspect Linux Electron artifacts	Full deterministic unit gate	2026-09-11T14:05:08.6406296Z  [32m✓[39m tests/unit/app-version.test.ts [2m([22m[2m3 tests[22m[2m)[22m[32m 3[2mms[22m[39m
Build and inspect Linux Electron artifacts	Full deterministic unit gate	2026-09-11T14:05:09.2256344Z  [32m✓[39m tests/unit/lpb-data.test.ts [2m([22m[2m2 tests[22m[2m)[22m[32m 4[2mms[22m[39m
Build and inspect Linux Electron artifacts	Full deterministic unit gate	2026-09-11T14:05:09.8191841Z  [32m✓[39m tests/unit/map-location-target-style.test.ts [2m([22m[2m1 test[22m[2m)[22m[32m 4[2mms[22m[39m
Build and inspect Linux Electron artifacts	Full deterministic unit gate	2026-09-11T14:05:10.4208942Z  [32m✓[39m tests/unit/desktop-runtime.test.ts [2m([22m[2m1 test[22m[2m)[22m[32m 2[2mms[22m[39m
Build and inspect Linux Electron artifacts	Full deterministic unit gate	2026-09-11T14:05:11.0223428Z  [32m✓[39m tests/unit/operational-contrast-css.test.ts [2m([22m[2m2 tests[22m[2m)[22m[32m 3[2mms[22m[39m
Build and inspect Linux Electron artifacts	Full deterministic unit gate	2026-09-11T14:05:11.6143816Z  [32m✓[39m tests/unit/theme-preference.test.ts [2m([22m[2m2 tests[22m[2m)[22m[32m 5[2mms[22m[39m
Build and inspect Linux Electron artifacts	Full deterministic unit gate	2026-09-11T14:05:12.2141001Z  [32m✓[39m tests/unit/project-replay-map-async.test.ts [2m([22m[2m1 test[22m[2m)[22m[32m 6[2mms[22m[39m
Build and inspect Linux Electron artifacts	Full deterministic unit gate	2026-09-11T14:05:12.8137791Z  [32m✓[39m tests/unit/focus-mode-store.test.ts [2m([22m[2m3 tests[22m[2m)[22m[32m 3[2mms[22m[39m
Build and inspect Linux Electron artifacts	Full deterministic unit gate	2026-09-11T14:05:13.4012714Z  [32m✓[39m tests/unit/outing-store.test.ts [2m([22m[2m1 test[22m[2m)[22m[32m 5[2mms[22m[39m
Build and inspect Linux Electron artifacts	Full deterministic unit gate	2026-09-11T14:05:13.9972536Z  [32m✓[39m tests/unit/tracking-color.test.ts [2m([22m[2m3 tests[22m[2m)[22m[32m 4[2mms[22m[39m
Build and inspect Linux Electron artifacts	Full deterministic unit gate	2026-09-11T14:05:14.5884331Z  [32m✓[39m tests/unit/outing-overlap-policy.test.ts [2m([22m[2m4 tests[22m[2m)[22m[32m 4[2mms[22m[39m
Build and inspect Linux Electron artifacts	Full deterministic unit gate	2026-09-11T14:05:15.1703226Z  [32m✓[39m tests/unit/coordinate-preferences.test.ts [2m([22m[2m2 tests[22m[2m)[22m[32m 3[2mms[22m[39m
Build and inspect Linux Electron artifacts	Full deterministic unit gate	2026-09-11T14:05:15.7788335Z  [32m✓[39m tests/unit/bundle-budgets.test.ts [2m([22m[2m3 tests[22m[2m)[22m[32m 4[2mms[22m[39m
Build and inspect Linux Electron artifacts	Full deterministic unit gate	2026-09-11T14:05:16.3608535Z  [32m✓[39m tests/unit/map-renderer-mode.test.ts [2m([22m[2m2 tests[22m[2m)[22m[32m 3[2mms[22m[39m
Build and inspect Linux Electron artifacts	Full deterministic unit gate	2026-09-11T14:05:16.9605840Z  [32m✓[39m tests/unit/breadcrumb-coverage-visibility.test.ts [2m([22m[2m2 tests[22m[2m)[22m[32m 3[2mms[22m[39m
Build and inspect Linux Electron artifacts	Full deterministic unit gate	2026-09-11T14:05:17.5774877Z  [32m✓[39m tests/unit/mission-archive-error.test.ts [2m([22m[2m1 test[22m[2m)[22m[32m 2[2mms[22m[39m
Build and inspect Linux Electron artifacts	Full deterministic unit gate	2026-09-11T14:05:18.1584089Z  [32m✓[39m tests/unit/mission-review-selection-contrast.test.ts [2m([22m[2m1 test[22m[2m)[22m[32m 2[2mms[22m[39m
Build and inspect Linux Electron artifacts	Full deterministic unit gate	2026-09-11T14:05:18.8178651Z  [32m✓[39m tests/unit/map-operational-cursor.test.ts [2m([22m[2m1 test[22m[2m)[22m[32m 3[2mms[22m[39m
Build and inspect Linux Electron artifacts	Full deterministic unit gate	2026-09-11T14:05:19.5957565Z  [32m✓[39m tests/unit/scaffold-smoke.test.ts [2m([22m[2m1 test[22m[2m)[22m[32m 3[2mms[22m[39m
Build and inspect Linux Electron artifacts	Full deterministic unit gate	2026-09-11T14:05:20.2629203Z  [32m✓[39m tests/unit/vite-config.test.ts [2m([22m[2m1 test[22m[2m)[22m[32m 3[2mms[22m[39m
Build and inspect Linux Electron artifacts	Full deterministic unit gate	2026-09-11T14:05:20.2761079Z 
Build and inspect Linux Electron artifacts	Full deterministic unit gate	2026-09-11T14:05:20.2786109Z [31m⎯⎯⎯⎯⎯⎯⎯[39m[1m[41m Failed Tests 3 [49m[22m[31m⎯⎯⎯⎯⎯⎯⎯[39m
Build and inspect Linux Electron artifacts	Full deterministic unit gate	2026-09-11T14:05:20.2815195Z 
Build and inspect Linux Electron artifacts	Full deterministic unit gate	2026-09-11T14:05:20.2815264Z 
Build and inspect Linux Electron artifacts	Full deterministic unit gate	2026-09-11T14:05:20.2857030Z [41m[1m FAIL [22m[49m tests/unit/electron-mission-evidence-versioning.test.ts[2m > [22mmission evidence versioning [DON-277][2m > [22mprepares large legacy event provenance in bounded turns and fails Replay closed meanwhile [DON-278]
Build and inspect Linux Electron artifacts	Full deterministic unit gate	2026-09-11T14:05:20.2858850Z [2m Test Files [22m [1m[31m1 failed[39m[22m[2m | [22m[1m[32m431 passed[39m[22m[90m (432)[39m
Build and inspect Linux Electron artifacts	Full deterministic unit gate	2026-09-11T14:05:20.2886761Z [31m[1mAssertionError[22m: {"maximumHeartbeatGapMs":203.65099400000327,"maximumInspectionQueryMs":2.6844309999942197,"largestGapProcessCpuMs":0.622,"overlappingMainThreadGc":[]}: expected 203.65099400000327 to be less than 200[39m
Build and inspect Linux Electron artifacts	Full deterministic unit gate	2026-09-11T14:05:20.2888353Z [2m      Tests [22m [1m[31m3 failed[39m[22m[2m | [22m[1m[32m4441 passed[39m[22m[90m (4444)[39m
Build and inspect Linux Electron artifacts	Full deterministic unit gate	2026-09-11T14:05:20.2889426Z [36m [2m❯[22m tests/unit/electron-mission-evidence-versioning.test.ts:[2m1004:73[22m[39m
Build and inspect Linux Electron artifacts	Full deterministic unit gate	2026-09-11T14:05:20.2898853Z [2m   Start at [22m 13:51:02
Build and inspect Linux Electron artifacts	Full deterministic unit gate	2026-09-11T14:05:20.2905864Z [2m   Duration [22m 858.09s[2m (transform 9.00s, setup 0ms, import 25.44s, tests 593.18s, environment 196.23s)[22m
Build and inspect Linux Electron artifacts	Full deterministic unit gate	2026-09-11T14:05:20.2915691Z     [90m1002|[39m     }
Build and inspect Linux Electron artifacts	Full deterministic unit gate	2026-09-11T14:05:20.2916495Z     [90m1003|[39m     process.stdout.write(`Legacy event preparation heartbeat diagnosti…
Build and inspect Linux Electron artifacts	Full deterministic unit gate	2026-09-11T14:05:20.2917426Z     [90m1004|[39m     expect(maximumHeartbeatGapMs, JSON.stringify(heartbeatDiagnostics)…
Build and inspect Linux Electron artifacts	Full deterministic unit gate	2026-09-11T14:05:20.2918688Z     [90m   |[39m                                                                         [31m^[39m
Build and inspect Linux Electron artifacts	Full deterministic unit gate	2026-09-11T14:05:20.2919407Z     [90m1005|[39m     await expect(store.readMissionReplay({
Build and inspect Linux Electron artifacts	Full deterministic unit gate	2026-09-11T14:05:20.2920057Z     [90m1006|[39m       missionId: mission.id,
Build and inspect Linux Electron artifacts	Full deterministic unit gate	2026-09-11T14:05:20.2920389Z 
Build and inspect Linux Electron artifacts	Full deterministic unit gate	2026-09-11T14:05:20.2920903Z [31m[2m⎯⎯⎯⎯⎯⎯⎯⎯⎯⎯⎯⎯⎯⎯⎯⎯⎯⎯⎯⎯⎯⎯⎯⎯[1/3]⎯[22m[39m
Build and inspect Linux Electron artifacts	Full deterministic unit gate	2026-09-11T14:05:20.2921177Z 
Build and inspect Linux Electron artifacts	Full deterministic unit gate	2026-09-11T14:05:20.2922650Z [41m[1m FAIL [22m[49m tests/unit/electron-mission-evidence-versioning.test.ts[2m > [22mmission evidence versioning [DON-277][2m > [22mkeeps current-position writes and main heartbeat below 200 ms throughout a 50k-point GPX import [DON-274]
Build and inspect Linux Electron artifacts	Full deterministic unit gate	2026-09-11T14:05:20.2925196Z [31m[1mAssertionError[22m: {"maximumWriteMs":218.82393600000069,"largestWriteProcessCpuMs":1.849,"maximumHeartbeatGapMs":228.24049900000682,"sequence":1016}: expected 218.82393600000069 to be less than 200[39m
Build and inspect Linux Electron artifacts	Full deterministic unit gate	2026-09-11T14:05:20.2926808Z [36m [2m❯[22m tests/unit/electron-mission-evidence-versioning.test.ts:[2m4216:57[22m[39m
Build and inspect Linux Electron artifacts	Full deterministic unit gate	2026-09-11T14:05:20.2927299Z 
Build and inspect Linux Electron artifacts	Full deterministic unit gate	2026-09-11T14:05:20.2927739Z     [90m4214|[39m     expect(sequence).toBeGreaterThan(0)
Build and inspect Linux Electron artifacts	Full deterministic unit gate	2026-09-11T14:05:20.2928036Z 
Build and inspect Linux Electron artifacts	Full deterministic unit gate	2026-09-11T14:05:20.2928475Z     [90m4215|[39m     expect(measuredAfterSettlement).toBe(true)
Build and inspect Linux Electron artifacts	Full deterministic unit gate	2026-09-11T14:05:20.2995996Z ##[error]AssertionError: {"maximumHeartbeatGapMs":203.65099400000327,"maximumInspectionQueryMs":2.6844309999942197,"largestGapProcessCpuMs":0.622,"overlappingMainThreadGc":[]}: expected 203.65099400000327 to be less than 200
Build and inspect Linux Electron artifacts	Full deterministic unit gate	 ❯ tests/unit/electron-mission-evidence-versioning.test.ts:1004:73
Build and inspect Linux Electron artifacts	Full deterministic unit gate	
Build and inspect Linux Electron artifacts	Full deterministic unit gate	
Build and inspect Linux Electron artifacts	Full deterministic unit gate	2026-09-11T14:05:20.3008109Z     [90m4216|[39m     expect(maximumWriteMs, JSON.stringify(diagnostics)).toBeLessThan(2…
Build and inspect Linux Electron artifacts	Full deterministic unit gate	2026-09-11T14:05:20.3008897Z     [90m   |[39m                                                         [31m^[39m
Build and inspect Linux Electron artifacts	Full deterministic unit gate	2026-09-11T14:05:20.3009649Z     [90m4217|[39m     expect(maximumHeartbeatGapMs, JSON.stringify(diagnostics)).toBeLes…
Build and inspect Linux Electron artifacts	Full deterministic unit gate	2026-09-11T14:05:20.3010429Z     [90m4218|[39m     const inspection = openDatabase(await databasePath())
Build and inspect Linux Electron artifacts	Full deterministic unit gate	2026-09-11T14:05:20.3010785Z 
Build and inspect Linux Electron artifacts	Full deterministic unit gate	2026-09-11T14:05:20.3011085Z [31m[2m⎯⎯⎯⎯⎯⎯⎯⎯⎯⎯⎯⎯⎯⎯⎯⎯⎯⎯⎯⎯⎯⎯⎯⎯[2/3]⎯[22m[39m
Build and inspect Linux Electron artifacts	Full deterministic unit gate	2026-09-11T14:05:20.3011329Z 
Build and inspect Linux Electron artifacts	Full deterministic unit gate	2026-09-11T14:05:20.3012615Z [41m[1m FAIL [22m[49m tests/unit/electron-mission-evidence-versioning.test.ts[2m > [22mmission evidence versioning [DON-277][2m > [22mkeeps current writes below 200 ms while retaining an exact-limit 8 MiB GPX source [DON-274]
Build and inspect Linux Electron artifacts	Full deterministic unit gate	2026-09-11T14:05:20.3014128Z [31m[1mAssertionError[22m: expected 221.08370200000354 to be less than 200[39m
Build and inspect Linux Electron artifacts	Full deterministic unit gate	2026-09-11T14:05:20.3015225Z [36m [2m❯[22m tests/unit/electron-mission-evidence-versioning.test.ts:[2m4266:28[22m[39m
Build and inspect Linux Electron artifacts	Full deterministic unit gate	2026-09-11T14:05:20.3016116Z     [90m4264|[39m     await expect(importing).resolves.toMatchObject({ imports: [expect.…
Build and inspect Linux Electron artifacts	Full deterministic unit gate	2026-09-11T14:05:20.3016796Z     [90m4265|[39m     expect(sequence).toBeGreaterThan(0)
Build and inspect Linux Electron artifacts	Full deterministic unit gate	2026-09-11T14:05:20.3017365Z     [90m4266|[39m     expect(maximumWriteMs).toBeLessThan(200)
Build and inspect Linux Electron artifacts	Full deterministic unit gate	2026-09-11T14:05:20.3017885Z     [90m   |[39m                            [31m^[39m
Build and inspect Linux Electron artifacts	Full deterministic unit gate	2026-09-11T14:05:20.3018490Z     [90m4267|[39m     const inspection = openDatabase(await databasePath())
Build and inspect Linux Electron artifacts	Full deterministic unit gate	2026-09-11T14:05:20.3019097Z     [90m4268|[39m     expect(inspection.prepare(`SELECT
Build and inspect Linux Electron artifacts	Full deterministic unit gate	2026-09-11T14:05:20.3019385Z 
Build and inspect Linux Electron artifacts	Full deterministic unit gate	2026-09-11T14:05:20.3019671Z [31m[2m⎯⎯⎯⎯⎯⎯⎯⎯⎯⎯⎯⎯⎯⎯⎯⎯⎯⎯⎯⎯⎯⎯⎯⎯[3/3]⎯[22m[39m
Build and inspect Linux Electron artifacts	Full deterministic unit gate	2026-09-11T14:05:20.3019930Z 
Build and inspect Linux Electron artifacts	Full deterministic unit gate	2026-09-11T14:05:20.3019945Z 
Build and inspect Linux Electron artifacts	Full deterministic unit gate	2026-09-11T14:05:20.3023039Z ##[error]AssertionError: {"maximumWriteMs":218.82393600000069,"largestWriteProcessCpuMs":1.849,"maximumHeartbeatGapMs":228.24049900000682,"sequence":1016}: expected 218.82393600000069 to be less than 200
Build and inspect Linux Electron artifacts	Full deterministic unit gate	 ❯ tests/unit/electron-mission-evidence-versioning.test.ts:4216:57
Build and inspect Linux Electron artifacts	Full deterministic unit gate	
Build and inspect Linux Electron artifacts	Full deterministic unit gate	
Build and inspect Linux Electron artifacts	Full deterministic unit gate	2026-09-11T14:05:20.3024459Z 
Build and inspect Linux Electron artifacts	Full deterministic unit gate	2026-09-11T14:05:20.3025709Z ##[error]AssertionError: expected 221.08370200000354 to be less than 200
Build and inspect Linux Electron artifacts	Full deterministic unit gate	 ❯ tests/unit/electron-mission-evidence-versioning.test.ts:4266:28
Build and inspect Linux Electron artifacts	Full deterministic unit gate	
Build and inspect Linux Electron artifacts	Full deterministic unit gate	
Build and inspect Linux Electron artifacts	Full deterministic unit gate	2026-09-11T14:05:20.3397483Z ##[error]Process completed with exit code 1.
Build and inspect Linux Electron artifacts	Upload validation evidence	﻿2026-09-11T14:05:20.3519628Z Node 20 is being deprecated. This workflow is running with Node 24 by default. If you need to temporarily use Node 20, you can set the ACTIONS_ALLOW_USE_UNSECURE_NODE_VERSION=true environment variable. For more information see: https://github.blog/changelog/2025-09-19-deprecation-of-node-20-on-github-actions-runners/
Build and inspect Linux Electron artifacts	Upload validation evidence	2026-09-11T14:05:20.3520624Z ##[group]Run actions/upload-artifact@v4
Build and inspect Linux Electron artifacts	Upload validation evidence	2026-09-11T14:05:20.3520853Z with:
Build and inspect Linux Electron artifacts	Upload validation evidence	2026-09-11T14:05:20.3521160Z   name: electron-linux-validation-evidence-df6bdc7d7a066280501140d21c401c7896b9d86a
Build and inspect Linux Electron artifacts	Upload validation evidence	2026-09-11T14:05:20.3522264Z   path: tmp/electron-validation-evidence
Build and inspect Linux Electron artifacts	Upload validation evidence	tmp/beta-artifacts/tracking-soak-ci
Build and inspect Linux Electron artifacts	Upload validation evidence	tmp/breadcrumb-pr5-evidence
Build and inspect Linux Electron artifacts	Upload validation evidence	tmp/breadcrumb-pr6-packaged-archive-smoke/electron-archive-lifecycle-smoke-report.json
Build and inspect Linux Electron artifacts	Upload validation evidence	tmp/breadcrumb-pr6-packaged-archive-smoke/electron-archive-lifecycle-smoke-failure.json
Build and inspect Linux Electron artifacts	Upload validation evidence	
Build and inspect Linux Electron artifacts	Upload validation evidence	2026-09-11T14:05:20.3523222Z   if-no-files-found: warn
Build and inspect Linux Electron artifacts	Upload validation evidence	2026-09-11T14:05:20.3523433Z   compression-level: 6
Build and inspect Linux Electron artifacts	Upload validation evidence	2026-09-11T14:05:20.3523624Z   overwrite: false
Build and inspect Linux Electron artifacts	Upload validation evidence	2026-09-11T14:05:20.3523859Z   include-hidden-files: false
Build and inspect Linux Electron artifacts	Upload validation evidence	2026-09-11T14:05:20.3524056Z env:
Build and inspect Linux Electron artifacts	Upload validation evidence	2026-09-11T14:05:20.3524218Z   NODE_VERSION: 22
Build and inspect Linux Electron artifacts	Upload validation evidence	2026-09-11T14:05:20.3524463Z   EXPECTED_SOURCE_SHA: df6bdc7d7a066280501140d21c401c7896b9d86a
Build and inspect Linux Electron artifacts	Upload validation evidence	2026-09-11T14:05:20.3524986Z ##[endgroup]
Build and inspect Linux Electron artifacts	Upload validation evidence	2026-09-11T14:05:20.5174259Z (node:8438) [DEP0040] DeprecationWarning: The `punycode` module is deprecated. Please use a userland alternative instead.
Build and inspect Linux Electron artifacts	Upload validation evidence	2026-09-11T14:05:20.5175787Z (Use `node --trace-deprecation ...` to show where the warning was created)
Build and inspect Linux Electron artifacts	Upload validation evidence	2026-09-11T14:05:20.5248372Z Multiple search paths detected. Calculating the least common ancestor of all paths
Build and inspect Linux Electron artifacts	Upload validation evidence	2026-09-11T14:05:20.5252777Z The least common ancestor is /home/runner/work/sartracker-web/sartracker-web/tmp. This will be the root directory of the artifact
Build and inspect Linux Electron artifacts	Upload validation evidence	2026-09-11T14:05:20.5253964Z With the provided path, there will be 1 file uploaded
Build and inspect Linux Electron artifacts	Upload validation evidence	2026-09-11T14:05:20.5261189Z Artifact name is valid!
Build and inspect Linux Electron artifacts	Upload validation evidence	2026-09-11T14:05:20.5265507Z Root directory input is valid!
Build and inspect Linux Electron artifacts	Upload validation evidence	2026-09-11T14:05:20.8333427Z Beginning upload of artifact content to blob storage
Build and inspect Linux Electron artifacts	Upload validation evidence	2026-09-11T14:05:20.8475197Z (node:8438) [DEP0169] DeprecationWarning: `url.parse()` behavior is not standardized and prone to errors that have security implications. Use the WHATWG URL API instead. CVEs are not issued for `url.parse()` vulnerabilities.
Build and inspect Linux Electron artifacts	Upload validation evidence	2026-09-11T14:05:20.9917382Z Uploaded bytes 371
Build and inspect Linux Electron artifacts	Upload validation evidence	2026-09-11T14:05:21.0327236Z Finished uploading artifact content to blob storage!
Build and inspect Linux Electron artifacts	Upload validation evidence	2026-09-11T14:05:21.0328075Z SHA256 digest of uploaded artifact zip is 4692462bd6b0d2be816e2e7f79f9cdf7b071e8c613f6988069be37c485569446
Build and inspect Linux Electron artifacts	Upload validation evidence	2026-09-11T14:05:21.0329325Z Finalizing artifact upload
Build and inspect Linux Electron artifacts	Upload validation evidence	2026-09-11T14:05:21.2783198Z Artifact electron-linux-validation-evidence-df6bdc7d7a066280501140d21c401c7896b9d86a.zip successfully finalized. Artifact ID 10266183807
Build and inspect Linux Electron artifacts	Upload validation evidence	2026-09-11T14:05:21.2785067Z Artifact electron-linux-validation-evidence-df6bdc7d7a066280501140d21c401c7896b9d86a has been successfully uploaded! Final size is 371 bytes. Artifact ID is 10266183807
Build and inspect Linux Electron artifacts	Upload validation evidence	2026-09-11T14:05:21.2789208Z Artifact download URL: https://github.com/donal0c/sartracker-web/actions/runs/34606545104/artifacts/10266183807
Build and inspect Linux Electron artifacts	Post Checkout exact source head	﻿2026-09-11T14:05:21.2936346Z Node 20 is being deprecated. This workflow is running with Node 24 by default. If you need to temporarily use Node 20, you can set the ACTIONS_ALLOW_USE_UNSECURE_NODE_VERSION=true environment variable. For more information see: https://github.blog/changelog/2025-09-19-deprecation-of-node-20-on-github-actions-runners/
Build and inspect Linux Electron artifacts	Post Checkout exact source head	2026-09-11T14:05:21.2937298Z Post job cleanup.
Build and inspect Linux Electron artifacts	Post Checkout exact source head	2026-09-11T14:05:21.3652911Z [command]/usr/bin/git version
Build and inspect Linux Electron artifacts	Post Checkout exact source head	2026-09-11T14:05:21.3693369Z git version 2.55.0
Build and inspect Linux Electron artifacts	Post Checkout exact source head	2026-09-11T14:05:21.3728891Z Temporarily overriding HOME='/home/runner/work/_temp/67b63814-863c-4062-b106-c01da6047ec2' before making global git config changes
Build and inspect Linux Electron artifacts	Post Checkout exact source head	2026-09-11T14:05:21.3729946Z Adding repository directory to the temporary git global config as a safe directory
Build and inspect Linux Electron artifacts	Post Checkout exact source head	2026-09-11T14:05:21.3734380Z [command]/usr/bin/git config --global --add safe.directory /home/runner/work/sartracker-web/sartracker-web
Build and inspect Linux Electron artifacts	Post Checkout exact source head	2026-09-11T14:05:21.3765883Z [command]/usr/bin/git config --local --name-only --get-regexp core\.sshCommand
Build and inspect Linux Electron artifacts	Post Checkout exact source head	2026-09-11T14:05:21.3794766Z [command]/usr/bin/git submodule foreach --recursive sh -c "git config --local --name-only --get-regexp 'core\.sshCommand' && git config --local --unset-all 'core.sshCommand' || :"
Build and inspect Linux Electron artifacts	Post Checkout exact source head	2026-09-11T14:05:21.3975549Z [command]/usr/bin/git config --local --name-only --get-regexp http\.https\:\/\/github\.com\/\.extraheader
Build and inspect Linux Electron artifacts	Post Checkout exact source head	2026-09-11T14:05:21.3993127Z http.https://github.com/.extraheader
Build and inspect Linux Electron artifacts	Post Checkout exact source head	2026-09-11T14:05:21.4002613Z [command]/usr/bin/git config --local --unset-all http.https://github.com/.extraheader
Build and inspect Linux Electron artifacts	Post Checkout exact source head	2026-09-11T14:05:21.4029067Z [command]/usr/bin/git submodule foreach --recursive sh -c "git config --local --name-only --get-regexp 'http\.https\:\/\/github\.com\/\.extraheader' && git config --local --unset-all 'http.https://github.com/.extraheader' || :"
Build and inspect Linux Electron artifacts	Post Checkout exact source head	2026-09-11T14:05:21.4229336Z [command]/usr/bin/git config --local --name-only --get-regexp ^includeIf\.gitdir:
Build and inspect Linux Electron artifacts	Post Checkout exact source head	2026-09-11T14:05:21.4248285Z [command]/usr/bin/git submodule foreach --recursive git config --local --show-origin --name-only --get-regexp remote.origin.url
Build and inspect Linux Electron artifacts	Complete job	﻿2026-09-11T14:05:21.4537416Z Cleaning up orphan processes
Build and inspect Linux Electron artifacts	Complete job	2026-09-11T14:05:21.4743308Z ##[warning]Node.js 20 is deprecated. The following actions target Node.js 20 but are being forced to run on Node.js 24: actions/checkout@v4, actions/setup-node@v4, actions/upload-artifact@v4. For more information see: https://github.blog/changelog/2025-09-19-deprecation-of-node-20-on-github-actions-runners/
