
 RUN  v4.1.3 /Users/donalocallaghan/.codex/worktrees/c98f/sartracker-web

 ❯ tests/unit/persist-history-chunk-groups.test.ts (7 tests | 1 failed) 177ms
     × keeps four inclusive two-hour medium-rate fixture chunks in one transaction 66ms

⎯⎯⎯⎯⎯⎯⎯ Failed Tests 1 ⎯⎯⎯⎯⎯⎯⎯

 FAIL  tests/unit/persist-history-chunk-groups.test.ts > persistHistoryChunkGroups > keeps four inclusive two-hour medium-rate fixture chunks in one transaction
AssertionError: expected "vi.fn()" to be called once with arguments: [ Array(1) ]

Received:

  1st vi.fn() call:

@@ -10870,3631 +10870,7 @@
            "timestamp": "2026-04-06T01:00:00.000Z",
          },
        ],
        "reconciledUntil": "2026-04-06T02:00:00.000Z",
      },
-     {
-       "deviceId": "12",
-       "expectedMissionId": "mission-1",
-       "historyFrom": "2026-04-06T00:00:00.000Z",
-       "phase": "initial",
-       "positions": [
-         {
-           "accuracy": null,
-           "altitude": null,
-           "battery": null,
-           "cache_age_seconds": null,
-           "data_origin": "live",
-           "device_cache_stale": false,
-           "device_id": "12",
-           "id": "12-0",
-           "lat": 53,
-           "lon": -7,
-           "source": null,
-           "speed": null,
-           "timestamp": "2026-04-06T01:00:00.000Z",
-         },
-         {
-           "accuracy": null,
-           "altitude": null,
-           "battery": null,
-           "cache_age_seconds": null,
-           "data_origin": "live",
-           "device_cache_stale": false,
-           "device_id": "12",
-           "id": "12-1",
-           "lat": 53,
-           "lon": -7,
-           "source": null,
-           "speed": null,
-           "timestamp": "2026-04-06T01:00:00.000Z",
-         },
-         {
-           "accuracy": null,
-           "altitude": null,
-           "battery": null,
-           "cache_age_seconds": null,
-           "data_origin": "live",
-           "device_cache_stale": false,
-           "device_id": "12",
-           "id": "12-2",
-           "lat": 53,
-           "lon": -7,
-           "source": null,
-           "speed": null,
-           "timestamp": "2026-04-06T01:00:00.000Z",
-         },
-         {
-           "accuracy": null,
-           "altitude": null,
-           "battery": null,
-           "cache_age_seconds": null,
-           "data_origin": "live",
-           "device_cache_stale": false,
-           "device_id": "12",
-           "id": "12-3",
-           "lat": 53,
-           "lon": -7,
-           "source": null,
-           "speed": null,
-           "timestamp": "2026-04-06T01:00:00.000Z",
-         },
-         {
-           "accuracy": null,
-           "altitude": null,
-           "battery": null,
-           "cache_age_seconds": null,
-           "data_origin": "live",
-           "device_cache_stale": false,
-           "device_id": "12",
-           "id": "12-4",
-           "lat": 53,
-           "lon": -7,
-           "source": null,
-           "speed": null,
-           "timestamp": "2026-04-06T01:00:00.000Z",
-         },
-         {
-           "accuracy": null,
-           "altitude": null,
-           "battery": null,
-           "cache_age_seconds": null,
-           "data_origin": "live",
-           "device_cache_stale": false,
-           "device_id": "12",
-           "id": "12-5",
-           "lat": 53,
-           "lon": -7,
-           "source": null,
-           "speed": null,
-           "timestamp": "2026-04-06T01:00:00.000Z",
-         },
-         {
-           "accuracy": null,
-           "altitude": null,
-           "battery": null,
-           "cache_age_seconds": null,
-           "data_origin": "live",
-           "device_cache_stale": false,
-           "device_id": "12",
-           "id": "12-6",
-           "lat": 53,
-           "lon": -7,
-           "source": null,
-           "speed": null,
-           "timestamp": "2026-04-06T01:00:00.000Z",
-         },
-         {
-           "accuracy": null,
-           "altitude": null,
-           "battery": null,
-           "cache_age_seconds": null,
-           "data_origin": "live",
-           "device_cache_stale": false,
-           "device_id": "12",
-           "id": "12-7",
-           "lat": 53,
-           "lon": -7,
-           "source": null,
-           "speed": null,
-           "timestamp": "2026-04-06T01:00:00.000Z",
-         },
-         {
-           "accuracy": null,
-           "altitude": null,
-           "battery": null,
-           "cache_age_seconds": null,
-           "data_origin": "live",
-           "device_cache_stale": false,
-           "device_id": "12",
-           "id": "12-8",
-           "lat": 53,
-           "lon": -7,
-           "source": null,
-           "speed": null,
-           "timestamp": "2026-04-06T01:00:00.000Z",
-         },
-         {
-           "accuracy": null,
-           "altitude": null,
-           "battery": null,
-           "cache_age_seconds": null,
-           "data_origin": "live",
-           "device_cache_stale": false,
-           "device_id": "12",
-           "id": "12-9",
-           "lat": 53,
-           "lon": -7,
-           "source": null,
-           "speed": null,
-           "timestamp": "2026-04-06T01:00:00.000Z",
-         },
-         {
-           "accuracy": null,
-           "altitude": null,
-           "battery": null,
-           "cache_age_seconds": null,
-           "data_origin": "live",
-           "device_cache_stale": false,
-           "device_id": "12",
-           "id": "12-10",
-           "lat": 53,
-           "lon": -7,
-           "source": null,
-           "speed": null,
-           "timestamp": "2026-04-06T01:00:00.000Z",
-         },
-         {
-           "accuracy": null,
-           "altitude": null,
-           "battery": null,
-           "cache_age_seconds": null,
-           "data_origin": "live",
-           "device_cache_stale": false,
-           "device_id": "12",
-           "id": "12-11",
-           "lat": 53,
-           "lon": -7,
-           "source": null,
-           "speed": null,
-           "timestamp": "2026-04-06T01:00:00.000Z",
-         },
-         {
-           "accuracy": null,
-           "altitude": null,
-           "battery": null,
-           "cache_age_seconds": null,
-           "data_origin": "live",
-           "device_cache_stale": false,
-           "device_id": "12",
-           "id": "12-12",
-           "lat": 53,
-           "lon": -7,
-           "source": null,
-           "speed": null,
-           "timestamp": "2026-04-06T01:00:00.000Z",
-         },
-         {
-           "accuracy": null,
-           "altitude": null,
-           "battery": null,
-           "cache_age_seconds": null,
-           "data_origin": "live",
-           "device_cache_stale": false,
-           "device_id": "12",
-           "id": "12-13",
-           "lat": 53,
-           "lon": -7,
-           "source": null,
-           "speed": null,
-           "timestamp": "2026-04-06T01:00:00.000Z",
-         },
-         {
-           "accuracy": null,
-           "altitude": null,
-           "battery": null,
-           "cache_age_seconds": null,
-           "data_origin": "live",
-           "device_cache_stale": false,
-           "device_id": "12",
-           "id": "12-14",
-           "lat": 53,
-           "lon": -7,
-           "source": null,
-           "speed": null,
-           "timestamp": "2026-04-06T01:00:00.000Z",
-         },
-         {
-           "accuracy": null,
-           "altitude": null,
-           "battery": null,
-           "cache_age_seconds": null,
-           "data_origin": "live",
-           "device_cache_stale": false,
-           "device_id": "12",
-           "id": "12-15",
-           "lat": 53,
-           "lon": -7,
-           "source": null,
-           "speed": null,
-           "timestamp": "2026-04-06T01:00:00.000Z",
-         },
-         {
-           "accuracy": null,
-           "altitude": null,
-           "battery": null,
-           "cache_age_seconds": null,
-           "data_origin": "live",
-           "device_cache_stale": false,
-           "device_id": "12",
-           "id": "12-16",
-           "lat": 53,
-           "lon": -7,
-           "source": null,
-           "speed": null,
-           "timestamp": "2026-04-06T01:00:00.000Z",
-         },
-         {
-           "accuracy": null,
-           "altitude": null,
-           "battery": null,
-           "cache_age_seconds": null,
-           "data_origin": "live",
-           "device_cache_stale": false,
-           "device_id": "12",
-           "id": "12-17",
-           "lat": 53,
-           "lon": -7,
-           "source": null,
-           "speed": null,
-           "timestamp": "2026-04-06T01:00:00.000Z",
-         },
-         {
-           "accuracy": null,
-           "altitude": null,
-           "battery": null,
-           "cache_age_seconds": null,
-           "data_origin": "live",
-           "device_cache_stale": false,
-           "device_id": "12",
-           "id": "12-18",
-           "lat": 53,
-           "lon": -7,
-           "source": null,
-           "speed": null,
-           "timestamp": "2026-04-06T01:00:00.000Z",
-         },
-         {
-           "accuracy": null,
-           "altitude": null,
-           "battery": null,
-           "cache_age_seconds": null,
-           "data_origin": "live",
-           "device_cache_stale": false,
-           "device_id": "12",
-           "id": "12-19",
-           "lat": 53,
-           "lon": -7,
-           "source": null,
-           "speed": null,
-           "timestamp": "2026-04-06T01:00:00.000Z",
-         },
-         {
-           "accuracy": null,
-           "altitude": null,
-           "battery": null,
-           "cache_age_seconds": null,
-           "data_origin": "live",
-           "device_cache_stale": false,
-           "device_id": "12",
-           "id": "12-20",
-           "lat": 53,
-           "lon": -7,
-           "source": null,
-           "speed": null,
-           "timestamp": "2026-04-06T01:00:00.000Z",
-         },
-         {
-           "accuracy": null,
-           "altitude": null,
-           "battery": null,
-           "cache_age_seconds": null,
-           "data_origin": "live",
-           "device_cache_stale": false,
-           "device_id": "12",
-           "id": "12-21",
-           "lat": 53,
-           "lon": -7,
-           "source": null,
-           "speed": null,
-           "timestamp": "2026-04-06T01:00:00.000Z",
-         },
-         {
-           "accuracy": null,
-           "altitude": null,
-           "battery": null,
-           "cache_age_seconds": null,
-           "data_origin": "live",
-           "device_cache_stale": false,
-           "device_id": "12",
-           "id": "12-22",
-           "lat": 53,
-           "lon": -7,
-           "source": null,
-           "speed": null,
-           "timestamp": "2026-04-06T01:00:00.000Z",
-         },
-         {
-           "accuracy": null,
-           "altitude": null,
-           "battery": null,
-           "cache_age_seconds": null,
-           "data_origin": "live",
-           "device_cache_stale": false,
-           "device_id": "12",
-           "id": "12-23",
-           "lat": 53,
-           "lon": -7,
-           "source": null,
-           "speed": null,
-           "timestamp": "2026-04-06T01:00:00.000Z",
-         },
-         {
-           "accuracy": null,
-           "altitude": null,
-           "battery": null,
-           "cache_age_seconds": null,
-           "data_origin": "live",
-           "device_cache_stale": false,
-           "device_id": "12",
-           "id": "12-24",
-           "lat": 53,
-           "lon": -7,
-           "source": null,
-           "speed": null,
-           "timestamp": "2026-04-06T01:00:00.000Z",
-         },
-         {
-           "accuracy": null,
-           "altitude": null,
-           "battery": null,
-           "cache_age_seconds": null,
-           "data_origin": "live",
-           "device_cache_stale": false,
-           "device_id": "12",
-           "id": "12-25",
-           "lat": 53,
-           "lon": -7,
-           "source": null,
-           "speed": null,
-           "timestamp": "2026-04-06T01:00:00.000Z",
-         },
-         {
-           "accuracy": null,
-           "altitude": null,
-           "battery": null,
-           "cache_age_seconds": null,
-           "data_origin": "live",
-           "device_cache_stale": false,
-           "device_id": "12",
-           "id": "12-26",
-           "lat": 53,
-           "lon": -7,
-           "source": null,
-           "speed": null,
-           "timestamp": "2026-04-06T01:00:00.000Z",
-         },
-         {
-           "accuracy": null,
-           "altitude": null,
-           "battery": null,
-           "cache_age_seconds": null,
-           "data_origin": "live",
-           "device_cache_stale": false,
-           "device_id": "12",
-           "id": "12-27",
-           "lat": 53,
-           "lon": -7,
-           "source": null,
-           "speed": null,
-           "timestamp": "2026-04-06T01:00:00.000Z",
-         },
-         {
-           "accuracy": null,
-           "altitude": null,
-           "battery": null,
-           "cache_age_seconds": null,
-           "data_origin": "live",
-           "device_cache_stale": false,
-           "device_id": "12",
-           "id": "12-28",
-           "lat": 53,
-           "lon": -7,
-           "source": null,
-           "speed": null,
-           "timestamp": "2026-04-06T01:00:00.000Z",
-         },
-         {
-           "accuracy": null,
-           "altitude": null,
-           "battery": null,
-           "cache_age_seconds": null,
-           "data_origin": "live",
-           "device_cache_stale": false,
-           "device_id": "12",
-           "id": "12-29",
-           "lat": 53,
-           "lon": -7,
-           "source": null,
-           "speed": null,
-           "timestamp": "2026-04-06T01:00:00.000Z",
-         },
-         {
-           "accuracy": null,
-           "altitude": null,
-           "battery": null,
-           "cache_age_seconds": null,
-           "data_origin": "live",
-           "device_cache_stale": false,
-           "device_id": "12",
-           "id": "12-30",
-           "lat": 53,
-           "lon": -7,
-           "source": null,
-           "speed": null,
-           "timestamp": "2026-04-06T01:00:00.000Z",
-         },
-         {
-           "accuracy": null,
-           "altitude": null,
-           "battery": null,
-           "cache_age_seconds": null,
-           "data_origin": "live",
-           "device_cache_stale": false,
-           "device_id": "12",
-           "id": "12-31",
-           "lat": 53,
-           "lon": -7,
-           "source": null,
-           "speed": null,
-           "timestamp": "2026-04-06T01:00:00.000Z",
-         },
-         {
-           "accuracy": null,
-           "altitude": null,
-           "battery": null,
-           "cache_age_seconds": null,
-           "data_origin": "live",
-           "device_cache_stale": false,
-           "device_id": "12",
-           "id": "12-32",
-           "lat": 53,
-           "lon": -7,
-           "source": null,
-           "speed": null,
-           "timestamp": "2026-04-06T01:00:00.000Z",
-         },
-         {
-           "accuracy": null,
-           "altitude": null,
-           "battery": null,
-           "cache_age_seconds": null,
-           "data_origin": "live",
-           "device_cache_stale": false,
-           "device_id": "12",
-           "id": "12-33",
-           "lat": 53,
-           "lon": -7,
-           "source": null,
-           "speed": null,
-           "timestamp": "2026-04-06T01:00:00.000Z",
-         },
-         {
-           "accuracy": null,
-           "altitude": null,
-           "battery": null,
-           "cache_age_seconds": null,
-           "data_origin": "live",
-           "device_cache_stale": false,
-           "device_id": "12",
-           "id": "12-34",
-           "lat": 53,
-           "lon": -7,
-           "source": null,
-           "speed": null,
-           "timestamp": "2026-04-06T01:00:00.000Z",
-         },
-         {
-           "accuracy": null,
-           "altitude": null,
-           "battery": null,
-           "cache_age_seconds": null,
-           "data_origin": "live",
-           "device_cache_stale": false,
-           "device_id": "12",
-           "id": "12-35",
-           "lat": 53,
-           "lon": -7,
-           "source": null,
-           "speed": null,
-           "timestamp": "2026-04-06T01:00:00.000Z",
-         },
-         {
-           "accuracy": null,
-           "altitude": null,
-           "battery": null,
-           "cache_age_seconds": null,
-           "data_origin": "live",
-           "device_cache_stale": false,
-           "device_id": "12",
-           "id": "12-36",
-           "lat": 53,
-           "lon": -7,
-           "source": null,
-           "speed": null,
-           "timestamp": "2026-04-06T01:00:00.000Z",
-         },
-         {
-           "accuracy": null,
-           "altitude": null,
-           "battery": null,
-           "cache_age_seconds": null,
-           "data_origin": "live",
-           "device_cache_stale": false,
-           "device_id": "12",
-           "id": "12-37",
-           "lat": 53,
-           "lon": -7,
-           "source": null,
-           "speed": null,
-           "timestamp": "2026-04-06T01:00:00.000Z",
-         },
-         {
-           "accuracy": null,
-           "altitude": null,
-           "battery": null,
-           "cache_age_seconds": null,
-           "data_origin": "live",
-           "device_cache_stale": false,
-           "device_id": "12",
-           "id": "12-38",
-           "lat": 53,
-           "lon": -7,
-           "source": null,
-           "speed": null,
-           "timestamp": "2026-04-06T01:00:00.000Z",
-         },
-         {
-           "accuracy": null,
-           "altitude": null,
-           "battery": null,
-           "cache_age_seconds": null,
-           "data_origin": "live",
-           "device_cache_stale": false,
-           "device_id": "12",
-           "id": "12-39",
-           "lat": 53,
-           "lon": -7,
-           "source": null,
-           "speed": null,
-           "timestamp": "2026-04-06T01:00:00.000Z",
-         },
-         {
-           "accuracy": null,
-           "altitude": null,
-           "battery": null,
-           "cache_age_seconds": null,
-           "data_origin": "live",
-           "device_cache_stale": false,
-           "device_id": "12",
-           "id": "12-40",
-           "lat": 53,
-           "lon": -7,
-           "source": null,
-           "speed": null,
-           "timestamp": "2026-04-06T01:00:00.000Z",
-         },
-         {
-           "accuracy": null,
-           "altitude": null,
-           "battery": null,
-           "cache_age_seconds": null,
-           "data_origin": "live",
-           "device_cache_stale": false,
-           "device_id": "12",
-           "id": "12-41",
-           "lat": 53,
-           "lon": -7,
-           "source": null,
-           "speed": null,
-           "timestamp": "2026-04-06T01:00:00.000Z",
-         },
-         {
-           "accuracy": null,
-           "altitude": null,
-           "battery": null,
-           "cache_age_seconds": null,
-           "data_origin": "live",
-           "device_cache_stale": false,
-           "device_id": "12",
-           "id": "12-42",
-           "lat": 53,
-           "lon": -7,
-           "source": null,
-           "speed": null,
-           "timestamp": "2026-04-06T01:00:00.000Z",
-         },
-         {
-           "accuracy": null,
-           "altitude": null,
-           "battery": null,
-           "cache_age_seconds": null,
-           "data_origin": "live",
-           "device_cache_stale": false,
-           "device_id": "12",
-           "id": "12-43",
-           "lat": 53,
-           "lon": -7,
-           "source": null,
-           "speed": null,
-           "timestamp": "2026-04-06T01:00:00.000Z",
-         },
-         {
-           "accuracy": null,
-           "altitude": null,
-           "battery": null,
-           "cache_age_seconds": null,
-           "data_origin": "live",
-           "device_cache_stale": false,
-           "device_id": "12",
-           "id": "12-44",
-           "lat": 53,
-           "lon": -7,
-           "source": null,
-           "speed": null,
-           "timestamp": "2026-04-06T01:00:00.000Z",
-         },
-         {
-           "accuracy": null,
-           "altitude": null,
-           "battery": null,
-           "cache_age_seconds": null,
-           "data_origin": "live",
-           "device_cache_stale": false,
-           "device_id": "12",
-           "id": "12-45",
-           "lat": 53,
-           "lon": -7,
-           "source": null,
-           "speed": null,
-           "timestamp": "2026-04-06T01:00:00.000Z",
-         },
-         {
-           "accuracy": null,
-           "altitude": null,
-           "battery": null,
-           "cache_age_seconds": null,
-           "data_origin": "live",
-           "device_cache_stale": false,
-           "device_id": "12",
-           "id": "12-46",
-           "lat": 53,
-           "lon": -7,
-           "source": null,
-           "speed": null,
-           "timestamp": "2026-04-06T01:00:00.000Z",
-         },
-         {
-           "accuracy": null,
-           "altitude": null,
-           "battery": null,
-           "cache_age_seconds": null,
-           "data_origin": "live",
-           "device_cache_stale": false,
-           "device_id": "12",
-           "id": "12-47",
-           "lat": 53,
-           "lon": -7,
-           "source": null,
-           "speed": null,
-           "timestamp": "2026-04-06T01:00:00.000Z",
-         },
-         {
-           "accuracy": null,
-           "altitude": null,
-           "battery": null,
-           "cache_age_seconds": null,
-           "data_origin": "live",
-           "device_cache_stale": false,
-           "device_id": "12",
-           "id": "12-48",
-           "lat": 53,
-           "lon": -7,
-           "source": null,
-           "speed": null,
-           "timestamp": "2026-04-06T01:00:00.000Z",
-         },
-         {
-           "accuracy": null,
-           "altitude": null,
-           "battery": null,
-           "cache_age_seconds": null,
-           "data_origin": "live",
-           "device_cache_stale": false,
-           "device_id": "12",
-           "id": "12-49",
-           "lat": 53,
-           "lon": -7,
-           "source": null,
-           "speed": null,
-           "timestamp": "2026-04-06T01:00:00.000Z",
-         },
-         {
-           "accuracy": null,
-           "altitude": null,
-           "battery": null,
-           "cache_age_seconds": null,
-           "data_origin": "live",
-           "device_cache_stale": false,
-           "device_id": "12",
-           "id": "12-50",
-           "lat": 53,
-           "lon": -7,
-           "source": null,
-           "speed": null,
-           "timestamp": "2026-04-06T01:00:00.000Z",
-         },
-         {
-           "accuracy": null,
-           "altitude": null,
-           "battery": null,
-           "cache_age_seconds": null,
-           "data_origin": "live",
-           "device_cache_stale": false,
-           "device_id": "12",
-           "id": "12-51",
-           "lat": 53,
-           "lon": -7,
-           "source": null,
-           "speed": null,
-           "timestamp": "2026-04-06T01:00:00.000Z",
-         },
-         {
-           "accuracy": null,
-           "altitude": null,
-           "battery": null,
-           "cache_age_seconds": null,
-           "data_origin": "live",
-           "device_cache_stale": false,
-           "device_id": "12",
-           "id": "12-52",
-           "lat": 53,
-           "lon": -7,
-           "source": null,
-           "speed": null,
-           "timestamp": "2026-04-06T01:00:00.000Z",
-         },
-         {
-           "accuracy": null,
-           "altitude": null,
-           "battery": null,
-           "cache_age_seconds": null,
-           "data_origin": "live",
-           "device_cache_stale": false,
-           "device_id": "12",
-           "id": "12-53",
-           "lat": 53,
-           "lon": -7,
-           "source": null,
-           "speed": null,
-           "timestamp": "2026-04-06T01:00:00.000Z",
-         },
-         {
-           "accuracy": null,
-           "altitude": null,
-           "battery": null,
-           "cache_age_seconds": null,
-           "data_origin": "live",
-           "device_cache_stale": false,
-           "device_id": "12",
-           "id": "12-54",
-           "lat": 53,
-           "lon": -7,
-           "source": null,
-           "speed": null,
-           "timestamp": "2026-04-06T01:00:00.000Z",
-         },
-         {
-           "accuracy": null,
-           "altitude": null,
-           "battery": null,
-           "cache_age_seconds": null,
-           "data_origin": "live",
-           "device_cache_stale": false,
-           "device_id": "12",
-           "id": "12-55",
-           "lat": 53,
-           "lon": -7,
-           "source": null,
-           "speed": null,
-           "timestamp": "2026-04-06T01:00:00.000Z",
-         },
-         {
-           "accuracy": null,
-           "altitude": null,
-           "battery": null,
-           "cache_age_seconds": null,
-           "data_origin": "live",
-           "device_cache_stale": false,
-           "device_id": "12",
-           "id": "12-56",
-           "lat": 53,
-           "lon": -7,
-           "source": null,
-           "speed": null,
-           "timestamp": "2026-04-06T01:00:00.000Z",
-         },
-         {
-           "accuracy": null,
-           "altitude": null,
-           "battery": null,
-           "cache_age_seconds": null,
-           "data_origin": "live",
-           "device_cache_stale": false,
-           "device_id": "12",
-           "id": "12-57",
-           "lat": 53,
-           "lon": -7,
-           "source": null,
-           "speed": null,
-           "timestamp": "2026-04-06T01:00:00.000Z",
-         },
-         {
-           "accuracy": null,
-           "altitude": null,
-           "battery": null,
-           "cache_age_seconds": null,
-           "data_origin": "live",
-           "device_cache_stale": false,
-           "device_id": "12",
-           "id": "12-58",
-           "lat": 53,
-           "lon": -7,
-           "source": null,
-           "speed": null,
-           "timestamp": "2026-04-06T01:00:00.000Z",
-         },
-         {
-           "accuracy": null,
-           "altitude": null,
-           "battery": null,
-           "cache_age_seconds": null,
-           "data_origin": "live",
-           "device_cache_stale": false,
-           "device_id": "12",
-           "id": "12-59",
-           "lat": 53,
-           "lon": -7,
-           "source": null,
-           "speed": null,
-           "timestamp": "2026-04-06T01:00:00.000Z",
-         },
-         {
-           "accuracy": null,
-           "altitude": null,
-           "battery": null,
-           "cache_age_seconds": null,
-           "data_origin": "live",
-           "device_cache_stale": false,
-           "device_id": "12",
-           "id": "12-60",
-           "lat": 53,
-           "lon": -7,
-           "source": null,
-           "speed": null,
-           "timestamp": "2026-04-06T01:00:00.000Z",
-         },
-         {
-           "accuracy": null,
-           "altitude": null,
-           "battery": null,
-           "cache_age_seconds": null,
-           "data_origin": "live",
-           "device_cache_stale": false,
-           "device_id": "12",
-           "id": "12-61",
-           "lat": 53,
-           "lon": -7,
-           "source": null,
-           "speed": null,
-           "timestamp": "2026-04-06T01:00:00.000Z",
-         },
-         {
-           "accuracy": null,
-           "altitude": null,
-           "battery": null,
-           "cache_age_seconds": null,
-           "data_origin": "live",
-           "device_cache_stale": false,
-           "device_id": "12",
-           "id": "12-62",
-           "lat": 53,
-           "lon": -7,
-           "source": null,
-           "speed": null,
-           "timestamp": "2026-04-06T01:00:00.000Z",
-         },
-         {
-           "accuracy": null,
-           "altitude": null,
-           "battery": null,
-           "cache_age_seconds": null,
-           "data_origin": "live",
-           "device_cache_stale": false,
-           "device_id": "12",
-           "id": "12-63",
-           "lat": 53,
-           "lon": -7,
-           "source": null,
-           "speed": null,
-           "timestamp": "2026-04-06T01:00:00.000Z",
-         },
-         {
-           "accuracy": null,
-           "altitude": null,
-           "battery": null,
-           "cache_age_seconds": null,
-           "data_origin": "live",
-           "device_cache_stale": false,
-           "device_id": "12",
-           "id": "12-64",
-           "lat": 53,
-           "lon": -7,
-           "source": null,
-           "speed": null,
-           "timestamp": "2026-04-06T01:00:00.000Z",
-         },
-         {
-           "accuracy": null,
-           "altitude": null,
-           "battery": null,
-           "cache_age_seconds": null,
-           "data_origin": "live",
-           "device_cache_stale": false,
-           "device_id": "12",
-           "id": "12-65",
-           "lat": 53,
-           "lon": -7,
-           "source": null,
-           "speed": null,
-           "timestamp": "2026-04-06T01:00:00.000Z",
-         },
-         {
-           "accuracy": null,
-           "altitude": null,
-           "battery": null,
-           "cache_age_seconds": null,
-           "data_origin": "live",
-           "device_cache_stale": false,
-           "device_id": "12",
-           "id": "12-66",
-           "lat": 53,
-           "lon": -7,
-           "source": null,
-           "speed": null,
-           "timestamp": "2026-04-06T01:00:00.000Z",
-         },
-         {
-           "accuracy": null,
-           "altitude": null,
-           "battery": null,
-           "cache_age_seconds": null,
-           "data_origin": "live",
-           "device_cache_stale": false,
-           "device_id": "12",
-           "id": "12-67",
-           "lat": 53,
-           "lon": -7,
-           "source": null,
-           "speed": null,
-           "timestamp": "2026-04-06T01:00:00.000Z",
-         },
-         {
-           "accuracy": null,
-           "altitude": null,
-           "battery": null,
-           "cache_age_seconds": null,
-           "data_origin": "live",
-           "device_cache_stale": false,
-           "device_id": "12",
-           "id": "12-68",
-           "lat": 53,
-           "lon": -7,
-           "source": null,
-           "speed": null,
-           "timestamp": "2026-04-06T01:00:00.000Z",
-         },
-         {
-           "accuracy": null,
-           "altitude": null,
-           "battery": null,
-           "cache_age_seconds": null,
-           "data_origin": "live",
-           "device_cache_stale": false,
-           "device_id": "12",
-           "id": "12-69",
-           "lat": 53,
-           "lon": -7,
-           "source": null,
-           "speed": null,
-           "timestamp": "2026-04-06T01:00:00.000Z",
-         },
-         {
-           "accuracy": null,
-           "altitude": null,
-           "battery": null,
-           "cache_age_seconds": null,
-           "data_origin": "live",
-           "device_cache_stale": false,
-           "device_id": "12",
-           "id": "12-70",
-           "lat": 53,
-           "lon": -7,
-           "source": null,
-           "speed": null,
-           "timestamp": "2026-04-06T01:00:00.000Z",
-         },
-         {
-           "accuracy": null,
-           "altitude": null,
-           "battery": null,
-           "cache_age_seconds": null,
-           "data_origin": "live",
-           "device_cache_stale": false,
-           "device_id": "12",
-           "id": "12-71",
-           "lat": 53,
-           "lon": -7,
-           "source": null,
-           "speed": null,
-           "timestamp": "2026-04-06T01:00:00.000Z",
-         },
-         {
-           "accuracy": null,
-           "altitude": null,
-           "battery": null,
-           "cache_age_seconds": null,
-           "data_origin": "live",
-           "device_cache_stale": false,
-           "device_id": "12",
-           "id": "12-72",
-           "lat": 53,
-           "lon": -7,
-           "source": null,
-           "speed": null,
-           "timestamp": "2026-04-06T01:00:00.000Z",
-         },
-         {
-           "accuracy": null,
-           "altitude": null,
-           "battery": null,
-           "cache_age_seconds": null,
-           "data_origin": "live",
-           "device_cache_stale": false,
-           "device_id": "12",
-           "id": "12-73",
-           "lat": 53,
-           "lon": -7,
-           "source": null,
-           "speed": null,
-           "timestamp": "2026-04-06T01:00:00.000Z",
-         },
-         {
-           "accuracy": null,
-           "altitude": null,
-           "battery": null,
-           "cache_age_seconds": null,
-           "data_origin": "live",
-           "device_cache_stale": false,
-           "device_id": "12",
-           "id": "12-74",
-           "lat": 53,
-           "lon": -7,
-           "source": null,
-           "speed": null,
-           "timestamp": "2026-04-06T01:00:00.000Z",
-         },
-         {
-           "accuracy": null,
-           "altitude": null,
-           "battery": null,
-           "cache_age_seconds": null,
-           "data_origin": "live",
-           "device_cache_stale": false,
-           "device_id": "12",
-           "id": "12-75",
-           "lat": 53,
-           "lon": -7,
-           "source": null,
-           "speed": null,
-           "timestamp": "2026-04-06T01:00:00.000Z",
-         },
-         {
-           "accuracy": null,
-           "altitude": null,
-           "battery": null,
-           "cache_age_seconds": null,
-           "data_origin": "live",
-           "device_cache_stale": false,
-           "device_id": "12",
-           "id": "12-76",
-           "lat": 53,
-           "lon": -7,
-           "source": null,
-           "speed": null,
-           "timestamp": "2026-04-06T01:00:00.000Z",
-         },
-         {
-           "accuracy": null,
-           "altitude": null,
-           "battery": null,
-           "cache_age_seconds": null,
-           "data_origin": "live",
-           "device_cache_stale": false,
-           "device_id": "12",
-           "id": "12-77",
-           "lat": 53,
-           "lon": -7,
-           "source": null,
-           "speed": null,
-           "timestamp": "2026-04-06T01:00:00.000Z",
-         },
-         {
-           "accuracy": null,
-           "altitude": null,
-           "battery": null,
-           "cache_age_seconds": null,
-           "data_origin": "live",
-           "device_cache_stale": false,
-           "device_id": "12",
-           "id": "12-78",
-           "lat": 53,
-           "lon": -7,
-           "source": null,
-           "speed": null,
-           "timestamp": "2026-04-06T01:00:00.000Z",
-         },
-         {
-           "accuracy": null,
-           "altitude": null,
-           "battery": null,
-           "cache_age_seconds": null,
-           "data_origin": "live",
-           "device_cache_stale": false,
-           "device_id": "12",
-           "id": "12-79",
-           "lat": 53,
-           "lon": -7,
-           "source": null,
-           "speed": null,
-           "timestamp": "2026-04-06T01:00:00.000Z",
-         },
-         {
-           "accuracy": null,
-           "altitude": null,
-           "battery": null,
-           "cache_age_seconds": null,
-           "data_origin": "live",
-           "device_cache_stale": false,
-           "device_id": "12",
-           "id": "12-80",
-           "lat": 53,
-           "lon": -7,
-           "source": null,
-           "speed": null,
-           "timestamp": "2026-04-06T01:00:00.000Z",
-         },
-         {
-           "accuracy": null,
-           "altitude": null,
-           "battery": null,
-           "cache_age_seconds": null,
-           "data_origin": "live",
-           "device_cache_stale": false,
-           "device_id": "12",
-           "id": "12-81",
-           "lat": 53,
-           "lon": -7,
-           "source": null,
-           "speed": null,
-           "timestamp": "2026-04-06T01:00:00.000Z",
-         },
-         {
-           "accuracy": null,
-           "altitude": null,
-           "battery": null,
-           "cache_age_seconds": null,
-           "data_origin": "live",
-           "device_cache_stale": false,
-           "device_id": "12",
-           "id": "12-82",
-           "lat": 53,
-           "lon": -7,
-           "source": null,
-           "speed": null,
-           "timestamp": "2026-04-06T01:00:00.000Z",
-         },
-         {
-           "accuracy": null,
-           "altitude": null,
-           "battery": null,
-           "cache_age_seconds": null,
-           "data_origin": "live",
-           "device_cache_stale": false,
-           "device_id": "12",
-           "id": "12-83",
-           "lat": 53,
-           "lon": -7,
-           "source": null,
-           "speed": null,
-           "timestamp": "2026-04-06T01:00:00.000Z",
-         },
-         {
-           "accuracy": null,
-           "altitude": null,
-           "battery": null,
-           "cache_age_seconds": null,
-           "data_origin": "live",
-           "device_cache_stale": false,
-           "device_id": "12",
-           "id": "12-84",
-           "lat": 53,
-           "lon": -7,
-           "source": null,
-           "speed": null,
-           "timestamp": "2026-04-06T01:00:00.000Z",
-         },
-         {
-           "accuracy": null,
-           "altitude": null,
-           "battery": null,
-           "cache_age_seconds": null,
-           "data_origin": "live",
-           "device_cache_stale": false,
-           "device_id": "12",
-           "id": "12-85",
-           "lat": 53,
-           "lon": -7,
-           "source": null,
-           "speed": null,
-           "timestamp": "2026-04-06T01:00:00.000Z",
-         },
-         {
-           "accuracy": null,
-           "altitude": null,
-           "battery": null,
-           "cache_age_seconds": null,
-           "data_origin": "live",
-           "device_cache_stale": false,
-           "device_id": "12",
-           "id": "12-86",
-           "lat": 53,
-           "lon": -7,
-           "source": null,
-           "speed": null,
-           "timestamp": "2026-04-06T01:00:00.000Z",
-         },
-         {
-           "accuracy": null,
-           "altitude": null,
-           "battery": null,
-           "cache_age_seconds": null,
-           "data_origin": "live",
-           "device_cache_stale": false,
-           "device_id": "12",
-           "id": "12-87",
-           "lat": 53,
-           "lon": -7,
-           "source": null,
-           "speed": null,
-           "timestamp": "2026-04-06T01:00:00.000Z",
-         },
-         {
-           "accuracy": null,
-           "altitude": null,
-           "battery": null,
-           "cache_age_seconds": null,
-           "data_origin": "live",
-           "device_cache_stale": false,
-           "device_id": "12",
-           "id": "12-88",
-           "lat": 53,
-           "lon": -7,
-           "source": null,
-           "speed": null,
-           "timestamp": "2026-04-06T01:00:00.000Z",
-         },
-         {
-           "accuracy": null,
-           "altitude": null,
-           "battery": null,
-           "cache_age_seconds": null,
-           "data_origin": "live",
-           "device_cache_stale": false,
-           "device_id": "12",
-           "id": "12-89",
-           "lat": 53,
-           "lon": -7,
-           "source": null,
-           "speed": null,
-           "timestamp": "2026-04-06T01:00:00.000Z",
-         },
-         {
-           "accuracy": null,
-           "altitude": null,
-           "battery": null,
-           "cache_age_seconds": null,
-           "data_origin": "live",
-           "device_cache_stale": false,
-           "device_id": "12",
-           "id": "12-90",
-           "lat": 53,
-           "lon": -7,
-           "source": null,
-           "speed": null,
-           "timestamp": "2026-04-06T01:00:00.000Z",
-         },
-         {
-           "accuracy": null,
-           "altitude": null,
-           "battery": null,
-           "cache_age_seconds": null,
-           "data_origin": "live",
-           "device_cache_stale": false,
-           "device_id": "12",
-           "id": "12-91",
-           "lat": 53,
-           "lon": -7,
-           "source": null,
-           "speed": null,
-           "timestamp": "2026-04-06T01:00:00.000Z",
-         },
-         {
-           "accuracy": null,
-           "altitude": null,
-           "battery": null,
-           "cache_age_seconds": null,
-           "data_origin": "live",
-           "device_cache_stale": false,
-           "device_id": "12",
-           "id": "12-92",
-           "lat": 53,
-           "lon": -7,
-           "source": null,
-           "speed": null,
-           "timestamp": "2026-04-06T01:00:00.000Z",
-         },
-         {
-           "accuracy": null,
-           "altitude": null,
-           "battery": null,
-           "cache_age_seconds": null,
-           "data_origin": "live",
-           "device_cache_stale": false,
-           "device_id": "12",
-           "id": "12-93",
-           "lat": 53,
-           "lon": -7,
-           "source": null,
-           "speed": null,
-           "timestamp": "2026-04-06T01:00:00.000Z",
-         },
-         {
-           "accuracy": null,
-           "altitude": null,
-           "battery": null,
-           "cache_age_seconds": null,
-           "data_origin": "live",
-           "device_cache_stale": false,
-           "device_id": "12",
-           "id": "12-94",
-           "lat": 53,
-           "lon": -7,
-           "source": null,
-           "speed": null,
-           "timestamp": "2026-04-06T01:00:00.000Z",
-         },
-         {
-           "accuracy": null,
-           "altitude": null,
-           "battery": null,
-           "cache_age_seconds": null,
-           "data_origin": "live",
-           "device_cache_stale": false,
-           "device_id": "12",
-           "id": "12-95",
-           "lat": 53,
-           "lon": -7,
-           "source": null,
-           "speed": null,
-           "timestamp": "2026-04-06T01:00:00.000Z",
-         },
-         {
-           "accuracy": null,
-           "altitude": null,
-           "battery": null,
-           "cache_age_seconds": null,
-           "data_origin": "live",
-           "device_cache_stale": false,
-           "device_id": "12",
-           "id": "12-96",
-           "lat": 53,
-           "lon": -7,
-           "source": null,
-           "speed": null,
-           "timestamp": "2026-04-06T01:00:00.000Z",
-         },
-         {
-           "accuracy": null,
-           "altitude": null,
-           "battery": null,
-           "cache_age_seconds": null,
-           "data_origin": "live",
-           "device_cache_stale": false,
-           "device_id": "12",
-           "id": "12-97",
-           "lat": 53,
-           "lon": -7,
-           "source": null,
-           "speed": null,
-           "timestamp": "2026-04-06T01:00:00.000Z",
-         },
-         {
-           "accuracy": null,
-           "altitude": null,
-           "battery": null,
-           "cache_age_seconds": null,
-           "data_origin": "live",
-           "device_cache_stale": false,
-           "device_id": "12",
-           "id": "12-98",
-           "lat": 53,
-           "lon": -7,
-           "source": null,
-           "speed": null,
-           "timestamp": "2026-04-06T01:00:00.000Z",
-         },
-         {
-           "accuracy": null,
-           "altitude": null,
-           "battery": null,
-           "cache_age_seconds": null,
-           "data_origin": "live",
-           "device_cache_stale": false,
-           "device_id": "12",
-           "id": "12-99",
-           "lat": 53,
-           "lon": -7,
-           "source": null,
-           "speed": null,
-           "timestamp": "2026-04-06T01:00:00.000Z",
-         },
-         {
-           "accuracy": null,
-           "altitude": null,
-           "battery": null,
-           "cache_age_seconds": null,
-           "data_origin": "live",
-           "device_cache_stale": false,
-           "device_id": "12",
-           "id": "12-100",
-           "lat": 53,
-           "lon": -7,
-           "source": null,
-           "speed": null,
-           "timestamp": "2026-04-06T01:00:00.000Z",
-         },
-         {
-           "accuracy": null,
-           "altitude": null,
-           "battery": null,
-           "cache_age_seconds": null,
-           "data_origin": "live",
-           "device_cache_stale": false,
-           "device_id": "12",
-           "id": "12-101",
-           "lat": 53,
-           "lon": -7,
-           "source": null,
-           "speed": null,
-           "timestamp": "2026-04-06T01:00:00.000Z",
-         },
-         {
-           "accuracy": null,
-           "altitude": null,
-           "battery": null,
-           "cache_age_seconds": null,
-           "data_origin": "live",
-           "device_cache_stale": false,
-           "device_id": "12",
-           "id": "12-102",
-           "lat": 53,
-           "lon": -7,
-           "source": null,
-           "speed": null,
-           "timestamp": "2026-04-06T01:00:00.000Z",
-         },
-         {
-           "accuracy": null,
-           "altitude": null,
-           "battery": null,
-           "cache_age_seconds": null,
-           "data_origin": "live",
-           "device_cache_stale": false,
-           "device_id": "12",
-           "id": "12-103",
-           "lat": 53,
-           "lon": -7,
-           "source": null,
-           "speed": null,
-           "timestamp": "2026-04-06T01:00:00.000Z",
-         },
-         {
-           "accuracy": null,
-           "altitude": null,
-           "battery": null,
-           "cache_age_seconds": null,
-           "data_origin": "live",
-           "device_cache_stale": false,
-           "device_id": "12",
-           "id": "12-104",
-           "lat": 53,
-           "lon": -7,
-           "source": null,
-           "speed": null,
-           "timestamp": "2026-04-06T01:00:00.000Z",
-         },
-         {
-           "accuracy": null,
-           "altitude": null,
-           "battery": null,
-           "cache_age_seconds": null,
-           "data_origin": "live",
-           "device_cache_stale": false,
-           "device_id": "12",
-           "id": "12-105",
-           "lat": 53,
-           "lon": -7,
-           "source": null,
-           "speed": null,
-           "timestamp": "2026-04-06T01:00:00.000Z",
-         },
-         {
-           "accuracy": null,
-           "altitude": null,
-           "battery": null,
-           "cache_age_seconds": null,
-           "data_origin": "live",
-           "device_cache_stale": false,
-           "device_id": "12",
-           "id": "12-106",
-           "lat": 53,
-           "lon": -7,
-           "source": null,
-           "speed": null,
-           "timestamp": "2026-04-06T01:00:00.000Z",
-         },
-         {
-           "accuracy": null,
-           "altitude": null,
-           "battery": null,
-           "cache_age_seconds": null,
-           "data_origin": "live",
-           "device_cache_stale": false,
-           "device_id": "12",
-           "id": "12-107",
-           "lat": 53,
-           "lon": -7,
-           "source": null,
-           "speed": null,
-           "timestamp": "2026-04-06T01:00:00.000Z",
-         },
-         {
-           "accuracy": null,
-           "altitude": null,
-           "battery": null,
-           "cache_age_seconds": null,
-           "data_origin": "live",
-           "device_cache_stale": false,
-           "device_id": "12",
-           "id": "12-108",
-           "lat": 53,
-           "lon": -7,
-           "source": null,
-           "speed": null,
-           "timestamp": "2026-04-06T01:00:00.000Z",
-         },
-         {
-           "accuracy": null,
-           "altitude": null,
-           "battery": null,
-           "cache_age_seconds": null,
-           "data_origin": "live",
-           "device_cache_stale": false,
-           "device_id": "12",
-           "id": "12-109",
-           "lat": 53,
-           "lon": -7,
-           "source": null,
-           "speed": null,
-           "timestamp": "2026-04-06T01:00:00.000Z",
-         },
-         {
-           "accuracy": null,
-           "altitude": null,
-           "battery": null,
-           "cache_age_seconds": null,
-           "data_origin": "live",
-           "device_cache_stale": false,
-           "device_id": "12",
-           "id": "12-110",
-           "lat": 53,
-           "lon": -7,
-           "source": null,
-           "speed": null,
-           "timestamp": "2026-04-06T01:00:00.000Z",
-         },
-         {
-           "accuracy": null,
-           "altitude": null,
-           "battery": null,
-           "cache_age_seconds": null,
-           "data_origin": "live",
-           "device_cache_stale": false,
-           "device_id": "12",
-           "id": "12-111",
-           "lat": 53,
-           "lon": -7,
-           "source": null,
-           "speed": null,
-           "timestamp": "2026-04-06T01:00:00.000Z",
-         },
-         {
-           "accuracy": null,
-           "altitude": null,
-           "battery": null,
-           "cache_age_seconds": null,
-           "data_origin": "live",
-           "device_cache_stale": false,
-           "device_id": "12",
-           "id": "12-112",
-           "lat": 53,
-           "lon": -7,
-           "source": null,
-           "speed": null,
-           "timestamp": "2026-04-06T01:00:00.000Z",
-         },
-         {
-           "accuracy": null,
-           "altitude": null,
-           "battery": null,
-           "cache_age_seconds": null,
-           "data_origin": "live",
-           "device_cache_stale": false,
-           "device_id": "12",
-           "id": "12-113",
-           "lat": 53,
-           "lon": -7,
-           "source": null,
-           "speed": null,
-           "timestamp": "2026-04-06T01:00:00.000Z",
-         },
-         {
-           "accuracy": null,
-           "altitude": null,
-           "battery": null,
-           "cache_age_seconds": null,
-           "data_origin": "live",
-           "device_cache_stale": false,
-           "device_id": "12",
-           "id": "12-114",
-           "lat": 53,
-           "lon": -7,
-           "source": null,
-           "speed": null,
-           "timestamp": "2026-04-06T01:00:00.000Z",
-         },
-         {
-           "accuracy": null,
-           "altitude": null,
-           "battery": null,
-           "cache_age_seconds": null,
-           "data_origin": "live",
-           "device_cache_stale": false,
-           "device_id": "12",
-           "id": "12-115",
-           "lat": 53,
-           "lon": -7,
-           "source": null,
-           "speed": null,
-           "timestamp": "2026-04-06T01:00:00.000Z",
-         },
-         {
-           "accuracy": null,
-           "altitude": null,
-           "battery": null,
-           "cache_age_seconds": null,
-           "data_origin": "live",
-           "device_cache_stale": false,
-           "device_id": "12",
-           "id": "12-116",
-           "lat": 53,
-           "lon": -7,
-           "source": null,
-           "speed": null,
-           "timestamp": "2026-04-06T01:00:00.000Z",
-         },
-         {
-           "accuracy": null,
-           "altitude": null,
-           "battery": null,
-           "cache_age_seconds": null,
-           "data_origin": "live",
-           "device_cache_stale": false,
-           "device_id": "12",
-           "id": "12-117",
-           "lat": 53,
-           "lon": -7,
-           "source": null,
-           "speed": null,
-           "timestamp": "2026-04-06T01:00:00.000Z",
-         },
-         {
-           "accuracy": null,
-           "altitude": null,
-           "battery": null,
-           "cache_age_seconds": null,
-           "data_origin": "live",
-           "device_cache_stale": false,
-           "device_id": "12",
-           "id": "12-118",
-           "lat": 53,
-           "lon": -7,
-           "source": null,
-           "speed": null,
-           "timestamp": "2026-04-06T01:00:00.000Z",
-         },
-         {
-           "accuracy": null,
-           "altitude": null,
-           "battery": null,
-           "cache_age_seconds": null,
-           "data_origin": "live",
-           "device_cache_stale": false,
-           "device_id": "12",
-           "id": "12-119",
-           "lat": 53,
-           "lon": -7,
-           "source": null,
-           "speed": null,
-           "timestamp": "2026-04-06T01:00:00.000Z",
-         },
-         {
-           "accuracy": null,
-           "altitude": null,
-           "battery": null,
-           "cache_age_seconds": null,
-           "data_origin": "live",
-           "device_cache_stale": false,
-           "device_id": "12",
-           "id": "12-120",
-           "lat": 53,
-           "lon": -7,
-           "source": null,
-           "speed": null,
-           "timestamp": "2026-04-06T01:00:00.000Z",
-         },
-         {
-           "accuracy": null,
-           "altitude": null,
-           "battery": null,
-           "cache_age_seconds": null,
-           "data_origin": "live",
-           "device_cache_stale": false,
-           "device_id": "12",
-           "id": "12-121",
-           "lat": 53,
-           "lon": -7,
-           "source": null,
-           "speed": null,
-           "timestamp": "2026-04-06T01:00:00.000Z",
-         },
-         {
-           "accuracy": null,
-           "altitude": null,
-           "battery": null,
-           "cache_age_seconds": null,
-           "data_origin": "live",
-           "device_cache_stale": false,
-           "device_id": "12",
-           "id": "12-122",
-           "lat": 53,
-           "lon": -7,
-           "source": null,
-           "speed": null,
-           "timestamp": "2026-04-06T01:00:00.000Z",
-         },
-         {
-           "accuracy": null,
-           "altitude": null,
-           "battery": null,
-           "cache_age_seconds": null,
-           "data_origin": "live",
-           "device_cache_stale": false,
-           "device_id": "12",
-           "id": "12-123",
-           "lat": 53,
-           "lon": -7,
-           "source": null,
-           "speed": null,
-           "timestamp": "2026-04-06T01:00:00.000Z",
-         },
-         {
-           "accuracy": null,
-           "altitude": null,
-           "battery": null,
-           "cache_age_seconds": null,
-           "data_origin": "live",
-           "device_cache_stale": false,
-           "device_id": "12",
-           "id": "12-124",
-           "lat": 53,
-           "lon": -7,
-           "source": null,
-           "speed": null,
-           "timestamp": "2026-04-06T01:00:00.000Z",
-         },
-         {
-           "accuracy": null,
-           "altitude": null,
-           "battery": null,
-           "cache_age_seconds": null,
-           "data_origin": "live",
-           "device_cache_stale": false,
-           "device_id": "12",
-           "id": "12-125",
-           "lat": 53,
-           "lon": -7,
-           "source": null,
-           "speed": null,
-           "timestamp": "2026-04-06T01:00:00.000Z",
-         },
-         {
-           "accuracy": null,
-           "altitude": null,
-           "battery": null,
-           "cache_age_seconds": null,
-           "data_origin": "live",
-           "device_cache_stale": false,
-           "device_id": "12",
-           "id": "12-126",
-           "lat": 53,
-           "lon": -7,
-           "source": null,
-           "speed": null,
-           "timestamp": "2026-04-06T01:00:00.000Z",
-         },
-         {
-           "accuracy": null,
-           "altitude": null,
-           "battery": null,
-           "cache_age_seconds": null,
-           "data_origin": "live",
-           "device_cache_stale": false,
-           "device_id": "12",
-           "id": "12-127",
-           "lat": 53,
-           "lon": -7,
-           "source": null,
-           "speed": null,
-           "timestamp": "2026-04-06T01:00:00.000Z",
-         },
-         {
-           "accuracy": null,
-           "altitude": null,
-           "battery": null,
-           "cache_age_seconds": null,
-           "data_origin": "live",
-           "device_cache_stale": false,
-           "device_id": "12",
-           "id": "12-128",
-           "lat": 53,
-           "lon": -7,
-           "source": null,
-           "speed": null,
-           "timestamp": "2026-04-06T01:00:00.000Z",
-         },
-         {
-           "accuracy": null,
-           "altitude": null,
-           "battery": null,
-           "cache_age_seconds": null,
-           "data_origin": "live",
-           "device_cache_stale": false,
-           "device_id": "12",
-           "id": "12-129",
-           "lat": 53,
-           "lon": -7,
-           "source": null,
-           "speed": null,
-           "timestamp": "2026-04-06T01:00:00.000Z",
-         },
-         {
-           "accuracy": null,
-           "altitude": null,
-           "battery": null,
-           "cache_age_seconds": null,
-           "data_origin": "live",
-           "device_cache_stale": false,
-           "device_id": "12",
-           "id": "12-130",
-           "lat": 53,
-           "lon": -7,
-           "source": null,
-           "speed": null,
-           "timestamp": "2026-04-06T01:00:00.000Z",
-         },
-         {
-           "accuracy": null,
-           "altitude": null,
-           "battery": null,
-           "cache_age_seconds": null,
-           "data_origin": "live",
-           "device_cache_stale": false,
-           "device_id": "12",
-           "id": "12-131",
-           "lat": 53,
-           "lon": -7,
-           "source": null,
-           "speed": null,
-           "timestamp": "2026-04-06T01:00:00.000Z",
-         },
-         {
-           "accuracy": null,
-           "altitude": null,
-           "battery": null,
-           "cache_age_seconds": null,
-           "data_origin": "live",
-           "device_cache_stale": false,
-           "device_id": "12",
-           "id": "12-132",
-           "lat": 53,
-           "lon": -7,
-           "source": null,
-           "speed": null,
-           "timestamp": "2026-04-06T01:00:00.000Z",
-         },
-         {
-           "accuracy": null,
-           "altitude": null,
-           "battery": null,
-           "cache_age_seconds": null,
-           "data_origin": "live",
-           "device_cache_stale": false,
-           "device_id": "12",
-           "id": "12-133",
-           "lat": 53,
-           "lon": -7,
-           "source": null,
-           "speed": null,
-           "timestamp": "2026-04-06T01:00:00.000Z",
-         },
-         {
-           "accuracy": null,
-           "altitude": null,
-           "battery": null,
-           "cache_age_seconds": null,
-           "data_origin": "live",
-           "device_cache_stale": false,
-           "device_id": "12",
-           "id": "12-134",
-           "lat": 53,
-           "lon": -7,
-           "source": null,
-           "speed": null,
-           "timestamp": "2026-04-06T01:00:00.000Z",
-         },
-         {
-           "accuracy": null,
-           "altitude": null,
-           "battery": null,
-           "cache_age_seconds": null,
-           "data_origin": "live",
-           "device_cache_stale": false,
-           "device_id": "12",
-           "id": "12-135",
-           "lat": 53,
-           "lon": -7,
-           "source": null,
-           "speed": null,
-           "timestamp": "2026-04-06T01:00:00.000Z",
-         },
-         {
-           "accuracy": null,
-           "altitude": null,
-           "battery": null,
-           "cache_age_seconds": null,
-           "data_origin": "live",
-           "device_cache_stale": false,
-           "device_id": "12",
-           "id": "12-136",
-           "lat": 53,
-           "lon": -7,
-           "source": null,
-           "speed": null,
-           "timestamp": "2026-04-06T01:00:00.000Z",
-         },
-         {
-           "accuracy": null,
-           "altitude": null,
-           "battery": null,
-           "cache_age_seconds": null,
-           "data_origin": "live",
-           "device_cache_stale": false,
-           "device_id": "12",
-           "id": "12-137",
-           "lat": 53,
-           "lon": -7,
-           "source": null,
-           "speed": null,
-           "timestamp": "2026-04-06T01:00:00.000Z",
-         },
-         {
-           "accuracy": null,
-           "altitude": null,
-           "battery": null,
-           "cache_age_seconds": null,
-           "data_origin": "live",
-           "device_cache_stale": false,
-           "device_id": "12",
-           "id": "12-138",
-           "lat": 53,
-           "lon": -7,
-           "source": null,
-           "speed": null,
-           "timestamp": "2026-04-06T01:00:00.000Z",
-         },
-         {
-           "accuracy": null,
-           "altitude": null,
-           "battery": null,
-           "cache_age_seconds": null,
-           "data_origin": "live",
-           "device_cache_stale": false,
-           "device_id": "12",
-           "id": "12-139",
-           "lat": 53,
-           "lon": -7,
-           "source": null,
-           "speed": null,
-           "timestamp": "2026-04-06T01:00:00.000Z",
-         },
-         {
-           "accuracy": null,
-           "altitude": null,
-           "battery": null,
-           "cache_age_seconds": null,
-           "data_origin": "live",
-           "device_cache_stale": false,
-           "device_id": "12",
-           "id": "12-140",
-           "lat": 53,
-           "lon": -7,
-           "source": null,
-           "speed": null,
-           "timestamp": "2026-04-06T01:00:00.000Z",
-         },
-         {
-           "accuracy": null,
-           "altitude": null,
-           "battery": null,
-           "cache_age_seconds": null,
-           "data_origin": "live",
-           "device_cache_stale": false,
-           "device_id": "12",
-           "id": "12-141",
-           "lat": 53,
-           "lon": -7,
-           "source": null,
-           "speed": null,
-           "timestamp": "2026-04-06T01:00:00.000Z",
-         },
-         {
-           "accuracy": null,
-           "altitude": null,
-           "battery": null,
-           "cache_age_seconds": null,
-           "data_origin": "live",
-           "device_cache_stale": false,
-           "device_id": "12",
-           "id": "12-142",
-           "lat": 53,
-           "lon": -7,
-           "source": null,
-           "speed": null,
-           "timestamp": "2026-04-06T01:00:00.000Z",
-         },
-         {
-           "accuracy": null,
-           "altitude": null,
-           "battery": null,
-           "cache_age_seconds": null,
-           "data_origin": "live",
-           "device_cache_stale": false,
-           "device_id": "12",
-           "id": "12-143",
-           "lat": 53,
-           "lon": -7,
-           "source": null,
-           "speed": null,
-           "timestamp": "2026-04-06T01:00:00.000Z",
-         },
-         {
-           "accuracy": null,
-           "altitude": null,
-           "battery": null,
-           "cache_age_seconds": null,
-           "data_origin": "live",
-           "device_cache_stale": false,
-           "device_id": "12",
-           "id": "12-144",
-           "lat": 53,
-           "lon": -7,
-           "source": null,
-           "speed": null,
-           "timestamp": "2026-04-06T01:00:00.000Z",
-         },
-         {
-           "accuracy": null,
-           "altitude": null,
-           "battery": null,
-           "cache_age_seconds": null,
-           "data_origin": "live",
-           "device_cache_stale": false,
-           "device_id": "12",
-           "id": "12-145",
-           "lat": 53,
-           "lon": -7,
-           "source": null,
-           "speed": null,
-           "timestamp": "2026-04-06T01:00:00.000Z",
-         },
-         {
-           "accuracy": null,
-           "altitude": null,
-           "battery": null,
-           "cache_age_seconds": null,
-           "data_origin": "live",
-           "device_cache_stale": false,
-           "device_id": "12",
-           "id": "12-146",
-           "lat": 53,
-           "lon": -7,
-           "source": null,
-           "speed": null,
-           "timestamp": "2026-04-06T01:00:00.000Z",
-         },
-         {
-           "accuracy": null,
-           "altitude": null,
-           "battery": null,
-           "cache_age_seconds": null,
-           "data_origin": "live",
-           "device_cache_stale": false,
-           "device_id": "12",
-           "id": "12-147",
-           "lat": 53,
-           "lon": -7,
-           "source": null,
-           "speed": null,
-           "timestamp": "2026-04-06T01:00:00.000Z",
-         },
-         {
-           "accuracy": null,
-           "altitude": null,
-           "battery": null,
-           "cache_age_seconds": null,
-           "data_origin": "live",
-           "device_cache_stale": false,
-           "device_id": "12",
-           "id": "12-148",
-           "lat": 53,
-           "lon": -7,
-           "source": null,
-           "speed": null,
-           "timestamp": "2026-04-06T01:00:00.000Z",
-         },
-         {
-           "accuracy": null,
-           "altitude": null,
-           "battery": null,
-           "cache_age_seconds": null,
-           "data_origin": "live",
-           "device_cache_stale": false,
-           "device_id": "12",
-           "id": "12-149",
-           "lat": 53,
-           "lon": -7,
-           "source": null,
-           "speed": null,
-           "timestamp": "2026-04-06T01:00:00.000Z",
-         },
-         {
-           "accuracy": null,
-           "altitude": null,
-           "battery": null,
-           "cache_age_seconds": null,
-           "data_origin": "live",
-           "device_cache_stale": false,
-           "device_id": "12",
-           "id": "12-150",
-           "lat": 53,
-           "lon": -7,
-           "source": null,
-           "speed": null,
-           "timestamp": "2026-04-06T01:00:00.000Z",
-         },
-         {
-           "accuracy": null,
-           "altitude": null,
-           "battery": null,
-           "cache_age_seconds": null,
-           "data_origin": "live",
-           "device_cache_stale": false,
-           "device_id": "12",
-           "id": "12-151",
-           "lat": 53,
-           "lon": -7,
-           "source": null,
-           "speed": null,
-           "timestamp": "2026-04-06T01:00:00.000Z",
-         },
-         {
-           "accuracy": null,
-           "altitude": null,
-           "battery": null,
-           "cache_age_seconds": null,
-           "data_origin": "live",
-           "device_cache_stale": false,
-           "device_id": "12",
-           "id": "12-152",
-           "lat": 53,
-           "lon": -7,
-           "source": null,
-           "speed": null,
-           "timestamp": "2026-04-06T01:00:00.000Z",
-         },
-         {
-           "accuracy": null,
-           "altitude": null,
-           "battery": null,
-           "cache_age_seconds": null,
-           "data_origin": "live",
-           "device_cache_stale": false,
-           "device_id": "12",
-           "id": "12-153",
-           "lat": 53,
-           "lon": -7,
-           "source": null,
-           "speed": null,
-           "timestamp": "2026-04-06T01:00:00.000Z",
-         },
-         {
-           "accuracy": null,
-           "altitude": null,
-           "battery": null,
-           "cache_age_seconds": null,
-           "data_origin": "live",
-           "device_cache_stale": false,
-           "device_id": "12",
-           "id": "12-154",
-           "lat": 53,
-           "lon": -7,
-           "source": null,
-           "speed": null,
-           "timestamp": "2026-04-06T01:00:00.000Z",
-         },
-         {
-           "accuracy": null,
-           "altitude": null,
-           "battery": null,
-           "cache_age_seconds": null,
-           "data_origin": "live",
-           "device_cache_stale": false,
-           "device_id": "12",
-           "id": "12-155",
-           "lat": 53,
-           "lon": -7,
-           "source": null,
-           "speed": null,
-           "timestamp": "2026-04-06T01:00:00.000Z",
-         },
-         {
-           "accuracy": null,
-           "altitude": null,
-           "battery": null,
-           "cache_age_seconds": null,
-           "data_origin": "live",
-           "device_cache_stale": false,
-           "device_id": "12",
-           "id": "12-156",
-           "lat": 53,
-           "lon": -7,
-           "source": null,
-           "speed": null,
-           "timestamp": "2026-04-06T01:00:00.000Z",
-         },
-         {
-           "accuracy": null,
-           "altitude": null,
-           "battery": null,
-           "cache_age_seconds": null,
-           "data_origin": "live",
-           "device_cache_stale": false,
-           "device_id": "12",
-           "id": "12-157",
-           "lat": 53,
-           "lon": -7,
-           "source": null,
-           "speed": null,
-           "timestamp": "2026-04-06T01:00:00.000Z",
-         },
-         {
-           "accuracy": null,
-           "altitude": null,
-           "battery": null,
-           "cache_age_seconds": null,
-           "data_origin": "live",
-           "device_cache_stale": false,
-           "device_id": "12",
-           "id": "12-158",
-           "lat": 53,
-           "lon": -7,
-           "source": null,
-           "speed": null,
-           "timestamp": "2026-04-06T01:00:00.000Z",
-         },
-         {
-           "accuracy": null,
-           "altitude": null,
-           "battery": null,
-           "cache_age_seconds": null,
-           "data_origin": "live",
-           "device_cache_stale": false,
-           "device_id": "12",
-           "id": "12-159",
-           "lat": 53,
-           "lon": -7,
-           "source": null,
-           "speed": null,
-           "timestamp": "2026-04-06T01:00:00.000Z",
-         },
-         {
-           "accuracy": null,
-           "altitude": null,
-           "battery": null,
-           "cache_age_seconds": null,
-           "data_origin": "live",
-           "device_cache_stale": false,
-           "device_id": "12",
-           "id": "12-160",
-           "lat": 53,
-           "lon": -7,
-           "source": null,
-           "speed": null,
-           "timestamp": "2026-04-06T01:00:00.000Z",
-         },
-         {
-           "accuracy": null,
-           "altitude": null,
-           "battery": null,
-           "cache_age_seconds": null,
-           "data_origin": "live",
-           "device_cache_stale": false,
-           "device_id": "12",
-           "id": "12-161",
-           "lat": 53,
-           "lon": -7,
-           "source": null,
-           "speed": null,
-           "timestamp": "2026-04-06T01:00:00.000Z",
-         },
-         {
-           "accuracy": null,
-           "altitude": null,
-           "battery": null,
-           "cache_age_seconds": null,
-           "data_origin": "live",
-           "device_cache_stale": false,
-           "device_id": "12",
-           "id": "12-162",
-           "lat": 53,
-           "lon": -7,
-           "source": null,
-           "speed": null,
-           "timestamp": "2026-04-06T01:00:00.000Z",
-         },
-         {
-           "accuracy": null,
-           "altitude": null,
-           "battery": null,
-           "cache_age_seconds": null,
-           "data_origin": "live",
-           "device_cache_stale": false,
-           "device_id": "12",
-           "id": "12-163",
-           "lat": 53,
-           "lon": -7,
-           "source": null,
-           "speed": null,
-           "timestamp": "2026-04-06T01:00:00.000Z",
-         },
-         {
-           "accuracy": null,
-           "altitude": null,
-           "battery": null,
-           "cache_age_seconds": null,
-           "data_origin": "live",
-           "device_cache_stale": false,
-           "device_id": "12",
-           "id": "12-164",
-           "lat": 53,
-           "lon": -7,
-           "source": null,
-           "speed": null,
-           "timestamp": "2026-04-06T01:00:00.000Z",
-         },
-         {
-           "accuracy": null,
-           "altitude": null,
-           "battery": null,
-           "cache_age_seconds": null,
-           "data_origin": "live",
-           "device_cache_stale": false,
-           "device_id": "12",
-           "id": "12-165",
-           "lat": 53,
-           "lon": -7,
-           "source": null,
-           "speed": null,
-           "timestamp": "2026-04-06T01:00:00.000Z",
-         },
-         {
-           "accuracy": null,
-           "altitude": null,
-           "battery": null,
-           "cache_age_seconds": null,
-           "data_origin": "live",
-           "device_cache_stale": false,
-           "device_id": "12",
-           "id": "12-166",
-           "lat": 53,
-           "lon": -7,
-           "source": null,
-           "speed": null,
-           "timestamp": "2026-04-06T01:00:00.000Z",
-         },
-         {
-           "accuracy": null,
-           "altitude": null,
-           "battery": null,
-           "cache_age_seconds": null,
-           "data_origin": "live",
-           "device_cache_stale": false,
-           "device_id": "12",
-           "id": "12-167",
-           "lat": 53,
-           "lon": -7,
-           "source": null,
-           "speed": null,
-           "timestamp": "2026-04-06T01:00:00.000Z",
-         },
-         {
-           "accuracy": null,
-           "altitude": null,
-           "battery": null,
-           "cache_age_seconds": null,
-           "data_origin": "live",
-           "device_cache_stale": false,
-           "device_id": "12",
-           "id": "12-168",
-           "lat": 53,
-           "lon": -7,
-           "source": null,
-           "speed": null,
-           "timestamp": "2026-04-06T01:00:00.000Z",
-         },
-         {
-           "accuracy": null,
-           "altitude": null,
-           "battery": null,
-           "cache_age_seconds": null,
-           "data_origin": "live",
-           "device_cache_stale": false,
-           "device_id": "12",
-           "id": "12-169",
-           "lat": 53,
-           "lon": -7,
-           "source": null,
-           "speed": null,
-           "timestamp": "2026-04-06T01:00:00.000Z",
-         },
-         {
-           "accuracy": null,
-           "altitude": null,
-           "battery": null,
-           "cache_age_seconds": null,
-           "data_origin": "live",
-           "device_cache_stale": false,
-           "device_id": "12",
-           "id": "12-170",
-           "lat": 53,
-           "lon": -7,
-           "source": null,
-           "speed": null,
-           "timestamp": "2026-04-06T01:00:00.000Z",
-         },
-         {
-           "accuracy": null,
-           "altitude": null,
-           "battery": null,
-           "cache_age_seconds": null,
-           "data_origin": "live",
-           "device_cache_stale": false,
-           "device_id": "12",
-           "id": "12-171",
-           "lat": 53,
-           "lon": -7,
-           "source": null,
-           "speed": null,
-           "timestamp": "2026-04-06T01:00:00.000Z",
-         },
-         {
-           "accuracy": null,
-           "altitude": null,
-           "battery": null,
-           "cache_age_seconds": null,
-           "data_origin": "live",
-           "device_cache_stale": false,
-           "device_id": "12",
-           "id": "12-172",
-           "lat": 53,
-           "lon": -7,
-           "source": null,
-           "speed": null,
-           "timestamp": "2026-04-06T01:00:00.000Z",
-         },
-         {
-           "accuracy": null,
-           "altitude": null,
-           "battery": null,
-           "cache_age_seconds": null,
-           "data_origin": "live",
-           "device_cache_stale": false,
-           "device_id": "12",
-           "id": "12-173",
-           "lat": 53,
-           "lon": -7,
-           "source": null,
-           "speed": null,
-           "timestamp": "2026-04-06T01:00:00.000Z",
-         },
-         {
-           "accuracy": null,
-           "altitude": null,
-           "battery": null,
-           "cache_age_seconds": null,
-           "data_origin": "live",
-           "device_cache_stale": false,
-           "device_id": "12",
-           "id": "12-174",
-           "lat": 53,
-           "lon": -7,
-           "source": null,
-           "speed": null,
-           "timestamp": "2026-04-06T01:00:00.000Z",
-         },
-         {
-           "accuracy": null,
-           "altitude": null,
-           "battery": null,
-           "cache_age_seconds": null,
-           "data_origin": "live",
-           "device_cache_stale": false,
-           "device_id": "12",
-           "id": "12-175",
-           "lat": 53,
-           "lon": -7,
-           "source": null,
-           "speed": null,
-           "timestamp": "2026-04-06T01:00:00.000Z",
-         },
-         {
-           "accuracy": null,
-           "altitude": null,
-           "battery": null,
-           "cache_age_seconds": null,
-           "data_origin": "live",
-           "device_cache_stale": false,
-           "device_id": "12",
-           "id": "12-176",
-           "lat": 53,
-           "lon": -7,
-           "source": null,
-           "speed": null,
-           "timestamp": "2026-04-06T01:00:00.000Z",
-         },
-         {
-           "accuracy": null,
-           "altitude": null,
-           "battery": null,
-           "cache_age_seconds": null,
-           "data_origin": "live",
-           "device_cache_stale": false,
-           "device_id": "12",
-           "id": "12-177",
-           "lat": 53,
-           "lon": -7,
-           "source": null,
-           "speed": null,
-           "timestamp": "2026-04-06T01:00:00.000Z",
-         },
-         {
-           "accuracy": null,
-           "altitude": null,
-           "battery": null,
-           "cache_age_seconds": null,
-           "data_origin": "live",
-           "device_cache_stale": false,
-           "device_id": "12",
-           "id": "12-178",
-           "lat": 53,
-           "lon": -7,
-           "source": null,
-           "speed": null,
-           "timestamp": "2026-04-06T01:00:00.000Z",
-         },
-         {
-           "accuracy": null,
-           "altitude": null,
-           "battery": null,
-           "cache_age_seconds": null,
-           "data_origin": "live",
-           "device_cache_stale": false,
-           "device_id": "12",
-           "id": "12-179",
-           "lat": 53,
-           "lon": -7,
-           "source": null,
-           "speed": null,
-           "timestamp": "2026-04-06T01:00:00.000Z",
-         },
-         {
-           "accuracy": null,
-           "altitude": null,
-           "battery": null,
-           "cache_age_seconds": null,
-           "data_origin": "live",
-           "device_cache_stale": false,
-           "device_id": "12",
-           "id": "12-180",
-           "lat": 53,
-           "lon": -7,
-           "source": null,
-           "speed": null,
-           "timestamp": "2026-04-06T01:00:00.000Z",
-         },
-         {
-           "accuracy": null,
-           "altitude": null,
-           "battery": null,
-           "cache_age_seconds": null,
-           "data_origin": "live",
-           "device_cache_stale": false,
-           "device_id": "12",
-           "id": "12-181",
-           "lat": 53,
-           "lon": -7,
-           "source": null,
-           "speed": null,
-           "timestamp": "2026-04-06T01:00:00.000Z",
-         },
-         {
-           "accuracy": null,
-           "altitude": null,
-           "battery": null,
-           "cache_age_seconds": null,
-           "data_origin": "live",
-           "device_cache_stale": false,
-           "device_id": "12",
-           "id": "12-182",
-           "lat": 53,
-           "lon": -7,
-           "source": null,
-           "speed": null,
-           "timestamp": "2026-04-06T01:00:00.000Z",
-         },
-         {
-           "accuracy": null,
-           "altitude": null,
-           "battery": null,
-           "cache_age_seconds": null,
-           "data_origin": "live",
-           "device_cache_stale": false,
-           "device_id": "12",
-           "id": "12-183",
-           "lat": 53,
-           "lon": -7,
-           "source": null,
-           "speed": null,
-           "timestamp": "2026-04-06T01:00:00.000Z",
-         },
-         {
-           "accuracy": null,
-           "altitude": null,
-           "battery": null,
-           "cache_age_seconds": null,
-           "data_origin": "live",
-           "device_cache_stale": false,
-           "device_id": "12",
-           "id": "12-184",
-           "lat": 53,
-           "lon": -7,
-           "source": null,
-           "speed": null,
-           "timestamp": "2026-04-06T01:00:00.000Z",
-         },
-         {
-           "accuracy": null,
-           "altitude": null,
-           "battery": null,
-           "cache_age_seconds": null,
-           "data_origin": "live",
-           "device_cache_stale": false,
-           "device_id": "12",
-           "id": "12-185",
-           "lat": 53,
-           "lon": -7,
-           "source": null,
-           "speed": null,
-           "timestamp": "2026-04-06T01:00:00.000Z",
-         },
-         {
-           "accuracy": null,
-           "altitude": null,
-           "battery": null,
-           "cache_age_seconds": null,
-           "data_origin": "live",
-           "device_cache_stale": false,
-           "device_id": "12",
-           "id": "12-186",
-           "lat": 53,
-           "lon": -7,
-           "source": null,
-           "speed": null,
-           "timestamp": "2026-04-06T01:00:00.000Z",
-         },
-         {
-           "accuracy": null,
-           "altitude": null,
-           "battery": null,
-           "cache_age_seconds": null,
-           "data_origin": "live",
-           "device_cache_stale": false,
-           "device_id": "12",
-           "id": "12-187",
-           "lat": 53,
-           "lon": -7,
-           "source": null,
-           "speed": null,
-           "timestamp": "2026-04-06T01:00:00.000Z",
-         },
-         {
-           "accuracy": null,
-           "altitude": null,
-           "battery": null,
-           "cache_age_seconds": null,
-           "data_origin": "live",
-           "device_cache_stale": false,
-           "device_id": "12",
-           "id": "12-188",
-           "lat": 53,
-           "lon": -7,
-           "source": null,
-           "speed": null,
-           "timestamp": "2026-04-06T01:00:00.000Z",
-         },
-         {
-           "accuracy": null,
-           "altitude": null,
-           "battery": null,
-           "cache_age_seconds": null,
-           "data_origin": "live",
-           "device_cache_stale": false,
-           "device_id": "12",
-           "id": "12-189",
-           "lat": 53,
-           "lon": -7,
-           "source": null,
-           "speed": null,
-           "timestamp": "2026-04-06T01:00:00.000Z",
-         },
-         {
-           "accuracy": null,
-           "altitude": null,
-           "battery": null,
-           "cache_age_seconds": null,
-           "data_origin": "live",
-           "device_cache_stale": false,
-           "device_id": "12",
-           "id": "12-190",
-           "lat": 53,
-           "lon": -7,
-           "source": null,
-           "speed": null,
-           "timestamp": "2026-04-06T01:00:00.000Z",
-         },
-         {
-           "accuracy": null,
-           "altitude": null,
-           "battery": null,
-           "cache_age_seconds": null,
-           "data_origin": "live",
-           "device_cache_stale": false,
-           "device_id": "12",
-           "id": "12-191",
-           "lat": 53,
-           "lon": -7,
-           "source": null,
-           "speed": null,
-           "timestamp": "2026-04-06T01:00:00.000Z",
-         },
-         {
-           "accuracy": null,
-           "altitude": null,
-           "battery": null,
-           "cache_age_seconds": null,
-           "data_origin": "live",
-           "device_cache_stale": false,
-           "device_id": "12",
-           "id": "12-192",
-           "lat": 53,
-           "lon": -7,
-           "source": null,
-           "speed": null,
-           "timestamp": "2026-04-06T01:00:00.000Z",
-         },
-         {
-           "accuracy": null,
-           "altitude": null,
-           "battery": null,
-           "cache_age_seconds": null,
-           "data_origin": "live",
-           "device_cache_stale": false,
-           "device_id": "12",
-           "id": "12-193",
-           "lat": 53,
-           "lon": -7,
-           "source": null,
-           "speed": null,
-           "timestamp": "2026-04-06T01:00:00.000Z",
-         },
-         {
-           "accuracy": null,
-           "altitude": null,
-           "battery": null,
-           "cache_age_seconds": null,
-           "data_origin": "live",
-           "device_cache_stale": false,
-           "device_id": "12",
-           "id": "12-194",
-           "lat": 53,
-           "lon": -7,
-           "source": null,
-           "speed": null,
-           "timestamp": "2026-04-06T01:00:00.000Z",
-         },
-         {
-           "accuracy": null,
-           "altitude": null,
-           "battery": null,
-           "cache_age_seconds": null,
-           "data_origin": "live",
-           "device_cache_stale": false,
-           "device_id": "12",
-           "id": "12-195",
-           "lat": 53,
-           "lon": -7,
-           "source": null,
-           "speed": null,
-           "timestamp": "2026-04-06T01:00:00.000Z",
-         },
-         {
-           "accuracy": null,
-           "altitude": null,
-           "battery": null,
-           "cache_age_seconds": null,
-           "data_origin": "live",
-           "device_cache_stale": false,
-           "device_id": "12",
-           "id": "12-196",
-           "lat": 53,
-           "lon": -7,
-           "source": null,
-           "speed": null,
-           "timestamp": "2026-04-06T01:00:00.000Z",
-         },
-         {
-           "accuracy": null,
-           "altitude": null,
-           "battery": null,
-           "cache_age_seconds": null,
-           "data_origin": "live",
-           "device_cache_stale": false,
-           "device_id": "12",
-           "id": "12-197",
-           "lat": 53,
-           "lon": -7,
-           "source": null,
-           "speed": null,
-           "timestamp": "2026-04-06T01:00:00.000Z",
-         },
-         {
-           "accuracy": null,
-           "altitude": null,
-           "battery": null,
-           "cache_age_seconds": null,
-           "data_origin": "live",
-           "device_cache_stale": false,
-           "device_id": "12",
-           "id": "12-198",
-           "lat": 53,
-           "lon": -7,
-           "source": null,
-           "speed": null,
-           "timestamp": "2026-04-06T01:00:00.000Z",
-         },
-         {
-           "accuracy": null,
-           "altitude": null,
-           "battery": null,
-           "cache_age_seconds": null,
-           "data_origin": "live",
-           "device_cache_stale": false,
-           "device_id": "12",
-           "id": "12-199",
-           "lat": 53,
-           "lon": -7,
-           "source": null,
-           "speed": null,
-           "timestamp": "2026-04-06T01:00:00.000Z",
-         },
-         {
-           "accuracy": null,
-           "altitude": null,
-           "battery": null,
-           "cache_age_seconds": null,
-           "data_origin": "live",
-           "device_cache_stale": false,
-           "device_id": "12",
-           "id": "12-200",
-           "lat": 53,
-           "lon": -7,
-           "source": null,
-           "speed": null,
-           "timestamp": "2026-04-06T01:00:00.000Z",
-         },
-         {
-           "accuracy": null,
-           "altitude": null,
-           "battery": null,
-           "cache_age_seconds": null,
-           "data_origin": "live",
-           "device_cache_stale": false,
-           "device_id": "12",
-           "id": "12-201",
-           "lat": 53,
-           "lon": -7,
-           "source": null,
-           "speed": null,
-           "timestamp": "2026-04-06T01:00:00.000Z",
-         },
-         {
-           "accuracy": null,
-           "altitude": null,
-           "battery": null,
-           "cache_age_seconds": null,
-           "data_origin": "live",
-           "device_cache_stale": false,
-           "device_id": "12",
-           "id": "12-202",
-           "lat": 53,
-           "lon": -7,
-           "source": null,
-           "speed": null,
-           "timestamp": "2026-04-06T01:00:00.000Z",
-         },
-         {
-           "accuracy": null,
-           "altitude": null,
-           "battery": null,
-           "cache_age_seconds": null,
-           "data_origin": "live",
-           "device_cache_stale": false,
-           "device_id": "12",
-           "id": "12-203",
-           "lat": 53,
-           "lon": -7,
-           "source": null,
-           "speed": null,
-           "timestamp": "2026-04-06T01:00:00.000Z",
-         },
-         {
-           "accuracy": null,
-           "altitude": null,
-           "battery": null,
-           "cache_age_seconds": null,
-           "data_origin": "live",
-           "device_cache_stale": false,
-           "device_id": "12",
-           "id": "12-204",
-           "lat": 53,
-           "lon": -7,
-           "source": null,
-           "speed": null,
-           "timestamp": "2026-04-06T01:00:00.000Z",
-         },
-         {
-           "accuracy": null,
-           "altitude": null,
-           "battery": null,
-           "cache_age_seconds": null,
-           "data_origin": "live",
-           "device_cache_stale": false,
-           "device_id": "12",
-           "id": "12-205",
-           "lat": 53,
-           "lon": -7,
-           "source": null,
-           "speed": null,
-           "timestamp": "2026-04-06T01:00:00.000Z",
-         },
-         {
-           "accuracy": null,
-           "altitude": null,
-           "battery": null,
-           "cache_age_seconds": null,
-           "data_origin": "live",
-           "device_cache_stale": false,
-           "device_id": "12",
-           "id": "12-206",
-           "lat": 53,
-           "lon": -7,
-           "source": null,
-           "speed": null,
-           "timestamp": "2026-04-06T01:00:00.000Z",
-         },
-         {
-           "accuracy": null,
-           "altitude": null,
-           "battery": null,
-           "cache_age_seconds": null,
-           "data_origin": "live",
-           "device_cache_stale": false,
-           "device_id": "12",
-           "id": "12-207",
-           "lat": 53,
-           "lon": -7,
-           "source": null,
-           "speed": null,
-           "timestamp": "2026-04-06T01:00:00.000Z",
-         },
-         {
-           "accuracy": null,
-           "altitude": null,
-           "battery": null,
-           "cache_age_seconds": null,
-           "data_origin": "live",
-           "device_cache_stale": false,
-           "device_id": "12",
-           "id": "12-208",
-           "lat": 53,
-           "lon": -7,
-           "source": null,
-           "speed": null,
-           "timestamp": "2026-04-06T01:00:00.000Z",
-         },
-         {
-           "accuracy": null,
-           "altitude": null,
-           "battery": null,
-           "cache_age_seconds": null,
-           "data_origin": "live",
-           "device_cache_stale": false,
-           "device_id": "12",
-           "id": "12-209",
-           "lat": 53,
-           "lon": -7,
-           "source": null,
-           "speed": null,
-           "timestamp": "2026-04-06T01:00:00.000Z",
-         },
-         {
-           "accuracy": null,
-           "altitude": null,
-           "battery": null,
-           "cache_age_seconds": null,
-           "data_origin": "live",
-           "device_cache_stale": false,
-           "device_id": "12",
-           "id": "12-210",
-           "lat": 53,
-           "lon": -7,
-           "source": null,
-           "speed": null,
-           "timestamp": "2026-04-06T01:00:00.000Z",
-         },
-         {
-           "accuracy": null,
-           "altitude": null,
-           "battery": null,
-           "cache_age_seconds": null,
-           "data_origin": "live",
-           "device_cache_stale": false,
-           "device_id": "12",
-           "id": "12-211",
-           "lat": 53,
-           "lon": -7,
-           "source": null,
-           "speed": null,
-           "timestamp": "2026-04-06T01:00:00.000Z",
-         },
-         {
-           "accuracy": null,
-           "altitude": null,
-           "battery": null,
-           "cache_age_seconds": null,
-           "data_origin": "live",
-           "device_cache_stale": false,
-           "device_id": "12",
-           "id": "12-212",
-           "lat": 53,
-           "lon": -7,
-           "source": null,
-           "speed": null,
-           "timestamp": "2026-04-06T01:00:00.000Z",
-         },
-         {
-           "accuracy": null,
-           "altitude": null,
-           "battery": null,
-           "cache_age_seconds": null,
-           "data_origin": "live",
-           "device_cache_stale": false,
-           "device_id": "12",
-           "id": "12-213",
-           "lat": 53,
-           "lon": -7,
-           "source": null,
-           "speed": null,
-           "timestamp": "2026-04-06T01:00:00.000Z",
-         },
-         {
-           "accuracy": null,
-           "altitude": null,
-           "battery": null,
-           "cache_age_seconds": null,
-           "data_origin": "live",
-           "device_cache_stale": false,
-           "device_id": "12",
-           "id": "12-214",
-           "lat": 53,
-           "lon": -7,
-           "source": null,
-           "speed": null,
-           "timestamp": "2026-04-06T01:00:00.000Z",
-         },
-         {
-           "accuracy": null,
-           "altitude": null,
-           "battery": null,
-           "cache_age_seconds": null,
-           "data_origin": "live",
-           "device_cache_stale": false,
-           "device_id": "12",
-           "id": "12-215",
-           "lat": 53,
-           "lon": -7,
-           "source": null,
-           "speed": null,
-           "timestamp": "2026-04-06T01:00:00.000Z",
-         },
-         {
-           "accuracy": null,
-           "altitude": null,
-           "battery": null,
-           "cache_age_seconds": null,
-           "data_origin": "live",
-           "device_cache_stale": false,
-           "device_id": "12",
-           "id": "12-216",
-           "lat": 53,
-           "lon": -7,
-           "source": null,
-           "speed": null,
-           "timestamp": "2026-04-06T01:00:00.000Z",
-         },
-         {
-           "accuracy": null,
-           "altitude": null,
-           "battery": null,
-           "cache_age_seconds": null,
-           "data_origin": "live",
-           "device_cache_stale": false,
-           "device_id": "12",
-           "id": "12-217",
-           "lat": 53,
-           "lon": -7,
-           "source": null,
-           "speed": null,
-           "timestamp": "2026-04-06T01:00:00.000Z",
-         },
-         {
-           "accuracy": null,
-           "altitude": null,
-           "battery": null,
-           "cache_age_seconds": null,
-           "data_origin": "live",
-           "device_cache_stale": false,
-           "device_id": "12",
-           "id": "12-218",
-           "lat": 53,
-           "lon": -7,
-           "source": null,
-           "speed": null,
-           "timestamp": "2026-04-06T01:00:00.000Z",
-         },
-         {
-           "accuracy": null,
-           "altitude": null,
-           "battery": null,
-           "cache_age_seconds": null,
-           "data_origin": "live",
-           "device_cache_stale": false,
-           "device_id": "12",
-           "id": "12-219",
-           "lat": 53,
-           "lon": -7,
-           "source": null,
-           "speed": null,
-           "timestamp": "2026-04-06T01:00:00.000Z",
-         },
-         {
-           "accuracy": null,
-           "altitude": null,
-           "battery": null,
-           "cache_age_seconds": null,
-           "data_origin": "live",
-           "device_cache_stale": false,
-           "device_id": "12",
-           "id": "12-220",
-           "lat": 53,
-           "lon": -7,
-           "source": null,
-           "speed": null,
-           "timestamp": "2026-04-06T01:00:00.000Z",
-         },
-         {
-           "accuracy": null,
-           "altitude": null,
-           "battery": null,
-           "cache_age_seconds": null,
-           "data_origin": "live",
-           "device_cache_stale": false,
-           "device_id": "12",
-           "id": "12-221",
-           "lat": 53,
-           "lon": -7,
-           "source": null,
-           "speed": null,
-           "timestamp": "2026-04-06T01:00:00.000Z",
-         },
-         {
-           "accuracy": null,
-           "altitude": null,
-           "battery": null,
-           "cache_age_seconds": null,
-           "data_origin": "live",
-           "device_cache_stale": false,
-           "device_id": "12",
-           "id": "12-222",
-           "lat": 53,
-           "lon": -7,
-           "source": null,
-           "speed": null,
-           "timestamp": "2026-04-06T01:00:00.000Z",
-         },
-         {
-           "accuracy": null,
-           "altitude": null,
-           "battery": null,
-           "cache_age_seconds": null,
-           "data_origin": "live",
-           "device_cache_stale": false,
-           "device_id": "12",
-           "id": "12-223",
-           "lat": 53,
-           "lon": -7,
-           "source": null,
-           "speed": null,
-           "timestamp": "2026-04-06T01:00:00.000Z",
-         },
-         {
-           "accuracy": null,
-           "altitude": null,
-           "battery": null,
-           "cache_age_seconds": null,
-           "data_origin": "live",
-           "device_cache_stale": false,
-           "device_id": "12",
-           "id": "12-224",
-           "lat": 53,
-           "lon": -7,
-           "source": null,
-           "speed": null,
-           "timestamp": "2026-04-06T01:00:00.000Z",
-         },
-         {
-           "accuracy": null,
-           "altitude": null,
-           "battery": null,
-           "cache_age_seconds": null,
-           "data_origin": "live",
-           "device_cache_stale": false,
-           "device_id": "12",
-           "id": "12-225",
-           "lat": 53,
-           "lon": -7,
-           "source": null,
-           "speed": null,
-           "timestamp": "2026-04-06T01:00:00.000Z",
-         },
-         {
-           "accuracy": null,
-           "altitude": null,
-           "battery": null,
-           "cache_age_seconds": null,
-           "data_origin": "live",
-           "device_cache_stale": false,
-           "device_id": "12",
-           "id": "12-226",
-           "lat": 53,
-           "lon": -7,
-           "source": null,
-           "speed": null,
-           "timestamp": "2026-04-06T01:00:00.000Z",
-         },
-         {
-           "accuracy": null,
-           "altitude": null,
-           "battery": null,
-           "cache_age_seconds": null,
-           "data_origin": "live",
-           "device_cache_stale": false,
-           "device_id": "12",
-           "id": "12-227",
-           "lat": 53,
-           "lon": -7,
-           "source": null,
-           "speed": null,
-           "timestamp": "2026-04-06T01:00:00.000Z",
-         },
-         {
-           "accuracy": null,
-           "altitude": null,
-           "battery": null,
-           "cache_age_seconds": null,
-           "data_origin": "live",
-           "device_cache_stale": false,
-           "device_id": "12",
-           "id": "12-228",
-           "lat": 53,
-           "lon": -7,
-           "source": null,
-           "speed": null,
-           "timestamp": "2026-04-06T01:00:00.000Z",
-         },
-         {
-           "accuracy": null,
-           "altitude": null,
-           "battery": null,
-           "cache_age_seconds": null,
-           "data_origin": "live",
-           "device_cache_stale": false,
-           "device_id": "12",
-           "id": "12-229",
-           "lat": 53,
-           "lon": -7,
-           "source": null,
-           "speed": null,
-           "timestamp": "2026-04-06T01:00:00.000Z",
-         },
-         {
-           "accuracy": null,
-           "altitude": null,
-           "battery": null,
-           "cache_age_seconds": null,
-           "data_origin": "live",
-           "device_cache_stale": false,
-           "device_id": "12",
-           "id": "12-230",
-           "lat": 53,
-           "lon": -7,
-           "source": null,
-           "speed": null,
-           "timestamp": "2026-04-06T01:00:00.000Z",
-         },
-         {
-           "accuracy": null,
-           "altitude": null,
-           "battery": null,
-           "cache_age_seconds": null,
-           "data_origin": "live",
-           "device_cache_stale": false,
-           "device_id": "12",
-           "id": "12-231",
-           "lat": 53,
-           "lon": -7,
-           "source": null,
-           "speed": null,
-           "timestamp": "2026-04-06T01:00:00.000Z",
-         },
-         {
-           "accuracy": null,
-           "altitude": null,
-           "battery": null,
-           "cache_age_seconds": null,
-           "data_origin": "live",
-           "device_cache_stale": false,
-           "device_id": "12",
-           "id": "12-232",
-           "lat": 53,
-           "lon": -7,
-           "source": null,
-           "speed": null,
-           "timestamp": "2026-04-06T01:00:00.000Z",
-         },
-         {
-           "accuracy": null,
-           "altitude": null,
-           "battery": null,
-           "cache_age_seconds": null,
-           "data_origin": "live",
-           "device_cache_stale": false,
-           "device_id": "12",
-           "id": "12-233",
-           "lat": 53,
-           "lon": -7,
-           "source": null,
-           "speed": null,
-           "timestamp": "2026-04-06T01:00:00.000Z",
-         },
-         {
-           "accuracy": null,
-           "altitude": null,
-           "battery": null,
-           "cache_age_seconds": null,
-           "data_origin": "live",
-           "device_cache_stale": false,
-           "device_id": "12",
-           "id": "12-234",
-           "lat": 53,
-           "lon": -7,
-           "source": null,
-           "speed": null,
-           "timestamp": "2026-04-06T01:00:00.000Z",
-         },
-         {
-           "accuracy": null,
-           "altitude": null,
-           "battery": null,
-           "cache_age_seconds": null,
-           "data_origin": "live",
-           "device_cache_stale": false,
-           "device_id": "12",
-           "id": "12-235",
-           "lat": 53,
-           "lon": -7,
-           "source": null,
-           "speed": null,
-           "timestamp": "2026-04-06T01:00:00.000Z",
-         },
-         {
-           "accuracy": null,
-           "altitude": null,
-           "battery": null,
-           "cache_age_seconds": null,
-           "data_origin": "live",
-           "device_cache_stale": false,
-           "device_id": "12",
-           "id": "12-236",
-           "lat": 53,
-           "lon": -7,
-           "source": null,
-           "speed": null,
-           "timestamp": "2026-04-06T01:00:00.000Z",
-         },
-         {
-           "accuracy": null,
-           "altitude": null,
-           "battery": null,
-           "cache_age_seconds": null,
-           "data_origin": "live",
-           "device_cache_stale": false,
-           "device_id": "12",
-           "id": "12-237",
-           "lat": 53,
-           "lon": -7,
-           "source": null,
-           "speed": null,
-           "timestamp": "2026-04-06T01:00:00.000Z",
-         },
-         {
-           "accuracy": null,
-           "altitude": null,
-           "battery": null,
-           "cache_age_seconds": null,
-           "data_origin": "live",
-           "device_cache_stale": false,
-           "device_id": "12",
-           "id": "12-238",
-           "lat": 53,
-           "lon": -7,
-           "source": null,
-           "speed": null,
-           "timestamp": "2026-04-06T01:00:00.000Z",
-         },
-         {
-           "accuracy": null,
-           "altitude": null,
-           "battery": null,
-           "cache_age_seconds": null,
-           "data_origin": "live",
-           "device_cache_stale": false,
-           "device_id": "12",
-           "id": "12-239",
-           "lat": 53,
-           "lon": -7,
-           "source": null,
-           "speed": null,
-           "timestamp": "2026-04-06T01:00:00.000Z",
-         },
-         {
-           "accuracy": null,
-           "altitude": null,
-           "battery": null,
-           "cache_age_seconds": null,
-           "data_origin": "live",
-           "device_cache_stale": false,
-           "device_id": "12",
-           "id": "12-240",
-           "lat": 53,
-           "lon": -7,
-           "source": null,
-           "speed": null,
-           "timestamp": "2026-04-06T01:00:00.000Z",
-         },
-       ],
-       "reconciledUntil": "2026-04-06T02:00:00.000Z",
-     },
    ],
  ]

  2nd vi.fn() call:

@@ -1,10880 +1,8 @@
  [
    [
      {
-       "deviceId": "9",
-       "expectedMissionId": "mission-1",
-       "historyFrom": "2026-04-06T00:00:00.000Z",
-       "phase": "initial",
-       "positions": [
-         {
-           "accuracy": null,
-           "altitude": null,
-           "battery": null,
-           "cache_age_seconds": null,
-           "data_origin": "live",
-           "device_cache_stale": false,
-           "device_id": "9",
-           "id": "9-0",
-           "lat": 53,
-           "lon": -7,
-           "source": null,
-           "speed": null,
-           "timestamp": "2026-04-06T01:00:00.000Z",
-         },
-         {
-           "accuracy": null,
-           "altitude": null,
-           "battery": null,
-           "cache_age_seconds": null,
-           "data_origin": "live",
-           "device_cache_stale": false,
-           "device_id": "9",
-           "id": "9-1",
-           "lat": 53,
-           "lon": -7,
-           "source": null,
-           "speed": null,
-           "timestamp": "2026-04-06T01:00:00.000Z",
-         },
-         {
-           "accuracy": null,
-           "altitude": null,
-           "battery": null,
-           "cache_age_seconds": null,
-           "data_origin": "live",
-           "device_cache_stale": false,
-           "device_id": "9",
-           "id": "9-2",
-           "lat": 53,
-           "lon": -7,
-           "source": null,
-           "speed": null,
-           "timestamp": "2026-04-06T01:00:00.000Z",
-         },
-         {
-           "accuracy": null,
-           "altitude": null,
-           "battery": null,
-           "cache_age_seconds": null,
-           "data_origin": "live",
-           "device_cache_stale": false,
-           "device_id": "9",
-           "id": "9-3",
-           "lat": 53,
-           "lon": -7,
-           "source": null,
-           "speed": null,
-           "timestamp": "2026-04-06T01:00:00.000Z",
-         },
-         {
-           "accuracy": null,
-           "altitude": null,
-           "battery": null,
-           "cache_age_seconds": null,
-           "data_origin": "live",
-           "device_cache_stale": false,
-           "device_id": "9",
-           "id": "9-4",
-           "lat": 53,
-           "lon": -7,
-           "source": null,
-           "speed": null,
-           "timestamp": "2026-04-06T01:00:00.000Z",
-         },
-         {
-           "accuracy": null,
-           "altitude": null,
-           "battery": null,
-           "cache_age_seconds": null,
-           "data_origin": "live",
-           "device_cache_stale": false,
-           "device_id": "9",
-           "id": "9-5",
-           "lat": 53,
-           "lon": -7,
-           "source": null,
-           "speed": null,
-           "timestamp": "2026-04-06T01:00:00.000Z",
-         },
-         {
-           "accuracy": null,
-           "altitude": null,
-           "battery": null,
-           "cache_age_seconds": null,
-           "data_origin": "live",
-           "device_cache_stale": false,
-           "device_id": "9",
-           "id": "9-6",
-           "lat": 53,
-           "lon": -7,
-           "source": null,
-           "speed": null,
-           "timestamp": "2026-04-06T01:00:00.000Z",
-         },
-         {
-           "accuracy": null,
-           "altitude": null,
-           "battery": null,
-           "cache_age_seconds": null,
-           "data_origin": "live",
-           "device_cache_stale": false,
-           "device_id": "9",
-           "id": "9-7",
-           "lat": 53,
-           "lon": -7,
-           "source": null,
-           "speed": null,
-           "timestamp": "2026-04-06T01:00:00.000Z",
-         },
-         {
-           "accuracy": null,
-           "altitude": null,
-           "battery": null,
-           "cache_age_seconds": null,
-           "data_origin": "live",
-           "device_cache_stale": false,
-           "device_id": "9",
-           "id": "9-8",
-           "lat": 53,
-           "lon": -7,
-           "source": null,
-           "speed": null,
-           "timestamp": "2026-04-06T01:00:00.000Z",
-         },
-         {
-           "accuracy": null,
-           "altitude": null,
-           "battery": null,
-           "cache_age_seconds": null,
-           "data_origin": "live",
-           "device_cache_stale": false,
-           "device_id": "9",
-           "id": "9-9",
-           "lat": 53,
-           "lon": -7,
-           "source": null,
-           "speed": null,
-           "timestamp": "2026-04-06T01:00:00.000Z",
-         },
-         {
-           "accuracy": null,
-           "altitude": null,
-           "battery": null,
-           "cache_age_seconds": null,
-           "data_origin": "live",
-           "device_cache_stale": false,
-           "device_id": "9",
-           "id": "9-10",
-           "lat": 53,
-           "lon": -7,
-           "source": null,
-           "speed": null,
-           "timestamp": "2026-04-06T01:00:00.000Z",
-         },
-         {
-           "accuracy": null,
-           "altitude": null,
-           "battery": null,
-           "cache_age_seconds": null,
-           "data_origin": "live",
-           "device_cache_stale": false,
-           "device_id": "9",
-           "id": "9-11",
-           "lat": 53,
-           "lon": -7,
-           "source": null,
-           "speed": null,
-           "timestamp": "2026-04-06T01:00:00.000Z",
-         },
-         {
-           "accuracy": null,
-           "altitude": null,
-           "battery": null,
-           "cache_age_seconds": null,
-           "data_origin": "live",
-           "device_cache_stale": false,
-           "device_id": "9",
-           "id": "9-12",
-           "lat": 53,
-           "lon": -7,
-           "source": null,
-           "speed": null,
-           "timestamp": "2026-04-06T01:00:00.000Z",
-         },
-         {
-           "accuracy": null,
-           "altitude": null,
-           "battery": null,
-           "cache_age_seconds": null,
-           "data_origin": "live",
-           "device_cache_stale": false,
-           "device_id": "9",
-           "id": "9-13",
-           "lat": 53,
-           "lon": -7,
-           "source": null,
-           "speed": null,
-           "timestamp": "2026-04-06T01:00:00.000Z",
-         },
-         {
-           "accuracy": null,
-           "altitude": null,
-           "battery": null,
-           "cache_age_seconds": null,
-           "data_origin": "live",
-           "device_cache_stale": false,
-           "device_id": "9",
-           "id": "9-14",
-           "lat": 53,
-           "lon": -7,
-           "source": null,
-           "speed": null,
-           "timestamp": "2026-04-06T01:00:00.000Z",
-         },
-         {
-           "accuracy": null,
-           "altitude": null,
-           "battery": null,
-           "cache_age_seconds": null,
-           "data_origin": "live",
-           "device_cache_stale": false,
-           "device_id": "9",
-           "id": "9-15",
-           "lat": 53,
-           "lon": -7,
-           "source": null,
-           "speed": null,
-           "timestamp": "2026-04-06T01:00:00.000Z",
-         },
-         {
-           "accuracy": null,
-           "altitude": null,
-           "battery": null,
-           "cache_age_seconds": null,
-           "data_origin": "live",
-           "device_cache_stale": false,
-           "device_id": "9",
-           "id": "9-16",
-           "lat": 53,
-           "lon": -7,
-           "source": null,
-           "speed": null,
-           "timestamp": "2026-04-06T01:00:00.000Z",
-         },
-         {
-           "accuracy": null,
-           "altitude": null,
-           "battery": null,
-           "cache_age_seconds": null,
-           "data_origin": "live",
-           "device_cache_stale": false,
-           "device_id": "9",
-           "id": "9-17",
-           "lat": 53,
-           "lon": -7,
-           "source": null,
-           "speed": null,
-           "timestamp": "2026-04-06T01:00:00.000Z",
-         },
-         {
-           "accuracy": null,
-           "altitude": null,
-           "battery": null,
-           "cache_age_seconds": null,
-           "data_origin": "live",
-           "device_cache_stale": false,
-           "device_id": "9",
-           "id": "9-18",
-           "lat": 53,
-           "lon": -7,
-           "source": null,
-           "speed": null,
-           "timestamp": "2026-04-06T01:00:00.000Z",
-         },
-         {
-           "accuracy": null,
-           "altitude": null,
-           "battery": null,
-           "cache_age_seconds": null,
-           "data_origin": "live",
-           "device_cache_stale": false,
-           "device_id": "9",
-           "id": "9-19",
-           "lat": 53,
-           "lon": -7,
-           "source": null,
-           "speed": null,
-           "timestamp": "2026-04-06T01:00:00.000Z",
-         },
-         {
-           "accuracy": null,
-           "altitude": null,
-           "battery": null,
-           "cache_age_seconds": null,
-           "data_origin": "live",
-           "device_cache_stale": false,
-           "device_id": "9",
-           "id": "9-20",
-           "lat": 53,
-           "lon": -7,
-           "source": null,
-           "speed": null,
-           "timestamp": "2026-04-06T01:00:00.000Z",
-         },
-         {
-           "accuracy": null,
-           "altitude": null,
-           "battery": null,
-           "cache_age_seconds": null,
-           "data_origin": "live",
-           "device_cache_stale": false,
-           "device_id": "9",
-           "id": "9-21",
-           "lat": 53,
-           "lon": -7,
-           "source": null,
-           "speed": null,
-           "timestamp": "2026-04-06T01:00:00.000Z",
-         },
-         {
-           "accuracy": null,
-           "altitude": null,
-           "battery": null,
-           "cache_age_seconds": null,
-           "data_origin": "live",
-           "device_cache_stale": false,
-           "device_id": "9",
-           "id": "9-22",
-           "lat": 53,
-           "lon": -7,
-           "source": null,
-           "speed": null,
-           "timestamp": "2026-04-06T01:00:00.000Z",
-         },
-         {
-           "accuracy": null,
-           "altitude": null,
-           "battery": null,
-           "cache_age_seconds": null,
-           "data_origin": "live",
-           "device_cache_stale": false,
-           "device_id": "9",
-           "id": "9-23",
-           "lat": 53,
-           "lon": -7,
-           "source": null,
-           "speed": null,
-           "timestamp": "2026-04-06T01:00:00.000Z",
-         },
-         {
-           "accuracy": null,
-           "altitude": null,
-           "battery": null,
-           "cache_age_seconds": null,
-           "data_origin": "live",
-           "device_cache_stale": false,
-           "device_id": "9",
-           "id": "9-24",
-           "lat": 53,
-           "lon": -7,
-           "source": null,
-           "speed": null,
-           "timestamp": "2026-04-06T01:00:00.000Z",
-         },
-         {
-           "accuracy": null,
-           "altitude": null,
-           "battery": null,
-           "cache_age_seconds": null,
-           "data_origin": "live",
-           "device_cache_stale": false,
-           "device_id": "9",
-           "id": "9-25",
-           "lat": 53,
-           "lon": -7,
-           "source": null,
-           "speed": null,
-           "timestamp": "2026-04-06T01:00:00.000Z",
-         },
-         {
-           "accuracy": null,
-           "altitude": null,
-           "battery": null,
-           "cache_age_seconds": null,
-           "data_origin": "live",
-           "device_cache_stale": false,
-           "device_id": "9",
-           "id": "9-26",
-           "lat": 53,
-           "lon": -7,
-           "source": null,
-           "speed": null,
-           "timestamp": "2026-04-06T01:00:00.000Z",
-         },
-         {
-           "accuracy": null,
-           "altitude": null,
-           "battery": null,
-           "cache_age_seconds": null,
-           "data_origin": "live",
-           "device_cache_stale": false,
-           "device_id": "9",
-           "id": "9-27",
-           "lat": 53,
-           "lon": -7,
-           "source": null,
-           "speed": null,
-           "timestamp": "2026-04-06T01:00:00.000Z",
-         },
-         {
-           "accuracy": null,
-           "altitude": null,
-           "battery": null,
-           "cache_age_seconds": null,
-           "data_origin": "live",
-           "device_cache_stale": false,
-           "device_id": "9",
-           "id": "9-28",
-           "lat": 53,
-           "lon": -7,
-           "source": null,
-           "speed": null,
-           "timestamp": "2026-04-06T01:00:00.000Z",
-         },
-         {
-           "accuracy": null,
-           "altitude": null,
-           "battery": null,
-           "cache_age_seconds": null,
-           "data_origin": "live",
-           "device_cache_stale": false,
-           "device_id": "9",
-           "id": "9-29",
-           "lat": 53,
-           "lon": -7,
-           "source": null,
-           "speed": null,
-           "timestamp": "2026-04-06T01:00:00.000Z",
-         },
-         {
-           "accuracy": null,
-           "altitude": null,
-           "battery": null,
-           "cache_age_seconds": null,
-           "data_origin": "live",
-           "device_cache_stale": false,
-           "device_id": "9",
-           "id": "9-30",
-           "lat": 53,
-           "lon": -7,
-           "source": null,
-           "speed": null,
-           "timestamp": "2026-04-06T01:00:00.000Z",
-         },
-         {
-           "accuracy": null,
-           "altitude": null,
-           "battery": null,
-           "cache_age_seconds": null,
-           "data_origin": "live",
-           "device_cache_stale": false,
-           "device_id": "9",
-           "id": "9-31",
-           "lat": 53,
-           "lon": -7,
-           "source": null,
-           "speed": null,
-           "timestamp": "2026-04-06T01:00:00.000Z",
-         },
-         {
-           "accuracy": null,
-           "altitude": null,
-           "battery": null,
-           "cache_age_seconds": null,
-           "data_origin": "live",
-           "device_cache_stale": false,
-           "device_id": "9",
-           "id": "9-32",
-           "lat": 53,
-           "lon": -7,
-           "source": null,
-           "speed": null,
-           "timestamp": "2026-04-06T01:00:00.000Z",
-         },
-         {
-           "accuracy": null,
-           "altitude": null,
-           "battery": null,
-           "cache_age_seconds": null,
-           "data_origin": "live",
-           "device_cache_stale": false,
-           "device_id": "9",
-           "id": "9-33",
-           "lat": 53,
-           "lon": -7,
-           "source": null,
-           "speed": null,
-           "timestamp": "2026-04-06T01:00:00.000Z",
-         },
-         {
-           "accuracy": null,
-           "altitude": null,
-           "battery": null,
-           "cache_age_seconds": null,
-           "data_origin": "live",
-           "device_cache_stale": false,
-           "device_id": "9",
-           "id": "9-34",
-           "lat": 53,
-           "lon": -7,
-           "source": null,
-           "speed": null,
-           "timestamp": "2026-04-06T01:00:00.000Z",
-         },
-         {
-           "accuracy": null,
-           "altitude": null,
-           "battery": null,
-           "cache_age_seconds": null,
-           "data_origin": "live",
-           "device_cache_stale": false,
-           "device_id": "9",
-           "id": "9-35",
-           "lat": 53,
-           "lon": -7,
-           "source": null,
-           "speed": null,
-           "timestamp": "2026-04-06T01:00:00.000Z",
-         },
-         {
-           "accuracy": null,
-           "altitude": null,
-           "battery": null,
-           "cache_age_seconds": null,
-           "data_origin": "live",
-           "device_cache_stale": false,
-           "device_id": "9",
-           "id": "9-36",
-           "lat": 53,
-           "lon": -7,
-           "source": null,
-           "speed": null,
-           "timestamp": "2026-04-06T01:00:00.000Z",
-         },
-         {
-           "accuracy": null,
-           "altitude": null,
-           "battery": null,
-           "cache_age_seconds": null,
-           "data_origin": "live",
-           "device_cache_stale": false,
-           "device_id": "9",
-           "id": "9-37",
-           "lat": 53,
-           "lon": -7,
-           "source": null,
-           "speed": null,
-           "timestamp": "2026-04-06T01:00:00.000Z",
-         },
-         {
-           "accuracy": null,
-           "altitude": null,
-           "battery": null,
-           "cache_age_seconds": null,
-           "data_origin": "live",
-           "device_cache_stale": false,
-           "device_id": "9",
-           "id": "9-38",
-           "lat": 53,
-           "lon": -7,
-           "source": null,
-           "speed": null,
-           "timestamp": "2026-04-06T01:00:00.000Z",
-         },
-         {
-           "accuracy": null,
-           "altitude": null,
-           "battery": null,
-           "cache_age_seconds": null,
-           "data_origin": "live",
-           "device_cache_stale": false,
-           "device_id": "9",
-           "id": "9-39",
-           "lat": 53,
-           "lon": -7,
-           "source": null,
-           "speed": null,
-           "timestamp": "2026-04-06T01:00:00.000Z",
-         },
-         {
-           "accuracy": null,
-           "altitude": null,
-           "battery": null,
-           "cache_age_seconds": null,
-           "data_origin": "live",
-           "device_cache_stale": false,
-           "device_id": "9",
-           "id": "9-40",
-           "lat": 53,
-           "lon": -7,
-           "source": null,
-           "speed": null,
-           "timestamp": "2026-04-06T01:00:00.000Z",
-         },
-         {
-           "accuracy": null,
-           "altitude": null,
-           "battery": null,
-           "cache_age_seconds": null,
-           "data_origin": "live",
-           "device_cache_stale": false,
-           "device_id": "9",
-           "id": "9-41",
-           "lat": 53,
-           "lon": -7,
-           "source": null,
-           "speed": null,
-           "timestamp": "2026-04-06T01:00:00.000Z",
-         },
-         {
-           "accuracy": null,
-           "altitude": null,
-           "battery": null,
-           "cache_age_seconds": null,
-           "data_origin": "live",
-           "device_cache_stale": false,
-           "device_id": "9",
-           "id": "9-42",
-           "lat": 53,
-           "lon": -7,
-           "source": null,
-           "speed": null,
-           "timestamp": "2026-04-06T01:00:00.000Z",
-         },
-         {
-           "accuracy": null,
-           "altitude": null,
-           "battery": null,
-           "cache_age_seconds": null,
-           "data_origin": "live",
-           "device_cache_stale": false,
-           "device_id": "9",
-           "id": "9-43",
-           "lat": 53,
-           "lon": -7,
-           "source": null,
-           "speed": null,
-           "timestamp": "2026-04-06T01:00:00.000Z",
-         },
-         {
-           "accuracy": null,
-           "altitude": null,
-           "battery": null,
-           "cache_age_seconds": null,
-           "data_origin": "live",
-           "device_cache_stale": false,
-           "device_id": "9",
-           "id": "9-44",
-           "lat": 53,
-           "lon": -7,
-           "source": null,
-           "speed": null,
-           "timestamp": "2026-04-06T01:00:00.000Z",
-         },
-         {
-           "accuracy": null,
-           "altitude": null,
-           "battery": null,
-           "cache_age_seconds": null,
-           "data_origin": "live",
-           "device_cache_stale": false,
-           "device_id": "9",
-           "id": "9-45",
-           "lat": 53,
-           "lon": -7,
-           "source": null,
-           "speed": null,
-           "timestamp": "2026-04-06T01:00:00.000Z",
-         },
-         {
-           "accuracy": null,
-           "altitude": null,
-           "battery": null,
-           "cache_age_seconds": null,
-           "data_origin": "live",
-           "device_cache_stale": false,
-           "device_id": "9",
-           "id": "9-46",
-           "lat": 53,
-           "lon": -7,
-           "source": null,
-           "speed": null,
-           "timestamp": "2026-04-06T01:00:00.000Z",
-         },
-         {
-           "accuracy": null,
-           "altitude": null,
-           "battery": null,
-           "cache_age_seconds": null,
-           "data_origin": "live",
-           "device_cache_stale": false,
-           "device_id": "9",
-           "id": "9-47",
-           "lat": 53,
-           "lon": -7,
-           "source": null,
-           "speed": null,
-           "timestamp": "2026-04-06T01:00:00.000Z",
-         },
-         {
-           "accuracy": null,
-           "altitude": null,
-           "battery": null,
-           "cache_age_seconds": null,
-           "data_origin": "live",
-           "device_cache_stale": false,
-           "device_id": "9",
-           "id": "9-48",
-           "lat": 53,
-           "lon": -7,
-           "source": null,
-           "speed": null,
-           "timestamp": "2026-04-06T01:00:00.000Z",
-         },
-         {
-           "accuracy": null,
-           "altitude": null,
-           "battery": null,
-           "cache_age_seconds": null,
-           "data_origin": "live",
-           "device_cache_stale": false,
-           "device_id": "9",
-           "id": "9-49",
-           "lat": 53,
-           "lon": -7,
-           "source": null,
-           "speed": null,
-           "timestamp": "2026-04-06T01:00:00.000Z",
-         },
-         {
-           "accuracy": null,
-           "altitude": null,
-           "battery": null,
-           "cache_age_seconds": null,
-           "data_origin": "live",
-           "device_cache_stale": false,
-           "device_id": "9",
-           "id": "9-50",
-           "lat": 53,
-           "lon": -7,
-           "source": null,
-           "speed": null,
-           "timestamp": "2026-04-06T01:00:00.000Z",
-         },
-         {
-           "accuracy": null,
-           "altitude": null,
-           "battery": null,
-           "cache_age_seconds": null,
-           "data_origin": "live",
-           "device_cache_stale": false,
-           "device_id": "9",
-           "id": "9-51",
-           "lat": 53,
-           "lon": -7,
-           "source": null,
-           "speed": null,
-           "timestamp": "2026-04-06T01:00:00.000Z",
-         },
-         {
-           "accuracy": null,
-           "altitude": null,
-           "battery": null,
-           "cache_age_seconds": null,
-           "data_origin": "live",
-           "device_cache_stale": false,
-           "device_id": "9",
-           "id": "9-52",
-           "lat": 53,
-           "lon": -7,
-           "source": null,
-           "speed": null,
-           "timestamp": "2026-04-06T01:00:00.000Z",
-         },
-         {
-           "accuracy": null,
-           "altitude": null,
-           "battery": null,
-           "cache_age_seconds": null,
-           "data_origin": "live",
-           "device_cache_stale": false,
-           "device_id": "9",
-           "id": "9-53",
-           "lat": 53,
-           "lon": -7,
-           "source": null,
-           "speed": null,
-           "timestamp": "2026-04-06T01:00:00.000Z",
-         },
-         {
-           "accuracy": null,
-           "altitude": null,
-           "battery": null,
-           "cache_age_seconds": null,
-           "data_origin": "live",
-           "device_cache_stale": false,
-           "device_id": "9",
-           "id": "9-54",
-           "lat": 53,
-           "lon": -7,
-           "source": null,
-           "speed": null,
-           "timestamp": "2026-04-06T01:00:00.000Z",
-         },
-         {
-           "accuracy": null,
-           "altitude": null,
-           "battery": null,
-           "cache_age_seconds": null,
-           "data_origin": "live",
-           "device_cache_stale": false,
-           "device_id": "9",
-           "id": "9-55",
-           "lat": 53,
-           "lon": -7,
-           "source": null,
-           "speed": null,
-           "timestamp": "2026-04-06T01:00:00.000Z",
-         },
-         {
-           "accuracy": null,
-           "altitude": null,
-           "battery": null,
-           "cache_age_seconds": null,
-           "data_origin": "live",
-           "device_cache_stale": false,
-           "device_id": "9",
-           "id": "9-56",
-           "lat": 53,
-           "lon": -7,
-           "source": null,
-           "speed": null,
-           "timestamp": "2026-04-06T01:00:00.000Z",
-         },
-         {
-           "accuracy": null,
-           "altitude": null,
-           "battery": null,
-           "cache_age_seconds": null,
-           "data_origin": "live",
-           "device_cache_stale": false,
-           "device_id": "9",
-           "id": "9-57",
-           "lat": 53,
-           "lon": -7,
-           "source": null,
-           "speed": null,
-           "timestamp": "2026-04-06T01:00:00.000Z",
-         },
-         {
-           "accuracy": null,
-           "altitude": null,
-           "battery": null,
-           "cache_age_seconds": null,
-           "data_origin": "live",
-           "device_cache_stale": false,
-           "device_id": "9",
-           "id": "9-58",
-           "lat": 53,
-           "lon": -7,
-           "source": null,
-           "speed": null,
-           "timestamp": "2026-04-06T01:00:00.000Z",
-         },
-         {
-           "accuracy": null,
-           "altitude": null,
-           "battery": null,
-           "cache_age_seconds": null,
-           "data_origin": "live",
-           "device_cache_stale": false,
-           "device_id": "9",
-           "id": "9-59",
-           "lat": 53,
-           "lon": -7,
-           "source": null,
-           "speed": null,
-           "timestamp": "2026-04-06T01:00:00.000Z",
-         },
-         {
-           "accuracy": null,
-           "altitude": null,
-           "battery": null,
-           "cache_age_seconds": null,
-           "data_origin": "live",
-           "device_cache_stale": false,
-           "device_id": "9",
-           "id": "9-60",
-           "lat": 53,
-           "lon": -7,
-           "source": null,
-           "speed": null,
-           "timestamp": "2026-04-06T01:00:00.000Z",
-         },
-         {
-           "accuracy": null,
-           "altitude": null,
-           "battery": null,
-           "cache_age_seconds": null,
-           "data_origin": "live",
-           "device_cache_stale": false,
-           "device_id": "9",
-           "id": "9-61",
-           "lat": 53,
-           "lon": -7,
-           "source": null,
-           "speed": null,
-           "timestamp": "2026-04-06T01:00:00.000Z",
-         },
-         {
-           "accuracy": null,
-           "altitude": null,
-           "battery": null,
-           "cache_age_seconds": null,
-           "data_origin": "live",
-           "device_cache_stale": false,
-           "device_id": "9",
-           "id": "9-62",
-           "lat": 53,
-           "lon": -7,
-           "source": null,
-           "speed": null,
-           "timestamp": "2026-04-06T01:00:00.000Z",
-         },
-         {
-           "accuracy": null,
-           "altitude": null,
-           "battery": null,
-           "cache_age_seconds": null,
-           "data_origin": "live",
-           "device_cache_stale": false,
-           "device_id": "9",
-           "id": "9-63",
-           "lat": 53,
-           "lon": -7,
-           "source": null,
-           "speed": null,
-           "timestamp": "2026-04-06T01:00:00.000Z",
-         },
-         {
-           "accuracy": null,
-           "altitude": null,
-           "battery": null,
-           "cache_age_seconds": null,
-           "data_origin": "live",
-           "device_cache_stale": false,
-           "device_id": "9",
-           "id": "9-64",
-           "lat": 53,
-           "lon": -7,
-           "source": null,
-           "speed": null,
-           "timestamp": "2026-04-06T01:00:00.000Z",
-         },
-         {
-           "accuracy": null,
-           "altitude": null,
-           "battery": null,
-           "cache_age_seconds": null,
-           "data_origin": "live",
-           "device_cache_stale": false,
-           "device_id": "9",
-           "id": "9-65",
-           "lat": 53,
-           "lon": -7,
-           "source": null,
-           "speed": null,
-           "timestamp": "2026-04-06T01:00:00.000Z",
-         },
-         {
-           "accuracy": null,
-           "altitude": null,
-           "battery": null,
-           "cache_age_seconds": null,
-           "data_origin": "live",
-           "device_cache_stale": false,
-           "device_id": "9",
-           "id": "9-66",
-           "lat": 53,
-           "lon": -7,
-           "source": null,
-           "speed": null,
-           "timestamp": "2026-04-06T01:00:00.000Z",
-         },
-         {
-           "accuracy": null,
-           "altitude": null,
-           "battery": null,
-           "cache_age_seconds": null,
-           "data_origin": "live",
-           "device_cache_stale": false,
-           "device_id": "9",
-           "id": "9-67",
-           "lat": 53,
-           "lon": -7,
-           "source": null,
-           "speed": null,
-           "timestamp": "2026-04-06T01:00:00.000Z",
-         },
-         {
-           "accuracy": null,
-           "altitude": null,
-           "battery": null,
-           "cache_age_seconds": null,
-           "data_origin": "live",
-           "device_cache_stale": false,
-           "device_id": "9",
-           "id": "9-68",
-           "lat": 53,
-           "lon": -7,
-           "source": null,
-           "speed": null,
-           "timestamp": "2026-04-06T01:00:00.000Z",
-         },
-         {
-           "accuracy": null,
-           "altitude": null,
-           "battery": null,
-           "cache_age_seconds": null,
-           "data_origin": "live",
-           "device_cache_stale": false,
-           "device_id": "9",
-           "id": "9-69",
-           "lat": 53,
-           "lon": -7,
-           "source": null,
-           "speed": null,
-           "timestamp": "2026-04-06T01:00:00.000Z",
-         },
-         {
-           "accuracy": null,
-           "altitude": null,
-           "battery": null,
-           "cache_age_seconds": null,
-           "data_origin": "live",
-           "device_cache_stale": false,
-           "device_id": "9",
-           "id": "9-70",
-           "lat": 53,
-           "lon": -7,
-           "source": null,
-           "speed": null,
-           "timestamp": "2026-04-06T01:00:00.000Z",
-         },
-         {
-           "accuracy": null,
-           "altitude": null,
-           "battery": null,
-           "cache_age_seconds": null,
-           "data_origin": "live",
-           "device_cache_stale": false,
-           "device_id": "9",
-           "id": "9-71",
-           "lat": 53,
-           "lon": -7,
-           "source": null,
-           "speed": null,
-           "timestamp": "2026-04-06T01:00:00.000Z",
-         },
-         {
-           "accuracy": null,
-           "altitude": null,
-           "battery": null,
-           "cache_age_seconds": null,
-           "data_origin": "live",
-           "device_cache_stale": false,
-           "device_id": "9",
-           "id": "9-72",
-           "lat": 53,
-           "lon": -7,
-           "source": null,
-           "speed": null,
-           "timestamp": "2026-04-06T01:00:00.000Z",
-         },
-         {
-           "accuracy": null,
-           "altitude": null,
-           "battery": null,
-           "cache_age_seconds": null,
-           "data_origin": "live",
-           "device_cache_stale": false,
-           "device_id": "9",
-           "id": "9-73",
-           "lat": 53,
-           "lon": -7,
-           "source": null,
-           "speed": null,
-           "timestamp": "2026-04-06T01:00:00.000Z",
-         },
-         {
-           "accuracy": null,
-           "altitude": null,
-           "battery": null,
-           "cache_age_seconds": null,
-           "data_origin": "live",
-           "device_cache_stale": false,
-           "device_id": "9",
-           "id": "9-74",
-           "lat": 53,
-           "lon": -7,
-           "source": null,
-           "speed": null,
-           "timestamp": "2026-04-06T01:00:00.000Z",
-         },
-         {
-           "accuracy": null,
-           "altitude": null,
-           "battery": null,
-           "cache_age_seconds": null,
-           "data_origin": "live",
-           "device_cache_stale": false,
-           "device_id": "9",
-           "id": "9-75",
-           "lat": 53,
-           "lon": -7,
-           "source": null,
-           "speed": null,
-           "timestamp": "2026-04-06T01:00:00.000Z",
-         },
-         {
-           "accuracy": null,
-           "altitude": null,
-           "battery": null,
-           "cache_age_seconds": null,
-           "data_origin": "live",
-           "device_cache_stale": false,
-           "device_id": "9",
-           "id": "9-76",
-           "lat": 53,
-           "lon": -7,
-           "source": null,
-           "speed": null,
-           "timestamp": "2026-04-06T01:00:00.000Z",
-         },
-         {
-           "accuracy": null,
-           "altitude": null,
-           "battery": null,
-           "cache_age_seconds": null,
-           "data_origin": "live",
-           "device_cache_stale": false,
-           "device_id": "9",
-           "id": "9-77",
-           "lat": 53,
-           "lon": -7,
-           "source": null,
-           "speed": null,
-           "timestamp": "2026-04-06T01:00:00.000Z",
-         },
-         {
-           "accuracy": null,
-           "altitude": null,
-           "battery": null,
-           "cache_age_seconds": null,
-           "data_origin": "live",
-           "device_cache_stale": false,
-           "device_id": "9",
-           "id": "9-78",
-           "lat": 53,
-           "lon": -7,
-           "source": null,
-           "speed": null,
-           "timestamp": "2026-04-06T01:00:00.000Z",
-         },
-         {
-           "accuracy": null,
-           "altitude": null,
-           "battery": null,
-           "cache_age_seconds": null,
-           "data_origin": "live",
-           "device_cache_stale": false,
-           "device_id": "9",
-           "id": "9-79",
-           "lat": 53,
-           "lon": -7,
-           "source": null,
-           "speed": null,
-           "timestamp": "2026-04-06T01:00:00.000Z",
-         },
-         {
-           "accuracy": null,
-           "altitude": null,
-           "battery": null,
-           "cache_age_seconds": null,
-           "data_origin": "live",
-           "device_cache_stale": false,
-           "device_id": "9",
-           "id": "9-80",
-           "lat": 53,
-           "lon": -7,
-           "source": null,
-           "speed": null,
-           "timestamp": "2026-04-06T01:00:00.000Z",
-         },
-         {
-           "accuracy": null,
-           "altitude": null,
-           "battery": null,
-           "cache_age_seconds": null,
-           "data_origin": "live",
-           "device_cache_stale": false,
-           "device_id": "9",
-           "id": "9-81",
-           "lat": 53,
-           "lon": -7,
-           "source": null,
-           "speed": null,
-           "timestamp": "2026-04-06T01:00:00.000Z",
-         },
-         {
-           "accuracy": null,
-           "altitude": null,
-           "battery": null,
-           "cache_age_seconds": null,
-           "data_origin": "live",
-           "device_cache_stale": false,
-           "device_id": "9",
-           "id": "9-82",
-           "lat": 53,
-           "lon": -7,
-           "source": null,
-           "speed": null,
-           "timestamp": "2026-04-06T01:00:00.000Z",
-         },
-         {
-           "accuracy": null,
-           "altitude": null,
-           "battery": null,
-           "cache_age_seconds": null,
-           "data_origin": "live",
-           "device_cache_stale": false,
-           "device_id": "9",
-           "id": "9-83",
-           "lat": 53,
-           "lon": -7,
-           "source": null,
-           "speed": null,
-           "timestamp": "2026-04-06T01:00:00.000Z",
-         },
-         {
-           "accuracy": null,
-           "altitude": null,
-           "battery": null,
-           "cache_age_seconds": null,
-           "data_origin": "live",
-           "device_cache_stale": false,
-           "device_id": "9",
-           "id": "9-84",
-           "lat": 53,
-           "lon": -7,
-           "source": null,
-           "speed": null,
-           "timestamp": "2026-04-06T01:00:00.000Z",
-         },
-         {
-           "accuracy": null,
-           "altitude": null,
-           "battery": null,
-           "cache_age_seconds": null,
-           "data_origin": "live",
-           "device_cache_stale": false,
-           "device_id": "9",
-           "id": "9-85",
-           "lat": 53,
-           "lon": -7,
-           "source": null,
-           "speed": null,
-           "timestamp": "2026-04-06T01:00:00.000Z",
-         },
-         {
-           "accuracy": null,
-           "altitude": null,
-           "battery": null,
-           "cache_age_seconds": null,
-           "data_origin": "live",
-           "device_cache_stale": false,
-           "device_id": "9",
-           "id": "9-86",
-           "lat": 53,
-           "lon": -7,
-           "source": null,
-           "speed": null,
-           "timestamp": "2026-04-06T01:00:00.000Z",
-         },
-         {
-           "accuracy": null,
-           "altitude": null,
-           "battery": null,
-           "cache_age_seconds": null,
-           "data_origin": "live",
-           "device_cache_stale": false,
-           "device_id": "9",
-           "id": "9-87",
-           "lat": 53,
-           "lon": -7,
-           "source": null,
-           "speed": null,
-           "timestamp": "2026-04-06T01:00:00.000Z",
-         },
-         {
-           "accuracy": null,
-           "altitude": null,
-           "battery": null,
-           "cache_age_seconds": null,
-           "data_origin": "live",
-           "device_cache_stale": false,
-           "device_id": "9",
-           "id": "9-88",
-           "lat": 53,
-           "lon": -7,
-           "source": null,
-           "speed": null,
-           "timestamp": "2026-04-06T01:00:00.000Z",
-         },
-         {
-           "accuracy": null,
-           "altitude": null,
-           "battery": null,
-           "cache_age_seconds": null,
-           "data_origin": "live",
-           "device_cache_stale": false,
-           "device_id": "9",
-           "id": "9-89",
-           "lat": 53,
-           "lon": -7,
-           "source": null,
-           "speed": null,
-           "timestamp": "2026-04-06T01:00:00.000Z",
-         },
-         {
-           "accuracy": null,
-           "altitude": null,
-           "battery": null,
-           "cache_age_seconds": null,
-           "data_origin": "live",
-           "device_cache_stale": false,
-           "device_id": "9",
-           "id": "9-90",
-           "lat": 53,
-           "lon": -7,
-           "source": null,
-           "speed": null,
-           "timestamp": "2026-04-06T01:00:00.000Z",
-         },
-         {
-           "accuracy": null,
-           "altitude": null,
-           "battery": null,
-           "cache_age_seconds": null,
-           "data_origin": "live",
-           "device_cache_stale": false,
-           "device_id": "9",
-           "id": "9-91",
-           "lat": 53,
-           "lon": -7,
-           "source": null,
-           "speed": null,
-           "timestamp": "2026-04-06T01:00:00.000Z",
-         },
-         {
-           "accuracy": null,
-           "altitude": null,
-           "battery": null,
-           "cache_age_seconds": null,
-           "data_origin": "live",
-           "device_cache_stale": false,
-           "device_id": "9",
-           "id": "9-92",
-           "lat": 53,
-           "lon": -7,
-           "source": null,
-           "speed": null,
-           "timestamp": "2026-04-06T01:00:00.000Z",
-         },
-         {
-           "accuracy": null,
-           "altitude": null,
-           "battery": null,
-           "cache_age_seconds": null,
-           "data_origin": "live",
-           "device_cache_stale": false,
-           "device_id": "9",
-           "id": "9-93",
-           "lat": 53,
-           "lon": -7,
-           "source": null,
-           "speed": null,
-           "timestamp": "2026-04-06T01:00:00.000Z",
-         },
-         {
-           "accuracy": null,
-           "altitude": null,
-           "battery": null,
-           "cache_age_seconds": null,
-           "data_origin": "live",
-           "device_cache_stale": false,
-           "device_id": "9",
-           "id": "9-94",
-           "lat": 53,
-           "lon": -7,
-           "source": null,
-           "speed": null,
-           "timestamp": "2026-04-06T01:00:00.000Z",
-         },
-         {
-           "accuracy": null,
-           "altitude": null,
-           "battery": null,
-           "cache_age_seconds": null,
-           "data_origin": "live",
-           "device_cache_stale": false,
-           "device_id": "9",
-           "id": "9-95",
-           "lat": 53,
-           "lon": -7,
-           "source": null,
-           "speed": null,
-           "timestamp": "2026-04-06T01:00:00.000Z",
-         },
-         {
-           "accuracy": null,
-           "altitude": null,
-           "battery": null,
-           "cache_age_seconds": null,
-           "data_origin": "live",
-           "device_cache_stale": false,
-           "device_id": "9",
-           "id": "9-96",
-           "lat": 53,
-           "lon": -7,
-           "source": null,
-           "speed": null,
-           "timestamp": "2026-04-06T01:00:00.000Z",
-         },
-         {
-           "accuracy": null,
-           "altitude": null,
-           "battery": null,
-           "cache_age_seconds": null,
-           "data_origin": "live",
-           "device_cache_stale": false,
-           "device_id": "9",
-           "id": "9-97",
-           "lat": 53,
-           "lon": -7,
-           "source": null,
-           "speed": null,
-           "timestamp": "2026-04-06T01:00:00.000Z",
-         },
-         {
-           "accuracy": null,
-           "altitude": null,
-           "battery": null,
-           "cache_age_seconds": null,
-           "data_origin": "live",
-           "device_cache_stale": false,
-           "device_id": "9",
-           "id": "9-98",
-           "lat": 53,
-           "lon": -7,
-           "source": null,
-           "speed": null,
-           "timestamp": "2026-04-06T01:00:00.000Z",
-         },
-         {
-           "accuracy": null,
-           "altitude": null,
-           "battery": null,
-           "cache_age_seconds": null,
-           "data_origin": "live",
-           "device_cache_stale": false,
-           "device_id": "9",
-           "id": "9-99",
-           "lat": 53,
-           "lon": -7,
-           "source": null,
-           "speed": null,
-           "timestamp": "2026-04-06T01:00:00.000Z",
-         },
-         {
-           "accuracy": null,
-           "altitude": null,
-           "battery": null,
-           "cache_age_seconds": null,
-           "data_origin": "live",
-           "device_cache_stale": false,
-           "device_id": "9",
-           "id": "9-100",
-           "lat": 53,
-           "lon": -7,
-           "source": null,
-           "speed": null,
-           "timestamp": "2026-04-06T01:00:00.000Z",
-         },
-         {
-           "accuracy": null,
-           "altitude": null,
-           "battery": null,
-           "cache_age_seconds": null,
-           "data_origin": "live",
-           "device_cache_stale": false,
-           "device_id": "9",
-           "id": "9-101",
-           "lat": 53,
-           "lon": -7,
-           "source": null,
-           "speed": null,
-           "timestamp": "2026-04-06T01:00:00.000Z",
-         },
-         {
-           "accuracy": null,
-           "altitude": null,
-           "battery": null,
-           "cache_age_seconds": null,
-           "data_origin": "live",
-           "device_cache_stale": false,
-           "device_id": "9",
-           "id": "9-102",
-           "lat": 53,
-           "lon": -7,
-           "source": null,
-           "speed": null,
-           "timestamp": "2026-04-06T01:00:00.000Z",
-         },
-         {
-           "accuracy": null,
-           "altitude": null,
-           "battery": null,
-           "cache_age_seconds": null,
-           "data_origin": "live",
-           "device_cache_stale": false,
-           "device_id": "9",
-           "id": "9-103",
-           "lat": 53,
-           "lon": -7,
-           "source": null,
-           "speed": null,
-           "timestamp": "2026-04-06T01:00:00.000Z",
-         },
-         {
-           "accuracy": null,
-           "altitude": null,
-           "battery": null,
-           "cache_age_seconds": null,
-           "data_origin": "live",
-           "device_cache_stale": false,
-           "device_id": "9",
-           "id": "9-104",
-           "lat": 53,
-           "lon": -7,
-           "source": null,
-           "speed": null,
-           "timestamp": "2026-04-06T01:00:00.000Z",
-         },
-         {
-           "accuracy": null,
-           "altitude": null,
-           "battery": null,
-           "cache_age_seconds": null,
-           "data_origin": "live",
-           "device_cache_stale": false,
-           "device_id": "9",
-           "id": "9-105",
-           "lat": 53,
-           "lon": -7,
-           "source": null,
-           "speed": null,
-           "timestamp": "2026-04-06T01:00:00.000Z",
-         },
-         {
-           "accuracy": null,
-           "altitude": null,
-           "battery": null,
-           "cache_age_seconds": null,
-           "data_origin": "live",
-           "device_cache_stale": false,
-           "device_id": "9",
-           "id": "9-106",
-           "lat": 53,
-           "lon": -7,
-           "source": null,
-           "speed": null,
-           "timestamp": "2026-04-06T01:00:00.000Z",
-         },
-         {
-           "accuracy": null,
-           "altitude": null,
-           "battery": null,
-           "cache_age_seconds": null,
-           "data_origin": "live",
-           "device_cache_stale": false,
-           "device_id": "9",
-           "id": "9-107",
-           "lat": 53,
-           "lon": -7,
-           "source": null,
-           "speed": null,
-           "timestamp": "2026-04-06T01:00:00.000Z",
-         },
-         {
-           "accuracy": null,
-           "altitude": null,
-           "battery": null,
-           "cache_age_seconds": null,
-           "data_origin": "live",
-           "device_cache_stale": false,
-           "device_id": "9",
-           "id": "9-108",
-           "lat": 53,
-           "lon": -7,
-           "source": null,
-           "speed": null,
-           "timestamp": "2026-04-06T01:00:00.000Z",
-         },
-         {
-           "accuracy": null,
-           "altitude": null,
-           "battery": null,
-           "cache_age_seconds": null,
-           "data_origin": "live",
-           "device_cache_stale": false,
-           "device_id": "9",
-           "id": "9-109",
-           "lat": 53,
-           "lon": -7,
-           "source": null,
-           "speed": null,
-           "timestamp": "2026-04-06T01:00:00.000Z",
-         },
-         {
-           "accuracy": null,
-           "altitude": null,
-           "battery": null,
-           "cache_age_seconds": null,
-           "data_origin": "live",
-           "device_cache_stale": false,
-           "device_id": "9",
-           "id": "9-110",
-           "lat": 53,
-           "lon": -7,
-           "source": null,
-           "speed": null,
-           "timestamp": "2026-04-06T01:00:00.000Z",
-         },
-         {
-           "accuracy": null,
-           "altitude": null,
-           "battery": null,
-           "cache_age_seconds": null,
-           "data_origin": "live",
-           "device_cache_stale": false,
-           "device_id": "9",
-           "id": "9-111",
-           "lat": 53,
-           "lon": -7,
-           "source": null,
-           "speed": null,
-           "timestamp": "2026-04-06T01:00:00.000Z",
-         },
-         {
-           "accuracy": null,
-           "altitude": null,
-           "battery": null,
-           "cache_age_seconds": null,
-           "data_origin": "live",
-           "device_cache_stale": false,
-           "device_id": "9",
-           "id": "9-112",
-           "lat": 53,
-           "lon": -7,
-           "source": null,
-           "speed": null,
-           "timestamp": "2026-04-06T01:00:00.000Z",
-         },
-         {
-           "accuracy": null,
-           "altitude": null,
-           "battery": null,
-           "cache_age_seconds": null,
-           "data_origin": "live",
-           "device_cache_stale": false,
-           "device_id": "9",
-           "id": "9-113",
-           "lat": 53,
-           "lon": -7,
-           "source": null,
-           "speed": null,
-           "timestamp": "2026-04-06T01:00:00.000Z",
-         },
-         {
-           "accuracy": null,
-           "altitude": null,
-           "battery": null,
-           "cache_age_seconds": null,
-           "data_origin": "live",
-           "device_cache_stale": false,
-           "device_id": "9",
-           "id": "9-114",
-           "lat": 53,
-           "lon": -7,
-           "source": null,
-           "speed": null,
-           "timestamp": "2026-04-06T01:00:00.000Z",
-         },
-         {
-           "accuracy": null,
-           "altitude": null,
-           "battery": null,
-           "cache_age_seconds": null,
-           "data_origin": "live",
-           "device_cache_stale": false,
-           "device_id": "9",
-           "id": "9-115",
-           "lat": 53,
-           "lon": -7,
-           "source": null,
-           "speed": null,
-           "timestamp": "2026-04-06T01:00:00.000Z",
-         },
-         {
-           "accuracy": null,
-           "altitude": null,
-           "battery": null,
-           "cache_age_seconds": null,
-           "data_origin": "live",
-           "device_cache_stale": false,
-           "device_id": "9",
-           "id": "9-116",
-           "lat": 53,
-           "lon": -7,
-           "source": null,
-           "speed": null,
-           "timestamp": "2026-04-06T01:00:00.000Z",
-         },
-         {
-           "accuracy": null,
-           "altitude": null,
-           "battery": null,
-           "cache_age_seconds": null,
-           "data_origin": "live",
-           "device_cache_stale": false,
-           "device_id": "9",
-           "id": "9-117",
-           "lat": 53,
-           "lon": -7,
-           "source": null,
-           "speed": null,
-           "timestamp": "2026-04-06T01:00:00.000Z",
-         },
-         {
-           "accuracy": null,
-           "altitude": null,
-           "battery": null,
-           "cache_age_seconds": null,
-           "data_origin": "live",
-           "device_cache_stale": false,
-           "device_id": "9",
-           "id": "9-118",
-           "lat": 53,
-           "lon": -7,
-           "source": null,
-           "speed": null,
-           "timestamp": "2026-04-06T01:00:00.000Z",
-         },
-         {
-           "accuracy": null,
-           "altitude": null,
-           "battery": null,
-           "cache_age_seconds": null,
-           "data_origin": "live",
-           "device_cache_stale": false,
-           "device_id": "9",
-           "id": "9-119",
-           "lat": 53,
-           "lon": -7,
-           "source": null,
-           "speed": null,
-           "timestamp": "2026-04-06T01:00:00.000Z",
-         },
-         {
-           "accuracy": null,
-           "altitude": null,
-           "battery": null,
-           "cache_age_seconds": null,
-           "data_origin": "live",
-           "device_cache_stale": false,
-           "device_id": "9",
-           "id": "9-120",
-           "lat": 53,
-           "lon": -7,
-           "source": null,
-           "speed": null,
-           "timestamp": "2026-04-06T01:00:00.000Z",
-         },
-         {
-           "accuracy": null,
-           "altitude": null,
-           "battery": null,
-           "cache_age_seconds": null,
-           "data_origin": "live",
-           "device_cache_stale": false,
-           "device_id": "9",
-           "id": "9-121",
-           "lat": 53,
-           "lon": -7,
-           "source": null,
-           "speed": null,
-           "timestamp": "2026-04-06T01:00:00.000Z",
-         },
-         {
-           "accuracy": null,
-           "altitude": null,
-           "battery": null,
-           "cache_age_seconds": null,
-           "data_origin": "live",
-           "device_cache_stale": false,
-           "device_id": "9",
-           "id": "9-122",
-           "lat": 53,
-           "lon": -7,
-           "source": null,
-           "speed": null,
-           "timestamp": "2026-04-06T01:00:00.000Z",
-         },
-         {
-           "accuracy": null,
-           "altitude": null,
-           "battery": null,
-           "cache_age_seconds": null,
-           "data_origin": "live",
-           "device_cache_stale": false,
-           "device_id": "9",
-           "id": "9-123",
-           "lat": 53,
-           "lon": -7,
-           "source": null,
-           "speed": null,
-           "timestamp": "2026-04-06T01:00:00.000Z",
-         },
-         {
-           "accuracy": null,
-           "altitude": null,
-           "battery": null,
-           "cache_age_seconds": null,
-           "data_origin": "live",
-           "device_cache_stale": false,
-           "device_id": "9",
-           "id": "9-124",
-           "lat": 53,
-           "lon": -7,
-           "source": null,
-           "speed": null,
-           "timestamp": "2026-04-06T01:00:00.000Z",
-         },
-         {
-           "accuracy": null,
-           "altitude": null,
-           "battery": null,
-           "cache_age_seconds": null,
-           "data_origin": "live",
-           "device_cache_stale": false,
-           "device_id": "9",
-           "id": "9-125",
-           "lat": 53,
-           "lon": -7,
-           "source": null,
-           "speed": null,
-           "timestamp": "2026-04-06T01:00:00.000Z",
-         },
-         {
-           "accuracy": null,
-           "altitude": null,
-           "battery": null,
-           "cache_age_seconds": null,
-           "data_origin": "live",
-           "device_cache_stale": false,
-           "device_id": "9",
-           "id": "9-126",
-           "lat": 53,
-           "lon": -7,
-           "source": null,
-           "speed": null,
-           "timestamp": "2026-04-06T01:00:00.000Z",
-         },
-         {
-           "accuracy": null,
-           "altitude": null,
-           "battery": null,
-           "cache_age_seconds": null,
-           "data_origin": "live",
-           "device_cache_stale": false,
-           "device_id": "9",
-           "id": "9-127",
-           "lat": 53,
-           "lon": -7,
-           "source": null,
-           "speed": null,
-           "timestamp": "2026-04-06T01:00:00.000Z",
-         },
-         {
-           "accuracy": null,
-           "altitude": null,
-           "battery": null,
-           "cache_age_seconds": null,
-           "data_origin": "live",
-           "device_cache_stale": false,
-           "device_id": "9",
-           "id": "9-128",
-           "lat": 53,
-           "lon": -7,
-           "source": null,
-           "speed": null,
-           "timestamp": "2026-04-06T01:00:00.000Z",
-         },
-         {
-           "accuracy": null,
-           "altitude": null,
-           "battery": null,
-           "cache_age_seconds": null,
-           "data_origin": "live",
-           "device_cache_stale": false,
-           "device_id": "9",
-           "id": "9-129",
-           "lat": 53,
-           "lon": -7,
-           "source": null,
-           "speed": null,
-           "timestamp": "2026-04-06T01:00:00.000Z",
-         },
-         {
-           "accuracy": null,
-           "altitude": null,
-           "battery": null,
-           "cache_age_seconds": null,
-           "data_origin": "live",
-           "device_cache_stale": false,
-           "device_id": "9",
-           "id": "9-130",
-           "lat": 53,
-           "lon": -7,
-           "source": null,
-           "speed": null,
-           "timestamp": "2026-04-06T01:00:00.000Z",
-         },
-         {
-           "accuracy": null,
-           "altitude": null,
-           "battery": null,
-           "cache_age_seconds": null,
-           "data_origin": "live",
-           "device_cache_stale": false,
-           "device_id": "9",
-           "id": "9-131",
-           "lat": 53,
-           "lon": -7,
-           "source": null,
-           "speed": null,
-           "timestamp": "2026-04-06T01:00:00.000Z",
-         },
-         {
-           "accuracy": null,
-           "altitude": null,
-           "battery": null,
-           "cache_age_seconds": null,
-           "data_origin": "live",
-           "device_cache_stale": false,
-           "device_id": "9",
-           "id": "9-132",
-           "lat": 53,
-           "lon": -7,
-           "source": null,
-           "speed": null,
-           "timestamp": "2026-04-06T01:00:00.000Z",
-         },
-         {
-           "accuracy": null,
-           "altitude": null,
-           "battery": null,
-           "cache_age_seconds": null,
-           "data_origin": "live",
-           "device_cache_stale": false,
-           "device_id": "9",
-           "id": "9-133",
-           "lat": 53,
-           "lon": -7,
-           "source": null,
-           "speed": null,
-           "timestamp": "2026-04-06T01:00:00.000Z",
-         },
-         {
-           "accuracy": null,
-           "altitude": null,
-           "battery": null,
-           "cache_age_seconds": null,
-           "data_origin": "live",
-           "device_cache_stale": false,
-           "device_id": "9",
-           "id": "9-134",
-           "lat": 53,
-           "lon": -7,
-           "source": null,
-           "speed": null,
-           "timestamp": "2026-04-06T01:00:00.000Z",
-         },
-         {
-           "accuracy": null,
-           "altitude": null,
-           "battery": null,
-           "cache_age_seconds": null,
-           "data_origin": "live",
-           "device_cache_stale": false,
-           "device_id": "9",
-           "id": "9-135",
-           "lat": 53,
-           "lon": -7,
-           "source": null,
-           "speed": null,
-           "timestamp": "2026-04-06T01:00:00.000Z",
-         },
-         {
-           "accuracy": null,
-           "altitude": null,
-           "battery": null,
-           "cache_age_seconds": null,
-           "data_origin": "live",
-           "device_cache_stale": false,
-           "device_id": "9",
-           "id": "9-136",
-           "lat": 53,
-           "lon": -7,
-           "source": null,
-           "speed": null,
-           "timestamp": "2026-04-06T01:00:00.000Z",
-         },
-         {
-           "accuracy": null,
-           "altitude": null,
-           "battery": null,
-           "cache_age_seconds": null,
-           "data_origin": "live",
-           "device_cache_stale": false,
-           "device_id": "9",
-           "id": "9-137",
-           "lat": 53,
-           "lon": -7,
-           "source": null,
-           "speed": null,
-           "timestamp": "2026-04-06T01:00:00.000Z",
-         },
-         {
-           "accuracy": null,
-           "altitude": null,
-           "battery": null,
-           "cache_age_seconds": null,
-           "data_origin": "live",
-           "device_cache_stale": false,
-           "device_id": "9",
-           "id": "9-138",
-           "lat": 53,
-           "lon": -7,
-           "source": null,
-           "speed": null,
-           "timestamp": "2026-04-06T01:00:00.000Z",
-         },
-         {
-           "accuracy": null,
-           "altitude": null,
-           "battery": null,
-           "cache_age_seconds": null,
-           "data_origin": "live",
-           "device_cache_stale": false,
-           "device_id": "9",
-           "id": "9-139",
-           "lat": 53,
-           "lon": -7,
-           "source": null,
-           "speed": null,
-           "timestamp": "2026-04-06T01:00:00.000Z",
-         },
-         {
-           "accuracy": null,
-           "altitude": null,
-           "battery": null,
-           "cache_age_seconds": null,
-           "data_origin": "live",
-           "device_cache_stale": false,
-           "device_id": "9",
-           "id": "9-140",
-           "lat": 53,
-           "lon": -7,
-           "source": null,
-           "speed": null,
-           "timestamp": "2026-04-06T01:00:00.000Z",
-         },
-         {
-           "accuracy": null,
-           "altitude": null,
-           "battery": null,
-           "cache_age_seconds": null,
-           "data_origin": "live",
-           "device_cache_stale": false,
-           "device_id": "9",
-           "id": "9-141",
-           "lat": 53,
-           "lon": -7,
-           "source": null,
-           "speed": null,
-           "timestamp": "2026-04-06T01:00:00.000Z",
-         },
-         {
-           "accuracy": null,
-           "altitude": null,
-           "battery": null,
-           "cache_age_seconds": null,
-           "data_origin": "live",
-           "device_cache_stale": false,
-           "device_id": "9",
-           "id": "9-142",
-           "lat": 53,
-           "lon": -7,
-           "source": null,
-           "speed": null,
-           "timestamp": "2026-04-06T01:00:00.000Z",
-         },
-         {
-           "accuracy": null,
-           "altitude": null,
-           "battery": null,
-           "cache_age_seconds": null,
-           "data_origin": "live",
-           "device_cache_stale": false,
-           "device_id": "9",
-           "id": "9-143",
-           "lat": 53,
-           "lon": -7,
-           "source": null,
-           "speed": null,
-           "timestamp": "2026-04-06T01:00:00.000Z",
-         },
-         {
-           "accuracy": null,
-           "altitude": null,
-           "battery": null,
-           "cache_age_seconds": null,
-           "data_origin": "live",
-           "device_cache_stale": false,
-           "device_id": "9",
-           "id": "9-144",
-           "lat": 53,
-           "lon": -7,
-           "source": null,
-           "speed": null,
-           "timestamp": "2026-04-06T01:00:00.000Z",
-         },
-         {
-           "accuracy": null,
-           "altitude": null,
-           "battery": null,
-           "cache_age_seconds": null,
-           "data_origin": "live",
-           "device_cache_stale": false,
-           "device_id": "9",
-           "id": "9-145",
-           "lat": 53,
-           "lon": -7,
-           "source": null,
-           "speed": null,
-           "timestamp": "2026-04-06T01:00:00.000Z",
-         },
-         {
-           "accuracy": null,
-           "altitude": null,
-           "battery": null,
-           "cache_age_seconds": null,
-           "data_origin": "live",
-           "device_cache_stale": false,
-           "device_id": "9",
-           "id": "9-146",
-           "lat": 53,
-           "lon": -7,
-           "source": null,
-           "speed": null,
-           "timestamp": "2026-04-06T01:00:00.000Z",
-         },
-         {
-           "accuracy": null,
-           "altitude": null,
-           "battery": null,
-           "cache_age_seconds": null,
-           "data_origin": "live",
-           "device_cache_stale": false,
-           "device_id": "9",
-           "id": "9-147",
-           "lat": 53,
-           "lon": -7,
-           "source": null,
-           "speed": null,
-           "timestamp": "2026-04-06T01:00:00.000Z",
-         },
-         {
-           "accuracy": null,
-           "altitude": null,
-           "battery": null,
-           "cache_age_seconds": null,
-           "data_origin": "live",
-           "device_cache_stale": false,
-           "device_id": "9",
-           "id": "9-148",
-           "lat": 53,
-           "lon": -7,
-           "source": null,
-           "speed": null,
-           "timestamp": "2026-04-06T01:00:00.000Z",
-         },
-         {
-           "accuracy": null,
-           "altitude": null,
-           "battery": null,
-           "cache_age_seconds": null,
-           "data_origin": "live",
-           "device_cache_stale": false,
-           "device_id": "9",
-           "id": "9-149",
-           "lat": 53,
-           "lon": -7,
-           "source": null,
-           "speed": null,
-           "timestamp": "2026-04-06T01:00:00.000Z",
-         },
-         {
-           "accuracy": null,
-           "altitude": null,
-           "battery": null,
-           "cache_age_seconds": null,
-           "data_origin": "live",
-           "device_cache_stale": false,
-           "device_id": "9",
-           "id": "9-150",
-           "lat": 53,
-           "lon": -7,
-           "source": null,
-           "speed": null,
-           "timestamp": "2026-04-06T01:00:00.000Z",
-         },
-         {
-           "accuracy": null,
-           "altitude": null,
-           "battery": null,
-           "cache_age_seconds": null,
-           "data_origin": "live",
-           "device_cache_stale": false,
-           "device_id": "9",
-           "id": "9-151",
-           "lat": 53,
-           "lon": -7,
-           "source": null,
-           "speed": null,
-           "timestamp": "2026-04-06T01:00:00.000Z",
-         },
-         {
-           "accuracy": null,
-           "altitude": null,
-           "battery": null,
-           "cache_age_seconds": null,
-           "data_origin": "live",
-           "device_cache_stale": false,
-           "device_id": "9",
-           "id": "9-152",
-           "lat": 53,
-           "lon": -7,
-           "source": null,
-           "speed": null,
-           "timestamp": "2026-04-06T01:00:00.000Z",
-         },
-         {
-           "accuracy": null,
-           "altitude": null,
-           "battery": null,
-           "cache_age_seconds": null,
-           "data_origin": "live",
-           "device_cache_stale": false,
-           "device_id": "9",
-           "id": "9-153",
-           "lat": 53,
-           "lon": -7,
-           "source": null,
-           "speed": null,
-           "timestamp": "2026-04-06T01:00:00.000Z",
-         },
-         {
-           "accuracy": null,
-           "altitude": null,
-           "battery": null,
-           "cache_age_seconds": null,
-           "data_origin": "live",
-           "device_cache_stale": false,
-           "device_id": "9",
-           "id": "9-154",
-           "lat": 53,
-           "lon": -7,
-           "source": null,
-           "speed": null,
-           "timestamp": "2026-04-06T01:00:00.000Z",
-         },
-         {
-           "accuracy": null,
-           "altitude": null,
-           "battery": null,
-           "cache_age_seconds": null,
-           "data_origin": "live",
-           "device_cache_stale": false,
-           "device_id": "9",
-           "id": "9-155",
-           "lat": 53,
-           "lon": -7,
-           "source": null,
-           "speed": null,
-           "timestamp": "2026-04-06T01:00:00.000Z",
-         },
-         {
-           "accuracy": null,
-           "altitude": null,
-           "battery": null,
-           "cache_age_seconds": null,
-           "data_origin": "live",
-           "device_cache_stale": false,
-           "device_id": "9",
-           "id": "9-156",
-           "lat": 53,
-           "lon": -7,
-           "source": null,
-           "speed": null,
-           "timestamp": "2026-04-06T01:00:00.000Z",
-         },
-         {
-           "accuracy": null,
-           "altitude": null,
-           "battery": null,
-           "cache_age_seconds": null,
-           "data_origin": "live",
-           "device_cache_stale": false,
-           "device_id": "9",
-           "id": "9-157",
-           "lat": 53,
-           "lon": -7,
-           "source": null,
-           "speed": null,
-           "timestamp": "2026-04-06T01:00:00.000Z",
-         },
-         {
-           "accuracy": null,
-           "altitude": null,
-           "battery": null,
-           "cache_age_seconds": null,
-           "data_origin": "live",
-           "device_cache_stale": false,
-           "device_id": "9",
-           "id": "9-158",
-           "lat": 53,
-           "lon": -7,
-           "source": null,
-           "speed": null,
-           "timestamp": "2026-04-06T01:00:00.000Z",
-         },
-         {
-           "accuracy": null,
-           "altitude": null,
-           "battery": null,
-           "cache_age_seconds": null,
-           "data_origin": "live",
-           "device_cache_stale": false,
-           "device_id": "9",
-           "id": "9-159",
-           "lat": 53,
-           "lon": -7,
-           "source": null,
-           "speed": null,
-           "timestamp": "2026-04-06T01:00:00.000Z",
-         },
-         {
-           "accuracy": null,
-           "altitude": null,
-           "battery": null,
-           "cache_age_seconds": null,
-           "data_origin": "live",
-           "device_cache_stale": false,
-           "device_id": "9",
-           "id": "9-160",
-           "lat": 53,
-           "lon": -7,
-           "source": null,
-           "speed": null,
-           "timestamp": "2026-04-06T01:00:00.000Z",
-         },
-         {
-           "accuracy": null,
-           "altitude": null,
-           "battery": null,
-           "cache_age_seconds": null,
-           "data_origin": "live",
-           "device_cache_stale": false,
-           "device_id": "9",
-           "id": "9-161",
-           "lat": 53,
-           "lon": -7,
-           "source": null,
-           "speed": null,
-           "timestamp": "2026-04-06T01:00:00.000Z",
-         },
-         {
-           "accuracy": null,
-           "altitude": null,
-           "battery": null,
-           "cache_age_seconds": null,
-           "data_origin": "live",
-           "device_cache_stale": false,
-           "device_id": "9",
-           "id": "9-162",
-           "lat": 53,
-           "lon": -7,
-           "source": null,
-           "speed": null,
-           "timestamp": "2026-04-06T01:00:00.000Z",
-         },
-         {
-           "accuracy": null,
-           "altitude": null,
-           "battery": null,
-           "cache_age_seconds": null,
-           "data_origin": "live",
-           "device_cache_stale": false,
-           "device_id": "9",
-           "id": "9-163",
-           "lat": 53,
-           "lon": -7,
-           "source": null,
-           "speed": null,
-           "timestamp": "2026-04-06T01:00:00.000Z",
-         },
-         {
-           "accuracy": null,
-           "altitude": null,
-           "battery": null,
-           "cache_age_seconds": null,
-           "data_origin": "live",
-           "device_cache_stale": false,
-           "device_id": "9",
-           "id": "9-164",
-           "lat": 53,
-           "lon": -7,
-           "source": null,
-           "speed": null,
-           "timestamp": "2026-04-06T01:00:00.000Z",
-         },
-         {
-           "accuracy": null,
-           "altitude": null,
-           "battery": null,
-           "cache_age_seconds": null,
-           "data_origin": "live",
-           "device_cache_stale": false,
-           "device_id": "9",
-           "id": "9-165",
-           "lat": 53,
-           "lon": -7,
-           "source": null,
-           "speed": null,
-           "timestamp": "2026-04-06T01:00:00.000Z",
-         },
-         {
-           "accuracy": null,
-           "altitude": null,
-           "battery": null,
-           "cache_age_seconds": null,
-           "data_origin": "live",
-           "device_cache_stale": false,
-           "device_id": "9",
-           "id": "9-166",
-           "lat": 53,
-           "lon": -7,
-           "source": null,
-           "speed": null,
-           "timestamp": "2026-04-06T01:00:00.000Z",
-         },
-         {
-           "accuracy": null,
-           "altitude": null,
-           "battery": null,
-           "cache_age_seconds": null,
-           "data_origin": "live",
-           "device_cache_stale": false,
-           "device_id": "9",
-           "id": "9-167",
-           "lat": 53,
-           "lon": -7,
-           "source": null,
-           "speed": null,
-           "timestamp": "2026-04-06T01:00:00.000Z",
-         },
-         {
-           "accuracy": null,
-           "altitude": null,
-           "battery": null,
-           "cache_age_seconds": null,
-           "data_origin": "live",
-           "device_cache_stale": false,
-           "device_id": "9",
-           "id": "9-168",
-           "lat": 53,
-           "lon": -7,
-           "source": null,
-           "speed": null,
-           "timestamp": "2026-04-06T01:00:00.000Z",
-         },
-         {
-           "accuracy": null,
-           "altitude": null,
-           "battery": null,
-           "cache_age_seconds": null,
-           "data_origin": "live",
-           "device_cache_stale": false,
-           "device_id": "9",
-           "id": "9-169",
-           "lat": 53,
-           "lon": -7,
-           "source": null,
-           "speed": null,
-           "timestamp": "2026-04-06T01:00:00.000Z",
-         },
-         {
-           "accuracy": null,
-           "altitude": null,
-           "battery": null,
-           "cache_age_seconds": null,
-           "data_origin": "live",
-           "device_cache_stale": false,
-           "device_id": "9",
-           "id": "9-170",
-           "lat": 53,
-           "lon": -7,
-           "source": null,
-           "speed": null,
-           "timestamp": "2026-04-06T01:00:00.000Z",
-         },
-         {
-           "accuracy": null,
-           "altitude": null,
-           "battery": null,
-           "cache_age_seconds": null,
-           "data_origin": "live",
-           "device_cache_stale": false,
-           "device_id": "9",
-           "id": "9-171",
-           "lat": 53,
-           "lon": -7,
-           "source": null,
-           "speed": null,
-           "timestamp": "2026-04-06T01:00:00.000Z",
-         },
-         {
-           "accuracy": null,
-           "altitude": null,
-           "battery": null,
-           "cache_age_seconds": null,
-           "data_origin": "live",
-           "device_cache_stale": false,
-           "device_id": "9",
-           "id": "9-172",
-           "lat": 53,
-           "lon": -7,
-           "source": null,
-           "speed": null,
-           "timestamp": "2026-04-06T01:00:00.000Z",
-         },
-         {
-           "accuracy": null,
-           "altitude": null,
-           "battery": null,
-           "cache_age_seconds": null,
-           "data_origin": "live",
-           "device_cache_stale": false,
-           "device_id": "9",
-           "id": "9-173",
-           "lat": 53,
-           "lon": -7,
-           "source": null,
-           "speed": null,
-           "timestamp": "2026-04-06T01:00:00.000Z",
-         },
-         {
-           "accuracy": null,
-           "altitude": null,
-           "battery": null,
-           "cache_age_seconds": null,
-           "data_origin": "live",
-           "device_cache_stale": false,
-           "device_id": "9",
-           "id": "9-174",
-           "lat": 53,
-           "lon": -7,
-           "source": null,
-           "speed": null,
-           "timestamp": "2026-04-06T01:00:00.000Z",
-         },
-         {
-           "accuracy": null,
-           "altitude": null,
-           "battery": null,
-           "cache_age_seconds": null,
-           "data_origin": "live",
-           "device_cache_stale": false,
-           "device_id": "9",
-           "id": "9-175",
-           "lat": 53,
-           "lon": -7,
-           "source": null,
-           "speed": null,
-           "timestamp": "2026-04-06T01:00:00.000Z",
-         },
-         {
-           "accuracy": null,
-           "altitude": null,
-           "battery": null,
-           "cache_age_seconds": null,
-           "data_origin": "live",
-           "device_cache_stale": false,
-           "device_id": "9",
-           "id": "9-176",
-           "lat": 53,
-           "lon": -7,
-           "source": null,
-           "speed": null,
-           "timestamp": "2026-04-06T01:00:00.000Z",
-         },
-         {
-           "accuracy": null,
-           "altitude": null,
-           "battery": null,
-           "cache_age_seconds": null,
-           "data_origin": "live",
-           "device_cache_stale": false,
-           "device_id": "9",
-           "id": "9-177",
-           "lat": 53,
-           "lon": -7,
-           "source": null,
-           "speed": null,
-           "timestamp": "2026-04-06T01:00:00.000Z",
-         },
-         {
-           "accuracy": null,
-           "altitude": null,
-           "battery": null,
-           "cache_age_seconds": null,
-           "data_origin": "live",
-           "device_cache_stale": false,
-           "device_id": "9",
-           "id": "9-178",
-           "lat": 53,
-           "lon": -7,
-           "source": null,
-           "speed": null,
-           "timestamp": "2026-04-06T01:00:00.000Z",
-         },
-         {
-           "accuracy": null,
-           "altitude": null,
-           "battery": null,
-           "cache_age_seconds": null,
-           "data_origin": "live",
-           "device_cache_stale": false,
-           "device_id": "9",
-           "id": "9-179",
-           "lat": 53,
-           "lon": -7,
-           "source": null,
-           "speed": null,
-           "timestamp": "2026-04-06T01:00:00.000Z",
-         },
-         {
-           "accuracy": null,
-           "altitude": null,
-           "battery": null,
-           "cache_age_seconds": null,
-           "data_origin": "live",
-           "device_cache_stale": false,
-           "device_id": "9",
-           "id": "9-180",
-           "lat": 53,
-           "lon": -7,
-           "source": null,
-           "speed": null,
-           "timestamp": "2026-04-06T01:00:00.000Z",
-         },
-         {
-           "accuracy": null,
-           "altitude": null,
-           "battery": null,
-           "cache_age_seconds": null,
-           "data_origin": "live",
-           "device_cache_stale": false,
-           "device_id": "9",
-           "id": "9-181",
-           "lat": 53,
-           "lon": -7,
-           "source": null,
-           "speed": null,
-           "timestamp": "2026-04-06T01:00:00.000Z",
-         },
-         {
-           "accuracy": null,
-           "altitude": null,
-           "battery": null,
-           "cache_age_seconds": null,
-           "data_origin": "live",
-           "device_cache_stale": false,
-           "device_id": "9",
-           "id": "9-182",
-           "lat": 53,
-           "lon": -7,
-           "source": null,
-           "speed": null,
-           "timestamp": "2026-04-06T01:00:00.000Z",
-         },
-         {
-           "accuracy": null,
-           "altitude": null,
-           "battery": null,
-           "cache_age_seconds": null,
-           "data_origin": "live",
-           "device_cache_stale": false,
-           "device_id": "9",
-           "id": "9-183",
-           "lat": 53,
-           "lon": -7,
-           "source": null,
-           "speed": null,
-           "timestamp": "2026-04-06T01:00:00.000Z",
-         },
-         {
-           "accuracy": null,
-           "altitude": null,
-           "battery": null,
-           "cache_age_seconds": null,
-           "data_origin": "live",
-           "device_cache_stale": false,
-           "device_id": "9",
-           "id": "9-184",
-           "lat": 53,
-           "lon": -7,
-           "source": null,
-           "speed": null,
-           "timestamp": "2026-04-06T01:00:00.000Z",
-         },
-         {
-           "accuracy": null,
-           "altitude": null,
-           "battery": null,
-           "cache_age_seconds": null,
-           "data_origin": "live",
-           "device_cache_stale": false,
-           "device_id": "9",
-           "id": "9-185",
-           "lat": 53,
-           "lon": -7,
-           "source": null,
-           "speed": null,
-           "timestamp": "2026-04-06T01:00:00.000Z",
-         },
-         {
-           "accuracy": null,
-           "altitude": null,
-           "battery": null,
-           "cache_age_seconds": null,
-           "data_origin": "live",
-           "device_cache_stale": false,
-           "device_id": "9",
-           "id": "9-186",
-           "lat": 53,
-           "lon": -7,
-           "source": null,
-           "speed": null,
-           "timestamp": "2026-04-06T01:00:00.000Z",
-         },
-         {
-           "accuracy": null,
-           "altitude": null,
-           "battery": null,
-           "cache_age_seconds": null,
-           "data_origin": "live",
-           "device_cache_stale": false,
-           "device_id": "9",
-           "id": "9-187",
-           "lat": 53,
-           "lon": -7,
-           "source": null,
-           "speed": null,
-           "timestamp": "2026-04-06T01:00:00.000Z",
-         },
-         {
-           "accuracy": null,
-           "altitude": null,
-           "battery": null,
-           "cache_age_seconds": null,
-           "data_origin": "live",
-           "device_cache_stale": false,
-           "device_id": "9",
-           "id": "9-188",
-           "lat": 53,
-           "lon": -7,
-           "source": null,
-           "speed": null,
-           "timestamp": "2026-04-06T01:00:00.000Z",
-         },
-         {
-           "accuracy": null,
-           "altitude": null,
-           "battery": null,
-           "cache_age_seconds": null,
-           "data_origin": "live",
-           "device_cache_stale": false,
-           "device_id": "9",
-           "id": "9-189",
-           "lat": 53,
-           "lon": -7,
-           "source": null,
-           "speed": null,
-           "timestamp": "2026-04-06T01:00:00.000Z",
-         },
-         {
-           "accuracy": null,
-           "altitude": null,
-           "battery": null,
-           "cache_age_seconds": null,
-           "data_origin": "live",
-           "device_cache_stale": false,
-           "device_id": "9",
-           "id": "9-190",
-           "lat": 53,
-           "lon": -7,
-           "source": null,
-           "speed": null,
-           "timestamp": "2026-04-06T01:00:00.000Z",
-         },
-         {
-           "accuracy": null,
-           "altitude": null,
-           "battery": null,
-           "cache_age_seconds": null,
-           "data_origin": "live",
-           "device_cache_stale": false,
-           "device_id": "9",
-           "id": "9-191",
-           "lat": 53,
-           "lon": -7,
-           "source": null,
-           "speed": null,
-           "timestamp": "2026-04-06T01:00:00.000Z",
-         },
-         {
-           "accuracy": null,
-           "altitude": null,
-           "battery": null,
-           "cache_age_seconds": null,
-           "data_origin": "live",
-           "device_cache_stale": false,
-           "device_id": "9",
-           "id": "9-192",
-           "lat": 53,
-           "lon": -7,
-           "source": null,
-           "speed": null,
-           "timestamp": "2026-04-06T01:00:00.000Z",
-         },
-         {
-           "accuracy": null,
-           "altitude": null,
-           "battery": null,
-           "cache_age_seconds": null,
-           "data_origin": "live",
-           "device_cache_stale": false,
-           "device_id": "9",
-           "id": "9-193",
-           "lat": 53,
-           "lon": -7,
-           "source": null,
-           "speed": null,
-           "timestamp": "2026-04-06T01:00:00.000Z",
-         },
-         {
-           "accuracy": null,
-           "altitude": null,
-           "battery": null,
-           "cache_age_seconds": null,
-           "data_origin": "live",
-           "device_cache_stale": false,
-           "device_id": "9",
-           "id": "9-194",
-           "lat": 53,
-           "lon": -7,
-           "source": null,
-           "speed": null,
-           "timestamp": "2026-04-06T01:00:00.000Z",
-         },
-         {
-           "accuracy": null,
-           "altitude": null,
-           "battery": null,
-           "cache_age_seconds": null,
-           "data_origin": "live",
-           "device_cache_stale": false,
-           "device_id": "9",
-           "id": "9-195",
-           "lat": 53,
-           "lon": -7,
-           "source": null,
-           "speed": null,
-           "timestamp": "2026-04-06T01:00:00.000Z",
-         },
-         {
-           "accuracy": null,
-           "altitude": null,
-           "battery": null,
-           "cache_age_seconds": null,
-           "data_origin": "live",
-           "device_cache_stale": false,
-           "device_id": "9",
-           "id": "9-196",
-           "lat": 53,
-           "lon": -7,
-           "source": null,
-           "speed": null,
-           "timestamp": "2026-04-06T01:00:00.000Z",
-         },
-         {
-           "accuracy": null,
-           "altitude": null,
-           "battery": null,
-           "cache_age_seconds": null,
-           "data_origin": "live",
-           "device_cache_stale": false,
-           "device_id": "9",
-           "id": "9-197",
-           "lat": 53,
-           "lon": -7,
-           "source": null,
-           "speed": null,
-           "timestamp": "2026-04-06T01:00:00.000Z",
-         },
-         {
-           "accuracy": null,
-           "altitude": null,
-           "battery": null,
-           "cache_age_seconds": null,
-           "data_origin": "live",
-           "device_cache_stale": false,
-           "device_id": "9",
-           "id": "9-198",
-           "lat": 53,
-           "lon": -7,
-           "source": null,
-           "speed": null,
-           "timestamp": "2026-04-06T01:00:00.000Z",
-         },
-         {
-           "accuracy": null,
-           "altitude": null,
-           "battery": null,
-           "cache_age_seconds": null,
-           "data_origin": "live",
-           "device_cache_stale": false,
-           "device_id": "9",
-           "id": "9-199",
-           "lat": 53,
-           "lon": -7,
-           "source": null,
-           "speed": null,
-           "timestamp": "2026-04-06T01:00:00.000Z",
-         },
-         {
-           "accuracy": null,
-           "altitude": null,
-           "battery": null,
-           "cache_age_seconds": null,
-           "data_origin": "live",
-           "device_cache_stale": false,
-           "device_id": "9",
-           "id": "9-200",
-           "lat": 53,
-           "lon": -7,
-           "source": null,
-           "speed": null,
-           "timestamp": "2026-04-06T01:00:00.000Z",
-         },
-         {
-           "accuracy": null,
-           "altitude": null,
-           "battery": null,
-           "cache_age_seconds": null,
-           "data_origin": "live",
-           "device_cache_stale": false,
-           "device_id": "9",
-           "id": "9-201",
-           "lat": 53,
-           "lon": -7,
-           "source": null,
-           "speed": null,
-           "timestamp": "2026-04-06T01:00:00.000Z",
-         },
-         {
-           "accuracy": null,
-           "altitude": null,
-           "battery": null,
-           "cache_age_seconds": null,
-           "data_origin": "live",
-           "device_cache_stale": false,
-           "device_id": "9",
-           "id": "9-202",
-           "lat": 53,
-           "lon": -7,
-           "source": null,
-           "speed": null,
-           "timestamp": "2026-04-06T01:00:00.000Z",
-         },
-         {
-           "accuracy": null,
-           "altitude": null,
-           "battery": null,
-           "cache_age_seconds": null,
-           "data_origin": "live",
-           "device_cache_stale": false,
-           "device_id": "9",
-           "id": "9-203",
-           "lat": 53,
-           "lon": -7,
-           "source": null,
-           "speed": null,
-           "timestamp": "2026-04-06T01:00:00.000Z",
-         },
-         {
-           "accuracy": null,
-           "altitude": null,
-           "battery": null,
-           "cache_age_seconds": null,
-           "data_origin": "live",
-           "device_cache_stale": false,
-           "device_id": "9",
-           "id": "9-204",
-           "lat": 53,
-           "lon": -7,
-           "source": null,
-           "speed": null,
-           "timestamp": "2026-04-06T01:00:00.000Z",
-         },
-         {
-           "accuracy": null,
-           "altitude": null,
-           "battery": null,
-           "cache_age_seconds": null,
-           "data_origin": "live",
-           "device_cache_stale": false,
-           "device_id": "9",
-           "id": "9-205",
-           "lat": 53,
-           "lon": -7,
-           "source": null,
-           "speed": null,
-           "timestamp": "2026-04-06T01:00:00.000Z",
-         },
-         {
-           "accuracy": null,
-           "altitude": null,
-           "battery": null,
-           "cache_age_seconds": null,
-           "data_origin": "live",
-           "device_cache_stale": false,
-           "device_id": "9",
-           "id": "9-206",
-           "lat": 53,
-           "lon": -7,
-           "source": null,
-           "speed": null,
-           "timestamp": "2026-04-06T01:00:00.000Z",
-         },
-         {
-           "accuracy": null,
-           "altitude": null,
-           "battery": null,
-           "cache_age_seconds": null,
-           "data_origin": "live",
-           "device_cache_stale": false,
-           "device_id": "9",
-           "id": "9-207",
-           "lat": 53,
-           "lon": -7,
-           "source": null,
-           "speed": null,
-           "timestamp": "2026-04-06T01:00:00.000Z",
-         },
-         {
-           "accuracy": null,
-           "altitude": null,
-           "battery": null,
-           "cache_age_seconds": null,
-           "data_origin": "live",
-           "device_cache_stale": false,
-           "device_id": "9",
-           "id": "9-208",
-           "lat": 53,
-           "lon": -7,
-           "source": null,
-           "speed": null,
-           "timestamp": "2026-04-06T01:00:00.000Z",
-         },
-         {
-           "accuracy": null,
-           "altitude": null,
-           "battery": null,
-           "cache_age_seconds": null,
-           "data_origin": "live",
-           "device_cache_stale": false,
-           "device_id": "9",
-           "id": "9-209",
-           "lat": 53,
-           "lon": -7,
-           "source": null,
-           "speed": null,
-           "timestamp": "2026-04-06T01:00:00.000Z",
-         },
-         {
-           "accuracy": null,
-           "altitude": null,
-           "battery": null,
-           "cache_age_seconds": null,
-           "data_origin": "live",
-           "device_cache_stale": false,
-           "device_id": "9",
-           "id": "9-210",
-           "lat": 53,
-           "lon": -7,
-           "source": null,
-           "speed": null,
-           "timestamp": "2026-04-06T01:00:00.000Z",
-         },
-         {
-           "accuracy": null,
-           "altitude": null,
-           "battery": null,
-           "cache_age_seconds": null,
-           "data_origin": "live",
-           "device_cache_stale": false,
-           "device_id": "9",
-           "id": "9-211",
-           "lat": 53,
-           "lon": -7,
-           "source": null,
-           "speed": null,
-           "timestamp": "2026-04-06T01:00:00.000Z",
-         },
-         {
-           "accuracy": null,
-           "altitude": null,
-           "battery": null,
-           "cache_age_seconds": null,
-           "data_origin": "live",
-           "device_cache_stale": false,
-           "device_id": "9",
-           "id": "9-212",
-           "lat": 53,
-           "lon": -7,
-           "source": null,
-           "speed": null,
-           "timestamp": "2026-04-06T01:00:00.000Z",
-         },
-         {
-           "accuracy": null,
-           "altitude": null,
-           "battery": null,
-           "cache_age_seconds": null,
-           "data_origin": "live",
-           "device_cache_stale": false,
-           "device_id": "9",
-           "id": "9-213",
-           "lat": 53,
-           "lon": -7,
-           "source": null,
-           "speed": null,
-           "timestamp": "2026-04-06T01:00:00.000Z",
-         },
-         {
-           "accuracy": null,
-           "altitude": null,
-           "battery": null,
-           "cache_age_seconds": null,
-           "data_origin": "live",
-           "device_cache_stale": false,
-           "device_id": "9",
-           "id": "9-214",
-           "lat": 53,
-           "lon": -7,
-           "source": null,
-           "speed": null,
-           "timestamp": "2026-04-06T01:00:00.000Z",
-         },
-         {
-           "accuracy": null,
-           "altitude": null,
-           "battery": null,
-           "cache_age_seconds": null,
-           "data_origin": "live",
-           "device_cache_stale": false,
-           "device_id": "9",
-           "id": "9-215",
-           "lat": 53,
-           "lon": -7,
-           "source": null,
-           "speed": null,
-           "timestamp": "2026-04-06T01:00:00.000Z",
-         },
-         {
-           "accuracy": null,
-           "altitude": null,
-           "battery": null,
-           "cache_age_seconds": null,
-           "data_origin": "live",
-           "device_cache_stale": false,
-           "device_id": "9",
-           "id": "9-216",
-           "lat": 53,
-           "lon": -7,
-           "source": null,
-           "speed": null,
-           "timestamp": "2026-04-06T01:00:00.000Z",
-         },
-         {
-           "accuracy": null,
-           "altitude": null,
-           "battery": null,
-           "cache_age_seconds": null,
-           "data_origin": "live",
-           "device_cache_stale": false,
-           "device_id": "9",
-           "id": "9-217",
-           "lat": 53,
-           "lon": -7,
-           "source": null,
-           "speed": null,
-           "timestamp": "2026-04-06T01:00:00.000Z",
-         },
-         {
-           "accuracy": null,
-           "altitude": null,
-           "battery": null,
-           "cache_age_seconds": null,
-           "data_origin": "live",
-           "device_cache_stale": false,
-           "device_id": "9",
-           "id": "9-218",
-           "lat": 53,
-           "lon": -7,
-           "source": null,
-           "speed": null,
-           "timestamp": "2026-04-06T01:00:00.000Z",
-         },
-         {
-           "accuracy": null,
-           "altitude": null,
-           "battery": null,
-           "cache_age_seconds": null,
-           "data_origin": "live",
-           "device_cache_stale": false,
-           "device_id": "9",
-           "id": "9-219",
-           "lat": 53,
-           "lon": -7,
-           "source": null,
-           "speed": null,
-           "timestamp": "2026-04-06T01:00:00.000Z",
-         },
-         {
-           "accuracy": null,
-           "altitude": null,
-           "battery": null,
-           "cache_age_seconds": null,
-           "data_origin": "live",
-           "device_cache_stale": false,
-           "device_id": "9",
-           "id": "9-220",
-           "lat": 53,
-           "lon": -7,
-           "source": null,
-           "speed": null,
-           "timestamp": "2026-04-06T01:00:00.000Z",
-         },
-         {
-           "accuracy": null,
-           "altitude": null,
-           "battery": null,
-           "cache_age_seconds": null,
-           "data_origin": "live",
-           "device_cache_stale": false,
-           "device_id": "9",
-           "id": "9-221",
-           "lat": 53,
-           "lon": -7,
-           "source": null,
-           "speed": null,
-           "timestamp": "2026-04-06T01:00:00.000Z",
-         },
-         {
-           "accuracy": null,
-           "altitude": null,
-           "battery": null,
-           "cache_age_seconds": null,
-           "data_origin": "live",
-           "device_cache_stale": false,
-           "device_id": "9",
-           "id": "9-222",
-           "lat": 53,
-           "lon": -7,
-           "source": null,
-           "speed": null,
-           "timestamp": "2026-04-06T01:00:00.000Z",
-         },
-         {
-           "accuracy": null,
-           "altitude": null,
-           "battery": null,
-           "cache_age_seconds": null,
-           "data_origin": "live",
-           "device_cache_stale": false,
-           "device_id": "9",
-           "id": "9-223",
-           "lat": 53,
-           "lon": -7,
-           "source": null,
-           "speed": null,
-           "timestamp": "2026-04-06T01:00:00.000Z",
-         },
-         {
-           "accuracy": null,
-           "altitude": null,
-           "battery": null,
-           "cache_age_seconds": null,
-           "data_origin": "live",
-           "device_cache_stale": false,
-           "device_id": "9",
-           "id": "9-224",
-           "lat": 53,
-           "lon": -7,
-           "source": null,
-           "speed": null,
-           "timestamp": "2026-04-06T01:00:00.000Z",
-         },
-         {
-           "accuracy": null,
-           "altitude": null,
-           "battery": null,
-           "cache_age_seconds": null,
-           "data_origin": "live",
-           "device_cache_stale": false,
-           "device_id": "9",
-           "id": "9-225",
-           "lat": 53,
-           "lon": -7,
-           "source": null,
-           "speed": null,
-           "timestamp": "2026-04-06T01:00:00.000Z",
-         },
-         {
-           "accuracy": null,
-           "altitude": null,
-           "battery": null,
-           "cache_age_seconds": null,
-           "data_origin": "live",
-           "device_cache_stale": false,
-           "device_id": "9",
-           "id": "9-226",
-           "lat": 53,
-           "lon": -7,
-           "source": null,
-           "speed": null,
-           "timestamp": "2026-04-06T01:00:00.000Z",
-         },
-         {
-           "accuracy": null,
-           "altitude": null,
-           "battery": null,
-           "cache_age_seconds": null,
-           "data_origin": "live",
-           "device_cache_stale": false,
-           "device_id": "9",
-           "id": "9-227",
-           "lat": 53,
-           "lon": -7,
-           "source": null,
-           "speed": null,
-           "timestamp": "2026-04-06T01:00:00.000Z",
-         },
-         {
-           "accuracy": null,
-           "altitude": null,
-           "battery": null,
-           "cache_age_seconds": null,
-           "data_origin": "live",
-           "device_cache_stale": false,
-           "device_id": "9",
-           "id": "9-228",
-           "lat": 53,
-           "lon": -7,
-           "source": null,
-           "speed": null,
-           "timestamp": "2026-04-06T01:00:00.000Z",
-         },
-         {
-           "accuracy": null,
-           "altitude": null,
-           "battery": null,
-           "cache_age_seconds": null,
-           "data_origin": "live",
-           "device_cache_stale": false,
-           "device_id": "9",
-           "id": "9-229",
-           "lat": 53,
-           "lon": -7,
-           "source": null,
-           "speed": null,
-           "timestamp": "2026-04-06T01:00:00.000Z",
-         },
-         {
-           "accuracy": null,
-           "altitude": null,
-           "battery": null,
-           "cache_age_seconds": null,
-           "data_origin": "live",
-           "device_cache_stale": false,
-           "device_id": "9",
-           "id": "9-230",
-           "lat": 53,
-           "lon": -7,
-           "source": null,
-           "speed": null,
-           "timestamp": "2026-04-06T01:00:00.000Z",
-         },
-         {
-           "accuracy": null,
-           "altitude": null,
-           "battery": null,
-           "cache_age_seconds": null,
-           "data_origin": "live",
-           "device_cache_stale": false,
-           "device_id": "9",
-           "id": "9-231",
-           "lat": 53,
-           "lon": -7,
-           "source": null,
-           "speed": null,
-           "timestamp": "2026-04-06T01:00:00.000Z",
-         },
-         {
-           "accuracy": null,
-           "altitude": null,
-           "battery": null,
-           "cache_age_seconds": null,
-           "data_origin": "live",
-           "device_cache_stale": false,
-           "device_id": "9",
-           "id": "9-232",
-           "lat": 53,
-           "lon": -7,
-           "source": null,
-           "speed": null,
-           "timestamp": "2026-04-06T01:00:00.000Z",
-         },
-         {
-           "accuracy": null,
-           "altitude": null,
-           "battery": null,
-           "cache_age_seconds": null,
-           "data_origin": "live",
-           "device_cache_stale": false,
-           "device_id": "9",
-           "id": "9-233",
-           "lat": 53,
-           "lon": -7,
-           "source": null,
-           "speed": null,
-           "timestamp": "2026-04-06T01:00:00.000Z",
-         },
-         {
-           "accuracy": null,
-           "altitude": null,
-           "battery": null,
-           "cache_age_seconds": null,
-           "data_origin": "live",
-           "device_cache_stale": false,
-           "device_id": "9",
-           "id": "9-234",
-           "lat": 53,
-           "lon": -7,
-           "source": null,
-           "speed": null,
-           "timestamp": "2026-04-06T01:00:00.000Z",
-         },
-         {
-           "accuracy": null,
-           "altitude": null,
-           "battery": null,
-           "cache_age_seconds": null,
-           "data_origin": "live",
-           "device_cache_stale": false,
-           "device_id": "9",
-           "id": "9-235",
-           "lat": 53,
-           "lon": -7,
-           "source": null,
-           "speed": null,
-           "timestamp": "2026-04-06T01:00:00.000Z",
-         },
-         {
-           "accuracy": null,
-           "altitude": null,
-           "battery": null,
-           "cache_age_seconds": null,
-           "data_origin": "live",
-           "device_cache_stale": false,
-           "device_id": "9",
-           "id": "9-236",
-           "lat": 53,
-           "lon": -7,
-           "source": null,
-           "speed": null,
-           "timestamp": "2026-04-06T01:00:00.000Z",
-         },
-         {
-           "accuracy": null,
-           "altitude": null,
-           "battery": null,
-           "cache_age_seconds": null,
-           "data_origin": "live",
-           "device_cache_stale": false,
-           "device_id": "9",
-           "id": "9-237",
-           "lat": 53,
-           "lon": -7,
-           "source": null,
-           "speed": null,
-           "timestamp": "2026-04-06T01:00:00.000Z",
-         },
-         {
-           "accuracy": null,
-           "altitude": null,
-           "battery": null,
-           "cache_age_seconds": null,
-           "data_origin": "live",
-           "device_cache_stale": false,
-           "device_id": "9",
-           "id": "9-238",
-           "lat": 53,
-           "lon": -7,
-           "source": null,
-           "speed": null,
-           "timestamp": "2026-04-06T01:00:00.000Z",
-         },
-         {
-           "accuracy": null,
-           "altitude": null,
-           "battery": null,
-           "cache_age_seconds": null,
-           "data_origin": "live",
-           "device_cache_stale": false,
-           "device_id": "9",
-           "id": "9-239",
-           "lat": 53,
-           "lon": -7,
-           "source": null,
-           "speed": null,
-           "timestamp": "2026-04-06T01:00:00.000Z",
-         },
-         {
-           "accuracy": null,
-           "altitude": null,
-           "battery": null,
-           "cache_age_seconds": null,
-           "data_origin": "live",
-           "device_cache_stale": false,
-           "device_id": "9",
-           "id": "9-240",
-           "lat": 53,
-           "lon": -7,
-           "source": null,
-           "speed": null,
-           "timestamp": "2026-04-06T01:00:00.000Z",
-         },
-       ],
-       "reconciledUntil": "2026-04-06T02:00:00.000Z",
-     },
-     {
-       "deviceId": "10",
-       "expectedMissionId": "mission-1",
-       "historyFrom": "2026-04-06T00:00:00.000Z",
-       "phase": "initial",
-       "positions": [
-         {
-           "accuracy": null,
-           "altitude": null,
-           "battery": null,
-           "cache_age_seconds": null,
-           "data_origin": "live",
-           "device_cache_stale": false,
-           "device_id": "10",
-           "id": "10-0",
-           "lat": 53,
-           "lon": -7,
-           "source": null,
-           "speed": null,
-           "timestamp": "2026-04-06T01:00:00.000Z",
-         },
-         {
-           "accuracy": null,
-           "altitude": null,
-           "battery": null,
-           "cache_age_seconds": null,
-           "data_origin": "live",
-           "device_cache_stale": false,
-           "device_id": "10",
-           "id": "10-1",
-           "lat": 53,
-           "lon": -7,
-           "source": null,
-           "speed": null,
-           "timestamp": "2026-04-06T01:00:00.000Z",
-         },
-         {
-           "accuracy": null,
-           "altitude": null,
-           "battery": null,
-           "cache_age_seconds": null,
-           "data_origin": "live",
-           "device_cache_stale": false,
-           "device_id": "10",
-           "id": "10-2",
-           "lat": 53,
-           "lon": -7,
-           "source": null,
-           "speed": null,
-           "timestamp": "2026-04-06T01:00:00.000Z",
-         },
-         {
-           "accuracy": null,
-           "altitude": null,
-           "battery": null,
-           "cache_age_seconds": null,
-           "data_origin": "live",
-           "device_cache_stale": false,
-           "device_id": "10",
-           "id": "10-3",
-           "lat": 53,
-           "lon": -7,
-           "source": null,
-           "speed": null,
-           "timestamp": "2026-04-06T01:00:00.000Z",
-         },
-         {
-           "accuracy": null,
-           "altitude": null,
-           "battery": null,
-           "cache_age_seconds": null,
-           "data_origin": "live",
-           "device_cache_stale": false,
-           "device_id": "10",
-           "id": "10-4",
-           "lat": 53,
-           "lon": -7,
-           "source": null,
-           "speed": null,
-           "timestamp": "2026-04-06T01:00:00.000Z",
-         },
-         {
-           "accuracy": null,
-           "altitude": null,
-           "battery": null,
-           "cache_age_seconds": null,
-           "data_origin": "live",
-           "device_cache_stale": false,
-           "device_id": "10",
-           "id": "10-5",
-           "lat": 53,
-           "lon": -7,
-           "source": null,
-           "speed": null,
-           "timestamp": "2026-04-06T01:00:00.000Z",
-         },
-         {
-           "accuracy": null,
-           "altitude": null,
-           "battery": null,
-           "cache_age_seconds": null,
-           "data_origin": "live",
-           "device_cache_stale": false,
-           "device_id": "10",
-           "id": "10-6",
-           "lat": 53,
-           "lon": -7,
-           "source": null,
-           "speed": null,
-           "timestamp": "2026-04-06T01:00:00.000Z",
-         },
-         {
-           "accuracy": null,
-           "altitude": null,
-           "battery": null,
-           "cache_age_seconds": null,
-           "data_origin": "live",
-           "device_cache_stale": false,
-           "device_id": "10",
-           "id": "10-7",
-           "lat": 53,
-           "lon": -7,
-           "source": null,
-           "speed": null,
-           "timestamp": "2026-04-06T01:00:00.000Z",
-         },
-         {
-           "accuracy": null,
-           "altitude": null,
-           "battery": null,
-           "cache_age_seconds": null,
-           "data_origin": "live",
-           "device_cache_stale": false,
-           "device_id": "10",
-           "id": "10-8",
-           "lat": 53,
-           "lon": -7,
-           "source": null,
-           "speed": null,
-           "timestamp": "2026-04-06T01:00:00.000Z",
-         },
-         {
-           "accuracy": null,
-           "altitude": null,
-           "battery": null,
-           "cache_age_seconds": null,
-           "data_origin": "live",
-           "device_cache_stale": false,
-           "device_id": "10",
-           "id": "10-9",
-           "lat": 53,
-           "lon": -7,
-           "source": null,
-           "speed": null,
-           "timestamp": "2026-04-06T01:00:00.000Z",
-         },
-         {
-           "accuracy": null,
-           "altitude": null,
-           "battery": null,
-           "cache_age_seconds": null,
-           "data_origin": "live",
-           "device_cache_stale": false,
-           "device_id": "10",
-           "id": "10-10",
-           "lat": 53,
-           "lon": -7,
-           "source": null,
-           "speed": null,
-           "timestamp": "2026-04-06T01:00:00.000Z",
-         },
-         {
-           "accuracy": null,
-           "altitude": null,
-           "battery": null,
-           "cache_age_seconds": null,
-           "data_origin": "live",
-           "device_cache_stale": false,
-           "device_id": "10",
-           "id": "10-11",
-           "lat": 53,
-           "lon": -7,
-           "source": null,
-           "speed": null,
-           "timestamp": "2026-04-06T01:00:00.000Z",
-         },
-         {
-           "accuracy": null,
-           "altitude": null,
-           "battery": null,
-           "cache_age_seconds": null,
-           "data_origin": "live",
-           "device_cache_stale": false,
-           "device_id": "10",
-           "id": "10-12",
-           "lat": 53,
-           "lon": -7,
-           "source": null,
-           "speed": null,
-           "timestamp": "2026-04-06T01:00:00.000Z",
-         },
-         {
-           "accuracy": null,
-           "altitude": null,
-           "battery": null,
-           "cache_age_seconds": null,
-           "data_origin": "live",
-           "device_cache_stale": false,
-           "device_id": "10",
-           "id": "10-13",
-           "lat": 53,
-           "lon": -7,
-           "source": null,
-           "speed": null,
-           "timestamp": "2026-04-06T01:00:00.000Z",
-         },
-         {
-           "accuracy": null,
-           "altitude": null,
-           "battery": null,
-           "cache_age_seconds": null,
-           "data_origin": "live",
-           "device_cache_stale": false,
-           "device_id": "10",
-           "id": "10-14",
-           "lat": 53,
-           "lon": -7,
-           "source": null,
-           "speed": null,
-           "timestamp": "2026-04-06T01:00:00.000Z",
-         },
-         {
-           "accuracy": null,
-           "altitude": null,
-           "battery": null,
-           "cache_age_seconds": null,
-           "data_origin": "live",
-           "device_cache_stale": false,
-           "device_id": "10",
-           "id": "10-15",
-           "lat": 53,
-           "lon": -7,
-           "source": null,
-           "speed": null,
-           "timestamp": "2026-04-06T01:00:00.000Z",
-         },
-         {
-           "accuracy": null,
-           "altitude": null,
-           "battery": null,
-           "cache_age_seconds": null,
-           "data_origin": "live",
-           "device_cache_stale": false,
-           "device_id": "10",
-           "id": "10-16",
-           "lat": 53,
-           "lon": -7,
-           "source": null,
-           "speed": null,
-           "timestamp": "2026-04-06T01:00:00.000Z",
-         },
-         {
-           "accuracy": null,
-           "altitude": null,
-           "battery": null,
-           "cache_age_seconds": null,
-           "data_origin": "live",
-           "device_cache_stale": false,
-           "device_id": "10",
-           "id": "10-17",
-           "lat": 53,
-           "lon": -7,
-           "source": null,
-           "speed": null,
-           "timestamp": "2026-04-06T01:00:00.000Z",
-         },
-         {
-           "accuracy": null,
-           "altitude": null,
-           "battery": null,
-           "cache_age_seconds": null,
-           "data_origin": "live",
-           "device_cache_stale": false,
-           "device_id": "10",
-           "id": "10-18",
-           "lat": 53,
-           "lon": -7,
-           "source": null,
-           "speed": null,
-           "timestamp": "2026-04-06T01:00:00.000Z",
-         },
-         {
-           "accuracy": null,
-           "altitude": null,
-           "battery": null,
-           "cache_age_seconds": null,
-           "data_origin": "live",
-           "device_cache_stale": false,
-           "device_id": "10",
-           "id": "10-19",
-           "lat": 53,
-           "lon": -7,
-           "source": null,
-           "speed": null,
-           "timestamp": "2026-04-06T01:00:00.000Z",
-         },
-         {
-           "accuracy": null,
-           "altitude": null,
-           "battery": null,
-           "cache_age_seconds": null,
-           "data_origin": "live",
-           "device_cache_stale": false,
-           "device_id": "10",
-           "id": "10-20",
-           "lat": 53,
-           "lon": -7,
-           "source": null,
-           "speed": null,
-           "timestamp": "2026-04-06T01:00:00.000Z",
-         },
-         {
-           "accuracy": null,
-           "altitude": null,
-           "battery": null,
-           "cache_age_seconds": null,
-           "data_origin": "live",
-           "device_cache_stale": false,
-           "device_id": "10",
-           "id": "10-21",
-           "lat": 53,
-           "lon": -7,
-           "source": null,
-           "speed": null,
-           "timestamp": "2026-04-06T01:00:00.000Z",
-         },
-         {
-           "accuracy": null,
-           "altitude": null,
-           "battery": null,
-           "cache_age_seconds": null,
-           "data_origin": "live",
-           "device_cache_stale": false,
-           "device_id": "10",
-           "id": "10-22",
-           "lat": 53,
-           "lon": -7,
-           "source": null,
-           "speed": null,
-           "timestamp": "2026-04-06T01:00:00.000Z",
-         },
-         {
-           "accuracy": null,
-           "altitude": null,
-           "battery": null,
-           "cache_age_seconds": null,
-           "data_origin": "live",
-           "device_cache_stale": false,
-           "device_id": "10",
-           "id": "10-23",
-           "lat": 53,
-           "lon": -7,
-           "source": null,
-           "speed": null,
-           "timestamp": "2026-04-06T01:00:00.000Z",
-         },
-         {
-           "accuracy": null,
-           "altitude": null,
-           "battery": null,
-           "cache_age_seconds": null,
-           "data_origin": "live",
-           "device_cache_stale": false,
-           "device_id": "10",
-           "id": "10-24",
-           "lat": 53,
-           "lon": -7,
-           "source": null,
-           "speed": null,
-           "timestamp": "2026-04-06T01:00:00.000Z",
-         },
-         {
-           "accuracy": null,
-           "altitude": null,
-           "battery": null,
-           "cache_age_seconds": null,
-           "data_origin": "live",
-           "device_cache_stale": false,
-           "device_id": "10",
-           "id": "10-25",
-           "lat": 53,
-           "lon": -7,
-           "source": null,
-           "speed": null,
-           "timestamp": "2026-04-06T01:00:00.000Z",
-         },
-         {
-           "accuracy": null,
-           "altitude": null,
-           "battery": null,
-           "cache_age_seconds": null,
-           "data_origin": "live",
-           "device_cache_stale": false,
-           "device_id": "10",
-           "id": "10-26",
-           "lat": 53,
-           "lon": -7,
-           "source": null,
-           "speed": null,
-           "timestamp": "2026-04-06T01:00:00.000Z",
-         },
-         {
-           "accuracy": null,
-           "altitude": null,
-           "battery": null,
-           "cache_age_seconds": null,
-           "data_origin": "live",
-           "device_cache_stale": false,
-           "device_id": "10",
-           "id": "10-27",
-           "lat": 53,
-           "lon": -7,
-           "source": null,
-           "speed": null,
-           "timestamp": "2026-04-06T01:00:00.000Z",
-         },
-         {
-           "accuracy": null,
-           "altitude": null,
-           "battery": null,
-           "cache_age_seconds": null,
-           "data_origin": "live",
-           "device_cache_stale": false,
-           "device_id": "10",
-           "id": "10-28",
-           "lat": 53,
-           "lon": -7,
-           "source": null,
-           "speed": null,
-           "timestamp": "2026-04-06T01:00:00.000Z",
-         },
-         {
-           "accuracy": null,
-           "altitude": null,
-           "battery": null,
-           "cache_age_seconds": null,
-           "data_origin": "live",
-           "device_cache_stale": false,
-           "device_id": "10",
-           "id": "10-29",
-           "lat": 53,
-           "lon": -7,
-           "source": null,
-           "speed": null,
-           "timestamp": "2026-04-06T01:00:00.000Z",
-         },
-         {
-           "accuracy": null,
-           "altitude": null,
-           "battery": null,
-           "cache_age_seconds": null,
-           "data_origin": "live",
-           "device_cache_stale": false,
-           "device_id": "10",
-           "id": "10-30",
-           "lat": 53,
-           "lon": -7,
-           "source": null,
-           "speed": null,
-           "timestamp": "2026-04-06T01:00:00.000Z",
-         },
-         {
-           "accuracy": null,
-           "altitude": null,
-           "battery": null,
-           "cache_age_seconds": null,
-           "data_origin": "live",
-           "device_cache_stale": false,
-           "device_id": "10",
-           "id": "10-31",
-           "lat": 53,
-           "lon": -7,
-           "source": null,
-           "speed": null,
-           "timestamp": "2026-04-06T01:00:00.000Z",
-         },
-         {
-           "accuracy": null,
-           "altitude": null,
-           "battery": null,
-           "cache_age_seconds": null,
-           "data_origin": "live",
-           "device_cache_stale": false,
-           "device_id": "10",
-           "id": "10-32",
-           "lat": 53,
-           "lon": -7,
-           "source": null,
-           "speed": null,
-           "timestamp": "2026-04-06T01:00:00.000Z",
-         },
-         {
-           "accuracy": null,
-           "altitude": null,
-           "battery": null,
-           "cache_age_seconds": null,
-           "data_origin": "live",
-           "device_cache_stale": false,
-           "device_id": "10",
-           "id": "10-33",
-           "lat": 53,
-           "lon": -7,
-           "source": null,
-           "speed": null,
-           "timestamp": "2026-04-06T01:00:00.000Z",
-         },
-         {
-           "accuracy": null,
-           "altitude": null,
-           "battery": null,
-           "cache_age_seconds": null,
-           "data_origin": "live",
-           "device_cache_stale": false,
-           "device_id": "10",
-           "id": "10-34",
-           "lat": 53,
-           "lon": -7,
-           "source": null,
-           "speed": null,
-           "timestamp": "2026-04-06T01:00:00.000Z",
-         },
-         {
-           "accuracy": null,
-           "altitude": null,
-           "battery": null,
-           "cache_age_seconds": null,
-           "data_origin": "live",
-           "device_cache_stale": false,
-           "device_id": "10",
-           "id": "10-35",
-           "lat": 53,
-           "lon": -7,
-           "source": null,
-           "speed": null,
-           "timestamp": "2026-04-06T01:00:00.000Z",
-         },
-         {
-           "accuracy": null,
-           "altitude": null,
-           "battery": null,
-           "cache_age_seconds": null,
-           "data_origin": "live",
-           "device_cache_stale": false,
-           "device_id": "10",
-           "id": "10-36",
-           "lat": 53,
-           "lon": -7,
-           "source": null,
-           "speed": null,
-           "timestamp": "2026-04-06T01:00:00.000Z",
-         },
-         {
-           "accuracy": null,
-           "altitude": null,
-           "battery": null,
-           "cache_age_seconds": null,
-           "data_origin": "live",
-           "device_cache_stale": false,
-           "device_id": "10",
-           "id": "10-37",
-           "lat": 53,
-           "lon": -7,
-           "source": null,
-           "speed": null,
-           "timestamp": "2026-04-06T01:00:00.000Z",
-         },
-         {
-           "accuracy": null,
-           "altitude": null,
-           "battery": null,
-           "cache_age_seconds": null,
-           "data_origin": "live",
-           "device_cache_stale": false,
-           "device_id": "10",
-           "id": "10-38",
-           "lat": 53,
-           "lon": -7,
-           "source": null,
-           "speed": null,
-           "timestamp": "2026-04-06T01:00:00.000Z",
-         },
-         {
-           "accuracy": null,
-           "altitude": null,
-           "battery": null,
-           "cache_age_seconds": null,
-           "data_origin": "live",
-           "device_cache_stale": false,
-           "device_id": "10",
-           "id": "10-39",
-           "lat": 53,
-           "lon": -7,
-           "source": null,
-           "speed": null,
-           "timestamp": "2026-04-06T01:00:00.000Z",
-         },
-         {
-           "accuracy": null,
-           "altitude": null,
-           "battery": null,
-           "cache_age_seconds": null,
-           "data_origin": "live",
-           "device_cache_stale": false,
-           "device_id": "10",
-           "id": "10-40",
-           "lat": 53,
-           "lon": -7,
-           "source": null,
-           "speed": null,
-           "timestamp": "2026-04-06T01:00:00.000Z",
-         },
-         {
-           "accuracy": null,
-           "altitude": null,
-           "battery": null,
-           "cache_age_seconds": null,
-           "data_origin": "live",
-           "device_cache_stale": false,
-           "device_id": "10",
-           "id": "10-41",
-           "lat": 53,
-           "lon": -7,
-           "source": null,
-           "speed": null,
-           "timestamp": "2026-04-06T01:00:00.000Z",
-         },
-         {
-           "accuracy": null,
-           "altitude": null,
-           "battery": null,
-           "cache_age_seconds": null,
-           "data_origin": "live",
-           "device_cache_stale": false,
-           "device_id": "10",
-           "id": "10-42",
-           "lat": 53,
-           "lon": -7,
-           "source": null,
-           "speed": null,
-           "timestamp": "2026-04-06T01:00:00.000Z",
-         },
-         {
-           "accuracy": null,
-           "altitude": null,
-           "battery": null,
-           "cache_age_seconds": null,
-           "data_origin": "live",
-           "device_cache_stale": false,
-           "device_id": "10",
-           "id": "10-43",
-           "lat": 53,
-           "lon": -7,
-           "source": null,
-           "speed": null,
-           "timestamp": "2026-04-06T01:00:00.000Z",
-         },
-         {
-           "accuracy": null,
-           "altitude": null,
-           "battery": null,
-           "cache_age_seconds": null,
-           "data_origin": "live",
-           "device_cache_stale": false,
-           "device_id": "10",
-           "id": "10-44",
-           "lat": 53,
-           "lon": -7,
-           "source": null,
-           "speed": null,
-           "timestamp": "2026-04-06T01:00:00.000Z",
-         },
-         {
-           "accuracy": null,
-           "altitude": null,
-           "battery": null,
-           "cache_age_seconds": null,
-           "data_origin": "live",
-           "device_cache_stale": false,
-           "device_id": "10",
-           "id": "10-45",
-           "lat": 53,
-           "lon": -7,
-           "source": null,
-           "speed": null,
-           "timestamp": "2026-04-06T01:00:00.000Z",
-         },
-         {
-           "accuracy": null,
-           "altitude": null,
-           "battery": null,
-           "cache_age_seconds": null,
-           "data_origin": "live",
-           "device_cache_stale": false,
-           "device_id": "10",
-           "id": "10-46",
-           "lat": 53,
-           "lon": -7,
-           "source": null,
-           "speed": null,
-           "timestamp": "2026-04-06T01:00:00.000Z",
-         },
-         {
-           "accuracy": null,
-           "altitude": null,
-           "battery": null,
-           "cache_age_seconds": null,
-           "data_origin": "live",
-           "device_cache_stale": false,
-           "device_id": "10",
-           "id": "10-47",
-           "lat": 53,
-           "lon": -7,
-           "source": null,
-           "speed": null,
-           "timestamp": "2026-04-06T01:00:00.000Z",
-         },
-         {
-           "accuracy": null,
-           "altitude": null,
-           "battery": null,
-           "cache_age_seconds": null,
-           "data_origin": "live",
-           "device_cache_stale": false,
-           "device_id": "10",
-           "id": "10-48",
-           "lat": 53,
-           "lon": -7,
-           "source": null,
-           "speed": null,
-           "timestamp": "2026-04-06T01:00:00.000Z",
-         },
-         {
-           "accuracy": null,
-           "altitude": null,
-           "battery": null,
-           "cache_age_seconds": null,
-           "data_origin": "live",
-           "device_cache_stale": false,
-           "device_id": "10",
-           "id": "10-49",
-           "lat": 53,
-           "lon": -7,
-           "source": null,
-           "speed": null,
-           "timestamp": "2026-04-06T01:00:00.000Z",
-         },
-         {
-           "accuracy": null,
-           "altitude": null,
-           "battery": null,
-           "cache_age_seconds": null,
-           "data_origin": "live",
-           "device_cache_stale": false,
-           "device_id": "10",
-           "id": "10-50",
-           "lat": 53,
-           "lon": -7,
-           "source": null,
-           "speed": null,
-           "timestamp": "2026-04-06T01:00:00.000Z",
-         },
-         {
-           "accuracy": null,
-           "altitude": null,
-           "battery": null,
-           "cache_age_seconds": null,
-           "data_origin": "live",
-           "device_cache_stale": false,
-           "device_id": "10",
-           "id": "10-51",
-           "lat": 53,
-           "lon": -7,
-           "source": null,
-           "speed": null,
-           "timestamp": "2026-04-06T01:00:00.000Z",
-         },
-         {
-           "accuracy": null,
-           "altitude": null,
-           "battery": null,
-           "cache_age_seconds": null,
-           "data_origin": "live",
-           "device_cache_stale": false,
-           "device_id": "10",
-           "id": "10-52",
-           "lat": 53,
-           "lon": -7,
-           "source": null,
-           "speed": null,
-           "timestamp": "2026-04-06T01:00:00.000Z",
-         },
-         {
-           "accuracy": null,
-           "altitude": null,
-           "battery": null,
-           "cache_age_seconds": null,
-           "data_origin": "live",
-           "device_cache_stale": false,
-           "device_id": "10",
-           "id": "10-53",
-           "lat": 53,
-           "lon": -7,
-           "source": null,
-           "speed": null,
-           "timestamp": "2026-04-06T01:00:00.000Z",
-         },
-         {
-           "accuracy": null,
-           "altitude": null,
-           "battery": null,
-           "cache_age_seconds": null,
-           "data_origin": "live",
-           "device_cache_stale": false,
-           "device_id": "10",
-           "id": "10-54",
-           "lat": 53,
-           "lon": -7,
-           "source": null,
-           "speed": null,
-           "timestamp": "2026-04-06T01:00:00.000Z",
-         },
-         {
-           "accuracy": null,
-           "altitude": null,
-           "battery": null,
-           "cache_age_seconds": null,
-           "data_origin": "live",
-           "device_cache_stale": false,
-           "device_id": "10",
-           "id": "10-55",
-           "lat": 53,
-           "lon": -7,
-           "source": null,
-           "speed": null,
-           "timestamp": "2026-04-06T01:00:00.000Z",
-         },
-         {
-           "accuracy": null,
-           "altitude": null,
-           "battery": null,
-           "cache_age_seconds": null,
-           "data_origin": "live",
-           "device_cache_stale": false,
-           "device_id": "10",
-           "id": "10-56",
-           "lat": 53,
-           "lon": -7,
-           "source": null,
-           "speed": null,
-           "timestamp": "2026-04-06T01:00:00.000Z",
-         },
-         {
-           "accuracy": null,
-           "altitude": null,
-           "battery": null,
-           "cache_age_seconds": null,
-           "data_origin": "live",
-           "device_cache_stale": false,
-           "device_id": "10",
-           "id": "10-57",
-           "lat": 53,
-           "lon": -7,
-           "source": null,
-           "speed": null,
-           "timestamp": "2026-04-06T01:00:00.000Z",
-         },
-         {
-           "accuracy": null,
-           "altitude": null,
-           "battery": null,
-           "cache_age_seconds": null,
-           "data_origin": "live",
-           "device_cache_stale": false,
-           "device_id": "10",
-           "id": "10-58",
-           "lat": 53,
-           "lon": -7,
-           "source": null,
-           "speed": null,
-           "timestamp": "2026-04-06T01:00:00.000Z",
-         },
-         {
-           "accuracy": null,
-           "altitude": null,
-           "battery": null,
-           "cache_age_seconds": null,
-           "data_origin": "live",
-           "device_cache_stale": false,
-           "device_id": "10",
-           "id": "10-59",
-           "lat": 53,
-           "lon": -7,
-           "source": null,
-           "speed": null,
-           "timestamp": "2026-04-06T01:00:00.000Z",
-         },
-         {
-           "accuracy": null,
-           "altitude": null,
-           "battery": null,
-           "cache_age_seconds": null,
-           "data_origin": "live",
-           "device_cache_stale": false,
-           "device_id": "10",
-           "id": "10-60",
-           "lat": 53,
-           "lon": -7,
-           "source": null,
-           "speed": null,
-           "timestamp": "2026-04-06T01:00:00.000Z",
-         },
-         {
-           "accuracy": null,
-           "altitude": null,
-           "battery": null,
-           "cache_age_seconds": null,
-           "data_origin": "live",
-           "device_cache_stale": false,
-           "device_id": "10",
-           "id": "10-61",
-           "lat": 53,
-           "lon": -7,
-           "source": null,
-           "speed": null,
-           "timestamp": "2026-04-06T01:00:00.000Z",
-         },
-         {
-           "accuracy": null,
-           "altitude": null,
-           "battery": null,
-           "cache_age_seconds": null,
-           "data_origin": "live",
-           "device_cache_stale": false,
-           "device_id": "10",
-           "id": "10-62",
-           "lat": 53,
-           "lon": -7,
-           "source": null,
-           "speed": null,
-           "timestamp": "2026-04-06T01:00:00.000Z",
-         },
-         {
-           "accuracy": null,
-           "altitude": null,
-           "battery": null,
-           "cache_age_seconds": null,
-           "data_origin": "live",
-           "device_cache_stale": false,
-           "device_id": "10",
-           "id": "10-63",
-           "lat": 53,
-           "lon": -7,
-           "source": null,
-           "speed": null,
-           "timestamp": "2026-04-06T01:00:00.000Z",
-         },
-         {
-           "accuracy": null,
-           "altitude": null,
-           "battery": null,
-           "cache_age_seconds": null,
-           "data_origin": "live",
-           "device_cache_stale": false,
-           "device_id": "10",
-           "id": "10-64",
-           "lat": 53,
-           "lon": -7,
-           "source": null,
-           "speed": null,
-           "timestamp": "2026-04-06T01:00:00.000Z",
-         },
-         {
-           "accuracy": null,
-           "altitude": null,
-           "battery": null,
-           "cache_age_seconds": null,
-           "data_origin": "live",
-           "device_cache_stale": false,
-           "device_id": "10",
-           "id": "10-65",
-           "lat": 53,
-           "lon": -7,
-           "source": null,
-           "speed": null,
-           "timestamp": "2026-04-06T01:00:00.000Z",
-         },
-         {
-           "accuracy": null,
-           "altitude": null,
-           "battery": null,
-           "cache_age_seconds": null,
-           "data_origin": "live",
-           "device_cache_stale": false,
-           "device_id": "10",
-           "id": "10-66",
-           "lat": 53,
-           "lon": -7,
-           "source": null,
-           "speed": null,
-           "timestamp": "2026-04-06T01:00:00.000Z",
-         },
-         {
-           "accuracy": null,
-           "altitude": null,
-           "battery": null,
-           "cache_age_seconds": null,
-           "data_origin": "live",
-           "device_cache_stale": false,
-           "device_id": "10",
-           "id": "10-67",
-           "lat": 53,
-           "lon": -7,
-           "source": null,
-           "speed": null,
-           "timestamp": "2026-04-06T01:00:00.000Z",
-         },
-         {
-           "accuracy": null,
-           "altitude": null,
-           "battery": null,
-           "cache_age_seconds": null,
-           "data_origin": "live",
-           "device_cache_stale": false,
-           "device_id": "10",
-           "id": "10-68",
-           "lat": 53,
-           "lon": -7,
-           "source": null,
-           "speed": null,
-           "timestamp": "2026-04-06T01:00:00.000Z",
-         },
-         {
-           "accuracy": null,
-           "altitude": null,
-           "battery": null,
-           "cache_age_seconds": null,
-           "data_origin": "live",
-           "device_cache_stale": false,
-           "device_id": "10",
-           "id": "10-69",
-           "lat": 53,
-           "lon": -7,
-           "source": null,
-           "speed": null,
-           "timestamp": "2026-04-06T01:00:00.000Z",
-         },
-         {
-           "accuracy": null,
-           "altitude": null,
-           "battery": null,
-           "cache_age_seconds": null,
-           "data_origin": "live",
-           "device_cache_stale": false,
-           "device_id": "10",
-           "id": "10-70",
-           "lat": 53,
-           "lon": -7,
-           "source": null,
-           "speed": null,
-           "timestamp": "2026-04-06T01:00:00.000Z",
-         },
-         {
-           "accuracy": null,
-           "altitude": null,
-           "battery": null,
-           "cache_age_seconds": null,
-           "data_origin": "live",
-           "device_cache_stale": false,
-           "device_id": "10",
-           "id": "10-71",
-           "lat": 53,
-           "lon": -7,
-           "source": null,
-           "speed": null,
-           "timestamp": "2026-04-06T01:00:00.000Z",
-         },
-         {
-           "accuracy": null,
-           "altitude": null,
-           "battery": null,
-           "cache_age_seconds": null,
-           "data_origin": "live",
-           "device_cache_stale": false,
-           "device_id": "10",
-           "id": "10-72",
-           "lat": 53,
-           "lon": -7,
-           "source": null,
-           "speed": null,
-           "timestamp": "2026-04-06T01:00:00.000Z",
-         },
-         {
-           "accuracy": null,
-           "altitude": null,
-           "battery": null,
-           "cache_age_seconds": null,
-           "data_origin": "live",
-           "device_cache_stale": false,
-           "device_id": "10",
-           "id": "10-73",
-           "lat": 53,
-           "lon": -7,
-           "source": null,
-           "speed": null,
-           "timestamp": "2026-04-06T01:00:00.000Z",
-         },
-         {
-           "accuracy": null,
-           "altitude": null,
-           "battery": null,
-           "cache_age_seconds": null,
-           "data_origin": "live",
-           "device_cache_stale": false,
-           "device_id": "10",
-           "id": "10-74",
-           "lat": 53,
-           "lon": -7,
-           "source": null,
-           "speed": null,
-           "timestamp": "2026-04-06T01:00:00.000Z",
-         },
-         {
-           "accuracy": null,
-           "altitude": null,
-           "battery": null,
-           "cache_age_seconds": null,
-           "data_origin": "live",
-           "device_cache_stale": false,
-           "device_id": "10",
-           "id": "10-75",
-           "lat": 53,
-           "lon": -7,
-           "source": null,
-           "speed": null,
-           "timestamp": "2026-04-06T01:00:00.000Z",
-         },
-         {
-           "accuracy": null,
-           "altitude": null,
-           "battery": null,
-           "cache_age_seconds": null,
-           "data_origin": "live",
-           "device_cache_stale": false,
-           "device_id": "10",
-           "id": "10-76",
-           "lat": 53,
-           "lon": -7,
-           "source": null,
-           "speed": null,
-           "timestamp": "2026-04-06T01:00:00.000Z",
-         },
-         {
-           "accuracy": null,
-           "altitude": null,
-           "battery": null,
-           "cache_age_seconds": null,
-           "data_origin": "live",
-           "device_cache_stale": false,
-           "device_id": "10",
-           "id": "10-77",
-           "lat": 53,
-           "lon": -7,
-           "source": null,
-           "speed": null,
-           "timestamp": "2026-04-06T01:00:00.000Z",
-         },
-         {
-           "accuracy": null,
-           "altitude": null,
-           "battery": null,
-           "cache_age_seconds": null,
-           "data_origin": "live",
-           "device_cache_stale": false,
-           "device_id": "10",
-           "id": "10-78",
-           "lat": 53,
-           "lon": -7,
-           "source": null,
-           "speed": null,
-           "timestamp": "2026-04-06T01:00:00.000Z",
-         },
-         {
-           "accuracy": null,
-           "altitude": null,
-           "battery": null,
-           "cache_age_seconds": null,
-           "data_origin": "live",
-           "device_cache_stale": false,
-           "device_id": "10",
-           "id": "10-79",
-           "lat": 53,
-           "lon": -7,
-           "source": null,
-           "speed": null,
-           "timestamp": "2026-04-06T01:00:00.000Z",
-         },
-         {
-           "accuracy": null,
-           "altitude": null,
-           "battery": null,
-           "cache_age_seconds": null,
-           "data_origin": "live",
-           "device_cache_stale": false,
-           "device_id": "10",
-           "id": "10-80",
-           "lat": 53,
-           "lon": -7,
-           "source": null,
-           "speed": null,
-           "timestamp": "2026-04-06T01:00:00.000Z",
-         },
-         {
-           "accuracy": null,
-           "altitude": null,
-           "battery": null,
-           "cache_age_seconds": null,
-           "data_origin": "live",
-           "device_cache_stale": false,
-           "device_id": "10",
-           "id": "10-81",
-           "lat": 53,
-           "lon": -7,
-           "source": null,
-           "speed": null,
-           "timestamp": "2026-04-06T01:00:00.000Z",
-         },
-         {
-           "accuracy": null,
-           "altitude": null,
-           "battery": null,
-           "cache_age_seconds": null,
-           "data_origin": "live",
-           "device_cache_stale": false,
-           "device_id": "10",
-           "id": "10-82",
-           "lat": 53,
-           "lon": -7,
-           "source": null,
-           "speed": null,
-           "timestamp": "2026-04-06T01:00:00.000Z",
-         },
-         {
-           "accuracy": null,
-           "altitude": null,
-           "battery": null,
-           "cache_age_seconds": null,
-           "data_origin": "live",
-           "device_cache_stale": false,
-           "device_id": "10",
-           "id": "10-83",
-           "lat": 53,
-           "lon": -7,
-           "source": null,
-           "speed": null,
-           "timestamp": "2026-04-06T01:00:00.000Z",
-         },
-         {
-           "accuracy": null,
-           "altitude": null,
-           "battery": null,
-           "cache_age_seconds": null,
-           "data_origin": "live",
-           "device_cache_stale": false,
-           "device_id": "10",
-           "id": "10-84",
-           "lat": 53,
-           "lon": -7,
-           "source": null,
-           "speed": null,
-           "timestamp": "2026-04-06T01:00:00.000Z",
-         },
-         {
-           "accuracy": null,
-           "altitude": null,
-           "battery": null,
-           "cache_age_seconds": null,
-           "data_origin": "live",
-           "device_cache_stale": false,
-           "device_id": "10",
-           "id": "10-85",
-           "lat": 53,
-           "lon": -7,
-           "source": null,
-           "speed": null,
-           "timestamp": "2026-04-06T01:00:00.000Z",
-         },
-         {
-           "accuracy": null,
-           "altitude": null,
-           "battery": null,
-           "cache_age_seconds": null,
-           "data_origin": "live",
-           "device_cache_stale": false,
-           "device_id": "10",
-           "id": "10-86",
-           "lat": 53,
-           "lon": -7,
-           "source": null,
-           "speed": null,
-           "timestamp": "2026-04-06T01:00:00.000Z",
-         },
-         {
-           "accuracy": null,
-           "altitude": null,
-           "battery": null,
-           "cache_age_seconds": null,
-           "data_origin": "live",
-           "device_cache_stale": false,
-           "device_id": "10",
-           "id": "10-87",
-           "lat": 53,
-           "lon": -7,
-           "source": null,
-           "speed": null,
-           "timestamp": "2026-04-06T01:00:00.000Z",
-         },
-         {
-           "accuracy": null,
-           "altitude": null,
-           "battery": null,
-           "cache_age_seconds": null,
-           "data_origin": "live",
-           "device_cache_stale": false,
-           "device_id": "10",
-           "id": "10-88",
-           "lat": 53,
-           "lon": -7,
-           "source": null,
-           "speed": null,
-           "timestamp": "2026-04-06T01:00:00.000Z",
-         },
-         {
-           "accuracy": null,
-           "altitude": null,
-           "battery": null,
-           "cache_age_seconds": null,
-           "data_origin": "live",
-           "device_cache_stale": false,
-           "device_id": "10",
-           "id": "10-89",
-           "lat": 53,
-           "lon": -7,
-           "source": null,
-           "speed": null,
-           "timestamp": "2026-04-06T01:00:00.000Z",
-         },
-         {
-           "accuracy": null,
-           "altitude": null,
-           "battery": null,
-           "cache_age_seconds": null,
-           "data_origin": "live",
-           "device_cache_stale": false,
-           "device_id": "10",
-           "id": "10-90",
-           "lat": 53,
-           "lon": -7,
-           "source": null,
-           "speed": null,
-           "timestamp": "2026-04-06T01:00:00.000Z",
-         },
-         {
-           "accuracy": null,
-           "altitude": null,
-           "battery": null,
-           "cache_age_seconds": null,
-           "data_origin": "live",
-           "device_cache_stale": false,
-           "device_id": "10",
-           "id": "10-91",
-           "lat": 53,
-           "lon": -7,
-           "source": null,
-           "speed": null,
-           "timestamp": "2026-04-06T01:00:00.000Z",
-         },
-         {
-           "accuracy": null,
-           "altitude": null,
-           "battery": null,
-           "cache_age_seconds": null,
-           "data_origin": "live",
-           "device_cache_stale": false,
-           "device_id": "10",
-           "id": "10-92",
-           "lat": 53,
-           "lon": -7,
-           "source": null,
-           "speed": null,
-           "timestamp": "2026-04-06T01:00:00.000Z",
-         },
-         {
-           "accuracy": null,
-           "altitude": null,
-           "battery": null,
-           "cache_age_seconds": null,
-           "data_origin": "live",
-           "device_cache_stale": false,
-           "device_id": "10",
-           "id": "10-93",
-           "lat": 53,
-           "lon": -7,
-           "source": null,
-           "speed": null,
-           "timestamp": "2026-04-06T01:00:00.000Z",
-         },
-         {
-           "accuracy": null,
-           "altitude": null,
-           "battery": null,
-           "cache_age_seconds": null,
-           "data_origin": "live",
-           "device_cache_stale": false,
-           "device_id": "10",
-           "id": "10-94",
-           "lat": 53,
-           "lon": -7,
-           "source": null,
-           "speed": null,
-           "timestamp": "2026-04-06T01:00:00.000Z",
-         },
-         {
-           "accuracy": null,
-           "altitude": null,
-           "battery": null,
-           "cache_age_seconds": null,
-           "data_origin": "live",
-           "device_cache_stale": false,
-           "device_id": "10",
-           "id": "10-95",
-           "lat": 53,
-           "lon": -7,
-           "source": null,
-           "speed": null,
-           "timestamp": "2026-04-06T01:00:00.000Z",
-         },
-         {
-           "accuracy": null,
-           "altitude": null,
-           "battery": null,
-           "cache_age_seconds": null,
-           "data_origin": "live",
-           "device_cache_stale": false,
-           "device_id": "10",
-           "id": "10-96",
-           "lat": 53,
-           "lon": -7,
-           "source": null,
-           "speed": null,
-           "timestamp": "2026-04-06T01:00:00.000Z",
-         },
-         {
-           "accuracy": null,
-           "altitude": null,
-           "battery": null,
-           "cache_age_seconds": null,
-           "data_origin": "live",
-           "device_cache_stale": false,
-           "device_id": "10",
-           "id": "10-97",
-           "lat": 53,
-           "lon": -7,
-           "source": null,
-           "speed": null,
-           "timestamp": "2026-04-06T01:00:00.000Z",
-         },
-         {
-           "accuracy": null,
-           "altitude": null,
-           "battery": null,
-           "cache_age_seconds": null,
-           "data_origin": "live",
-           "device_cache_stale": false,
-           "device_id": "10",
-           "id": "10-98",
-           "lat": 53,
-           "lon": -7,
-           "source": null,
-           "speed": null,
-           "timestamp": "2026-04-06T01:00:00.000Z",
-         },
-         {
-           "accuracy": null,
-           "altitude": null,
-           "battery": null,
-           "cache_age_seconds": null,
-           "data_origin": "live",
-           "device_cache_stale": false,
-           "device_id": "10",
-           "id": "10-99",
-           "lat": 53,
-           "lon": -7,
-           "source": null,
-           "speed": null,
-           "timestamp": "2026-04-06T01:00:00.000Z",
-         },
-         {
-           "accuracy": null,
-           "altitude": null,
-           "battery": null,
-           "cache_age_seconds": null,
-           "data_origin": "live",
-           "device_cache_stale": false,
-           "device_id": "10",
-           "id": "10-100",
-           "lat": 53,
-           "lon": -7,
-           "source": null,
-           "speed": null,
-           "timestamp": "2026-04-06T01:00:00.000Z",
-         },
-         {
-           "accuracy": null,
-           "altitude": null,
-           "battery": null,
-           "cache_age_seconds": null,
-           "data_origin": "live",
-           "device_cache_stale": false,
-           "device_id": "10",
-           "id": "10-101",
-           "lat": 53,
-           "lon": -7,
-           "source": null,
-           "speed": null,
-           "timestamp": "2026-04-06T01:00:00.000Z",
-         },
-         {
-           "accuracy": null,
-           "altitude": null,
-           "battery": null,
-           "cache_age_seconds": null,
-           "data_origin": "live",
-           "device_cache_stale": false,
-           "device_id": "10",
-           "id": "10-102",
-           "lat": 53,
-           "lon": -7,
-           "source": null,
-           "speed": null,
-           "timestamp": "2026-04-06T01:00:00.000Z",
-         },
-         {
-           "accuracy": null,
-           "altitude": null,
-           "battery": null,
-           "cache_age_seconds": null,
-           "data_origin": "live",
-           "device_cache_stale": false,
-           "device_id": "10",
-           "id": "10-103",
-           "lat": 53,
-           "lon": -7,
-           "source": null,
-           "speed": null,
-           "timestamp": "2026-04-06T01:00:00.000Z",
-         },
-         {
-           "accuracy": null,
-           "altitude": null,
-           "battery": null,
-           "cache_age_seconds": null,
-           "data_origin": "live",
-           "device_cache_stale": false,
-           "device_id": "10",
-           "id": "10-104",
-           "lat": 53,
-           "lon": -7,
-           "source": null,
-           "speed": null,
-           "timestamp": "2026-04-06T01:00:00.000Z",
-         },
-         {
-           "accuracy": null,
-           "altitude": null,
-           "battery": null,
-           "cache_age_seconds": null,
-           "data_origin": "live",
-           "device_cache_stale": false,
-           "device_id": "10",
-           "id": "10-105",
-           "lat": 53,
-           "lon": -7,
-           "source": null,
-           "speed": null,
-           "timestamp": "2026-04-06T01:00:00.000Z",
-         },
-         {
-           "accuracy": null,
-           "altitude": null,
-           "battery": null,
-           "cache_age_seconds": null,
-           "data_origin": "live",
-           "device_cache_stale": false,
-           "device_id": "10",
-           "id": "10-106",
-           "lat": 53,
-           "lon": -7,
-           "source": null,
-           "speed": null,
-           "timestamp": "2026-04-06T01:00:00.000Z",
-         },
-         {
-           "accuracy": null,
-           "altitude": null,
-           "battery": null,
-           "cache_age_seconds": null,
-           "data_origin": "live",
-           "device_cache_stale": false,
-           "device_id": "10",
-           "id": "10-107",
-           "lat": 53,
-           "lon": -7,
-           "source": null,
-           "speed": null,
-           "timestamp": "2026-04-06T01:00:00.000Z",
-         },
-         {
-           "accuracy": null,
-           "altitude": null,
-           "battery": null,
-           "cache_age_seconds": null,
-           "data_origin": "live",
-           "device_cache_stale": false,
-           "device_id": "10",
-           "id": "10-108",
-           "lat": 53,
-           "lon": -7,
-           "source": null,
-           "speed": null,
-           "timestamp": "2026-04-06T01:00:00.000Z",
-         },
-         {
-           "accuracy": null,
-           "altitude": null,
-           "battery": null,
-           "cache_age_seconds": null,
-           "data_origin": "live",
-           "device_cache_stale": false,
-           "device_id": "10",
-           "id": "10-109",
-           "lat": 53,
-           "lon": -7,
-           "source": null,
-           "speed": null,
-           "timestamp": "2026-04-06T01:00:00.000Z",
-         },
-         {
-           "accuracy": null,
-           "altitude": null,
-           "battery": null,
-           "cache_age_seconds": null,
-           "data_origin": "live",
-           "device_cache_stale": false,
-           "device_id": "10",
-           "id": "10-110",
-           "lat": 53,
-           "lon": -7,
-           "source": null,
-           "speed": null,
-           "timestamp": "2026-04-06T01:00:00.000Z",
-         },
-         {
-           "accuracy": null,
-           "altitude": null,
-           "battery": null,
-           "cache_age_seconds": null,
-           "data_origin": "live",
-           "device_cache_stale": false,
-           "device_id": "10",
-           "id": "10-111",
-           "lat": 53,
-           "lon": -7,
-           "source": null,
-           "speed": null,
-           "timestamp": "2026-04-06T01:00:00.000Z",
-         },
-         {
-           "accuracy": null,
-           "altitude": null,
-           "battery": null,
-           "cache_age_seconds": null,
-           "data_origin": "live",
-           "device_cache_stale": false,
-           "device_id": "10",
-           "id": "10-112",
-           "lat": 53,
-           "lon": -7,
-           "source": null,
-           "speed": null,
-           "timestamp": "2026-04-06T01:00:00.000Z",
-         },
-         {
-           "accuracy": null,
-           "altitude": null,
-           "battery": null,
-           "cache_age_seconds": null,
-           "data_origin": "live",
-           "device_cache_stale": false,
-           "device_id": "10",
-           "id": "10-113",
-           "lat": 53,
-           "lon": -7,
-           "source": null,
-           "speed": null,
-           "timestamp": "2026-04-06T01:00:00.000Z",
-         },
-         {
-           "accuracy": null,
-           "altitude": null,
-           "battery": null,
-           "cache_age_seconds": null,
-           "data_origin": "live",
-           "device_cache_stale": false,
-           "device_id": "10",
-           "id": "10-114",
-           "lat": 53,
-           "lon": -7,
-           "source": null,
-           "speed": null,
-           "timestamp": "2026-04-06T01:00:00.000Z",
-         },
-         {
-           "accuracy": null,
-           "altitude": null,
-           "battery": null,
-           "cache_age_seconds": null,
-           "data_origin": "live",
-           "device_cache_stale": false,
-           "device_id": "10",
-           "id": "10-115",
-           "lat": 53,
-           "lon": -7,
-           "source": null,
-           "speed": null,
-           "timestamp": "2026-04-06T01:00:00.000Z",
-         },
-         {
-           "accuracy": null,
-           "altitude": null,
-           "battery": null,
-           "cache_age_seconds": null,
-           "data_origin": "live",
-           "device_cache_stale": false,
-           "device_id": "10",
-           "id": "10-116",
-           "lat": 53,
-           "lon": -7,
-           "source": null,
-           "speed": null,
-           "timestamp": "2026-04-06T01:00:00.000Z",
-         },
-         {
-           "accuracy": null,
-           "altitude": null,
-           "battery": null,
-           "cache_age_seconds": null,
-           "data_origin": "live",
-           "device_cache_stale": false,
-           "device_id": "10",
-           "id": "10-117",
-           "lat": 53,
-           "lon": -7,
-           "source": null,
-           "speed": null,
-           "timestamp": "2026-04-06T01:00:00.000Z",
-         },
-         {
-           "accuracy": null,
-           "altitude": null,
-           "battery": null,
-           "cache_age_seconds": null,
-           "data_origin": "live",
-           "device_cache_stale": false,
-           "device_id": "10",
-           "id": "10-118",
-           "lat": 53,
-           "lon": -7,
-           "source": null,
-           "speed": null,
-           "timestamp": "2026-04-06T01:00:00.000Z",
-         },
-         {
-           "accuracy": null,
-           "altitude": null,
-           "battery": null,
-           "cache_age_seconds": null,
-           "data_origin": "live",
-           "device_cache_stale": false,
-           "device_id": "10",
-           "id": "10-119",
-           "lat": 53,
-           "lon": -7,
-           "source": null,
-           "speed": null,
-           "timestamp": "2026-04-06T01:00:00.000Z",
-         },
-         {
-           "accuracy": null,
-           "altitude": null,
-           "battery": null,
-           "cache_age_seconds": null,
-           "data_origin": "live",
-           "device_cache_stale": false,
-           "device_id": "10",
-           "id": "10-120",
-           "lat": 53,
-           "lon": -7,
-           "source": null,
-           "speed": null,
-           "timestamp": "2026-04-06T01:00:00.000Z",
-         },
-         {
-           "accuracy": null,
-           "altitude": null,
-           "battery": null,
-           "cache_age_seconds": null,
-           "data_origin": "live",
-           "device_cache_stale": false,
-           "device_id": "10",
-           "id": "10-121",
-           "lat": 53,
-           "lon": -7,
-           "source": null,
-           "speed": null,
-           "timestamp": "2026-04-06T01:00:00.000Z",
-         },
-         {
-           "accuracy": null,
-           "altitude": null,
-           "battery": null,
-           "cache_age_seconds": null,
-           "data_origin": "live",
-           "device_cache_stale": false,
-           "device_id": "10",
-           "id": "10-122",
-           "lat": 53,
-           "lon": -7,
-           "source": null,
-           "speed": null,
-           "timestamp": "2026-04-06T01:00:00.000Z",
-         },
-         {
-           "accuracy": null,
-           "altitude": null,
-           "battery": null,
-           "cache_age_seconds": null,
-           "data_origin": "live",
-           "device_cache_stale": false,
-           "device_id": "10",
-           "id": "10-123",
-           "lat": 53,
-           "lon": -7,
-           "source": null,
-           "speed": null,
-           "timestamp": "2026-04-06T01:00:00.000Z",
-         },
-         {
-           "accuracy": null,
-           "altitude": null,
-           "battery": null,
-           "cache_age_seconds": null,
-           "data_origin": "live",
-           "device_cache_stale": false,
-           "device_id": "10",
-           "id": "10-124",
-           "lat": 53,
-           "lon": -7,
-           "source": null,
-           "speed": null,
-           "timestamp": "2026-04-06T01:00:00.000Z",
-         },
-         {
-           "accuracy": null,
-           "altitude": null,
-           "battery": null,
-           "cache_age_seconds": null,
-           "data_origin": "live",
-           "device_cache_stale": false,
-           "device_id": "10",
-           "id": "10-125",
-           "lat": 53,
-           "lon": -7,
-           "source": null,
-           "speed": null,
-           "timestamp": "2026-04-06T01:00:00.000Z",
-         },
-         {
-           "accuracy": null,
-           "altitude": null,
-           "battery": null,
-           "cache_age_seconds": null,
-           "data_origin": "live",
-           "device_cache_stale": false,
-           "device_id": "10",
-           "id": "10-126",
-           "lat": 53,
-           "lon": -7,
-           "source": null,
-           "speed": null,
-           "timestamp": "2026-04-06T01:00:00.000Z",
-         },
-         {
-           "accuracy": null,
-           "altitude": null,
-           "battery": null,
-           "cache_age_seconds": null,
-           "data_origin": "live",
-           "device_cache_stale": false,
-           "device_id": "10",
-           "id": "10-127",
-           "lat": 53,
-           "lon": -7,
-           "source": null,
-           "speed": null,
-           "timestamp": "2026-04-06T01:00:00.000Z",
-         },
-         {
-           "accuracy": null,
-           "altitude": null,
-           "battery": null,
-           "cache_age_seconds": null,
-           "data_origin": "live",
-           "device_cache_stale": false,
-           "device_id": "10",
-           "id": "10-128",
-           "lat": 53,
-           "lon": -7,
-           "source": null,
-           "speed": null,
-           "timestamp": "2026-04-06T01:00:00.000Z",
-         },
-         {
-           "accuracy": null,
-           "altitude": null,
-           "battery": null,
-           "cache_age_seconds": null,
-           "data_origin": "live",
-           "device_cache_stale": false,
-           "device_id": "10",
-           "id": "10-129",
-           "lat": 53,
-           "lon": -7,
-           "source": null,
-           "speed": null,
-           "timestamp": "2026-04-06T01:00:00.000Z",
-         },
-         {
-           "accuracy": null,
-           "altitude": null,
-           "battery": null,
-           "cache_age_seconds": null,
-           "data_origin": "live",
-           "device_cache_stale": false,
-           "device_id": "10",
-           "id": "10-130",
-           "lat": 53,
-           "lon": -7,
-           "source": null,
-           "speed": null,
-           "timestamp": "2026-04-06T01:00:00.000Z",
-         },
-         {
-           "accuracy": null,
-           "altitude": null,
-           "battery": null,
-           "cache_age_seconds": null,
-           "data_origin": "live",
-           "device_cache_stale": false,
-           "device_id": "10",
-           "id": "10-131",
-           "lat": 53,
-           "lon": -7,
-           "source": null,
-           "speed": null,
-           "timestamp": "2026-04-06T01:00:00.000Z",
-         },
-         {
-           "accuracy": null,
-           "altitude": null,
-           "battery": null,
-           "cache_age_seconds": null,
-           "data_origin": "live",
-           "device_cache_stale": false,
-           "device_id": "10",
-           "id": "10-132",
-           "lat": 53,
-           "lon": -7,
-           "source": null,
-           "speed": null,
-           "timestamp": "2026-04-06T01:00:00.000Z",
-         },
-         {
-           "accuracy": null,
-           "altitude": null,
-           "battery": null,
-           "cache_age_seconds": null,
-           "data_origin": "live",
-           "device_cache_stale": false,
-           "device_id": "10",
-           "id": "10-133",
-           "lat": 53,
-           "lon": -7,
-           "source": null,
-           "speed": null,
-           "timestamp": "2026-04-06T01:00:00.000Z",
-         },
-         {
-           "accuracy": null,
-           "altitude": null,
-           "battery": null,
-           "cache_age_seconds": null,
-           "data_origin": "live",
-           "device_cache_stale": false,
-           "device_id": "10",
-           "id": "10-134",
-           "lat": 53,
-           "lon": -7,
-           "source": null,
-           "speed": null,
-           "timestamp": "2026-04-06T01:00:00.000Z",
-         },
-         {
-           "accuracy": null,
-           "altitude": null,
-           "battery": null,
-           "cache_age_seconds": null,
-           "data_origin": "live",
-           "device_cache_stale": false,
-           "device_id": "10",
-           "id": "10-135",
-           "lat": 53,
-           "lon": -7,
-           "source": null,
-           "speed": null,
-           "timestamp": "2026-04-06T01:00:00.000Z",
-         },
-         {
-           "accuracy": null,
-           "altitude": null,
-           "battery": null,
-           "cache_age_seconds": null,
-           "data_origin": "live",
-           "device_cache_stale": false,
-           "device_id": "10",
-           "id": "10-136",
-           "lat": 53,
-           "lon": -7,
-           "source": null,
-           "speed": null,
-           "timestamp": "2026-04-06T01:00:00.000Z",
-         },
-         {
-           "accuracy": null,
-           "altitude": null,
-           "battery": null,
-           "cache_age_seconds": null,
-           "data_origin": "live",
-           "device_cache_stale": false,
-           "device_id": "10",
-           "id": "10-137",
-           "lat": 53,
-           "lon": -7,
-           "source": null,
-           "speed": null,
-           "timestamp": "2026-04-06T01:00:00.000Z",
-         },
-         {
-           "accuracy": null,
-           "altitude": null,
-           "battery": null,
-           "cache_age_seconds": null,
-           "data_origin": "live",
-           "device_cache_stale": false,
-           "device_id": "10",
-           "id": "10-138",
-           "lat": 53,
-           "lon": -7,
-           "source": null,
-           "speed": null,
-           "timestamp": "2026-04-06T01:00:00.000Z",
-         },
-         {
-           "accuracy": null,
-           "altitude": null,
-           "battery": null,
-           "cache_age_seconds": null,
-           "data_origin": "live",
-           "device_cache_stale": false,
-           "device_id": "10",
-           "id": "10-139",
-           "lat": 53,
-           "lon": -7,
-           "source": null,
-           "speed": null,
-           "timestamp": "2026-04-06T01:00:00.000Z",
-         },
-         {
-           "accuracy": null,
-           "altitude": null,
-           "battery": null,
-           "cache_age_seconds": null,
-           "data_origin": "live",
-           "device_cache_stale": false,
-           "device_id": "10",
-           "id": "10-140",
-           "lat": 53,
-           "lon": -7,
-           "source": null,
-           "speed": null,
-           "timestamp": "2026-04-06T01:00:00.000Z",
-         },
-         {
-           "accuracy": null,
-           "altitude": null,
-           "battery": null,
-           "cache_age_seconds": null,
-           "data_origin": "live",
-           "device_cache_stale": false,
-           "device_id": "10",
-           "id": "10-141",
-           "lat": 53,
-           "lon": -7,
-           "source": null,
-           "speed": null,
-           "timestamp": "2026-04-06T01:00:00.000Z",
-         },
-         {
-           "accuracy": null,
-           "altitude": null,
-           "battery": null,
-           "cache_age_seconds": null,
-           "data_origin": "live",
-           "device_cache_stale": false,
-           "device_id": "10",
-           "id": "10-142",
-           "lat": 53,
-           "lon": -7,
-           "source": null,
-           "speed": null,
-           "timestamp": "2026-04-06T01:00:00.000Z",
-         },
-         {
-           "accuracy": null,
-           "altitude": null,
-           "battery": null,
-           "cache_age_seconds": null,
-           "data_origin": "live",
-           "device_cache_stale": false,
-           "device_id": "10",
-           "id": "10-143",
-           "lat": 53,
-           "lon": -7,
-           "source": null,
-           "speed": null,
-           "timestamp": "2026-04-06T01:00:00.000Z",
-         },
-         {
-           "accuracy": null,
-           "altitude": null,
-           "battery": null,
-           "cache_age_seconds": null,
-           "data_origin": "live",
-           "device_cache_stale": false,
-           "device_id": "10",
-           "id": "10-144",
-           "lat": 53,
-           "lon": -7,
-           "source": null,
-           "speed": null,
-           "timestamp": "2026-04-06T01:00:00.000Z",
-         },
-         {
-           "accuracy": null,
-           "altitude": null,
-           "battery": null,
-           "cache_age_seconds": null,
-           "data_origin": "live",
-           "device_cache_stale": false,
-           "device_id": "10",
-           "id": "10-145",
-           "lat": 53,
-           "lon": -7,
-           "source": null,
-           "speed": null,
-           "timestamp": "2026-04-06T01:00:00.000Z",
-         },
-         {
-           "accuracy": null,
-           "altitude": null,
-           "battery": null,
-           "cache_age_seconds": null,
-           "data_origin": "live",
-           "device_cache_stale": false,
-           "device_id": "10",
-           "id": "10-146",
-           "lat": 53,
-           "lon": -7,
-           "source": null,
-           "speed": null,
-           "timestamp": "2026-04-06T01:00:00.000Z",
-         },
-         {
-           "accuracy": null,
-           "altitude": null,
-           "battery": null,
-           "cache_age_seconds": null,
-           "data_origin": "live",
-           "device_cache_stale": false,
-           "device_id": "10",
-           "id": "10-147",
-           "lat": 53,
-           "lon": -7,
-           "source": null,
-           "speed": null,
-           "timestamp": "2026-04-06T01:00:00.000Z",
-         },
-         {
-           "accuracy": null,
-           "altitude": null,
-           "battery": null,
-           "cache_age_seconds": null,
-           "data_origin": "live",
-           "device_cache_stale": false,
-           "device_id": "10",
-           "id": "10-148",
-           "lat": 53,
-           "lon": -7,
-           "source": null,
-           "speed": null,
-           "timestamp": "2026-04-06T01:00:00.000Z",
-         },
-         {
-           "accuracy": null,
-           "altitude": null,
-           "battery": null,
-           "cache_age_seconds": null,
-           "data_origin": "live",
-           "device_cache_stale": false,
-           "device_id": "10",
-           "id": "10-149",
-           "lat": 53,
-           "lon": -7,
-           "source": null,
-           "speed": null,
-           "timestamp": "2026-04-06T01:00:00.000Z",
-         },
-         {
-           "accuracy": null,
-           "altitude": null,
-           "battery": null,
-           "cache_age_seconds": null,
-           "data_origin": "live",
-           "device_cache_stale": false,
-           "device_id": "10",
-           "id": "10-150",
-           "lat": 53,
-           "lon": -7,
-           "source": null,
-           "speed": null,
-           "timestamp": "2026-04-06T01:00:00.000Z",
-         },
-         {
-           "accuracy": null,
-           "altitude": null,
-           "battery": null,
-           "cache_age_seconds": null,
-           "data_origin": "live",
-           "device_cache_stale": false,
-           "device_id": "10",
-           "id": "10-151",
-           "lat": 53,
-           "lon": -7,
-           "source": null,
-           "speed": null,
-           "timestamp": "2026-04-06T01:00:00.000Z",
-         },
-         {
-           "accuracy": null,
-           "altitude": null,
-           "battery": null,
-           "cache_age_seconds": null,
-           "data_origin": "live",
-           "device_cache_stale": false,
-           "device_id": "10",
-           "id": "10-152",
-           "lat": 53,
-           "lon": -7,
-           "source": null,
-           "speed": null,
-           "timestamp": "2026-04-06T01:00:00.000Z",
-         },
-         {
-           "accuracy": null,
-           "altitude": null,
-           "battery": null,
-           "cache_age_seconds": null,
-           "data_origin": "live",
-           "device_cache_stale": false,
-           "device_id": "10",
-           "id": "10-153",
-           "lat": 53,
-           "lon": -7,
-           "source": null,
-           "speed": null,
-           "timestamp": "2026-04-06T01:00:00.000Z",
-         },
-         {
-           "accuracy": null,
-           "altitude": null,
-           "battery": null,
-           "cache_age_seconds": null,
-           "data_origin": "live",
-           "device_cache_stale": false,
-           "device_id": "10",
-           "id": "10-154",
-           "lat": 53,
-           "lon": -7,
-           "source": null,
-           "speed": null,
-           "timestamp": "2026-04-06T01:00:00.000Z",
-         },
-         {
-           "accuracy": null,
-           "altitude": null,
-           "battery": null,
-           "cache_age_seconds": null,
-           "data_origin": "live",
-           "device_cache_stale": false,
-           "device_id": "10",
-           "id": "10-155",
-           "lat": 53,
-           "lon": -7,
-           "source": null,
-           "speed": null,
-           "timestamp": "2026-04-06T01:00:00.000Z",
-         },
-         {
-           "accuracy": null,
-           "altitude": null,
-           "battery": null,
-           "cache_age_seconds": null,
-           "data_origin": "live",
-           "device_cache_stale": false,
-           "device_id": "10",
-           "id": "10-156",
-           "lat": 53,
-           "lon": -7,
-           "source": null,
-           "speed": null,
-           "timestamp": "2026-04-06T01:00:00.000Z",
-         },
-         {
-           "accuracy": null,
-           "altitude": null,
-           "battery": null,
-           "cache_age_seconds": null,
-           "data_origin": "live",
-           "device_cache_stale": false,
-           "device_id": "10",
-           "id": "10-157",
-           "lat": 53,
-           "lon": -7,
-           "source": null,
-           "speed": null,
-           "timestamp": "2026-04-06T01:00:00.000Z",
-         },
-         {
-           "accuracy": null,
-           "altitude": null,
-           "battery": null,
-           "cache_age_seconds": null,
-           "data_origin": "live",
-           "device_cache_stale": false,
-           "device_id": "10",
-           "id": "10-158",
-           "lat": 53,
-           "lon": -7,
-           "source": null,
-           "speed": null,
-           "timestamp": "2026-04-06T01:00:00.000Z",
-         },
-         {
-           "accuracy": null,
-           "altitude": null,
-           "battery": null,
-           "cache_age_seconds": null,
-           "data_origin": "live",
-           "device_cache_stale": false,
-           "device_id": "10",
-           "id": "10-159",
-           "lat": 53,
-           "lon": -7,
-           "source": null,
-           "speed": null,
-           "timestamp": "2026-04-06T01:00:00.000Z",
-         },
-         {
-           "accuracy": null,
-           "altitude": null,
-           "battery": null,
-           "cache_age_seconds": null,
-           "data_origin": "live",
-           "device_cache_stale": false,
-           "device_id": "10",
-           "id": "10-160",
-           "lat": 53,
-           "lon": -7,
-           "source": null,
-           "speed": null,
-           "timestamp": "2026-04-06T01:00:00.000Z",
-         },
-         {
-           "accuracy": null,
-           "altitude": null,
-           "battery": null,
-           "cache_age_seconds": null,
-           "data_origin": "live",
-           "device_cache_stale": false,
-           "device_id": "10",
-           "id": "10-161",
-           "lat": 53,
-           "lon": -7,
-           "source": null,
-           "speed": null,
-           "timestamp": "2026-04-06T01:00:00.000Z",
-         },
-         {
-           "accuracy": null,
-           "altitude": null,
-           "battery": null,
-           "cache_age_seconds": null,
-           "data_origin": "live",
-           "device_cache_stale": false,
-           "device_id": "10",
-           "id": "10-162",
-           "lat": 53,
-           "lon": -7,
-           "source": null,
-           "speed": null,
-           "timestamp": "2026-04-06T01:00:00.000Z",
-         },
-         {
-           "accuracy": null,
-           "altitude": null,
-           "battery": null,
-           "cache_age_seconds": null,
-           "data_origin": "live",
-           "device_cache_stale": false,
-           "device_id": "10",
-           "id": "10-163",
-           "lat": 53,
-           "lon": -7,
-           "source": null,
-           "speed": null,
-           "timestamp": "2026-04-06T01:00:00.000Z",
-         },
-         {
-           "accuracy": null,
-           "altitude": null,
-           "battery": null,
-           "cache_age_seconds": null,
-           "data_origin": "live",
-           "device_cache_stale": false,
-           "device_id": "10",
-           "id": "10-164",
-           "lat": 53,
-           "lon": -7,
-           "source": null,
-           "speed": null,
-           "timestamp": "2026-04-06T01:00:00.000Z",
-         },
-         {
-           "accuracy": null,
-           "altitude": null,
-           "battery": null,
-           "cache_age_seconds": null,
-           "data_origin": "live",
-           "device_cache_stale": false,
-           "device_id": "10",
-           "id": "10-165",
-           "lat": 53,
-           "lon": -7,
-           "source": null,
-           "speed": null,
-           "timestamp": "2026-04-06T01:00:00.000Z",
-         },
-         {
-           "accuracy": null,
-           "altitude": null,
-           "battery": null,
-           "cache_age_seconds": null,
-           "data_origin": "live",
-           "device_cache_stale": false,
-           "device_id": "10",
-           "id": "10-166",
-           "lat": 53,
-           "lon": -7,
-           "source": null,
-           "speed": null,
-           "timestamp": "2026-04-06T01:00:00.000Z",
-         },
-         {
-           "accuracy": null,
-           "altitude": null,
-           "battery": null,
-           "cache_age_seconds": null,
-           "data_origin": "live",
-           "device_cache_stale": false,
-           "device_id": "10",
-           "id": "10-167",
-           "lat": 53,
-           "lon": -7,
-           "source": null,
-           "speed": null,
-           "timestamp": "2026-04-06T01:00:00.000Z",
-         },
-         {
-           "accuracy": null,
-           "altitude": null,
-           "battery": null,
-           "cache_age_seconds": null,
-           "data_origin": "live",
-           "device_cache_stale": false,
-           "device_id": "10",
-           "id": "10-168",
-           "lat": 53,
-           "lon": -7,
-           "source": null,
-           "speed": null,
-           "timestamp": "2026-04-06T01:00:00.000Z",
-         },
-         {
-           "accuracy": null,
-           "altitude": null,
-           "battery": null,
-           "cache_age_seconds": null,
-           "data_origin": "live",
-           "device_cache_stale": false,
-           "device_id": "10",
-           "id": "10-169",
-           "lat": 53,
-           "lon": -7,
-           "source": null,
-           "speed": null,
-           "timestamp": "2026-04-06T01:00:00.000Z",
-         },
-         {
-           "accuracy": null,
-           "altitude": null,
-           "battery": null,
-           "cache_age_seconds": null,
-           "data_origin": "live",
-           "device_cache_stale": false,
-           "device_id": "10",
-           "id": "10-170",
-           "lat": 53,
-           "lon": -7,
-           "source": null,
-           "speed": null,
-           "timestamp": "2026-04-06T01:00:00.000Z",
-         },
-         {
-           "accuracy": null,
-           "altitude": null,
-           "battery": null,
-           "cache_age_seconds": null,
-           "data_origin": "live",
-           "device_cache_stale": false,
-           "device_id": "10",
-           "id": "10-171",
-           "lat": 53,
-           "lon": -7,
-           "source": null,
-           "speed": null,
-           "timestamp": "2026-04-06T01:00:00.000Z",
-         },
-         {
-           "accuracy": null,
-           "altitude": null,
-           "battery": null,
-           "cache_age_seconds": null,
-           "data_origin": "live",
-           "device_cache_stale": false,
-           "device_id": "10",
-           "id": "10-172",
-           "lat": 53,
-           "lon": -7,
-           "source": null,
-           "speed": null,
-           "timestamp": "2026-04-06T01:00:00.000Z",
-         },
-         {
-           "accuracy": null,
-           "altitude": null,
-           "battery": null,
-           "cache_age_seconds": null,
-           "data_origin": "live",
-           "device_cache_stale": false,
-           "device_id": "10",
-           "id": "10-173",
-           "lat": 53,
-           "lon": -7,
-           "source": null,
-           "speed": null,
-           "timestamp": "2026-04-06T01:00:00.000Z",
-         },
-         {
-           "accuracy": null,
-           "altitude": null,
-           "battery": null,
-           "cache_age_seconds": null,
-           "data_origin": "live",
-           "device_cache_stale": false,
-           "device_id": "10",
-           "id": "10-174",
-           "lat": 53,
-           "lon": -7,
-           "source": null,
-           "speed": null,
-           "timestamp": "2026-04-06T01:00:00.000Z",
-         },
-         {
-           "accuracy": null,
-           "altitude": null,
-           "battery": null,
-           "cache_age_seconds": null,
-           "data_origin": "live",
-           "device_cache_stale": false,
-           "device_id": "10",
-           "id": "10-175",
-           "lat": 53,
-           "lon": -7,
-           "source": null,
-           "speed": null,
-           "timestamp": "2026-04-06T01:00:00.000Z",
-         },
-         {
-           "accuracy": null,
-           "altitude": null,
-           "battery": null,
-           "cache_age_seconds": null,
-           "data_origin": "live",
-           "device_cache_stale": false,
-           "device_id": "10",
-           "id": "10-176",
-           "lat": 53,
-           "lon": -7,
-           "source": null,
-           "speed": null,
-           "timestamp": "2026-04-06T01:00:00.000Z",
-         },
-         {
-           "accuracy": null,
-           "altitude": null,
-           "battery": null,
-           "cache_age_seconds": null,
-           "data_origin": "live",
-           "device_cache_stale": false,
-           "device_id": "10",
-           "id": "10-177",
-           "lat": 53,
-           "lon": -7,
-           "source": null,
-           "speed": null,
-           "timestamp": "2026-04-06T01:00:00.000Z",
-         },
-         {
-           "accuracy": null,
-           "altitude": null,
-           "battery": null,
-           "cache_age_seconds": null,
-           "data_origin": "live",
-           "device_cache_stale": false,
-           "device_id": "10",
-           "id": "10-178",
-           "lat": 53,
-           "lon": -7,
-           "source": null,
-           "speed": null,
-           "timestamp": "2026-04-06T01:00:00.000Z",
-         },
-         {
-           "accuracy": null,
-           "altitude": null,
-           "battery": null,
-           "cache_age_seconds": null,
-           "data_origin": "live",
-           "device_cache_stale": false,
-           "device_id": "10",
-           "id": "10-179",
-           "lat": 53,
-           "lon": -7,
-           "source": null,
-           "speed": null,
-           "timestamp": "2026-04-06T01:00:00.000Z",
-         },
-         {
-           "accuracy": null,
-           "altitude": null,
-           "battery": null,
-           "cache_age_seconds": null,
-           "data_origin": "live",
-           "device_cache_stale": false,
-           "device_id": "10",
-           "id": "10-180",
-           "lat": 53,
-           "lon": -7,
-           "source": null,
-           "speed": null,
-           "timestamp": "2026-04-06T01:00:00.000Z",
-         },
-         {
-           "accuracy": null,
-           "altitude": null,
-           "battery": null,
-           "cache_age_seconds": null,
-           "data_origin": "live",
-           "device_cache_stale": false,
-           "device_id": "10",
-           "id": "10-181",
-           "lat": 53,
-           "lon": -7,
-           "source": null,
-           "speed": null,
-           "timestamp": "2026-04-06T01:00:00.000Z",
-         },
-         {
-           "accuracy": null,
-           "altitude": null,
-           "battery": null,
-           "cache_age_seconds": null,
-           "data_origin": "live",
-           "device_cache_stale": false,
-           "device_id": "10",
-           "id": "10-182",
-           "lat": 53,
-           "lon": -7,
-           "source": null,
-           "speed": null,
-           "timestamp": "2026-04-06T01:00:00.000Z",
-         },
-         {
-           "accuracy": null,
-           "altitude": null,
-           "battery": null,
-           "cache_age_seconds": null,
-           "data_origin": "live",
-           "device_cache_stale": false,
-           "device_id": "10",
-           "id": "10-183",
-           "lat": 53,
-           "lon": -7,
-           "source": null,
-           "speed": null,
-           "timestamp": "2026-04-06T01:00:00.000Z",
-         },
-         {
-           "accuracy": null,
-           "altitude": null,
-           "battery": null,
-           "cache_age_seconds": null,
-           "data_origin": "live",
-           "device_cache_stale": false,
-           "device_id": "10",
-           "id": "10-184",
-           "lat": 53,
-           "lon": -7,
-           "source": null,
-           "speed": null,
-           "timestamp": "2026-04-06T01:00:00.000Z",
-         },
-         {
-           "accuracy": null,
-           "altitude": null,
-           "battery": null,
-           "cache_age_seconds": null,
-           "data_origin": "live",
-           "device_cache_stale": false,
-           "device_id": "10",
-           "id": "10-185",
-           "lat": 53,
-           "lon": -7,
-           "source": null,
-           "speed": null,
-           "timestamp": "2026-04-06T01:00:00.000Z",
-         },
-         {
-           "accuracy": null,
-           "altitude": null,
-           "battery": null,
-           "cache_age_seconds": null,
-           "data_origin": "live",
-           "device_cache_stale": false,
-           "device_id": "10",
-           "id": "10-186",
-           "lat": 53,
-           "lon": -7,
-           "source": null,
-           "speed": null,
-           "timestamp": "2026-04-06T01:00:00.000Z",
-         },
-         {
-           "accuracy": null,
-           "altitude": null,
-           "battery": null,
-           "cache_age_seconds": null,
-           "data_origin": "live",
-           "device_cache_stale": false,
-           "device_id": "10",
-           "id": "10-187",
-           "lat": 53,
-           "lon": -7,
-           "source": null,
-           "speed": null,
-           "timestamp": "2026-04-06T01:00:00.000Z",
-         },
-         {
-           "accuracy": null,
-           "altitude": null,
-           "battery": null,
-           "cache_age_seconds": null,
-           "data_origin": "live",
-           "device_cache_stale": false,
-           "device_id": "10",
-           "id": "10-188",
-           "lat": 53,
-           "lon": -7,
-           "source": null,
-           "speed": null,
-           "timestamp": "2026-04-06T01:00:00.000Z",
-         },
-         {
-           "accuracy": null,
-           "altitude": null,
-           "battery": null,
-           "cache_age_seconds": null,
-           "data_origin": "live",
-           "device_cache_stale": false,
-           "device_id": "10",
-           "id": "10-189",
-           "lat": 53,
-           "lon": -7,
-           "source": null,
-           "speed": null,
-           "timestamp": "2026-04-06T01:00:00.000Z",
-         },
-         {
-           "accuracy": null,
-           "altitude": null,
-           "battery": null,
-           "cache_age_seconds": null,
-           "data_origin": "live",
-           "device_cache_stale": false,
-           "device_id": "10",
-           "id": "10-190",
-           "lat": 53,
-           "lon": -7,
-           "source": null,
-           "speed": null,
-           "timestamp": "2026-04-06T01:00:00.000Z",
-         },
-         {
-           "accuracy": null,
-           "altitude": null,
-           "battery": null,
-           "cache_age_seconds": null,
-           "data_origin": "live",
-           "device_cache_stale": false,
-           "device_id": "10",
-           "id": "10-191",
-           "lat": 53,
-           "lon": -7,
-           "source": null,
-           "speed": null,
-           "timestamp": "2026-04-06T01:00:00.000Z",
-         },
-         {
-           "accuracy": null,
-           "altitude": null,
-           "battery": null,
-           "cache_age_seconds": null,
-           "data_origin": "live",
-           "device_cache_stale": false,
-           "device_id": "10",
-           "id": "10-192",
-           "lat": 53,
-           "lon": -7,
-           "source": null,
-           "speed": null,
-           "timestamp": "2026-04-06T01:00:00.000Z",
-         },
-         {
-           "accuracy": null,
-           "altitude": null,
-           "battery": null,
-           "cache_age_seconds": null,
-           "data_origin": "live",
-           "device_cache_stale": false,
-           "device_id": "10",
-           "id": "10-193",
-           "lat": 53,
-           "lon": -7,
-           "source": null,
-           "speed": null,
-           "timestamp": "2026-04-06T01:00:00.000Z",
-         },
-         {
-           "accuracy": null,
-           "altitude": null,
-           "battery": null,
-           "cache_age_seconds": null,
-           "data_origin": "live",
-           "device_cache_stale": false,
-           "device_id": "10",
-           "id": "10-194",
-           "lat": 53,
-           "lon": -7,
-           "source": null,
-           "speed": null,
-           "timestamp": "2026-04-06T01:00:00.000Z",
-         },
-         {
-           "accuracy": null,
-           "altitude": null,
-           "battery": null,
-           "cache_age_seconds": null,
-           "data_origin": "live",
-           "device_cache_stale": false,
-           "device_id": "10",
-           "id": "10-195",
-           "lat": 53,
-           "lon": -7,
-           "source": null,
-           "speed": null,
-           "timestamp": "2026-04-06T01:00:00.000Z",
-         },
-         {
-           "accuracy": null,
-           "altitude": null,
-           "battery": null,
-           "cache_age_seconds": null,
-           "data_origin": "live",
-           "device_cache_stale": false,
-           "device_id": "10",
-           "id": "10-196",
-           "lat": 53,
-           "lon": -7,
-           "source": null,
-           "speed": null,
-           "timestamp": "2026-04-06T01:00:00.000Z",
-         },
-         {
-           "accuracy": null,
-           "altitude": null,
-           "battery": null,
-           "cache_age_seconds": null,
-           "data_origin": "live",
-           "device_cache_stale": false,
-           "device_id": "10",
-           "id": "10-197",
-           "lat": 53,
-           "lon": -7,
-           "source": null,
-           "speed": null,
-           "timestamp": "2026-04-06T01:00:00.000Z",
-         },
-         {
-           "accuracy": null,
-           "altitude": null,
-           "battery": null,
-           "cache_age_seconds": null,
-           "data_origin": "live",
-           "device_cache_stale": false,
-           "device_id": "10",
-           "id": "10-198",
-           "lat": 53,
-           "lon": -7,
-           "source": null,
-           "speed": null,
-           "timestamp": "2026-04-06T01:00:00.000Z",
-         },
-         {
-           "accuracy": null,
-           "altitude": null,
-           "battery": null,
-           "cache_age_seconds": null,
-           "data_origin": "live",
-           "device_cache_stale": false,
-           "device_id": "10",
-           "id": "10-199",
-           "lat": 53,
-           "lon": -7,
-           "source": null,
-           "speed": null,
-           "timestamp": "2026-04-06T01:00:00.000Z",
-         },
-         {
-           "accuracy": null,
-           "altitude": null,
-           "battery": null,
-           "cache_age_seconds": null,
-           "data_origin": "live",
-           "device_cache_stale": false,
-           "device_id": "10",
-           "id": "10-200",
-           "lat": 53,
-           "lon": -7,
-           "source": null,
-           "speed": null,
-           "timestamp": "2026-04-06T01:00:00.000Z",
-         },
-         {
-           "accuracy": null,
-           "altitude": null,
-           "battery": null,
-           "cache_age_seconds": null,
-           "data_origin": "live",
-           "device_cache_stale": false,
-           "device_id": "10",
-           "id": "10-201",
-           "lat": 53,
-           "lon": -7,
-           "source": null,
-           "speed": null,
-           "timestamp": "2026-04-06T01:00:00.000Z",
-         },
-         {
-           "accuracy": null,
-           "altitude": null,
-           "battery": null,
-           "cache_age_seconds": null,
-           "data_origin": "live",
-           "device_cache_stale": false,
-           "device_id": "10",
-           "id": "10-202",
-           "lat": 53,
-           "lon": -7,
-           "source": null,
-           "speed": null,
-           "timestamp": "2026-04-06T01:00:00.000Z",
-         },
-         {
-           "accuracy": null,
-           "altitude": null,
-           "battery": null,
-           "cache_age_seconds": null,
-           "data_origin": "live",
-           "device_cache_stale": false,
-           "device_id": "10",
-           "id": "10-203",
-           "lat": 53,
-           "lon": -7,
-           "source": null,
-           "speed": null,
-           "timestamp": "2026-04-06T01:00:00.000Z",
-         },
-         {
-           "accuracy": null,
-           "altitude": null,
-           "battery": null,
-           "cache_age_seconds": null,
-           "data_origin": "live",
-           "device_cache_stale": false,
-           "device_id": "10",
-           "id": "10-204",
-           "lat": 53,
-           "lon": -7,
-           "source": null,
-           "speed": null,
-           "timestamp": "2026-04-06T01:00:00.000Z",
-         },
-         {
-           "accuracy": null,
-           "altitude": null,
-           "battery": null,
-           "cache_age_seconds": null,
-           "data_origin": "live",
-           "device_cache_stale": false,
-           "device_id": "10",
-           "id": "10-205",
-           "lat": 53,
-           "lon": -7,
-           "source": null,
-           "speed": null,
-           "timestamp": "2026-04-06T01:00:00.000Z",
-         },
-         {
-           "accuracy": null,
-           "altitude": null,
-           "battery": null,
-           "cache_age_seconds": null,
-           "data_origin": "live",
-           "device_cache_stale": false,
-           "device_id": "10",
-           "id": "10-206",
-           "lat": 53,
-           "lon": -7,
-           "source": null,
-           "speed": null,
-           "timestamp": "2026-04-06T01:00:00.000Z",
-         },
-         {
-           "accuracy": null,
-           "altitude": null,
-           "battery": null,
-           "cache_age_seconds": null,
-           "data_origin": "live",
-           "device_cache_stale": false,
-           "device_id": "10",
-           "id": "10-207",
-           "lat": 53,
-           "lon": -7,
-           "source": null,
-           "speed": null,
-           "timestamp": "2026-04-06T01:00:00.000Z",
-         },
-         {
-           "accuracy": null,
-           "altitude": null,
-           "battery": null,
-           "cache_age_seconds": null,
-           "data_origin": "live",
-           "device_cache_stale": false,
-           "device_id": "10",
-           "id": "10-208",
-           "lat": 53,
-           "lon": -7,
-           "source": null,
-           "speed": null,
-           "timestamp": "2026-04-06T01:00:00.000Z",
-         },
-         {
-           "accuracy": null,
-           "altitude": null,
-           "battery": null,
-           "cache_age_seconds": null,
-           "data_origin": "live",
-           "device_cache_stale": false,
-           "device_id": "10",
-           "id": "10-209",
-           "lat": 53,
-           "lon": -7,
-           "source": null,
-           "speed": null,
-           "timestamp": "2026-04-06T01:00:00.000Z",
-         },
-         {
-           "accuracy": null,
-           "altitude": null,
-           "battery": null,
-           "cache_age_seconds": null,
-           "data_origin": "live",
-           "device_cache_stale": false,
-           "device_id": "10",
-           "id": "10-210",
-           "lat": 53,
-           "lon": -7,
-           "source": null,
-           "speed": null,
-           "timestamp": "2026-04-06T01:00:00.000Z",
-         },
-         {
-           "accuracy": null,
-           "altitude": null,
-           "battery": null,
-           "cache_age_seconds": null,
-           "data_origin": "live",
-           "device_cache_stale": false,
-           "device_id": "10",
-           "id": "10-211",
-           "lat": 53,
-           "lon": -7,
-           "source": null,
-           "speed": null,
-           "timestamp": "2026-04-06T01:00:00.000Z",
-         },
-         {
-           "accuracy": null,
-           "altitude": null,
-           "battery": null,
-           "cache_age_seconds": null,
-           "data_origin": "live",
-           "device_cache_stale": false,
-           "device_id": "10",
-           "id": "10-212",
-           "lat": 53,
-           "lon": -7,
-           "source": null,
-           "speed": null,
-           "timestamp": "2026-04-06T01:00:00.000Z",
-         },
-         {
-           "accuracy": null,
-           "altitude": null,
-           "battery": null,
-           "cache_age_seconds": null,
-           "data_origin": "live",
-           "device_cache_stale": false,
-           "device_id": "10",
-           "id": "10-213",
-           "lat": 53,
-           "lon": -7,
-           "source": null,
-           "speed": null,
-           "timestamp": "2026-04-06T01:00:00.000Z",
-         },
-         {
-           "accuracy": null,
-           "altitude": null,
-           "battery": null,
-           "cache_age_seconds": null,
-           "data_origin": "live",
-           "device_cache_stale": false,
-           "device_id": "10",
-           "id": "10-214",
-           "lat": 53,
-           "lon": -7,
-           "source": null,
-           "speed": null,
-           "timestamp": "2026-04-06T01:00:00.000Z",
-         },
-         {
-           "accuracy": null,
-           "altitude": null,
-           "battery": null,
-           "cache_age_seconds": null,
-           "data_origin": "live",
-           "device_cache_stale": false,
-           "device_id": "10",
-           "id": "10-215",
-           "lat": 53,
-           "lon": -7,
-           "source": null,
-           "speed": null,
-           "timestamp": "2026-04-06T01:00:00.000Z",
-         },
-         {
-           "accuracy": null,
-           "altitude": null,
-           "battery": null,
-           "cache_age_seconds": null,
-           "data_origin": "live",
-           "device_cache_stale": false,
-           "device_id": "10",
-           "id": "10-216",
-           "lat": 53,
-           "lon": -7,
-           "source": null,
-           "speed": null,
-           "timestamp": "2026-04-06T01:00:00.000Z",
-         },
-         {
-           "accuracy": null,
-           "altitude": null,
-           "battery": null,
-           "cache_age_seconds": null,
-           "data_origin": "live",
-           "device_cache_stale": false,
-           "device_id": "10",
-           "id": "10-217",
-           "lat": 53,
-           "lon": -7,
-           "source": null,
-           "speed": null,
-           "timestamp": "2026-04-06T01:00:00.000Z",
-         },
-         {
-           "accuracy": null,
-           "altitude": null,
-           "battery": null,
-           "cache_age_seconds": null,
-           "data_origin": "live",
-           "device_cache_stale": false,
-           "device_id": "10",
-           "id": "10-218",
-           "lat": 53,
-           "lon": -7,
-           "source": null,
-           "speed": null,
-           "timestamp": "2026-04-06T01:00:00.000Z",
-         },
-         {
-           "accuracy": null,
-           "altitude": null,
-           "battery": null,
-           "cache_age_seconds": null,
-           "data_origin": "live",
-           "device_cache_stale": false,
-           "device_id": "10",
-           "id": "10-219",
-           "lat": 53,
-           "lon": -7,
-           "source": null,
-           "speed": null,
-           "timestamp": "2026-04-06T01:00:00.000Z",
-         },
-         {
-           "accuracy": null,
-           "altitude": null,
-           "battery": null,
-           "cache_age_seconds": null,
-           "data_origin": "live",
-           "device_cache_stale": false,
-           "device_id": "10",
-           "id": "10-220",
-           "lat": 53,
-           "lon": -7,
-           "source": null,
-           "speed": null,
-           "timestamp": "2026-04-06T01:00:00.000Z",
-         },
-         {
-           "accuracy": null,
-           "altitude": null,
-           "battery": null,
-           "cache_age_seconds": null,
-           "data_origin": "live",
-           "device_cache_stale": false,
-           "device_id": "10",
-           "id": "10-221",
-           "lat": 53,
-           "lon": -7,
-           "source": null,
-           "speed": null,
-           "timestamp": "2026-04-06T01:00:00.000Z",
-         },
-         {
-           "accuracy": null,
-           "altitude": null,
-           "battery": null,
-           "cache_age_seconds": null,
-           "data_origin": "live",
-           "device_cache_stale": false,
-           "device_id": "10",
-           "id": "10-222",
-           "lat": 53,
-           "lon": -7,
-           "source": null,
-           "speed": null,
-           "timestamp": "2026-04-06T01:00:00.000Z",
-         },
-         {
-           "accuracy": null,
-           "altitude": null,
-           "battery": null,
-           "cache_age_seconds": null,
-           "data_origin": "live",
-           "device_cache_stale": false,
-           "device_id": "10",
-           "id": "10-223",
-           "lat": 53,
-           "lon": -7,
-           "source": null,
-           "speed": null,
-           "timestamp": "2026-04-06T01:00:00.000Z",
-         },
-         {
-           "accuracy": null,
-           "altitude": null,
-           "battery": null,
-           "cache_age_seconds": null,
-           "data_origin": "live",
-           "device_cache_stale": false,
-           "device_id": "10",
-           "id": "10-224",
-           "lat": 53,
-           "lon": -7,
-           "source": null,
-           "speed": null,
-           "timestamp": "2026-04-06T01:00:00.000Z",
-         },
-         {
-           "accuracy": null,
-           "altitude": null,
-           "battery": null,
-           "cache_age_seconds": null,
-           "data_origin": "live",
-           "device_cache_stale": false,
-           "device_id": "10",
-           "id": "10-225",
-           "lat": 53,
-           "lon": -7,
-           "source": null,
-           "speed": null,
-           "timestamp": "2026-04-06T01:00:00.000Z",
-         },
-         {
-           "accuracy": null,
-           "altitude": null,
-           "battery": null,
-           "cache_age_seconds": null,
-           "data_origin": "live",
-           "device_cache_stale": false,
-           "device_id": "10",
-           "id": "10-226",
-           "lat": 53,
-           "lon": -7,
-           "source": null,
-           "speed": null,
-           "timestamp": "2026-04-06T01:00:00.000Z",
-         },
-         {
-           "accuracy": null,
-           "altitude": null,
-           "battery": null,
-           "cache_age_seconds": null,
-           "data_origin": "live",
-           "device_cache_stale": false,
-           "device_id": "10",
-           "id": "10-227",
-           "lat": 53,
-           "lon": -7,
-           "source": null,
-           "speed": null,
-           "timestamp": "2026-04-06T01:00:00.000Z",
-         },
-         {
-           "accuracy": null,
-           "altitude": null,
-           "battery": null,
-           "cache_age_seconds": null,
-           "data_origin": "live",
-           "device_cache_stale": false,
-           "device_id": "10",
-           "id": "10-228",
-           "lat": 53,
-           "lon": -7,
-           "source": null,
-           "speed": null,
-           "timestamp": "2026-04-06T01:00:00.000Z",
-         },
-         {
-           "accuracy": null,
-           "altitude": null,
-           "battery": null,
-           "cache_age_seconds": null,
-           "data_origin": "live",
-           "device_cache_stale": false,
-           "device_id": "10",
-           "id": "10-229",
-           "lat": 53,
-           "lon": -7,
-           "source": null,
-           "speed": null,
-           "timestamp": "2026-04-06T01:00:00.000Z",
-         },
-         {
-           "accuracy": null,
-           "altitude": null,
-           "battery": null,
-           "cache_age_seconds": null,
-           "data_origin": "live",
-           "device_cache_stale": false,
-           "device_id": "10",
-           "id": "10-230",
-           "lat": 53,
-           "lon": -7,
-           "source": null,
-           "speed": null,
-           "timestamp": "2026-04-06T01:00:00.000Z",
-         },
-         {
-           "accuracy": null,
-           "altitude": null,
-           "battery": null,
-           "cache_age_seconds": null,
-           "data_origin": "live",
-           "device_cache_stale": false,
-           "device_id": "10",
-           "id": "10-231",
-           "lat": 53,
-           "lon": -7,
-           "source": null,
-           "speed": null,
-           "timestamp": "2026-04-06T01:00:00.000Z",
-         },
-         {
-           "accuracy": null,
-           "altitude": null,
-           "battery": null,
-           "cache_age_seconds": null,
-           "data_origin": "live",
-           "device_cache_stale": false,
-           "device_id": "10",
-           "id": "10-232",
-           "lat": 53,
-           "lon": -7,
-           "source": null,
-           "speed": null,
-           "timestamp": "2026-04-06T01:00:00.000Z",
-         },
-         {
-           "accuracy": null,
-           "altitude": null,
-           "battery": null,
-           "cache_age_seconds": null,
-           "data_origin": "live",
-           "device_cache_stale": false,
-           "device_id": "10",
-           "id": "10-233",
-           "lat": 53,
-           "lon": -7,
-           "source": null,
-           "speed": null,
-           "timestamp": "2026-04-06T01:00:00.000Z",
-         },
-         {
-           "accuracy": null,
-           "altitude": null,
-           "battery": null,
-           "cache_age_seconds": null,
-           "data_origin": "live",
-           "device_cache_stale": false,
-           "device_id": "10",
-           "id": "10-234",
-           "lat": 53,
-           "lon": -7,
-           "source": null,
-           "speed": null,
-           "timestamp": "2026-04-06T01:00:00.000Z",
-         },
-         {
-           "accuracy": null,
-           "altitude": null,
-           "battery": null,
-           "cache_age_seconds": null,
-           "data_origin": "live",
-           "device_cache_stale": false,
-           "device_id": "10",
-           "id": "10-235",
-           "lat": 53,
-           "lon": -7,
-           "source": null,
-           "speed": null,
-           "timestamp": "2026-04-06T01:00:00.000Z",
-         },
-         {
-           "accuracy": null,
-           "altitude": null,
-           "battery": null,
-           "cache_age_seconds": null,
-           "data_origin": "live",
-           "device_cache_stale": false,
-           "device_id": "10",
-           "id": "10-236",
-           "lat": 53,
-           "lon": -7,
-           "source": null,
-           "speed": null,
-           "timestamp": "2026-04-06T01:00:00.000Z",
-         },
-         {
-           "accuracy": null,
-           "altitude": null,
-           "battery": null,
-           "cache_age_seconds": null,
-           "data_origin": "live",
-           "device_cache_stale": false,
-           "device_id": "10",
-           "id": "10-237",
-           "lat": 53,
-           "lon": -7,
-           "source": null,
-           "speed": null,
-           "timestamp": "2026-04-06T01:00:00.000Z",
-         },
-         {
-           "accuracy": null,
-           "altitude": null,
-           "battery": null,
-           "cache_age_seconds": null,
-           "data_origin": "live",
-           "device_cache_stale": false,
-           "device_id": "10",
-           "id": "10-238",
-           "lat": 53,
-           "lon": -7,
-           "source": null,
-           "speed": null,
-           "timestamp": "2026-04-06T01:00:00.000Z",
-         },
-         {
-           "accuracy": null,
-           "altitude": null,
-           "battery": null,
-           "cache_age_seconds": null,
-           "data_origin": "live",
-           "device_cache_stale": false,
-           "device_id": "10",
-           "id": "10-239",
-           "lat": 53,
-           "lon": -7,
-           "source": null,
-           "speed": null,
-           "timestamp": "2026-04-06T01:00:00.000Z",
-         },
-         {
-           "accuracy": null,
-           "altitude": null,
-           "battery": null,
-           "cache_age_seconds": null,
-           "data_origin": "live",
-           "device_cache_stale": false,
-           "device_id": "10",
-           "id": "10-240",
-           "lat": 53,
-           "lon": -7,
-           "source": null,
-           "speed": null,
-           "timestamp": "2026-04-06T01:00:00.000Z",
-         },
-       ],
-       "reconciledUntil": "2026-04-06T02:00:00.000Z",
-     },
-     {
-       "deviceId": "11",
-       "expectedMissionId": "mission-1",
-       "historyFrom": "2026-04-06T00:00:00.000Z",
-       "phase": "initial",
-       "positions": [
-         {
-           "accuracy": null,
-           "altitude": null,
-           "battery": null,
-           "cache_age_seconds": null,
-           "data_origin": "live",
-           "device_cache_stale": false,
-           "device_id": "11",
-           "id": "11-0",
-           "lat": 53,
-           "lon": -7,
-           "source": null,
-           "speed": null,
-           "timestamp": "2026-04-06T01:00:00.000Z",
-         },
-         {
-           "accuracy": null,
-           "altitude": null,
-           "battery": null,
-           "cache_age_seconds": null,
-           "data_origin": "live",
-           "device_cache_stale": false,
-           "device_id": "11",
-           "id": "11-1",
-           "lat": 53,
-           "lon": -7,
-           "source": null,
-           "speed": null,
-           "timestamp": "2026-04-06T01:00:00.000Z",
-         },
-         {
-           "accuracy": null,
-           "altitude": null,
-           "battery": null,
-           "cache_age_seconds": null,
-           "data_origin": "live",
-           "device_cache_stale": false,
-           "device_id": "11",
-           "id": "11-2",
-           "lat": 53,
-           "lon": -7,
-           "source": null,
-           "speed": null,
-           "timestamp": "2026-04-06T01:00:00.000Z",
-         },
-         {
-           "accuracy": null,
-           "altitude": null,
-           "battery": null,
-           "cache_age_seconds": null,
-           "data_origin": "live",
-           "device_cache_stale": false,
-           "device_id": "11",
-           "id": "11-3",
-           "lat": 53,
-           "lon": -7,
-           "source": null,
-           "speed": null,
-           "timestamp": "2026-04-06T01:00:00.000Z",
-         },
-         {
-           "accuracy": null,
-           "altitude": null,
-           "battery": null,
-           "cache_age_seconds": null,
-           "data_origin": "live",
-           "device_cache_stale": false,
-           "device_id": "11",
-           "id": "11-4",
-           "lat": 53,
-           "lon": -7,
-           "source": null,
-           "speed": null,
-           "timestamp": "2026-04-06T01:00:00.000Z",
-         },
-         {
-           "accuracy": null,
-           "altitude": null,
-           "battery": null,
-           "cache_age_seconds": null,
-           "data_origin": "live",
-           "device_cache_stale": false,
-           "device_id": "11",
-           "id": "11-5",
-           "lat": 53,
-           "lon": -7,
-           "source": null,
-           "speed": null,
-           "timestamp": "2026-04-06T01:00:00.000Z",
-         },
-         {
-           "accuracy": null,
-           "altitude": null,
-           "battery": null,
-           "cache_age_seconds": null,
-           "data_origin": "live",
-           "device_cache_stale": false,
-           "device_id": "11",
-           "id": "11-6",
-           "lat": 53,
-           "lon": -7,
-           "source": null,
-           "speed": null,
-           "timestamp": "2026-04-06T01:00:00.000Z",
-         },
-         {
-           "accuracy": null,
-           "altitude": null,
-           "battery": null,
-           "cache_age_seconds": null,
-           "data_origin": "live",
-           "device_cache_stale": false,
-           "device_id": "11",
-           "id": "11-7",
-           "lat": 53,
-           "lon": -7,
-           "source": null,
-           "speed": null,
-           "timestamp": "2026-04-06T01:00:00.000Z",
-         },
-         {
-           "accuracy": null,
-           "altitude": null,
-           "battery": null,
-           "cache_age_seconds": null,
-           "data_origin": "live",
-           "device_cache_stale": false,
-           "device_id": "11",
-           "id": "11-8",
-           "lat": 53,
-           "lon": -7,
-           "source": null,
-           "speed": null,
-           "timestamp": "2026-04-06T01:00:00.000Z",
-         },
-         {
-           "accuracy": null,
-           "altitude": null,
-           "battery": null,
-           "cache_age_seconds": null,
-           "data_origin": "live",
-           "device_cache_stale": false,
-           "device_id": "11",
-           "id": "11-9",
-           "lat": 53,
-           "lon": -7,
-           "source": null,
-           "speed": null,
-           "timestamp": "2026-04-06T01:00:00.000Z",
-         },
-         {
-           "accuracy": null,
-           "altitude": null,
-           "battery": null,
-           "cache_age_seconds": null,
-           "data_origin": "live",
-           "device_cache_stale": false,
-           "device_id": "11",
-           "id": "11-10",
-           "lat": 53,
-           "lon": -7,
-           "source": null,
-           "speed": null,
-           "timestamp": "2026-04-06T01:00:00.000Z",
-         },
-         {
-           "accuracy": null,
-           "altitude": null,
-           "battery": null,
-           "cache_age_seconds": null,
-           "data_origin": "live",
-           "device_cache_stale": false,
-           "device_id": "11",
-           "id": "11-11",
-           "lat": 53,
-           "lon": -7,
-           "source": null,
-           "speed": null,
-           "timestamp": "2026-04-06T01:00:00.000Z",
-         },
-         {
-           "accuracy": null,
-           "altitude": null,
-           "battery": null,
-           "cache_age_seconds": null,
-           "data_origin": "live",
-           "device_cache_stale": false,
-           "device_id": "11",
-           "id": "11-12",
-           "lat": 53,
-           "lon": -7,
-           "source": null,
-           "speed": null,
-           "timestamp": "2026-04-06T01:00:00.000Z",
-         },
-         {
-           "accuracy": null,
-           "altitude": null,
-           "battery": null,
-           "cache_age_seconds": null,
-           "data_origin": "live",
-           "device_cache_stale": false,
-           "device_id": "11",
-           "id": "11-13",
-           "lat": 53,
-           "lon": -7,
-           "source": null,
-           "speed": null,
-           "timestamp": "2026-04-06T01:00:00.000Z",
-         },
-         {
-           "accuracy": null,
-           "altitude": null,
-           "battery": null,
-           "cache_age_seconds": null,
-           "data_origin": "live",
-           "device_cache_stale": false,
-           "device_id": "11",
-           "id": "11-14",
-           "lat": 53,
-           "lon": -7,
-           "source": null,
-           "speed": null,
-           "timestamp": "2026-04-06T01:00:00.000Z",
-         },
-         {
-           "accuracy": null,
-           "altitude": null,
-           "battery": null,
-           "cache_age_seconds": null,
-           "data_origin": "live",
-           "device_cache_stale": false,
-           "device_id": "11",
-           "id": "11-15",
-           "lat": 53,
-           "lon": -7,
-           "source": null,
-           "speed": null,
-           "timestamp": "2026-04-06T01:00:00.000Z",
-         },
-         {
-           "accuracy": null,
-           "altitude": null,
-           "battery": null,
-           "cache_age_seconds": null,
-           "data_origin": "live",
-           "device_cache_stale": false,
-           "device_id": "11",
-           "id": "11-16",
-           "lat": 53,
-           "lon": -7,
-           "source": null,
-           "speed": null,
-           "timestamp": "2026-04-06T01:00:00.000Z",
-         },
-         {
-           "accuracy": null,
-           "altitude": null,
-           "battery": null,
-           "cache_age_seconds": null,
-           "data_origin": "live",
-           "device_cache_stale": false,
-           "device_id": "11",
-           "id": "11-17",
-           "lat": 53,
-           "lon": -7,
-           "source": null,
-           "speed": null,
-           "timestamp": "2026-04-06T01:00:00.000Z",
-         },
-         {
-           "accuracy": null,
-           "altitude": null,
-           "battery": null,
-           "cache_age_seconds": null,
-           "data_origin": "live",
-           "device_cache_stale": false,
-           "device_id": "11",
-           "id": "11-18",
-           "lat": 53,
-           "lon": -7,
-           "source": null,
-           "speed": null,
-           "timestamp": "2026-04-06T01:00:00.000Z",
-         },
-         {
-           "accuracy": null,
-           "altitude": null,
-           "battery": null,
-           "cache_age_seconds": null,
-           "data_origin": "live",
-           "device_cache_stale": false,
-           "device_id": "11",
-           "id": "11-19",
-           "lat": 53,
-           "lon": -7,
-           "source": null,
-           "speed": null,
-           "timestamp": "2026-04-06T01:00:00.000Z",
-         },
-         {
-           "accuracy": null,
-           "altitude": null,
-           "battery": null,
-           "cache_age_seconds": null,
-           "data_origin": "live",
-           "device_cache_stale": false,
-           "device_id": "11",
-           "id": "11-20",
-           "lat": 53,
-           "lon": -7,
-           "source": null,
-           "speed": null,
-           "timestamp": "2026-04-06T01:00:00.000Z",
-         },
-         {
-           "accuracy": null,
-           "altitude": null,
-           "battery": null,
-           "cache_age_seconds": null,
-           "data_origin": "live",
-           "device_cache_stale": false,
-           "device_id": "11",
-           "id": "11-21",
-           "lat": 53,
-           "lon": -7,
-           "source": null,
-           "speed": null,
-           "timestamp": "2026-04-06T01:00:00.000Z",
-         },
-         {
-           "accuracy": null,
-           "altitude": null,
-           "battery": null,
-           "cache_age_seconds": null,
-           "data_origin": "live",
-           "device_cache_stale": false,
-           "device_id": "11",
-           "id": "11-22",
-           "lat": 53,
-           "lon": -7,
-           "source": null,
-           "speed": null,
-           "timestamp": "2026-04-06T01:00:00.000Z",
-         },
-         {
-           "accuracy": null,
-           "altitude": null,
-           "battery": null,
-           "cache_age_seconds": null,
-           "data_origin": "live",
-           "device_cache_stale": false,
-           "device_id": "11",
-           "id": "11-23",
-           "lat": 53,
-           "lon": -7,
-           "source": null,
-           "speed": null,
-           "timestamp": "2026-04-06T01:00:00.000Z",
-         },
-         {
-           "accuracy": null,
-           "altitude": null,
-           "battery": null,
-           "cache_age_seconds": null,
-           "data_origin": "live",
-           "device_cache_stale": false,
-           "device_id": "11",
-           "id": "11-24",
-           "lat": 53,
-           "lon": -7,
-           "source": null,
-           "speed": null,
-           "timestamp": "2026-04-06T01:00:00.000Z",
-         },
-         {
-           "accuracy": null,
-           "altitude": null,
-           "battery": null,
-           "cache_age_seconds": null,
-           "data_origin": "live",
-           "device_cache_stale": false,
-           "device_id": "11",
-           "id": "11-25",
-           "lat": 53,
-           "lon": -7,
-           "source": null,
-           "speed": null,
-           "timestamp": "2026-04-06T01:00:00.000Z",
-         },
-         {
-           "accuracy": null,
-           "altitude": null,
-           "battery": null,
-           "cache_age_seconds": null,
-           "data_origin": "live",
-           "device_cache_stale": false,
-           "device_id": "11",
-           "id": "11-26",
-           "lat": 53,
-           "lon": -7,
-           "source": null,
-           "speed": null,
-           "timestamp": "2026-04-06T01:00:00.000Z",
-         },
-         {
-           "accuracy": null,
-           "altitude": null,
-           "battery": null,
-           "cache_age_seconds": null,
-           "data_origin": "live",
-           "device_cache_stale": false,
-           "device_id": "11",
-           "id": "11-27",
-           "lat": 53,
-           "lon": -7,
-           "source": null,
-           "speed": null,
-           "timestamp": "2026-04-06T01:00:00.000Z",
-         },
-         {
-           "accuracy": null,
-           "altitude": null,
-           "battery": null,
-           "cache_age_seconds": null,
-           "data_origin": "live",
-           "device_cache_stale": false,
-           "device_id": "11",
-           "id": "11-28",
-           "lat": 53,
-           "lon": -7,
-           "source": null,
-           "speed": null,
-           "timestamp": "2026-04-06T01:00:00.000Z",
-         },
-         {
-           "accuracy": null,
-           "altitude": null,
-           "battery": null,
-           "cache_age_seconds": null,
-           "data_origin": "live",
-           "device_cache_stale": false,
-           "device_id": "11",
-           "id": "11-29",
-           "lat": 53,
-           "lon": -7,
-           "source": null,
-           "speed": null,
-           "timestamp": "2026-04-06T01:00:00.000Z",
-         },
-         {
-           "accuracy": null,
-           "altitude": null,
-           "battery": null,
-           "cache_age_seconds": null,
-           "data_origin": "live",
-           "device_cache_stale": false,
-           "device_id": "11",
-           "id": "11-30",
-           "lat": 53,
-           "lon": -7,
-           "source": null,
-           "speed": null,
-           "timestamp": "2026-04-06T01:00:00.000Z",
-         },
-         {
-           "accuracy": null,
-           "altitude": null,
-           "battery": null,
-           "cache_age_seconds": null,
-           "data_origin": "live",
-           "device_cache_stale": false,
-           "device_id": "11",
-           "id": "11-31",
-           "lat": 53,
-           "lon": -7,
-           "source": null,
-           "speed": null,
-           "timestamp": "2026-04-06T01:00:00.000Z",
-         },
-         {
-           "accuracy": null,
-           "altitude": null,
-           "battery": null,
-           "cache_age_seconds": null,
-           "data_origin": "live",
-           "device_cache_stale": false,
-           "device_id": "11",
-           "id": "11-32",
-           "lat": 53,
-           "lon": -7,
-           "source": null,
-           "speed": null,
-           "timestamp": "2026-04-06T01:00:00.000Z",
-         },
-         {
-           "accuracy": null,
-           "altitude": null,
-           "battery": null,
-           "cache_age_seconds": null,
-           "data_origin": "live",
-           "device_cache_stale": false,
-           "device_id": "11",
-           "id": "11-33",
-           "lat": 53,
-           "lon": -7,
-           "source": null,
-           "speed": null,
-           "timestamp": "2026-04-06T01:00:00.000Z",
-         },
-         {
-           "accuracy": null,
-           "altitude": null,
-           "battery": null,
-           "cache_age_seconds": null,
-           "data_origin": "live",
-           "device_cache_stale": false,
-           "device_id": "11",
-           "id": "11-34",
-           "lat": 53,
-           "lon": -7,
-           "source": null,
-           "speed": null,
-           "timestamp": "2026-04-06T01:00:00.000Z",
-         },
-         {
-           "accuracy": null,
-           "altitude": null,
-           "battery": null,
-           "cache_age_seconds": null,
-           "data_origin": "live",
-           "device_cache_stale": false,
-           "device_id": "11",
-           "id": "11-35",
-           "lat": 53,
-           "lon": -7,
-           "source": null,
-           "speed": null,
-           "timestamp": "2026-04-06T01:00:00.000Z",
-         },
-         {
-           "accuracy": null,
-           "altitude": null,
-           "battery": null,
-           "cache_age_seconds": null,
-           "data_origin": "live",
-           "device_cache_stale": false,
-           "device_id": "11",
-           "id": "11-36",
-           "lat": 53,
-           "lon": -7,
-           "source": null,
-           "speed": null,
-           "timestamp": "2026-04-06T01:00:00.000Z",
-         },
-         {
-           "accuracy": null,
-           "altitude": null,
-           "battery": null,
-           "cache_age_seconds": null,
-           "data_origin": "live",
-           "device_cache_stale": false,
-           "device_id": "11",
-           "id": "11-37",
-           "lat": 53,
-           "lon": -7,
-           "source": null,
-           "speed": null,
-           "timestamp": "2026-04-06T01:00:00.000Z",
-         },
-         {
-           "accuracy": null,
-           "altitude": null,
-           "battery": null,
-           "cache_age_seconds": null,
-           "data_origin": "live",
-           "device_cache_stale": false,
-           "device_id": "11",
-           "id": "11-38",
-           "lat": 53,
-           "lon": -7,
-           "source": null,
-           "speed": null,
-           "timestamp": "2026-04-06T01:00:00.000Z",
-         },
-         {
-           "accuracy": null,
-           "altitude": null,
-           "battery": null,
-           "cache_age_seconds": null,
-           "data_origin": "live",
-           "device_cache_stale": false,
-           "device_id": "11",
-           "id": "11-39",
-           "lat": 53,
-           "lon": -7,
-           "source": null,
-           "speed": null,
-           "timestamp": "2026-04-06T01:00:00.000Z",
-         },
-         {
-           "accuracy": null,
-           "altitude": null,
-           "battery": null,
-           "cache_age_seconds": null,
-           "data_origin": "live",
-           "device_cache_stale": false,
-           "device_id": "11",
-           "id": "11-40",
-           "lat": 53,
-           "lon": -7,
-           "source": null,
-           "speed": null,
-           "timestamp": "2026-04-06T01:00:00.000Z",
-         },
-         {
-           "accuracy": null,
-           "altitude": null,
-           "battery": null,
-           "cache_age_seconds": null,
-           "data_origin": "live",
-           "device_cache_stale": false,
-           "device_id": "11",
-           "id": "11-41",
-           "lat": 53,
-           "lon": -7,
-           "source": null,
-           "speed": null,
-           "timestamp": "2026-04-06T01:00:00.000Z",
-         },
-         {
-           "accuracy": null,
-           "altitude": null,
-           "battery": null,
-           "cache_age_seconds": null,
-           "data_origin": "live",
-           "device_cache_stale": false,
-           "device_id": "11",
-           "id": "11-42",
-           "lat": 53,
-           "lon": -7,
-           "source": null,
-           "speed": null,
-           "timestamp": "2026-04-06T01:00:00.000Z",
-         },
-         {
-           "accuracy": null,
-           "altitude": null,
-           "battery": null,
-           "cache_age_seconds": null,
-           "data_origin": "live",
-           "device_cache_stale": false,
-           "device_id": "11",
-           "id": "11-43",
-           "lat": 53,
-           "lon": -7,
-           "source": null,
-           "speed": null,
-           "timestamp": "2026-04-06T01:00:00.000Z",
-         },
-         {
-           "accuracy": null,
-           "altitude": null,
-           "battery": null,
-           "cache_age_seconds": null,
-           "data_origin": "live",
-           "device_cache_stale": false,
-           "device_id": "11",
-           "id": "11-44",
-           "lat": 53,
-           "lon": -7,
-           "source": null,
-           "speed": null,
-           "timestamp": "2026-04-06T01:00:00.000Z",
-         },
-         {
-           "accuracy": null,
-           "altitude": null,
-           "battery": null,
-           "cache_age_seconds": null,
-           "data_origin": "live",
-           "device_cache_stale": false,
-           "device_id": "11",
-           "id": "11-45",
-           "lat": 53,
-           "lon": -7,
-           "source": null,
-           "speed": null,
-           "timestamp": "2026-04-06T01:00:00.000Z",
-         },
-         {
-           "accuracy": null,
-           "altitude": null,
-           "battery": null,
-           "cache_age_seconds": null,
-           "data_origin": "live",
-           "device_cache_stale": false,
-           "device_id": "11",
-           "id": "11-46",
-           "lat": 53,
-           "lon": -7,
-           "source": null,
-           "speed": null,
-           "timestamp": "2026-04-06T01:00:00.000Z",
-         },
-         {
-           "accuracy": null,
-           "altitude": null,
-           "battery": null,
-           "cache_age_seconds": null,
-           "data_origin": "live",
-           "device_cache_stale": false,
-           "device_id": "11",
-           "id": "11-47",
-           "lat": 53,
-           "lon": -7,
-           "source": null,
-           "speed": null,
-           "timestamp": "2026-04-06T01:00:00.000Z",
-         },
-         {
-           "accuracy": null,
-           "altitude": null,
-           "battery": null,
-           "cache_age_seconds": null,
-           "data_origin": "live",
-           "device_cache_stale": false,
-           "device_id": "11",
-           "id": "11-48",
-           "lat": 53,
-           "lon": -7,
-           "source": null,
-           "speed": null,
-           "timestamp": "2026-04-06T01:00:00.000Z",
-         },
-         {
-           "accuracy": null,
-           "altitude": null,
-           "battery": null,
-           "cache_age_seconds": null,
-           "data_origin": "live",
-           "device_cache_stale": false,
-           "device_id": "11",
-           "id": "11-49",
-           "lat": 53,
-           "lon": -7,
-           "source": null,
-           "speed": null,
-           "timestamp": "2026-04-06T01:00:00.000Z",
-         },
-         {
-           "accuracy": null,
-           "altitude": null,
-           "battery": null,
-           "cache_age_seconds": null,
-           "data_origin": "live",
-           "device_cache_stale": false,
-           "device_id": "11",
-           "id": "11-50",
-           "lat": 53,
-           "lon": -7,
-           "source": null,
-           "speed": null,
-           "timestamp": "2026-04-06T01:00:00.000Z",
-         },
-         {
-           "accuracy": null,
-           "altitude": null,
-           "battery": null,
-           "cache_age_seconds": null,
-           "data_origin": "live",
-           "device_cache_stale": false,
-           "device_id": "11",
-           "id": "11-51",
-           "lat": 53,
-           "lon": -7,
-           "source": null,
-           "speed": null,
-           "timestamp": "2026-04-06T01:00:00.000Z",
-         },
-         {
-           "accuracy": null,
-           "altitude": null,
-           "battery": null,
-           "cache_age_seconds": null,
-           "data_origin": "live",
-           "device_cache_stale": false,
-           "device_id": "11",
-           "id": "11-52",
-           "lat": 53,
-           "lon": -7,
-           "source": null,
-           "speed": null,
-           "timestamp": "2026-04-06T01:00:00.000Z",
-         },
-         {
-           "accuracy": null,
-           "altitude": null,
-           "battery": null,
-           "cache_age_seconds": null,
-           "data_origin": "live",
-           "device_cache_stale": false,
-           "device_id": "11",
-           "id": "11-53",
-           "lat": 53,
-           "lon": -7,
-           "source": null,
-           "speed": null,
-           "timestamp": "2026-04-06T01:00:00.000Z",
-         },
-         {
-           "accuracy": null,
-           "altitude": null,
-           "battery": null,
-           "cache_age_seconds": null,
-           "data_origin": "live",
-           "device_cache_stale": false,
-           "device_id": "11",
-           "id": "11-54",
-           "lat": 53,
-           "lon": -7,
-           "source": null,
-           "speed": null,
-           "timestamp": "2026-04-06T01:00:00.000Z",
-         },
-         {
-           "accuracy": null,
-           "altitude": null,
-           "battery": null,
-           "cache_age_seconds": null,
-           "data_origin": "live",
-           "device_cache_stale": false,
-           "device_id": "11",
-           "id": "11-55",
-           "lat": 53,
-           "lon": -7,
-           "source": null,
-           "speed": null,
-           "timestamp": "2026-04-06T01:00:00.000Z",
-         },
-         {
-           "accuracy": null,
-           "altitude": null,
-           "battery": null,
-           "cache_age_seconds": null,
-           "data_origin": "live",
-           "device_cache_stale": false,
-           "device_id": "11",
-           "id": "11-56",
-           "lat": 53,
-           "lon": -7,
-           "source": null,
-           "speed": null,
-           "timestamp": "2026-04-06T01:00:00.000Z",
-         },
-         {
-           "accuracy": null,
-           "altitude": null,
-           "battery": null,
-           "cache_age_seconds": null,
-           "data_origin": "live",
-           "device_cache_stale": false,
-           "device_id": "11",
-           "id": "11-57",
-           "lat": 53,
-           "lon": -7,
-           "source": null,
-           "speed": null,
-           "timestamp": "2026-04-06T01:00:00.000Z",
-         },
-         {
-           "accuracy": null,
-           "altitude": null,
-           "battery": null,
-           "cache_age_seconds": null,
-           "data_origin": "live",
-           "device_cache_stale": false,
-           "device_id": "11",
-           "id": "11-58",
-           "lat": 53,
-           "lon": -7,
-           "source": null,
-           "speed": null,
-           "timestamp": "2026-04-06T01:00:00.000Z",
-         },
-         {
-           "accuracy": null,
-           "altitude": null,
-           "battery": null,
-           "cache_age_seconds": null,
-           "data_origin": "live",
-           "device_cache_stale": false,
-           "device_id": "11",
-           "id": "11-59",
-           "lat": 53,
-           "lon": -7,
-           "source": null,
-           "speed": null,
-           "timestamp": "2026-04-06T01:00:00.000Z",
-         },
-         {
-           "accuracy": null,
-           "altitude": null,
-           "battery": null,
-           "cache_age_seconds": null,
-           "data_origin": "live",
-           "device_cache_stale": false,
-           "device_id": "11",
-           "id": "11-60",
-           "lat": 53,
-           "lon": -7,
-           "source": null,
-           "speed": null,
-           "timestamp": "2026-04-06T01:00:00.000Z",
-         },
-         {
-           "accuracy": null,
-           "altitude": null,
-           "battery": null,
-           "cache_age_seconds": null,
-           "data_origin": "live",
-           "device_cache_stale": false,
-           "device_id": "11",
-           "id": "11-61",
-           "lat": 53,
-           "lon": -7,
-           "source": null,
-           "speed": null,
-           "timestamp": "2026-04-06T01:00:00.000Z",
-         },
-         {
-           "accuracy": null,
-           "altitude": null,
-           "battery": null,
-           "cache_age_seconds": null,
-           "data_origin": "live",
-           "device_cache_stale": false,
-           "device_id": "11",
-           "id": "11-62",
-           "lat": 53,
-           "lon": -7,
-           "source": null,
-           "speed": null,
-           "timestamp": "2026-04-06T01:00:00.000Z",
-         },
-         {
-           "accuracy": null,
-           "altitude": null,
-           "battery": null,
-           "cache_age_seconds": null,
-           "data_origin": "live",
-           "device_cache_stale": false,
-           "device_id": "11",
-           "id": "11-63",
-           "lat": 53,
-           "lon": -7,
-           "source": null,
-           "speed": null,
-           "timestamp": "2026-04-06T01:00:00.000Z",
-         },
-         {
-           "accuracy": null,
-           "altitude": null,
-           "battery": null,
-           "cache_age_seconds": null,
-           "data_origin": "live",
-           "device_cache_stale": false,
-           "device_id": "11",
-           "id": "11-64",
-           "lat": 53,
-           "lon": -7,
-           "source": null,
-           "speed": null,
-           "timestamp": "2026-04-06T01:00:00.000Z",
-         },
-         {
-           "accuracy": null,
-           "altitude": null,
-           "battery": null,
-           "cache_age_seconds": null,
-           "data_origin": "live",
-           "device_cache_stale": false,
-           "device_id": "11",
-           "id": "11-65",
-           "lat": 53,
-           "lon": -7,
-           "source": null,
-           "speed": null,
-           "timestamp": "2026-04-06T01:00:00.000Z",
-         },
-         {
-           "accuracy": null,
-           "altitude": null,
-           "battery": null,
-           "cache_age_seconds": null,
-           "data_origin": "live",
-           "device_cache_stale": false,
-           "device_id": "11",
-           "id": "11-66",
-           "lat": 53,
-           "lon": -7,
-           "source": null,
-           "speed": null,
-           "timestamp": "2026-04-06T01:00:00.000Z",
-         },
-         {
-           "accuracy": null,
-           "altitude": null,
-           "battery": null,
-           "cache_age_seconds": null,
-           "data_origin": "live",
-           "device_cache_stale": false,
-           "device_id": "11",
-           "id": "11-67",
-           "lat": 53,
-           "lon": -7,
-           "source": null,
-           "speed": null,
-           "timestamp": "2026-04-06T01:00:00.000Z",
-         },
-         {
-           "accuracy": null,
-           "altitude": null,
-           "battery": null,
-           "cache_age_seconds": null,
-           "data_origin": "live",
-           "device_cache_stale": false,
-           "device_id": "11",
-           "id": "11-68",
-           "lat": 53,
-           "lon": -7,
-           "source": null,
-           "speed": null,
-           "timestamp": "2026-04-06T01:00:00.000Z",
-         },
-         {
-           "accuracy": null,
-           "altitude": null,
-           "battery": null,
-           "cache_age_seconds": null,
-           "data_origin": "live",
-           "device_cache_stale": false,
-           "device_id": "11",
-           "id": "11-69",
-           "lat": 53,
-           "lon": -7,
-           "source": null,
-           "speed": null,
-           "timestamp": "2026-04-06T01:00:00.000Z",
-         },
-         {
-           "accuracy": null,
-           "altitude": null,
-           "battery": null,
-           "cache_age_seconds": null,
-           "data_origin": "live",
-           "device_cache_stale": false,
-           "device_id": "11",
-           "id": "11-70",
-           "lat": 53,
-           "lon": -7,
-           "source": null,
-           "speed": null,
-           "timestamp": "2026-04-06T01:00:00.000Z",
-         },
-         {
-           "accuracy": null,
-           "altitude": null,
-           "battery": null,
-           "cache_age_seconds": null,
-           "data_origin": "live",
-           "device_cache_stale": false,
-           "device_id": "11",
-           "id": "11-71",
-           "lat": 53,
-           "lon": -7,
-           "source": null,
-           "speed": null,
-           "timestamp": "2026-04-06T01:00:00.000Z",
-         },
-         {
-           "accuracy": null,
-           "altitude": null,
-           "battery": null,
-           "cache_age_seconds": null,
-           "data_origin": "live",
-           "device_cache_stale": false,
-           "device_id": "11",
-           "id": "11-72",
-           "lat": 53,
-           "lon": -7,
-           "source": null,
-           "speed": null,
-           "timestamp": "2026-04-06T01:00:00.000Z",
-         },
-         {
-           "accuracy": null,
-           "altitude": null,
-           "battery": null,
-           "cache_age_seconds": null,
-           "data_origin": "live",
-           "device_cache_stale": false,
-           "device_id": "11",
-           "id": "11-73",
-           "lat": 53,
-           "lon": -7,
-           "source": null,
-           "speed": null,
-           "timestamp": "2026-04-06T01:00:00.000Z",
-         },
-         {
-           "accuracy": null,
-           "altitude": null,
-           "battery": null,
-           "cache_age_seconds": null,
-           "data_origin": "live",
-           "device_cache_stale": false,
-           "device_id": "11",
-           "id": "11-74",
-           "lat": 53,
-           "lon": -7,
-           "source": null,
-           "speed": null,
-           "timestamp": "2026-04-06T01:00:00.000Z",
-         },
-         {
-           "accuracy": null,
-           "altitude": null,
-           "battery": null,
-           "cache_age_seconds": null,
-           "data_origin": "live",
-           "device_cache_stale": false,
-           "device_id": "11",
-           "id": "11-75",
-           "lat": 53,
-           "lon": -7,
-           "source": null,
-           "speed": null,
-           "timestamp": "2026-04-06T01:00:00.000Z",
-         },
-         {
-           "accuracy": null,
-           "altitude": null,
-           "battery": null,
-           "cache_age_seconds": null,
-           "data_origin": "live",
-           "device_cache_stale": false,
-           "device_id": "11",
-           "id": "11-76",
-           "lat": 53,
-           "lon": -7,
-           "source": null,
-           "speed": null,
-           "timestamp": "2026-04-06T01:00:00.000Z",
-         },
-         {
-           "accuracy": null,
-           "altitude": null,
-           "battery": null,
-           "cache_age_seconds": null,
-           "data_origin": "live",
-           "device_cache_stale": false,
-           "device_id": "11",
-           "id": "11-77",
-           "lat": 53,
-           "lon": -7,
-           "source": null,
-           "speed": null,
-           "timestamp": "2026-04-06T01:00:00.000Z",
-         },
-         {
-           "accuracy": null,
-           "altitude": null,
-           "battery": null,
-           "cache_age_seconds": null,
-           "data_origin": "live",
-           "device_cache_stale": false,
-           "device_id": "11",
-           "id": "11-78",
-           "lat": 53,
-           "lon": -7,
-           "source": null,
-           "speed": null,
-           "timestamp": "2026-04-06T01:00:00.000Z",
-         },
-         {
-           "accuracy": null,
-           "altitude": null,
-           "battery": null,
-           "cache_age_seconds": null,
-           "data_origin": "live",
-           "device_cache_stale": false,
-           "device_id": "11",
-           "id": "11-79",
-           "lat": 53,
-           "lon": -7,
-           "source": null,
-           "speed": null,
-           "timestamp": "2026-04-06T01:00:00.000Z",
-         },
-         {
-           "accuracy": null,
-           "altitude": null,
-           "battery": null,
-           "cache_age_seconds": null,
-           "data_origin": "live",
-           "device_cache_stale": false,
-           "device_id": "11",
-           "id": "11-80",
-           "lat": 53,
-           "lon": -7,
-           "source": null,
-           "speed": null,
-           "timestamp": "2026-04-06T01:00:00.000Z",
-         },
-         {
-           "accuracy": null,
-           "altitude": null,
-           "battery": null,
-           "cache_age_seconds": null,
-           "data_origin": "live",
-           "device_cache_stale": false,
-           "device_id": "11",
-           "id": "11-81",
-           "lat": 53,
-           "lon": -7,
-           "source": null,
-           "speed": null,
-           "timestamp": "2026-04-06T01:00:00.000Z",
-         },
-         {
-           "accuracy": null,
-           "altitude": null,
-           "battery": null,
-           "cache_age_seconds": null,
-           "data_origin": "live",
-           "device_cache_stale": false,
-           "device_id": "11",
-           "id": "11-82",
-           "lat": 53,
-           "lon": -7,
-           "source": null,
-           "speed": null,
-           "timestamp": "2026-04-06T01:00:00.000Z",
-         },
-         {
-           "accuracy": null,
-           "altitude": null,
-           "battery": null,
-           "cache_age_seconds": null,
-           "data_origin": "live",
-           "device_cache_stale": false,
-           "device_id": "11",
-           "id": "11-83",
-           "lat": 53,
-           "lon": -7,
-           "source": null,
-           "speed": null,
-           "timestamp": "2026-04-06T01:00:00.000Z",
-         },
-         {
-           "accuracy": null,
-           "altitude": null,
-           "battery": null,
-           "cache_age_seconds": null,
-           "data_origin": "live",
-           "device_cache_stale": false,
-           "device_id": "11",
-           "id": "11-84",
-           "lat": 53,
-           "lon": -7,
-           "source": null,
-           "speed": null,
-           "timestamp": "2026-04-06T01:00:00.000Z",
-         },
-         {
-           "accuracy": null,
-           "altitude": null,
-           "battery": null,
-           "cache_age_seconds": null,
-           "data_origin": "live",
-           "device_cache_stale": false,
-           "device_id": "11",
-           "id": "11-85",
-           "lat": 53,
-           "lon": -7,
-           "source": null,
-           "speed": null,
-           "timestamp": "2026-04-06T01:00:00.000Z",
-         },
-         {
-           "accuracy": null,
-           "altitude": null,
-           "battery": null,
-           "cache_age_seconds": null,
-           "data_origin": "live",
-           "device_cache_stale": false,
-           "device_id": "11",
-           "id": "11-86",
-           "lat": 53,
-           "lon": -7,
-           "source": null,
-           "speed": null,
-           "timestamp": "2026-04-06T01:00:00.000Z",
-         },
-         {
-           "accuracy": null,
-           "altitude": null,
-           "battery": null,
-           "cache_age_seconds": null,
-           "data_origin": "live",
-           "device_cache_stale": false,
-           "device_id": "11",
-           "id": "11-87",
-           "lat": 53,
-           "lon": -7,
-           "source": null,
-           "speed": null,
-           "timestamp": "2026-04-06T01:00:00.000Z",
-         },
-         {
-           "accuracy": null,
-           "altitude": null,
-           "battery": null,
-           "cache_age_seconds": null,
-           "data_origin": "live",
-           "device_cache_stale": false,
-           "device_id": "11",
-           "id": "11-88",
-           "lat": 53,
-           "lon": -7,
-           "source": null,
-           "speed": null,
-           "timestamp": "2026-04-06T01:00:00.000Z",
-         },
-         {
-           "accuracy": null,
-           "altitude": null,
-           "battery": null,
-           "cache_age_seconds": null,
-           "data_origin": "live",
-           "device_cache_stale": false,
-           "device_id": "11",
-           "id": "11-89",
-           "lat": 53,
-           "lon": -7,
-           "source": null,
-           "speed": null,
-           "timestamp": "2026-04-06T01:00:00.000Z",
-         },
-         {
-           "accuracy": null,
-           "altitude": null,
-           "battery": null,
-           "cache_age_seconds": null,
-           "data_origin": "live",
-           "device_cache_stale": false,
-           "device_id": "11",
-           "id": "11-90",
-           "lat": 53,
-           "lon": -7,
-           "source": null,
-           "speed": null,
-           "timestamp": "2026-04-06T01:00:00.000Z",
-         },
-         {
-           "accuracy": null,
-           "altitude": null,
-           "battery": null,
-           "cache_age_seconds": null,
-           "data_origin": "live",
-           "device_cache_stale": false,
-           "device_id": "11",
-           "id": "11-91",
-           "lat": 53,
-           "lon": -7,
-           "source": null,
-           "speed": null,
-           "timestamp": "2026-04-06T01:00:00.000Z",
-         },
-         {
-           "accuracy": null,
-           "altitude": null,
-           "battery": null,
-           "cache_age_seconds": null,
-           "data_origin": "live",
-           "device_cache_stale": false,
-           "device_id": "11",
-           "id": "11-92",
-           "lat": 53,
-           "lon": -7,
-           "source": null,
-           "speed": null,
-           "timestamp": "2026-04-06T01:00:00.000Z",
-         },
-         {
-           "accuracy": null,
-           "altitude": null,
-           "battery": null,
-           "cache_age_seconds": null,
-           "data_origin": "live",
-           "device_cache_stale": false,
-           "device_id": "11",
-           "id": "11-93",
-           "lat": 53,
-           "lon": -7,
-           "source": null,
-           "speed": null,
-           "timestamp": "2026-04-06T01:00:00.000Z",
-         },
-         {
-           "accuracy": null,
-           "altitude": null,
-           "battery": null,
-           "cache_age_seconds": null,
-           "data_origin": "live",
-           "device_cache_stale": false,
-           "device_id": "11",
-           "id": "11-94",
-           "lat": 53,
-           "lon": -7,
-           "source": null,
-           "speed": null,
-           "timestamp": "2026-04-06T01:00:00.000Z",
-         },
-         {
-           "accuracy": null,
-           "altitude": null,
-           "battery": null,
-           "cache_age_seconds": null,
-           "data_origin": "live",
-           "device_cache_stale": false,
-           "device_id": "11",
-           "id": "11-95",
-           "lat": 53,
-           "lon": -7,
-           "source": null,
-           "speed": null,
-           "timestamp": "2026-04-06T01:00:00.000Z",
-         },
-         {
-           "accuracy": null,
-           "altitude": null,
-           "battery": null,
-           "cache_age_seconds": null,
-           "data_origin": "live",
-           "device_cache_stale": false,
-           "device_id": "11",
-           "id": "11-96",
-           "lat": 53,
-           "lon": -7,
-           "source": null,
-           "speed": null,
-           "timestamp": "2026-04-06T01:00:00.000Z",
-         },
-         {
-           "accuracy": null,
-           "altitude": null,
-           "battery": null,
-           "cache_age_seconds": null,
-           "data_origin": "live",
-           "device_cache_stale": false,
-           "device_id": "11",
-           "id": "11-97",
-           "lat": 53,
-           "lon": -7,
-           "source": null,
-           "speed": null,
-           "timestamp": "2026-04-06T01:00:00.000Z",
-         },
-         {
-           "accuracy": null,
-           "altitude": null,
-           "battery": null,
-           "cache_age_seconds": null,
-           "data_origin": "live",
-           "device_cache_stale": false,
-           "device_id": "11",
-           "id": "11-98",
-           "lat": 53,
-           "lon": -7,
-           "source": null,
-           "speed": null,
-           "timestamp": "2026-04-06T01:00:00.000Z",
-         },
-         {
-           "accuracy": null,
-           "altitude": null,
-           "battery": null,
-           "cache_age_seconds": null,
-           "data_origin": "live",
-           "device_cache_stale": false,
-           "device_id": "11",
-           "id": "11-99",
-           "lat": 53,
-           "lon": -7,
-           "source": null,
-           "speed": null,
-           "timestamp": "2026-04-06T01:00:00.000Z",
-         },
-         {
-           "accuracy": null,
-           "altitude": null,
-           "battery": null,
-           "cache_age_seconds": null,
-           "data_origin": "live",
-           "device_cache_stale": false,
-           "device_id": "11",
-           "id": "11-100",
-           "lat": 53,
-           "lon": -7,
-           "source": null,
-           "speed": null,
-           "timestamp": "2026-04-06T01:00:00.000Z",
-         },
-         {
-           "accuracy": null,
-           "altitude": null,
-           "battery": null,
-           "cache_age_seconds": null,
-           "data_origin": "live",
-           "device_cache_stale": false,
-           "device_id": "11",
-           "id": "11-101",
-           "lat": 53,
-           "lon": -7,
-           "source": null,
-           "speed": null,
-           "timestamp": "2026-04-06T01:00:00.000Z",
-         },
-         {
-           "accuracy": null,
-           "altitude": null,
-           "battery": null,
-           "cache_age_seconds": null,
-           "data_origin": "live",
-           "device_cache_stale": false,
-           "device_id": "11",
-           "id": "11-102",
-           "lat": 53,
-           "lon": -7,
-           "source": null,
-           "speed": null,
-           "timestamp": "2026-04-06T01:00:00.000Z",
-         },
-         {
-           "accuracy": null,
-           "altitude": null,
-           "battery": null,
-           "cache_age_seconds": null,
-           "data_origin": "live",
-           "device_cache_stale": false,
-           "device_id": "11",
-           "id": "11-103",
-           "lat": 53,
-           "lon": -7,
-           "source": null,
-           "speed": null,
-           "timestamp": "2026-04-06T01:00:00.000Z",
-         },
-         {
-           "accuracy": null,
-           "altitude": null,
-           "battery": null,
-           "cache_age_seconds": null,
-           "data_origin": "live",
-           "device_cache_stale": false,
-           "device_id": "11",
-           "id": "11-104",
-           "lat": 53,
-           "lon": -7,
-           "source": null,
-           "speed": null,
-           "timestamp": "2026-04-06T01:00:00.000Z",
-         },
-         {
-           "accuracy": null,
-           "altitude": null,
-           "battery": null,
-           "cache_age_seconds": null,
-           "data_origin": "live",
-           "device_cache_stale": false,
-           "device_id": "11",
-           "id": "11-105",
-           "lat": 53,
-           "lon": -7,
-           "source": null,
-           "speed": null,
-           "timestamp": "2026-04-06T01:00:00.000Z",
-         },
-         {
-           "accuracy": null,
-           "altitude": null,
-           "battery": null,
-           "cache_age_seconds": null,
-           "data_origin": "live",
-           "device_cache_stale": false,
-           "device_id": "11",
-           "id": "11-106",
-           "lat": 53,
-           "lon": -7,
-           "source": null,
-           "speed": null,
-           "timestamp": "2026-04-06T01:00:00.000Z",
-         },
-         {
-           "accuracy": null,
-           "altitude": null,
-           "battery": null,
-           "cache_age_seconds": null,
-           "data_origin": "live",
-           "device_cache_stale": false,
-           "device_id": "11",
-           "id": "11-107",
-           "lat": 53,
-           "lon": -7,
-           "source": null,
-           "speed": null,
-           "timestamp": "2026-04-06T01:00:00.000Z",
-         },
-         {
-           "accuracy": null,
-           "altitude": null,
-           "battery": null,
-           "cache_age_seconds": null,
-           "data_origin": "live",
-           "device_cache_stale": false,
-           "device_id": "11",
-           "id": "11-108",
-           "lat": 53,
-           "lon": -7,
-           "source": null,
-           "speed": null,
-           "timestamp": "2026-04-06T01:00:00.000Z",
-         },
-         {
-           "accuracy": null,
-           "altitude": null,
-           "battery": null,
-           "cache_age_seconds": null,
-           "data_origin": "live",
-           "device_cache_stale": false,
-           "device_id": "11",
-           "id": "11-109",
-           "lat": 53,
-           "lon": -7,
-           "source": null,
-           "speed": null,
-           "timestamp": "2026-04-06T01:00:00.000Z",
-         },
-         {
-           "accuracy": null,
-           "altitude": null,
-           "battery": null,
-           "cache_age_seconds": null,
-           "data_origin": "live",
-           "device_cache_stale": false,
-           "device_id": "11",
-           "id": "11-110",
-           "lat": 53,
-           "lon": -7,
-           "source": null,
-           "speed": null,
-           "timestamp": "2026-04-06T01:00:00.000Z",
-         },
-         {
-           "accuracy": null,
-           "altitude": null,
-           "battery": null,
-           "cache_age_seconds": null,
-           "data_origin": "live",
-           "device_cache_stale": false,
-           "device_id": "11",
-           "id": "11-111",
-           "lat": 53,
-           "lon": -7,
-           "source": null,
-           "speed": null,
-           "timestamp": "2026-04-06T01:00:00.000Z",
-         },
-         {
-           "accuracy": null,
-           "altitude": null,
-           "battery": null,
-           "cache_age_seconds": null,
-           "data_origin": "live",
-           "device_cache_stale": false,
-           "device_id": "11",
-           "id": "11-112",
-           "lat": 53,
-           "lon": -7,
-           "source": null,
-           "speed": null,
-           "timestamp": "2026-04-06T01:00:00.000Z",
-         },
-         {
-           "accuracy": null,
-           "altitude": null,
-           "battery": null,
-           "cache_age_seconds": null,
-           "data_origin": "live",
-           "device_cache_stale": false,
-           "device_id": "11",
-           "id": "11-113",
-           "lat": 53,
-           "lon": -7,
-           "source": null,
-           "speed": null,
-           "timestamp": "2026-04-06T01:00:00.000Z",
-         },
-         {
-           "accuracy": null,
-           "altitude": null,
-           "battery": null,
-           "cache_age_seconds": null,
-           "data_origin": "live",
-           "device_cache_stale": false,
-           "device_id": "11",
-           "id": "11-114",
-           "lat": 53,
-           "lon": -7,
-           "source": null,
-           "speed": null,
-           "timestamp": "2026-04-06T01:00:00.000Z",
-         },
-         {
-           "accuracy": null,
-           "altitude": null,
-           "battery": null,
-           "cache_age_seconds": null,
-           "data_origin": "live",
-           "device_cache_stale": false,
-           "device_id": "11",
-           "id": "11-115",
-           "lat": 53,
-           "lon": -7,
-           "source": null,
-           "speed": null,
-           "timestamp": "2026-04-06T01:00:00.000Z",
-         },
-         {
-           "accuracy": null,
-           "altitude": null,
-           "battery": null,
-           "cache_age_seconds": null,
-           "data_origin": "live",
-           "device_cache_stale": false,
-           "device_id": "11",
-           "id": "11-116",
-           "lat": 53,
-           "lon": -7,
-           "source": null,
-           "speed": null,
-           "timestamp": "2026-04-06T01:00:00.000Z",
-         },
-         {
-           "accuracy": null,
-           "altitude": null,
-           "battery": null,
-           "cache_age_seconds": null,
-           "data_origin": "live",
-           "device_cache_stale": false,
-           "device_id": "11",
-           "id": "11-117",
-           "lat": 53,
-           "lon": -7,
-           "source": null,
-           "speed": null,
-           "timestamp": "2026-04-06T01:00:00.000Z",
-         },
-         {
-           "accuracy": null,
-           "altitude": null,
-           "battery": null,
-           "cache_age_seconds": null,
-           "data_origin": "live",
-           "device_cache_stale": false,
-           "device_id": "11",
-           "id": "11-118",
-           "lat": 53,
-           "lon": -7,
-           "source": null,
-           "speed": null,
-           "timestamp": "2026-04-06T01:00:00.000Z",
-         },
-         {
-           "accuracy": null,
-           "altitude": null,
-           "battery": null,
-           "cache_age_seconds": null,
-           "data_origin": "live",
-           "device_cache_stale": false,
-           "device_id": "11",
-           "id": "11-119",
-           "lat": 53,
-           "lon": -7,
-           "source": null,
-           "speed": null,
-           "timestamp": "2026-04-06T01:00:00.000Z",
-         },
-         {
-           "accuracy": null,
-           "altitude": null,
-           "battery": null,
-           "cache_age_seconds": null,
-           "data_origin": "live",
-           "device_cache_stale": false,
-           "device_id": "11",
-           "id": "11-120",
-           "lat": 53,
-           "lon": -7,
-           "source": null,
-           "speed": null,
-           "timestamp": "2026-04-06T01:00:00.000Z",
-         },
-         {
-           "accuracy": null,
-           "altitude": null,
-           "battery": null,
-           "cache_age_seconds": null,
-           "data_origin": "live",
-           "device_cache_stale": false,
-           "device_id": "11",
-           "id": "11-121",
-           "lat": 53,
-           "lon": -7,
-           "source": null,
-           "speed": null,
-           "timestamp": "2026-04-06T01:00:00.000Z",
-         },
-         {
-           "accuracy": null,
-           "altitude": null,
-           "battery": null,
-           "cache_age_seconds": null,
-           "data_origin": "live",
-           "device_cache_stale": false,
-           "device_id": "11",
-           "id": "11-122",
-           "lat": 53,
-           "lon": -7,
-           "source": null,
-           "speed": null,
-           "timestamp": "2026-04-06T01:00:00.000Z",
-         },
-         {
-           "accuracy": null,
-           "altitude": null,
-           "battery": null,
-           "cache_age_seconds": null,
-           "data_origin": "live",
-           "device_cache_stale": false,
-           "device_id": "11",
-           "id": "11-123",
-           "lat": 53,
-           "lon": -7,
-           "source": null,
-           "speed": null,
-           "timestamp": "2026-04-06T01:00:00.000Z",
-         },
-         {
-           "accuracy": null,
-           "altitude": null,
-           "battery": null,
-           "cache_age_seconds": null,
-           "data_origin": "live",
-           "device_cache_stale": false,
-           "device_id": "11",
-           "id": "11-124",
-           "lat": 53,
-           "lon": -7,
-           "source": null,
-           "speed": null,
-           "timestamp": "2026-04-06T01:00:00.000Z",
-         },
-         {
-           "accuracy": null,
-           "altitude": null,
-           "battery": null,
-           "cache_age_seconds": null,
-           "data_origin": "live",
-           "device_cache_stale": false,
-           "device_id": "11",
-           "id": "11-125",
-           "lat": 53,
-           "lon": -7,
-           "source": null,
-           "speed": null,
-           "timestamp": "2026-04-06T01:00:00.000Z",
-         },
-         {
-           "accuracy": null,
-           "altitude": null,
-           "battery": null,
-           "cache_age_seconds": null,
-           "data_origin": "live",
-           "device_cache_stale": false,
-           "device_id": "11",
-           "id": "11-126",
-           "lat": 53,
-           "lon": -7,
-           "source": null,
-           "speed": null,
-           "timestamp": "2026-04-06T01:00:00.000Z",
-         },
-         {
-           "accuracy": null,
-           "altitude": null,
-           "battery": null,
-           "cache_age_seconds": null,
-           "data_origin": "live",
-           "device_cache_stale": false,
-           "device_id": "11",
-           "id": "11-127",
-           "lat": 53,
-           "lon": -7,
-           "source": null,
-           "speed": null,
-           "timestamp": "2026-04-06T01:00:00.000Z",
-         },
-         {
-           "accuracy": null,
-           "altitude": null,
-           "battery": null,
-           "cache_age_seconds": null,
-           "data_origin": "live",
-           "device_cache_stale": false,
-           "device_id": "11",
-           "id": "11-128",
-           "lat": 53,
-           "lon": -7,
-           "source": null,
-           "speed": null,
-           "timestamp": "2026-04-06T01:00:00.000Z",
-         },
-         {
-           "accuracy": null,
-           "altitude": null,
-           "battery": null,
-           "cache_age_seconds": null,
-           "data_origin": "live",
-           "device_cache_stale": false,
-           "device_id": "11",
-           "id": "11-129",
-           "lat": 53,
-           "lon": -7,
-           "source": null,
-           "speed": null,
-           "timestamp": "2026-04-06T01:00:00.000Z",
-         },
-         {
-           "accuracy": null,
-           "altitude": null,
-           "battery": null,
-           "cache_age_seconds": null,
-           "data_origin": "live",
-           "device_cache_stale": false,
-           "device_id": "11",
-           "id": "11-130",
-           "lat": 53,
-           "lon": -7,
-           "source": null,
-           "speed": null,
-           "timestamp": "2026-04-06T01:00:00.000Z",
-         },
-         {
-           "accuracy": null,
-           "altitude": null,
-           "battery": null,
-           "cache_age_seconds": null,
-           "data_origin": "live",
-           "device_cache_stale": false,
-           "device_id": "11",
-           "id": "11-131",
-           "lat": 53,
-           "lon": -7,
-           "source": null,
-           "speed": null,
-           "timestamp": "2026-04-06T01:00:00.000Z",
-         },
-         {
-           "accuracy": null,
-           "altitude": null,
-           "battery": null,
-           "cache_age_seconds": null,
-           "data_origin": "live",
-           "device_cache_stale": false,
-           "device_id": "11",
-           "id": "11-132",
-           "lat": 53,
-           "lon": -7,
-           "source": null,
-           "speed": null,
-           "timestamp": "2026-04-06T01:00:00.000Z",
-         },
-         {
-           "accuracy": null,
-           "altitude": null,
-           "battery": null,
-           "cache_age_seconds": null,
-           "data_origin": "live",
-           "device_cache_stale": false,
-           "device_id": "11",
-           "id": "11-133",
-           "lat": 53,
-           "lon": -7,
-           "source": null,
-           "speed": null,
-           "timestamp": "2026-04-06T01:00:00.000Z",
-         },
-         {
-           "accuracy": null,
-           "altitude": null,
-           "battery": null,
-           "cache_age_seconds": null,
-           "data_origin": "live",
-           "device_cache_stale": false,
-           "device_id": "11",
-           "id": "11-134",
-           "lat": 53,
-           "lon": -7,
-           "source": null,
-           "speed": null,
-           "timestamp": "2026-04-06T01:00:00.000Z",
-         },
-         {
-           "accuracy": null,
-           "altitude": null,
-           "battery": null,
-           "cache_age_seconds": null,
-           "data_origin": "live",
-           "device_cache_stale": false,
-           "device_id": "11",
-           "id": "11-135",
-           "lat": 53,
-           "lon": -7,
-           "source": null,
-           "speed": null,
-           "timestamp": "2026-04-06T01:00:00.000Z",
-         },
-         {
-           "accuracy": null,
-           "altitude": null,
-           "battery": null,
-           "cache_age_seconds": null,
-           "data_origin": "live",
-           "device_cache_stale": false,
-           "device_id": "11",
-           "id": "11-136",
-           "lat": 53,
-           "lon": -7,
-           "source": null,
-           "speed": null,
-           "timestamp": "2026-04-06T01:00:00.000Z",
-         },
-         {
-           "accuracy": null,
-           "altitude": null,
-           "battery": null,
-           "cache_age_seconds": null,
-           "data_origin": "live",
-           "device_cache_stale": false,
-           "device_id": "11",
-           "id": "11-137",
-           "lat": 53,
-           "lon": -7,
-           "source": null,
-           "speed": null,
-           "timestamp": "2026-04-06T01:00:00.000Z",
-         },
-         {
-           "accuracy": null,
-           "altitude": null,
-           "battery": null,
-           "cache_age_seconds": null,
-           "data_origin": "live",
-           "device_cache_stale": false,
-           "device_id": "11",
-           "id": "11-138",
-           "lat": 53,
-           "lon": -7,
-           "source": null,
-           "speed": null,
-           "timestamp": "2026-04-06T01:00:00.000Z",
-         },
-         {
-           "accuracy": null,
-           "altitude": null,
-           "battery": null,
-           "cache_age_seconds": null,
-           "data_origin": "live",
-           "device_cache_stale": false,
-           "device_id": "11",
-           "id": "11-139",
-           "lat": 53,
-           "lon": -7,
-           "source": null,
-           "speed": null,
-           "timestamp": "2026-04-06T01:00:00.000Z",
-         },
-         {
-           "accuracy": null,
-           "altitude": null,
-           "battery": null,
-           "cache_age_seconds": null,
-           "data_origin": "live",
-           "device_cache_stale": false,
-           "device_id": "11",
-           "id": "11-140",
-           "lat": 53,
-           "lon": -7,
-           "source": null,
-           "speed": null,
-           "timestamp": "2026-04-06T01:00:00.000Z",
-         },
-         {
-           "accuracy": null,
-           "altitude": null,
-           "battery": null,
-           "cache_age_seconds": null,
-           "data_origin": "live",
-           "device_cache_stale": false,
-           "device_id": "11",
-           "id": "11-141",
-           "lat": 53,
-           "lon": -7,
-           "source": null,
-           "speed": null,
-           "timestamp": "2026-04-06T01:00:00.000Z",
-         },
-         {
-           "accuracy": null,
-           "altitude": null,
-           "battery": null,
-           "cache_age_seconds": null,
-           "data_origin": "live",
-           "device_cache_stale": false,
-           "device_id": "11",
-           "id": "11-142",
-           "lat": 53,
-           "lon": -7,
-           "source": null,
-           "speed": null,
-           "timestamp": "2026-04-06T01:00:00.000Z",
-         },
-         {
-           "accuracy": null,
-           "altitude": null,
-           "battery": null,
-           "cache_age_seconds": null,
-           "data_origin": "live",
-           "device_cache_stale": false,
-           "device_id": "11",
-           "id": "11-143",
-           "lat": 53,
-           "lon": -7,
-           "source": null,
-           "speed": null,
-           "timestamp": "2026-04-06T01:00:00.000Z",
-         },
-         {
-           "accuracy": null,
-           "altitude": null,
-           "battery": null,
-           "cache_age_seconds": null,
-           "data_origin": "live",
-           "device_cache_stale": false,
-           "device_id": "11",
-           "id": "11-144",
-           "lat": 53,
-           "lon": -7,
-           "source": null,
-           "speed": null,
-           "timestamp": "2026-04-06T01:00:00.000Z",
-         },
-         {
-           "accuracy": null,
-           "altitude": null,
-           "battery": null,
-           "cache_age_seconds": null,
-           "data_origin": "live",
-           "device_cache_stale": false,
-           "device_id": "11",
-           "id": "11-145",
-           "lat": 53,
-           "lon": -7,
-           "source": null,
-           "speed": null,
-           "timestamp": "2026-04-06T01:00:00.000Z",
-         },
-         {
-           "accuracy": null,
-           "altitude": null,
-           "battery": null,
-           "cache_age_seconds": null,
-           "data_origin": "live",
-           "device_cache_stale": false,
-           "device_id": "11",
-           "id": "11-146",
-           "lat": 53,
-           "lon": -7,
-           "source": null,
-           "speed": null,
-           "timestamp": "2026-04-06T01:00:00.000Z",
-         },
-         {
-           "accuracy": null,
-           "altitude": null,
-           "battery": null,
-           "cache_age_seconds": null,
-           "data_origin": "live",
-           "device_cache_stale": false,
-           "device_id": "11",
-           "id": "11-147",
-           "lat": 53,
-           "lon": -7,
-           "source": null,
-           "speed": null,
-           "timestamp": "2026-04-06T01:00:00.000Z",
-         },
-         {
-           "accuracy": null,
-           "altitude": null,
-           "battery": null,
-           "cache_age_seconds": null,
-           "data_origin": "live",
-           "device_cache_stale": false,
-           "device_id": "11",
-           "id": "11-148",
-           "lat": 53,
-           "lon": -7,
-           "source": null,
-           "speed": null,
-           "timestamp": "2026-04-06T01:00:00.000Z",
-         },
-         {
-           "accuracy": null,
-           "altitude": null,
-           "battery": null,
-           "cache_age_seconds": null,
-           "data_origin": "live",
-           "device_cache_stale": false,
-           "device_id": "11",
-           "id": "11-149",
-           "lat": 53,
-           "lon": -7,
-           "source": null,
-           "speed": null,
-           "timestamp": "2026-04-06T01:00:00.000Z",
-         },
-         {
-           "accuracy": null,
-           "altitude": null,
-           "battery": null,
-           "cache_age_seconds": null,
-           "data_origin": "live",
-           "device_cache_stale": false,
-           "device_id": "11",
-           "id": "11-150",
-           "lat": 53,
-           "lon": -7,
-           "source": null,
-           "speed": null,
-           "timestamp": "2026-04-06T01:00:00.000Z",
-         },
-         {
-           "accuracy": null,
-           "altitude": null,
-           "battery": null,
-           "cache_age_seconds": null,
-           "data_origin": "live",
-           "device_cache_stale": false,
-           "device_id": "11",
-           "id": "11-151",
-           "lat": 53,
-           "lon": -7,
-           "source": null,
-           "speed": null,
-           "timestamp": "2026-04-06T01:00:00.000Z",
-         },
-         {
-           "accuracy": null,
-           "altitude": null,
-           "battery": null,
-           "cache_age_seconds": null,
-           "data_origin": "live",
-           "device_cache_stale": false,
-           "device_id": "11",
-           "id": "11-152",
-           "lat": 53,
-           "lon": -7,
-           "source": null,
-           "speed": null,
-           "timestamp": "2026-04-06T01:00:00.000Z",
-         },
-         {
-           "accuracy": null,
-           "altitude": null,
-           "battery": null,
-           "cache_age_seconds": null,
-           "data_origin": "live",
-           "device_cache_stale": false,
-           "device_id": "11",
-           "id": "11-153",
-           "lat": 53,
-           "lon": -7,
-           "source": null,
-           "speed": null,
-           "timestamp": "2026-04-06T01:00:00.000Z",
-         },
-         {
-           "accuracy": null,
-           "altitude": null,
-           "battery": null,
-           "cache_age_seconds": null,
-           "data_origin": "live",
-           "device_cache_stale": false,
-           "device_id": "11",
-           "id": "11-154",
-           "lat": 53,
-           "lon": -7,
-           "source": null,
-           "speed": null,
-           "timestamp": "2026-04-06T01:00:00.000Z",
-         },
-         {
-           "accuracy": null,
-           "altitude": null,
-           "battery": null,
-           "cache_age_seconds": null,
-           "data_origin": "live",
-           "device_cache_stale": false,
-           "device_id": "11",
-           "id": "11-155",
-           "lat": 53,
-           "lon": -7,
-           "source": null,
-           "speed": null,
-           "timestamp": "2026-04-06T01:00:00.000Z",
-         },
-         {
-           "accuracy": null,
-           "altitude": null,
-           "battery": null,
-           "cache_age_seconds": null,
-           "data_origin": "live",
-           "device_cache_stale": false,
-           "device_id": "11",
-           "id": "11-156",
-           "lat": 53,
-           "lon": -7,
-           "source": null,
-           "speed": null,
-           "timestamp": "2026-04-06T01:00:00.000Z",
-         },
-         {
-           "accuracy": null,
-           "altitude": null,
-           "battery": null,
-           "cache_age_seconds": null,
-           "data_origin": "live",
-           "device_cache_stale": false,
-           "device_id": "11",
-           "id": "11-157",
-           "lat": 53,
-           "lon": -7,
-           "source": null,
-           "speed": null,
-           "timestamp": "2026-04-06T01:00:00.000Z",
-         },
-         {
-           "accuracy": null,
-           "altitude": null,
-           "battery": null,
-           "cache_age_seconds": null,
-           "data_origin": "live",
-           "device_cache_stale": false,
-           "device_id": "11",
-           "id": "11-158",
-           "lat": 53,
-           "lon": -7,
-           "source": null,
-           "speed": null,
-           "timestamp": "2026-04-06T01:00:00.000Z",
-         },
-         {
-           "accuracy": null,
-           "altitude": null,
-           "battery": null,
-           "cache_age_seconds": null,
-           "data_origin": "live",
-           "device_cache_stale": false,
-           "device_id": "11",
-           "id": "11-159",
-           "lat": 53,
-           "lon": -7,
-           "source": null,
-           "speed": null,
-           "timestamp": "2026-04-06T01:00:00.000Z",
-         },
-         {
-           "accuracy": null,
-           "altitude": null,
-           "battery": null,
-           "cache_age_seconds": null,
-           "data_origin": "live",
-           "device_cache_stale": false,
-           "device_id": "11",
-           "id": "11-160",
-           "lat": 53,
-           "lon": -7,
-           "source": null,
-           "speed": null,
-           "timestamp": "2026-04-06T01:00:00.000Z",
-         },
-         {
-           "accuracy": null,
-           "altitude": null,
-           "battery": null,
-           "cache_age_seconds": null,
-           "data_origin": "live",
-           "device_cache_stale": false,
-           "device_id": "11",
-           "id": "11-161",
-           "lat": 53,
-           "lon": -7,
-           "source": null,
-           "speed": null,
-           "timestamp": "2026-04-06T01:00:00.000Z",
-         },
-         {
-           "accuracy": null,
-           "altitude": null,
-           "battery": null,
-           "cache_age_seconds": null,
-           "data_origin": "live",
-           "device_cache_stale": false,
-           "device_id": "11",
-           "id": "11-162",
-           "lat": 53,
-           "lon": -7,
-           "source": null,
-           "speed": null,
-           "timestamp": "2026-04-06T01:00:00.000Z",
-         },
-         {
-           "accuracy": null,
-           "altitude": null,
-           "battery": null,
-           "cache_age_seconds": null,
-           "data_origin": "live",
-           "device_cache_stale": false,
-           "device_id": "11",
-           "id": "11-163",
-           "lat": 53,
-           "lon": -7,
-           "source": null,
-           "speed": null,
-           "timestamp": "2026-04-06T01:00:00.000Z",
-         },
-         {
-           "accuracy": null,
-           "altitude": null,
-           "battery": null,
-           "cache_age_seconds": null,
-           "data_origin": "live",
-           "device_cache_stale": false,
-           "device_id": "11",
-           "id": "11-164",
-           "lat": 53,
-           "lon": -7,
-           "source": null,
-           "speed": null,
-           "timestamp": "2026-04-06T01:00:00.000Z",
-         },
-         {
-           "accuracy": null,
-           "altitude": null,
-           "battery": null,
-           "cache_age_seconds": null,
-           "data_origin": "live",
-           "device_cache_stale": false,
-           "device_id": "11",
-           "id": "11-165",
-           "lat": 53,
-           "lon": -7,
-           "source": null,
-           "speed": null,
-           "timestamp": "2026-04-06T01:00:00.000Z",
-         },
-         {
-           "accuracy": null,
-           "altitude": null,
-           "battery": null,
-           "cache_age_seconds": null,
-           "data_origin": "live",
-           "device_cache_stale": false,
-           "device_id": "11",
-           "id": "11-166",
-           "lat": 53,
-           "lon": -7,
-           "source": null,
-           "speed": null,
-           "timestamp": "2026-04-06T01:00:00.000Z",
-         },
-         {
-           "accuracy": null,
-           "altitude": null,
-           "battery": null,
-           "cache_age_seconds": null,
-           "data_origin": "live",
-           "device_cache_stale": false,
-           "device_id": "11",
-           "id": "11-167",
-           "lat": 53,
-           "lon": -7,
-           "source": null,
-           "speed": null,
-           "timestamp": "2026-04-06T01:00:00.000Z",
-         },
-         {
-           "accuracy": null,
-           "altitude": null,
-           "battery": null,
-           "cache_age_seconds": null,
-           "data_origin": "live",
-           "device_cache_stale": false,
-           "device_id": "11",
-           "id": "11-168",
-           "lat": 53,
-           "lon": -7,
-           "source": null,
-           "speed": null,
-           "timestamp": "2026-04-06T01:00:00.000Z",
-         },
-         {
-           "accuracy": null,
-           "altitude": null,
-           "battery": null,
-           "cache_age_seconds": null,
-           "data_origin": "live",
-           "device_cache_stale": false,
-           "device_id": "11",
-           "id": "11-169",
-           "lat": 53,
-           "lon": -7,
-           "source": null,
-           "speed": null,
-           "timestamp": "2026-04-06T01:00:00.000Z",
-         },
-         {
-           "accuracy": null,
-           "altitude": null,
-           "battery": null,
-           "cache_age_seconds": null,
-           "data_origin": "live",
-           "device_cache_stale": false,
-           "device_id": "11",
-           "id": "11-170",
-           "lat": 53,
-           "lon": -7,
-           "source": null,
-           "speed": null,
-           "timestamp": "2026-04-06T01:00:00.000Z",
-         },
-         {
-           "accuracy": null,
-           "altitude": null,
-           "battery": null,
-           "cache_age_seconds": null,
-           "data_origin": "live",
-           "device_cache_stale": false,
-           "device_id": "11",
-           "id": "11-171",
-           "lat": 53,
-           "lon": -7,
-           "source": null,
-           "speed": null,
-           "timestamp": "2026-04-06T01:00:00.000Z",
-         },
-         {
-           "accuracy": null,
-           "altitude": null,
-           "battery": null,
-           "cache_age_seconds": null,
-           "data_origin": "live",
-           "device_cache_stale": false,
-           "device_id": "11",
-           "id": "11-172",
-           "lat": 53,
-           "lon": -7,
-           "source": null,
-           "speed": null,
-           "timestamp": "2026-04-06T01:00:00.000Z",
-         },
-         {
-           "accuracy": null,
-           "altitude": null,
-           "battery": null,
-           "cache_age_seconds": null,
-           "data_origin": "live",
-           "device_cache_stale": false,
-           "device_id": "11",
-           "id": "11-173",
-           "lat": 53,
-           "lon": -7,
-           "source": null,
-           "speed": null,
-           "timestamp": "2026-04-06T01:00:00.000Z",
-         },
-         {
-           "accuracy": null,
-           "altitude": null,
-           "battery": null,
-           "cache_age_seconds": null,
-           "data_origin": "live",
-           "device_cache_stale": false,
-           "device_id": "11",
-           "id": "11-174",
-           "lat": 53,
-           "lon": -7,
-           "source": null,
-           "speed": null,
-           "timestamp": "2026-04-06T01:00:00.000Z",
-         },
-         {
-           "accuracy": null,
-           "altitude": null,
-           "battery": null,
-           "cache_age_seconds": null,
-           "data_origin": "live",
-           "device_cache_stale": false,
-           "device_id": "11",
-           "id": "11-175",
-           "lat": 53,
-           "lon": -7,
-           "source": null,
-           "speed": null,
-           "timestamp": "2026-04-06T01:00:00.000Z",
-         },
-         {
-           "accuracy": null,
-           "altitude": null,
-           "battery": null,
-           "cache_age_seconds": null,
-           "data_origin": "live",
-           "device_cache_stale": false,
-           "device_id": "11",
-           "id": "11-176",
-           "lat": 53,
-           "lon": -7,
-           "source": null,
-           "speed": null,
-           "timestamp": "2026-04-06T01:00:00.000Z",
-         },
-         {
-           "accuracy": null,
-           "altitude": null,
-           "battery": null,
-           "cache_age_seconds": null,
-           "data_origin": "live",
-           "device_cache_stale": false,
-           "device_id": "11",
-           "id": "11-177",
-           "lat": 53,
-           "lon": -7,
-           "source": null,
-           "speed": null,
-           "timestamp": "2026-04-06T01:00:00.000Z",
-         },
-         {
-           "accuracy": null,
-           "altitude": null,
-           "battery": null,
-           "cache_age_seconds": null,
-           "data_origin": "live",
-           "device_cache_stale": false,
-           "device_id": "11",
-           "id": "11-178",
-           "lat": 53,
-           "lon": -7,
-           "source": null,
-           "speed": null,
-           "timestamp": "2026-04-06T01:00:00.000Z",
-         },
-         {
-           "accuracy": null,
-           "altitude": null,
-           "battery": null,
-           "cache_age_seconds": null,
-           "data_origin": "live",
-           "device_cache_stale": false,
-           "device_id": "11",
-           "id": "11-179",
-           "lat": 53,
-           "lon": -7,
-           "source": null,
-           "speed": null,
-           "timestamp": "2026-04-06T01:00:00.000Z",
-         },
-         {
-           "accuracy": null,
-           "altitude": null,
-           "battery": null,
-           "cache_age_seconds": null,
-           "data_origin": "live",
-           "device_cache_stale": false,
-           "device_id": "11",
-           "id": "11-180",
-           "lat": 53,
-           "lon": -7,
-           "source": null,
-           "speed": null,
-           "timestamp": "2026-04-06T01:00:00.000Z",
-         },
-         {
-           "accuracy": null,
-           "altitude": null,
-           "battery": null,
-           "cache_age_seconds": null,
-           "data_origin": "live",
-           "device_cache_stale": false,
-           "device_id": "11",
-           "id": "11-181",
-           "lat": 53,
-           "lon": -7,
-           "source": null,
-           "speed": null,
-           "timestamp": "2026-04-06T01:00:00.000Z",
-         },
-         {
-           "accuracy": null,
-           "altitude": null,
-           "battery": null,
-           "cache_age_seconds": null,
-           "data_origin": "live",
-           "device_cache_stale": false,
-           "device_id": "11",
-           "id": "11-182",
-           "lat": 53,
-           "lon": -7,
-           "source": null,
-           "speed": null,
-           "timestamp": "2026-04-06T01:00:00.000Z",
-         },
-         {
-           "accuracy": null,
-           "altitude": null,
-           "battery": null,
-           "cache_age_seconds": null,
-           "data_origin": "live",
-           "device_cache_stale": false,
-           "device_id": "11",
-           "id": "11-183",
-           "lat": 53,
-           "lon": -7,
-           "source": null,
-           "speed": null,
-           "timestamp": "2026-04-06T01:00:00.000Z",
-         },
-         {
-           "accuracy": null,
-           "altitude": null,
-           "battery": null,
-           "cache_age_seconds": null,
-           "data_origin": "live",
-           "device_cache_stale": false,
-           "device_id": "11",
-           "id": "11-184",
-           "lat": 53,
-           "lon": -7,
-           "source": null,
-           "speed": null,
-           "timestamp": "2026-04-06T01:00:00.000Z",
-         },
-         {
-           "accuracy": null,
-           "altitude": null,
-           "battery": null,
-           "cache_age_seconds": null,
-           "data_origin": "live",
-           "device_cache_stale": false,
-           "device_id": "11",
-           "id": "11-185",
-           "lat": 53,
-           "lon": -7,
-           "source": null,
-           "speed": null,
-           "timestamp": "2026-04-06T01:00:00.000Z",
-         },
-         {
-           "accuracy": null,
-           "altitude": null,
-           "battery": null,
-           "cache_age_seconds": null,
-           "data_origin": "live",
-           "device_cache_stale": false,
-           "device_id": "11",
-           "id": "11-186",
-           "lat": 53,
-           "lon": -7,
-           "source": null,
-           "speed": null,
-           "timestamp": "2026-04-06T01:00:00.000Z",
-         },
-         {
-           "accuracy": null,
-           "altitude": null,
-           "battery": null,
-           "cache_age_seconds": null,
-           "data_origin": "live",
-           "device_cache_stale": false,
-           "device_id": "11",
-           "id": "11-187",
-           "lat": 53,
-           "lon": -7,
-           "source": null,
-           "speed": null,
-           "timestamp": "2026-04-06T01:00:00.000Z",
-         },
-         {
-           "accuracy": null,
-           "altitude": null,
-           "battery": null,
-           "cache_age_seconds": null,
-           "data_origin": "live",
-           "device_cache_stale": false,
-           "device_id": "11",
-           "id": "11-188",
-           "lat": 53,
-           "lon": -7,
-           "source": null,
-           "speed": null,
-           "timestamp": "2026-04-06T01:00:00.000Z",
-         },
-         {
-           "accuracy": null,
-           "altitude": null,
-           "battery": null,
-           "cache_age_seconds": null,
-           "data_origin": "live",
-           "device_cache_stale": false,
-           "device_id": "11",
-           "id": "11-189",
-           "lat": 53,
-           "lon": -7,
-           "source": null,
-           "speed": null,
-           "timestamp": "2026-04-06T01:00:00.000Z",
-         },
-         {
-           "accuracy": null,
-           "altitude": null,
-           "battery": null,
-           "cache_age_seconds": null,
-           "data_origin": "live",
-           "device_cache_stale": false,
-           "device_id": "11",
-           "id": "11-190",
-           "lat": 53,
-           "lon": -7,
-           "source": null,
-           "speed": null,
-           "timestamp": "2026-04-06T01:00:00.000Z",
-         },
-         {
-           "accuracy": null,
-           "altitude": null,
-           "battery": null,
-           "cache_age_seconds": null,
-           "data_origin": "live",
-           "device_cache_stale": false,
-           "device_id": "11",
-           "id": "11-191",
-           "lat": 53,
-           "lon": -7,
-           "source": null,
-           "speed": null,
-           "timestamp": "2026-04-06T01:00:00.000Z",
-         },
-         {
-           "accuracy": null,
-           "altitude": null,
-           "battery": null,
-           "cache_age_seconds": null,
-           "data_origin": "live",
-           "device_cache_stale": false,
-           "device_id": "11",
-           "id": "11-192",
-           "lat": 53,
-           "lon": -7,
-           "source": null,
-           "speed": null,
-           "timestamp": "2026-04-06T01:00:00.000Z",
-         },
-         {
-           "accuracy": null,
-           "altitude": null,
-           "battery": null,
-           "cache_age_seconds": null,
-           "data_origin": "live",
-           "device_cache_stale": false,
-           "device_id": "11",
-           "id": "11-193",
-           "lat": 53,
-           "lon": -7,
-           "source": null,
-           "speed": null,
-           "timestamp": "2026-04-06T01:00:00.000Z",
-         },
-         {
-           "accuracy": null,
-           "altitude": null,
-           "battery": null,
-           "cache_age_seconds": null,
-           "data_origin": "live",
-           "device_cache_stale": false,
-           "device_id": "11",
-           "id": "11-194",
-           "lat": 53,
-           "lon": -7,
-           "source": null,
-           "speed": null,
-           "timestamp": "2026-04-06T01:00:00.000Z",
-         },
-         {
-           "accuracy": null,
-           "altitude": null,
-           "battery": null,
-           "cache_age_seconds": null,
-           "data_origin": "live",
-           "device_cache_stale": false,
-           "device_id": "11",
-           "id": "11-195",
-           "lat": 53,
-           "lon": -7,
-           "source": null,
-           "speed": null,
-           "timestamp": "2026-04-06T01:00:00.000Z",
-         },
-         {
-           "accuracy": null,
-           "altitude": null,
-           "battery": null,
-           "cache_age_seconds": null,
-           "data_origin": "live",
-           "device_cache_stale": false,
-           "device_id": "11",
-           "id": "11-196",
-           "lat": 53,
-           "lon": -7,
-           "source": null,
-           "speed": null,
-           "timestamp": "2026-04-06T01:00:00.000Z",
-         },
-         {
-           "accuracy": null,
-           "altitude": null,
-           "battery": null,
-           "cache_age_seconds": null,
-           "data_origin": "live",
-           "device_cache_stale": false,
-           "device_id": "11",
-           "id": "11-197",
-           "lat": 53,
-           "lon": -7,
-           "source": null,
-           "speed": null,
-           "timestamp": "2026-04-06T01:00:00.000Z",
-         },
-         {
-           "accuracy": null,
-           "altitude": null,
-           "battery": null,
-           "cache_age_seconds": null,
-           "data_origin": "live",
-           "device_cache_stale": false,
-           "device_id": "11",
-           "id": "11-198",
-           "lat": 53,
-           "lon": -7,
-           "source": null,
-           "speed": null,
-           "timestamp": "2026-04-06T01:00:00.000Z",
-         },
-         {
-           "accuracy": null,
-           "altitude": null,
-           "battery": null,
-           "cache_age_seconds": null,
-           "data_origin": "live",
-           "device_cache_stale": false,
-           "device_id": "11",
-           "id": "11-199",
-           "lat": 53,
-           "lon": -7,
-           "source": null,
-           "speed": null,
-           "timestamp": "2026-04-06T01:00:00.000Z",
-         },
-         {
-           "accuracy": null,
-           "altitude": null,
-           "battery": null,
-           "cache_age_seconds": null,
-           "data_origin": "live",
-           "device_cache_stale": false,
-           "device_id": "11",
-           "id": "11-200",
-           "lat": 53,
-           "lon": -7,
-           "source": null,
-           "speed": null,
-           "timestamp": "2026-04-06T01:00:00.000Z",
-         },
-         {
-           "accuracy": null,
-           "altitude": null,
-           "battery": null,
-           "cache_age_seconds": null,
-           "data_origin": "live",
-           "device_cache_stale": false,
-           "device_id": "11",
-           "id": "11-201",
-           "lat": 53,
-           "lon": -7,
-           "source": null,
-           "speed": null,
-           "timestamp": "2026-04-06T01:00:00.000Z",
-         },
-         {
-           "accuracy": null,
-           "altitude": null,
-           "battery": null,
-           "cache_age_seconds": null,
-           "data_origin": "live",
-           "device_cache_stale": false,
-           "device_id": "11",
-           "id": "11-202",
-           "lat": 53,
-           "lon": -7,
-           "source": null,
-           "speed": null,
-           "timestamp": "2026-04-06T01:00:00.000Z",
-         },
-         {
-           "accuracy": null,
-           "altitude": null,
-           "battery": null,
-           "cache_age_seconds": null,
-           "data_origin": "live",
-           "device_cache_stale": false,
-           "device_id": "11",
-           "id": "11-203",
-           "lat": 53,
-           "lon": -7,
-           "source": null,
-           "speed": null,
-           "timestamp": "2026-04-06T01:00:00.000Z",
-         },
-         {
-           "accuracy": null,
-           "altitude": null,
-           "battery": null,
-           "cache_age_seconds": null,
-           "data_origin": "live",
-           "device_cache_stale": false,
-           "device_id": "11",
-           "id": "11-204",
-           "lat": 53,
-           "lon": -7,
-           "source": null,
-           "speed": null,
-           "timestamp": "2026-04-06T01:00:00.000Z",
-         },
-         {
-           "accuracy": null,
-           "altitude": null,
-           "battery": null,
-           "cache_age_seconds": null,
-           "data_origin": "live",
-           "device_cache_stale": false,
-           "device_id": "11",
-           "id": "11-205",
-           "lat": 53,
-           "lon": -7,
-           "source": null,
-           "speed": null,
-           "timestamp": "2026-04-06T01:00:00.000Z",
-         },
-         {
-           "accuracy": null,
-           "altitude": null,
-           "battery": null,
-           "cache_age_seconds": null,
-           "data_origin": "live",
-           "device_cache_stale": false,
-           "device_id": "11",
-           "id": "11-206",
-           "lat": 53,
-           "lon": -7,
-           "source": null,
-           "speed": null,
-           "timestamp": "2026-04-06T01:00:00.000Z",
-         },
-         {
-           "accuracy": null,
-           "altitude": null,
-           "battery": null,
-           "cache_age_seconds": null,
-           "data_origin": "live",
-           "device_cache_stale": false,
-           "device_id": "11",
-           "id": "11-207",
-           "lat": 53,
-           "lon": -7,
-           "source": null,
-           "speed": null,
-           "timestamp": "2026-04-06T01:00:00.000Z",
-         },
-         {
-           "accuracy": null,
-           "altitude": null,
-           "battery": null,
-           "cache_age_seconds": null,
-           "data_origin": "live",
-           "device_cache_stale": false,
-           "device_id": "11",
-           "id": "11-208",
-           "lat": 53,
-           "lon": -7,
-           "source": null,
-           "speed": null,
-           "timestamp": "2026-04-06T01:00:00.000Z",
-         },
-         {
-           "accuracy": null,
-           "altitude": null,
-           "battery": null,
-           "cache_age_seconds": null,
-           "data_origin": "live",
-           "device_cache_stale": false,
-           "device_id": "11",
-           "id": "11-209",
-           "lat": 53,
-           "lon": -7,
-           "source": null,
-           "speed": null,
-           "timestamp": "2026-04-06T01:00:00.000Z",
-         },
-         {
-           "accuracy": null,
-           "altitude": null,
-           "battery": null,
-           "cache_age_seconds": null,
-           "data_origin": "live",
-           "device_cache_stale": false,
-           "device_id": "11",
-           "id": "11-210",
-           "lat": 53,
-           "lon": -7,
-           "source": null,
-           "speed": null,
-           "timestamp": "2026-04-06T01:00:00.000Z",
-         },
-         {
-           "accuracy": null,
-           "altitude": null,
-           "battery": null,
-           "cache_age_seconds": null,
-           "data_origin": "live",
-           "device_cache_stale": false,
-           "device_id": "11",
-           "id": "11-211",
-           "lat": 53,
-           "lon": -7,
-           "source": null,
-           "speed": null,
-           "timestamp": "2026-04-06T01:00:00.000Z",
-         },
-         {
-           "accuracy": null,
-           "altitude": null,
-           "battery": null,
-           "cache_age_seconds": null,
-           "data_origin": "live",
-           "device_cache_stale": false,
-           "device_id": "11",
-           "id": "11-212",
-           "lat": 53,
-           "lon": -7,
-           "source": null,
-           "speed": null,
-           "timestamp": "2026-04-06T01:00:00.000Z",
-         },
-         {
-           "accuracy": null,
-           "altitude": null,
-           "battery": null,
-           "cache_age_seconds": null,
-           "data_origin": "live",
-           "device_cache_stale": false,
-           "device_id": "11",
-           "id": "11-213",
-           "lat": 53,
-           "lon": -7,
-           "source": null,
-           "speed": null,
-           "timestamp": "2026-04-06T01:00:00.000Z",
-         },
-         {
-           "accuracy": null,
-           "altitude": null,
-           "battery": null,
-           "cache_age_seconds": null,
-           "data_origin": "live",
-           "device_cache_stale": false,
-           "device_id": "11",
-           "id": "11-214",
-           "lat": 53,
-           "lon": -7,
-           "source": null,
-           "speed": null,
-           "timestamp": "2026-04-06T01:00:00.000Z",
-         },
-         {
-           "accuracy": null,
-           "altitude": null,
-           "battery": null,
-           "cache_age_seconds": null,
-           "data_origin": "live",
-           "device_cache_stale": false,
-           "device_id": "11",
-           "id": "11-215",
-           "lat": 53,
-           "lon": -7,
-           "source": null,
-           "speed": null,
-           "timestamp": "2026-04-06T01:00:00.000Z",
-         },
-         {
-           "accuracy": null,
-           "altitude": null,
-           "battery": null,
-           "cache_age_seconds": null,
-           "data_origin": "live",
-           "device_cache_stale": false,
-           "device_id": "11",
-           "id": "11-216",
-           "lat": 53,
-           "lon": -7,
-           "source": null,
-           "speed": null,
-           "timestamp": "2026-04-06T01:00:00.000Z",
-         },
-         {
-           "accuracy": null,
-           "altitude": null,
-           "battery": null,
-           "cache_age_seconds": null,
-           "data_origin": "live",
-           "device_cache_stale": false,
-           "device_id": "11",
-           "id": "11-217",
-           "lat": 53,
-           "lon": -7,
-           "source": null,
-           "speed": null,
-           "timestamp": "2026-04-06T01:00:00.000Z",
-         },
-         {
-           "accuracy": null,
-           "altitude": null,
-           "battery": null,
-           "cache_age_seconds": null,
-           "data_origin": "live",
-           "device_cache_stale": false,
-           "device_id": "11",
-           "id": "11-218",
-           "lat": 53,
-           "lon": -7,
-           "source": null,
-           "speed": null,
-           "timestamp": "2026-04-06T01:00:00.000Z",
-         },
-         {
-           "accuracy": null,
-           "altitude": null,
-           "battery": null,
-           "cache_age_seconds": null,
-           "data_origin": "live",
-           "device_cache_stale": false,
-           "device_id": "11",
-           "id": "11-219",
-           "lat": 53,
-           "lon": -7,
-           "source": null,
-           "speed": null,
-           "timestamp": "2026-04-06T01:00:00.000Z",
-         },
-         {
-           "accuracy": null,
-           "altitude": null,
-           "battery": null,
-           "cache_age_seconds": null,
-           "data_origin": "live",
-           "device_cache_stale": false,
-           "device_id": "11",
-           "id": "11-220",
-           "lat": 53,
-           "lon": -7,
-           "source": null,
-           "speed": null,
-           "timestamp": "2026-04-06T01:00:00.000Z",
-         },
-         {
-           "accuracy": null,
-           "altitude": null,
-           "battery": null,
-           "cache_age_seconds": null,
-           "data_origin": "live",
-           "device_cache_stale": false,
-           "device_id": "11",
-           "id": "11-221",
-           "lat": 53,
-           "lon": -7,
-           "source": null,
-           "speed": null,
-           "timestamp": "2026-04-06T01:00:00.000Z",
-         },
-         {
-           "accuracy": null,
-           "altitude": null,
-           "battery": null,
-           "cache_age_seconds": null,
-           "data_origin": "live",
-           "device_cache_stale": false,
-           "device_id": "11",
-           "id": "11-222",
-           "lat": 53,
-           "lon": -7,
-           "source": null,
-           "speed": null,
-           "timestamp": "2026-04-06T01:00:00.000Z",
-         },
-         {
-           "accuracy": null,
-           "altitude": null,
-           "battery": null,
-           "cache_age_seconds": null,
-           "data_origin": "live",
-           "device_cache_stale": false,
-           "device_id": "11",
-           "id": "11-223",
-           "lat": 53,
-           "lon": -7,
-           "source": null,
-           "speed": null,
-           "timestamp": "2026-04-06T01:00:00.000Z",
-         },
-         {
-           "accuracy": null,
-           "altitude": null,
-           "battery": null,
-           "cache_age_seconds": null,
-           "data_origin": "live",
-           "device_cache_stale": false,
-           "device_id": "11",
-           "id": "11-224",
-           "lat": 53,
-           "lon": -7,
-           "source": null,
-           "speed": null,
-           "timestamp": "2026-04-06T01:00:00.000Z",
-         },
-         {
-           "accuracy": null,
-           "altitude": null,
-           "battery": null,
-           "cache_age_seconds": null,
-           "data_origin": "live",
-           "device_cache_stale": false,
-           "device_id": "11",
-           "id": "11-225",
-           "lat": 53,
-           "lon": -7,
-           "source": null,
-           "speed": null,
-           "timestamp": "2026-04-06T01:00:00.000Z",
-         },
-         {
-           "accuracy": null,
-           "altitude": null,
-           "battery": null,
-           "cache_age_seconds": null,
-           "data_origin": "live",
-           "device_cache_stale": false,
-           "device_id": "11",
-           "id": "11-226",
-           "lat": 53,
-           "lon": -7,
-           "source": null,
-           "speed": null,
-           "timestamp": "2026-04-06T01:00:00.000Z",
-         },
-         {
-           "accuracy": null,
-           "altitude": null,
-           "battery": null,
-           "cache_age_seconds": null,
-           "data_origin": "live",
-           "device_cache_stale": false,
-           "device_id": "11",
-           "id": "11-227",
-           "lat": 53,
-           "lon": -7,
-           "source": null,
-           "speed": null,
-           "timestamp": "2026-04-06T01:00:00.000Z",
-         },
-         {
-           "accuracy": null,
-           "altitude": null,
-           "battery": null,
-           "cache_age_seconds": null,
-           "data_origin": "live",
-           "device_cache_stale": false,
-           "device_id": "11",
-           "id": "11-228",
-           "lat": 53,
-           "lon": -7,
-           "source": null,
-           "speed": null,
-           "timestamp": "2026-04-06T01:00:00.000Z",
-         },
-         {
-           "accuracy": null,
-           "altitude": null,
-           "battery": null,
-           "cache_age_seconds": null,
-           "data_origin": "live",
-           "device_cache_stale": false,
-           "device_id": "11",
-           "id": "11-229",
-           "lat": 53,
-           "lon": -7,
-           "source": null,
-           "speed": null,
-           "timestamp": "2026-04-06T01:00:00.000Z",
-         },
-         {
-           "accuracy": null,
-           "altitude": null,
-           "battery": null,
-           "cache_age_seconds": null,
-           "data_origin": "live",
-           "device_cache_stale": false,
-           "device_id": "11",
-           "id": "11-230",
-           "lat": 53,
-           "lon": -7,
-           "source": null,
-           "speed": null,
-           "timestamp": "2026-04-06T01:00:00.000Z",
-         },
-         {
-           "accuracy": null,
-           "altitude": null,
-           "battery": null,
-           "cache_age_seconds": null,
-           "data_origin": "live",
-           "device_cache_stale": false,
-           "device_id": "11",
-           "id": "11-231",
-           "lat": 53,
-           "lon": -7,
-           "source": null,
-           "speed": null,
-           "timestamp": "2026-04-06T01:00:00.000Z",
-         },
-         {
-           "accuracy": null,
-           "altitude": null,
-           "battery": null,
-           "cache_age_seconds": null,
-           "data_origin": "live",
-           "device_cache_stale": false,
-           "device_id": "11",
-           "id": "11-232",
-           "lat": 53,
-           "lon": -7,
-           "source": null,
-           "speed": null,
-           "timestamp": "2026-04-06T01:00:00.000Z",
-         },
-         {
-           "accuracy": null,
-           "altitude": null,
-           "battery": null,
-           "cache_age_seconds": null,
-           "data_origin": "live",
-           "device_cache_stale": false,
-           "device_id": "11",
-           "id": "11-233",
-           "lat": 53,
-           "lon": -7,
-           "source": null,
-           "speed": null,
-           "timestamp": "2026-04-06T01:00:00.000Z",
-         },
-         {
-           "accuracy": null,
-           "altitude": null,
-           "battery": null,
-           "cache_age_seconds": null,
-           "data_origin": "live",
-           "device_cache_stale": false,
-           "device_id": "11",
-           "id": "11-234",
-           "lat": 53,
-           "lon": -7,
-           "source": null,
-           "speed": null,
-           "timestamp": "2026-04-06T01:00:00.000Z",
-         },
-         {
-           "accuracy": null,
-           "altitude": null,
-           "battery": null,
-           "cache_age_seconds": null,
-           "data_origin": "live",
-           "device_cache_stale": false,
-           "device_id": "11",
-           "id": "11-235",
-           "lat": 53,
-           "lon": -7,
-           "source": null,
-           "speed": null,
-           "timestamp": "2026-04-06T01:00:00.000Z",
-         },
-         {
-           "accuracy": null,
-           "altitude": null,
-           "battery": null,
-           "cache_age_seconds": null,
-           "data_origin": "live",
-           "device_cache_stale": false,
-           "device_id": "11",
-           "id": "11-236",
-           "lat": 53,
-           "lon": -7,
-           "source": null,
-           "speed": null,
-           "timestamp": "2026-04-06T01:00:00.000Z",
-         },
-         {
-           "accuracy": null,
-           "altitude": null,
-           "battery": null,
-           "cache_age_seconds": null,
-           "data_origin": "live",
-           "device_cache_stale": false,
-           "device_id": "11",
-           "id": "11-237",
-           "lat": 53,
-           "lon": -7,
-           "source": null,
-           "speed": null,
-           "timestamp": "2026-04-06T01:00:00.000Z",
-         },
-         {
-           "accuracy": null,
-           "altitude": null,
-           "battery": null,
-           "cache_age_seconds": null,
-           "data_origin": "live",
-           "device_cache_stale": false,
-           "device_id": "11",
-           "id": "11-238",
-           "lat": 53,
-           "lon": -7,
-           "source": null,
-           "speed": null,
-           "timestamp": "2026-04-06T01:00:00.000Z",
-         },
-         {
-           "accuracy": null,
-           "altitude": null,
-           "battery": null,
-           "cache_age_seconds": null,
-           "data_origin": "live",
-           "device_cache_stale": false,
-           "device_id": "11",
-           "id": "11-239",
-           "lat": 53,
-           "lon": -7,
-           "source": null,
-           "speed": null,
-           "timestamp": "2026-04-06T01:00:00.000Z",
-         },
-         {
-           "accuracy": null,
-           "altitude": null,
-           "battery": null,
-           "cache_age_seconds": null,
-           "data_origin": "live",
-           "device_cache_stale": false,
-           "device_id": "11",
-           "id": "11-240",
-           "lat": 53,
-           "lon": -7,
-           "source": null,
-           "speed": null,
-           "timestamp": "2026-04-06T01:00:00.000Z",
-         },
-       ],
-       "reconciledUntil": "2026-04-06T02:00:00.000Z",
-     },
-     {
        "deviceId": "12",
        "expectedMissionId": "mission-1",
        "historyFrom": "2026-04-06T00:00:00.000Z",
        "phase": "initial",
        "positions": [


Number of calls: 2

 ❯ tests/unit/persist-history-chunk-groups.test.ts:59:26
     57|     await expect(persistHistoryChunkGroups({ inputs, persistGroup, onA…
     58|       .resolves.toEqual(inputs.map(() => ({ status: 'fulfilled', value…
     59|     expect(persistGroup).toHaveBeenCalledExactlyOnceWith(inputs)
       |                          ^
     60|     expect(onAcknowledged.mock.calls).toEqual(inputs.map((input, index…
     61|     expect(yieldBetweenGroups).not.toHaveBeenCalled()

⎯⎯⎯⎯⎯⎯⎯⎯⎯⎯⎯⎯⎯⎯⎯⎯⎯⎯⎯⎯⎯⎯⎯⎯[1/1]⎯


 Test Files  1 failed (1)
      Tests  1 failed | 6 passed (7)
   Start at  13:16:13
   Duration  704ms (transform 19ms, setup 0ms, import 26ms, tests 177ms, environment 428ms)

