Build and inspect Linux Electron artifacts	Full correctness unit gate	﻿2026-09-13T21:04:38.1901534Z ##[group]Run npm run test:correctness -- --no-file-parallelism
Build and inspect Linux Electron artifacts	Full correctness unit gate	2026-09-13T21:04:38.1902045Z [36;1mnpm run test:correctness -- --no-file-parallelism[0m
Build and inspect Linux Electron artifacts	Full correctness unit gate	2026-09-13T21:04:38.1977744Z shell: /usr/bin/bash -e {0}
Build and inspect Linux Electron artifacts	Full correctness unit gate	2026-09-13T21:04:38.1978022Z env:
Build and inspect Linux Electron artifacts	Full correctness unit gate	2026-09-13T21:04:38.1978211Z   NODE_VERSION: 22
Build and inspect Linux Electron artifacts	Full correctness unit gate	2026-09-13T21:04:38.1978505Z   EXPECTED_SOURCE_SHA: 9134a353ebb04377818ac96d2e0171cbc6856e18
Build and inspect Linux Electron artifacts	Full correctness unit gate	2026-09-13T21:04:38.1978847Z ##[endgroup]
Build and inspect Linux Electron artifacts	Full correctness unit gate	2026-09-13T21:04:38.3093552Z 
Build and inspect Linux Electron artifacts	Full correctness unit gate	2026-09-13T21:04:38.3094186Z > sartracker-web@0.1.0-beta.12.11 test:correctness
Build and inspect Linux Electron artifacts	Full correctness unit gate	2026-09-13T21:04:38.3095152Z > vitest run --config vitest.correctness.config.ts --no-file-parallelism
Build and inspect Linux Electron artifacts	Full correctness unit gate	2026-09-13T21:04:38.3095562Z 
Build and inspect Linux Electron artifacts	Full correctness unit gate	2026-09-13T21:04:38.6163339Z Correctness CI: strict wall-clock responsiveness qualification NOT RUN. Release remains on HOLD pending dedicated qualification.
Build and inspect Linux Electron artifacts	Full correctness unit gate	2026-09-13T21:04:38.6495696Z 
Build and inspect Linux Electron artifacts	Full correctness unit gate	2026-09-13T21:04:38.6497426Z [1m[46m RUN [49m[22m [36mv4.1.3 [39m[90m/home/runner/work/sartracker-web/sartracker-web[39m
Build and inspect Linux Electron artifacts	Full correctness unit gate	2026-09-13T21:04:38.6498104Z 
Build and inspect Linux Electron artifacts	Full correctness unit gate	2026-09-13T21:05:04.6311538Z Legacy recovery completion observation: {"outcome":{"value":{"workerThreadId":9}},"maximumHeartbeatGapMs":34.25082900000052,"parentThreadId":0,"failure":null}
Build and inspect Linux Electron artifacts	Full correctness unit gate	2026-09-13T21:05:38.7815422Z Legacy recovery completion observation: {"outcome":{"value":{"workerThreadId":12}},"maximumHeartbeatGapMs":16.64047799999753,"parentThreadId":0,"failure":null}
Build and inspect Linux Electron artifacts	Full correctness unit gate	2026-09-13T21:05:59.1871761Z Legacy recovery completion observation: {"outcome":{"value":{"workerThreadId":28}},"maximumHeartbeatGapMs":15.18648600000597,"parentThreadId":0,"failure":null}
Build and inspect Linux Electron artifacts	Full correctness unit gate	2026-09-13T21:06:04.3332378Z [90mstderr[2m | tests/unit/electron-mission-evidence-versioning.test.ts[2m > [22m[2mmission evidence versioning [DON-277][2m > [22m[2mrolls restart receipt settlement back if batch accounting cannot commit [DON-278]
Build and inspect Linux Electron artifacts	Full correctness unit gate	2026-09-13T21:06:04.3334960Z [22m[39mInterrupted GPX receipt recovery stopped safely: Injected failure after GPX receipt settlement.
Build and inspect Linux Electron artifacts	Full correctness unit gate	2026-09-13T21:06:04.3335789Z 
Build and inspect Linux Electron artifacts	Full correctness unit gate	2026-09-13T21:06:32.3818758Z GPX current-write diagnostics: {"maximumWriteMs":29.90560299999197,"largestWriteProcessCpuMs":2.952,"maximumHeartbeatGapMs":29.65272100000584,"sequence":1040}
Build and inspect Linux Electron artifacts	Full correctness unit gate	2026-09-13T21:06:33.0688939Z  [32m✓[39m tests/unit/electron-mission-evidence-versioning.test.ts [2m([22m[2m93 tests[22m[2m)[22m[33m 113038[2mms[22m[39m
Build and inspect Linux Electron artifacts	Full correctness unit gate	2026-09-13T21:06:33.0691624Z      [33m[2m✓[22m[39m reconstructs large legacy mutable-object inventories in bounded background turns [DON-277] [33m 23381[2mms[22m[39m
Build and inspect Linux Electron artifacts	Full correctness unit gate	2026-09-13T21:06:33.0702264Z      [33m[2m✓[22m[39m prepares large legacy event provenance in bounded turns and fails Replay closed meanwhile [DON-278] [33m 34378[2mms[22m[39m
Build and inspect Linux Electron artifacts	Full correctness unit gate	2026-09-13T21:06:33.0704653Z      [33m[2m✓[22m[39m keeps current fixes below the hard gate while byte-bounding legacy event writer turns [DON-278] [33m 3335[2mms[22m[39m
Build and inspect Linux Electron artifacts	Full correctness unit gate	2026-09-13T21:06:33.0706617Z      [33m[2m✓[22m[39m scopes legacy event quarantine custody fences to the affected mission [DON-278] [33m 389[2mms[22m[39m
Build and inspect Linux Electron artifacts	Full correctness unit gate	2026-09-13T21:06:33.0708509Z      [33m[2m✓[22m[39m keeps clean-mission custody bounded with a field-scale quarantine map [DON-278] [33m 2020[2mms[22m[39m
Build and inspect Linux Electron artifacts	Full correctness unit gate	2026-09-13T21:06:33.0710614Z      [33m[2m✓[22m[39m migrates an authentic v11 GPX table before creating v12 indexes and retains a static baseline [DON-274] [33m 334[2mms[22m[39m
Build and inspect Linux Electron artifacts	Full correctness unit gate	2026-09-13T21:06:33.0713105Z      [33m[2m✓[22m[39m bounds legacy GPX startup work and resumes every retained import without silent loss [DON-274] [33m 412[2mms[22m[39m
Build and inspect Linux Electron artifacts	Full correctness unit gate	2026-09-13T21:06:33.0715259Z      [33m[2m✓[22m[39m seeks legacy GPX reconstruction from a durable cursor instead of rescanning settled rows [DON-274] [33m 14696[2mms[22m[39m
Build and inspect Linux Electron artifacts	Full correctness unit gate	2026-09-13T21:06:33.0717462Z      [33m[2m✓[22m[39m records chunked GPX evidence at publication so replay before publication stays unchanged [DON-278] [33m 1215[2mms[22m[39m
Build and inspect Linux Electron artifacts	Full correctness unit gate	2026-09-13T21:06:33.0719667Z      [33m[2m✓[22m[39m rejects a staged GPX revision when the operator retires its current evidence [DON-274 DON-278] [33m 1165[2mms[22m[39m
Build and inspect Linux Electron artifacts	Full correctness unit gate	2026-09-13T21:06:33.0722500Z      [33m[2m✓[22m[39m recovers a large interrupted receipt queue in bounded background turns [DON-274] [33m 2339[2mms[22m[39m
Build and inspect Linux Electron artifacts	Full correctness unit gate	2026-09-13T21:06:33.0724940Z      [33m[2m✓[22m[39m assigns 200k-point retained GPX by immutable source reference without blocking current work [DON-274] [33m 1360[2mms[22m[39m
Build and inspect Linux Electron artifacts	Full correctness unit gate	2026-09-13T21:06:33.0726898Z      [33m[2m✓[22m[39m persists exact canonical GPX extensions values [AUD-01 AUD-10] [33m 359[2mms[22m[39m
Build and inspect Linux Electron artifacts	Full correctness unit gate	2026-09-13T21:06:33.0728551Z      [33m[2m✓[22m[39m persists exact canonical GPX cdata values [AUD-01 AUD-10] [33m 353[2mms[22m[39m
Build and inspect Linux Electron artifacts	Full correctness unit gate	2026-09-13T21:06:33.0730431Z      [33m[2m✓[22m[39m serializes concurrent identical GPX batches into one canonical import with two aliases [DON-274] [33m 1562[2mms[22m[39m
Build and inspect Linux Electron artifacts	Full correctness unit gate	2026-09-13T21:06:33.0733018Z      [33m[2m✓[22m[39m keeps current-position writes and main heartbeat below 200 ms throughout a 50k-point GPX import [DON-274] [33m 16699[2mms[22m[39m
Build and inspect Linux Electron artifacts	Full correctness unit gate	2026-09-13T21:06:33.0735276Z      [33m[2m✓[22m[39m keeps current writes below 200 ms while retaining an exact-limit 8 MiB GPX source [DON-274] [33m 663[2mms[22m[39m
Build and inspect Linux Electron artifacts	Full correctness unit gate	2026-09-13T21:06:34.5595592Z [90mstderr[2m | tests/unit/start-tracking-runtime.test.ts[2m > [22m[2mstartTrackingRuntime[2m > [22m[2mrecords admission failure without evidence loss and rejects a stopped generation
Build and inspect Linux Electron artifacts	Full correctness unit gate	2026-09-13T21:06:34.5597089Z [22m[39mHistory request target could not be saved; retrieval will retry without a completeness claim. Error: disk unavailable
Build and inspect Linux Electron artifacts	Full correctness unit gate	2026-09-13T21:06:34.5598078Z     at [90m/home/runner/work/sartracker-web/sartracker-web/[39mtests/unit/start-tracking-runtime.test.ts:193:51
Build and inspect Linux Electron artifacts	Full correctness unit gate	2026-09-13T21:06:34.5599113Z     at [90mfile:///home/runner/work/sartracker-web/sartracker-web/[39mnode_modules/[4m@vitest/runner[24m/dist/chunk-artifact.js:302:11
Build and inspect Linux Electron artifacts	Full correctness unit gate	2026-09-13T21:06:34.5600195Z     at [90mfile:///home/runner/work/sartracker-web/sartracker-web/[39mnode_modules/[4m@vitest/runner[24m/dist/chunk-artifact.js:1903:26
Build and inspect Linux Electron artifacts	Full correctness unit gate	2026-09-13T21:06:34.5601852Z     at [90mfile:///home/runner/work/sartracker-web/sartracker-web/[39mnode_modules/[4m@vitest/runner[24m/dist/chunk-artifact.js:2326:20
Build and inspect Linux Electron artifacts	Full correctness unit gate	2026-09-13T21:06:34.5603247Z     at new Promise (<anonymous>)
Build and inspect Linux Electron artifacts	Full correctness unit gate	2026-09-13T21:06:34.5604918Z     at runWithCancel [90m(file:///home/runner/work/sartracker-web/sartracker-web/[39mnode_modules/[4m@vitest/runner[24m/dist/chunk-artifact.js:2323:10[90m)[39m
Build and inspect Linux Electron artifacts	Full correctness unit gate	2026-09-13T21:06:34.5607222Z     at [90mfile:///home/runner/work/sartracker-web/sartracker-web/[39mnode_modules/[4m@vitest/runner[24m/dist/chunk-artifact.js:2305:20
Build and inspect Linux Electron artifacts	Full correctness unit gate	2026-09-13T21:06:34.5608395Z     at new Promise (<anonymous>)
Build and inspect Linux Electron artifacts	Full correctness unit gate	2026-09-13T21:06:34.5610055Z     at runWithTimeout [90m(file:///home/runner/work/sartracker-web/sartracker-web/[39mnode_modules/[4m@vitest/runner[24m/dist/chunk-artifact.js:2272:10[90m)[39m
Build and inspect Linux Electron artifacts	Full correctness unit gate	2026-09-13T21:06:34.5612344Z     at [90mfile:///home/runner/work/sartracker-web/sartracker-web/[39mnode_modules/[4m@vitest/runner[24m/dist/chunk-artifact.js:2955:64
Build and inspect Linux Electron artifacts	Full correctness unit gate	2026-09-13T21:06:34.5613599Z 
Build and inspect Linux Electron artifacts	Full correctness unit gate	2026-09-13T21:06:34.7118554Z [90mstderr[2m | tests/unit/start-tracking-runtime.test.ts[2m > [22m[2mstartTrackingRuntime[2m > [22m[2mpreserves raw tracking cache data and warns when participant scope hydration fails
Build and inspect Linux Electron artifacts	Full correctness unit gate	2026-09-13T21:06:34.7121347Z [22m[39mMission persistence failed. Error: Participant selection is unavailable.
Build and inspect Linux Electron artifacts	Full correctness unit gate	2026-09-13T21:06:34.7123929Z     at Object.onSnapshot [90m(/home/runner/work/sartracker-web/sartracker-web/[39msrc/features/tracking/start-tracking-runtime.ts:968:23[90m)[39m
Build and inspect Linux Electron artifacts	Full correctness unit gate	2026-09-13T21:06:34.7126694Z     at Object.onSnapshot [90m(/home/runner/work/sartracker-web/sartracker-web/[39msrc/features/tracking/start-tracking-runtime.ts:1046:48[90m)[39m
Build and inspect Linux Electron artifacts	Full correctness unit gate	2026-09-13T21:06:34.7129013Z     at [90m/home/runner/work/sartracker-web/sartracker-web/[39mtests/unit/start-tracking-runtime.test.ts:719:24
Build and inspect Linux Electron artifacts	Full correctness unit gate	2026-09-13T21:06:34.7131426Z     at [90mfile:///home/runner/work/sartracker-web/sartracker-web/[39mnode_modules/[4m@vitest/runner[24m/dist/chunk-artifact.js:1903:20
Build and inspect Linux Electron artifacts	Full correctness unit gate	2026-09-13T21:06:34.7133912Z 
Build and inspect Linux Electron artifacts	Full correctness unit gate	2026-09-13T21:06:34.8215682Z [90mstderr[2m | tests/unit/start-tracking-runtime.test.ts[2m > [22m[2mstartTrackingRuntime[2m > [22m[2mmarks deferred accepted evidence before runtime stop releases its mission token
Build and inspect Linux Electron artifacts	Full correctness unit gate	2026-09-13T21:06:34.8218452Z [22m[39mMission evidence could not be retained. Error: Accepted tracking evidence could not be participation-scoped before release.
Build and inspect Linux Electron artifacts	Full correctness unit gate	2026-09-13T21:06:34.8220777Z     at Object.markEvidenceLoss [90m(/home/runner/work/sartracker-web/sartracker-web/[39msrc/features/tracking/start-tracking-runtime.ts:485:9[90m)[39m
Build and inspect Linux Electron artifacts	Full correctness unit gate	2026-09-13T21:06:34.8223247Z     at [90m/home/runner/work/sartracker-web/sartracker-web/[39msrc/features/tracking/deferred-mission-evidence.ts:158:65
Build and inspect Linux Electron artifacts	Full correctness unit gate	2026-09-13T21:06:34.8225492Z     at settleLossMarker [90m(/home/runner/work/sartracker-web/sartracker-web/[39msrc/features/tracking/deferred-mission-evidence.ts:287:44[90m)[39m
Build and inspect Linux Electron artifacts	Full correctness unit gate	2026-09-13T21:06:34.8227872Z     at flushMission [90m(/home/runner/work/sartracker-web/sartracker-web/[39msrc/features/tracking/deferred-mission-evidence.ts:309:5[90m)[39m
Build and inspect Linux Electron artifacts	Full correctness unit gate	2026-09-13T21:06:34.8229789Z     at async Promise.allSettled (index 0)
Build and inspect Linux Electron artifacts	Full correctness unit gate	2026-09-13T21:06:34.8231518Z     at Object.settleForStop [90m(/home/runner/work/sartracker-web/sartracker-web/[39msrc/features/tracking/deferred-mission-evidence.ts:377:25[90m)[39m
Build and inspect Linux Electron artifacts	Full correctness unit gate	2026-09-13T21:06:34.8234086Z     at [90m/home/runner/work/sartracker-web/sartracker-web/[39msrc/features/tracking/start-tracking-runtime.ts:1180:7
Build and inspect Linux Electron artifacts	Full correctness unit gate	2026-09-13T21:06:34.8236066Z     at attempt [90m(/home/runner/work/sartracker-web/sartracker-web/[39msrc/features/runtime/runtime-cleanup.ts:22:35[90m)[39m
Build and inspect Linux Electron artifacts	Full correctness unit gate	2026-09-13T21:06:34.8237996Z     at [90m/home/runner/work/sartracker-web/sartracker-web/[39mtests/unit/start-tracking-runtime.test.ts:941:5
Build and inspect Linux Electron artifacts	Full correctness unit gate	2026-09-13T21:06:34.8241146Z     at [90mfile:///home/runner/work/sartracker-web/sartracker-web/[39mnode_modules/[4m@vitest/runner[24m/dist/chunk-artifact.js:1903:20
Build and inspect Linux Electron artifacts	Full correctness unit gate	2026-09-13T21:06:34.8242172Z 
Build and inspect Linux Electron artifacts	Full correctness unit gate	2026-09-13T21:06:34.8244407Z [90mstderr[2m | tests/unit/start-tracking-runtime.test.ts[2m > [22m[2mstartTrackingRuntime[2m > [22m[2mdrains transferred current evidence before runtime stop releases its guardian [DON-252]
Build and inspect Linux Electron artifacts	Full correctness unit gate	2026-09-13T21:06:34.8247062Z [22m[39mMission evidence could not be retained. Error: Accepted tracking evidence could not be participation-scoped before release.
Build and inspect Linux Electron artifacts	Full correctness unit gate	2026-09-13T21:06:34.8249323Z     at Object.markEvidenceLoss [90m(/home/runner/work/sartracker-web/sartracker-web/[39msrc/features/tracking/start-tracking-runtime.ts:485:9[90m)[39m
Build and inspect Linux Electron artifacts	Full correctness unit gate	2026-09-13T21:06:34.8251525Z     at [90m/home/runner/work/sartracker-web/sartracker-web/[39msrc/features/tracking/deferred-mission-evidence.ts:158:65
Build and inspect Linux Electron artifacts	Full correctness unit gate	2026-09-13T21:06:34.8254070Z     at settleLossMarker [90m(/home/runner/work/sartracker-web/sartracker-web/[39msrc/features/tracking/deferred-mission-evidence.ts:287:44[90m)[39m
Build and inspect Linux Electron artifacts	Full correctness unit gate	2026-09-13T21:06:34.8256405Z     at flushMission [90m(/home/runner/work/sartracker-web/sartracker-web/[39msrc/features/tracking/deferred-mission-evidence.ts:309:5[90m)[39m
Build and inspect Linux Electron artifacts	Full correctness unit gate	2026-09-13T21:06:34.8257678Z     at async Promise.allSettled (index 0)
Build and inspect Linux Electron artifacts	Full correctness unit gate	2026-09-13T21:06:34.8259290Z     at Object.settleForStop [90m(/home/runner/work/sartracker-web/sartracker-web/[39msrc/features/tracking/deferred-mission-evidence.ts:377:25[90m)[39m
Build and inspect Linux Electron artifacts	Full correctness unit gate	2026-09-13T21:06:34.8261464Z     at [90m/home/runner/work/sartracker-web/sartracker-web/[39msrc/features/tracking/start-tracking-runtime.ts:1180:7
Build and inspect Linux Electron artifacts	Full correctness unit gate	2026-09-13T21:06:34.8274522Z     at attempt [90m(/home/runner/work/sartracker-web/sartracker-web/[39msrc/features/runtime/runtime-cleanup.ts:22:35[90m)[39m
Build and inspect Linux Electron artifacts	Full correctness unit gate	2026-09-13T21:06:34.8276625Z     at [90m/home/runner/work/sartracker-web/sartracker-web/[39mtests/unit/start-tracking-runtime.test.ts:991:5
Build and inspect Linux Electron artifacts	Full correctness unit gate	2026-09-13T21:06:34.8278545Z     at [90mfile:///home/runner/work/sartracker-web/sartracker-web/[39mnode_modules/[4m@vitest/runner[24m/dist/chunk-artifact.js:1903:20
Build and inspect Linux Electron artifacts	Full correctness unit gate	2026-09-13T21:06:34.8279493Z 
Build and inspect Linux Electron artifacts	Full correctness unit gate	2026-09-13T21:06:34.8281371Z [90mstderr[2m | tests/unit/start-tracking-runtime.test.ts[2m > [22m[2mstartTrackingRuntime[2m > [22m[2mdurably marks an accepted snapshot when Finish closes scope during deferred ownership transfer
Build and inspect Linux Electron artifacts	Full correctness unit gate	2026-09-13T21:06:34.8284604Z [22m[39mMission persistence failed. Error: Mission evidence scope closed before deferred evidence was retained.
Build and inspect Linux Electron artifacts	Full correctness unit gate	2026-09-13T21:06:34.8286612Z     at Object.onSnapshot [90m(/home/runner/work/sartracker-web/sartracker-web/[39msrc/features/tracking/start-tracking-runtime.ts:973:23[90m)[39m
Build and inspect Linux Electron artifacts	Full correctness unit gate	2026-09-13T21:06:34.8288863Z     at Object.onSnapshot [90m(/home/runner/work/sartracker-web/sartracker-web/[39msrc/features/tracking/start-tracking-runtime.ts:1046:48[90m)[39m
Build and inspect Linux Electron artifacts	Full correctness unit gate	2026-09-13T21:06:34.8290807Z     at [90m/home/runner/work/sartracker-web/sartracker-web/[39mtests/unit/start-tracking-runtime.test.ts:1035:24
Build and inspect Linux Electron artifacts	Full correctness unit gate	2026-09-13T21:06:34.8292899Z     at [90mfile:///home/runner/work/sartracker-web/sartracker-web/[39mnode_modules/[4m@vitest/runner[24m/dist/chunk-artifact.js:1903:20
Build and inspect Linux Electron artifacts	Full correctness unit gate	2026-09-13T21:06:34.8293852Z 
Build and inspect Linux Electron artifacts	Full correctness unit gate	2026-09-13T21:06:34.8299914Z [90mstderr[2m | tests/unit/start-tracking-runtime.test.ts[2m > [22m[2mstartTrackingRuntime[2m > [22m[2mdoes not clear a persistence failure while participant scope blocks a later write
Build and inspect Linux Electron artifacts	Full correctness unit gate	2026-09-13T21:06:34.8302200Z [22m[39mMission persistence failed. Error: disk unavailable
Build and inspect Linux Electron artifacts	Full correctness unit gate	2026-09-13T21:06:34.8303814Z     at [90m/home/runner/work/sartracker-web/sartracker-web/[39mtests/unit/start-tracking-runtime.test.ts:1200:53
Build and inspect Linux Electron artifacts	Full correctness unit gate	2026-09-13T21:06:34.8305461Z     at [90mfile:///home/runner/work/sartracker-web/sartracker-web/[39mnode_modules/[4m@vitest/runner[24m/dist/chunk-artifact.js:302:11
Build and inspect Linux Electron artifacts	Full correctness unit gate	2026-09-13T21:06:34.8306555Z     at [90mfile:///home/runner/work/sartracker-web/sartracker-web/[39mnode_modules/[4m@vitest/runner[24m/dist/chunk-artifact.js:1903:26
Build and inspect Linux Electron artifacts	Full correctness unit gate	2026-09-13T21:06:34.8307639Z     at [90mfile:///home/runner/work/sartracker-web/sartracker-web/[39mnode_modules/[4m@vitest/runner[24m/dist/chunk-artifact.js:2326:20
Build and inspect Linux Electron artifacts	Full correctness unit gate	2026-09-13T21:06:34.8308285Z     at new Promise (<anonymous>)
Build and inspect Linux Electron artifacts	Full correctness unit gate	2026-09-13T21:06:34.8309161Z     at runWithCancel [90m(file:///home/runner/work/sartracker-web/sartracker-web/[39mnode_modules/[4m@vitest/runner[24m/dist/chunk-artifact.js:2323:10[90m)[39m
Build and inspect Linux Electron artifacts	Full correctness unit gate	2026-09-13T21:06:34.8310467Z     at [90mfile:///home/runner/work/sartracker-web/sartracker-web/[39mnode_modules/[4m@vitest/runner[24m/dist/chunk-artifact.js:2305:20
Build and inspect Linux Electron artifacts	Full correctness unit gate	2026-09-13T21:06:34.8311490Z     at new Promise (<anonymous>)
Build and inspect Linux Electron artifacts	Full correctness unit gate	2026-09-13T21:06:34.8313265Z     at runWithTimeout [90m(file:///home/runner/work/sartracker-web/sartracker-web/[39mnode_modules/[4m@vitest/runner[24m/dist/chunk-artifact.js:2272:10[90m)[39m
Build and inspect Linux Electron artifacts	Full correctness unit gate	2026-09-13T21:06:34.8315372Z     at [90mfile:///home/runner/work/sartracker-web/sartracker-web/[39mnode_modules/[4m@vitest/runner[24m/dist/chunk-artifact.js:2955:64
Build and inspect Linux Electron artifacts	Full correctness unit gate	2026-09-13T21:06:34.8316282Z 
Build and inspect Linux Electron artifacts	Full correctness unit gate	2026-09-13T21:06:34.8317978Z [90mstderr[2m | tests/unit/start-tracking-runtime.test.ts[2m > [22m[2mstartTrackingRuntime[2m > [22m[2mdoes not clear a persistence failure while participant scope blocks a later write
Build and inspect Linux Electron artifacts	Full correctness unit gate	2026-09-13T21:06:34.8319866Z [22m[39mMission persistence failed. Error: Participant selection is unavailable.
Build and inspect Linux Electron artifacts	Full correctness unit gate	2026-09-13T21:06:34.8320881Z     at Object.onSnapshot [90m(/home/runner/work/sartracker-web/sartracker-web/[39msrc/features/tracking/start-tracking-runtime.ts:968:23[90m)[39m
Build and inspect Linux Electron artifacts	Full correctness unit gate	2026-09-13T21:06:34.8322064Z     at Object.onSnapshot [90m(/home/runner/work/sartracker-web/sartracker-web/[39msrc/features/tracking/start-tracking-runtime.ts:1046:48[90m)[39m
Build and inspect Linux Electron artifacts	Full correctness unit gate	2026-09-13T21:06:34.8323637Z     at [90m/home/runner/work/sartracker-web/sartracker-web/[39mtests/unit/start-tracking-runtime.test.ts:1225:24
Build and inspect Linux Electron artifacts	Full correctness unit gate	2026-09-13T21:06:34.8324650Z     at [90mfile:///home/runner/work/sartracker-web/sartracker-web/[39mnode_modules/[4m@vitest/runner[24m/dist/chunk-artifact.js:1903:20
Build and inspect Linux Electron artifacts	Full correctness unit gate	2026-09-13T21:06:34.8325157Z 
Build and inspect Linux Electron artifacts	Full correctness unit gate	2026-09-13T21:06:34.8385214Z [90mstderr[2m | tests/unit/start-tracking-runtime.test.ts[2m > [22m[2mstartTrackingRuntime[2m > [22m[2mkeeps current-fix rendering live while bounded mission persistence drains FIFO [DON-252]
Build and inspect Linux Electron artifacts	Full correctness unit gate	2026-09-13T21:06:34.8387891Z [22m[39mMission evidence could not be retained. Error: Accepted tracking evidence could not be participation-scoped before release.
Build and inspect Linux Electron artifacts	Full correctness unit gate	2026-09-13T21:06:34.8389294Z     at Object.markEvidenceLoss [90m(/home/runner/work/sartracker-web/sartracker-web/[39msrc/features/tracking/start-tracking-runtime.ts:485:9[90m)[39m
Build and inspect Linux Electron artifacts	Full correctness unit gate	2026-09-13T21:06:34.8390430Z     at [90m/home/runner/work/sartracker-web/sartracker-web/[39msrc/features/tracking/deferred-mission-evidence.ts:158:65
Build and inspect Linux Electron artifacts	Full correctness unit gate	2026-09-13T21:06:34.8390901Z 
Build and inspect Linux Electron artifacts	Full correctness unit gate	2026-09-13T21:06:35.4801270Z [90mstderr[2m | tests/unit/start-tracking-runtime.test.ts[2m > [22m[2mstartTrackingRuntime[2m > [22m[2mdoes not let a queued snapshot cross into a different active mission [DON-260]
Build and inspect Linux Electron artifacts	Full correctness unit gate	2026-09-13T21:06:35.4803801Z [22m[39mMission persistence failed. Error: Tracking mission changed before accepted evidence could be persisted.
Build and inspect Linux Electron artifacts	Full correctness unit gate	2026-09-13T21:06:35.4806459Z     at persistTrackingSnapshot [90m(/home/runner/work/sartracker-web/sartracker-web/[39msrc/features/tracking/start-tracking-runtime.ts:2153:13[90m)[39m
Build and inspect Linux Electron artifacts	Full correctness unit gate	2026-09-13T21:06:35.4808561Z     at [90m/home/runner/work/sartracker-web/sartracker-web/[39msrc/features/tracking/start-tracking-runtime.ts:1428:35
Build and inspect Linux Electron artifacts	Full correctness unit gate	2026-09-13T21:06:35.4809808Z     at [90m/home/runner/work/sartracker-web/sartracker-web/[39msrc/features/tracking/start-tracking-runtime.ts:1909:5
Build and inspect Linux Electron artifacts	Full correctness unit gate	2026-09-13T21:06:35.4810391Z 
Build and inspect Linux Electron artifacts	Full correctness unit gate	2026-09-13T21:06:36.0113895Z [90mstderr[2m | tests/unit/start-tracking-runtime.test.ts[2m > [22m[2mstartTrackingRuntime[2m > [22m[2mdoes not release a failed initial-history wave before its durable loss marker settles
Build and inspect Linux Electron artifacts	Full correctness unit gate	2026-09-13T21:06:36.0115721Z [22m[39mTracking history wave persistence failed. Error: history wave write failed
Build and inspect Linux Electron artifacts	Full correctness unit gate	2026-09-13T21:06:36.0116745Z     at [90m/home/runner/work/sartracker-web/sartracker-web/[39mtests/unit/start-tracking-runtime.test.ts:3656:32
Build and inspect Linux Electron artifacts	Full correctness unit gate	2026-09-13T21:06:36.0117812Z     at [90mfile:///home/runner/work/sartracker-web/sartracker-web/[39mnode_modules/[4m@vitest/runner[24m/dist/chunk-artifact.js:302:11
Build and inspect Linux Electron artifacts	Full correctness unit gate	2026-09-13T21:06:36.0118905Z     at [90mfile:///home/runner/work/sartracker-web/sartracker-web/[39mnode_modules/[4m@vitest/runner[24m/dist/chunk-artifact.js:1903:26
Build and inspect Linux Electron artifacts	Full correctness unit gate	2026-09-13T21:06:36.0119987Z     at [90mfile:///home/runner/work/sartracker-web/sartracker-web/[39mnode_modules/[4m@vitest/runner[24m/dist/chunk-artifact.js:2326:20
Build and inspect Linux Electron artifacts	Full correctness unit gate	2026-09-13T21:06:36.0120599Z     at new Promise (<anonymous>)
Build and inspect Linux Electron artifacts	Full correctness unit gate	2026-09-13T21:06:36.0121484Z     at runWithCancel [90m(file:///home/runner/work/sartracker-web/sartracker-web/[39mnode_modules/[4m@vitest/runner[24m/dist/chunk-artifact.js:2323:10[90m)[39m
Build and inspect Linux Electron artifacts	Full correctness unit gate	2026-09-13T21:06:36.0122829Z     at [90mfile:///home/runner/work/sartracker-web/sartracker-web/[39mnode_modules/[4m@vitest/runner[24m/dist/chunk-artifact.js:2305:20
Build and inspect Linux Electron artifacts	Full correctness unit gate	2026-09-13T21:06:36.0123465Z     at new Promise (<anonymous>)
Build and inspect Linux Electron artifacts	Full correctness unit gate	2026-09-13T21:06:36.0124311Z     at runWithTimeout [90m(file:///home/runner/work/sartracker-web/sartracker-web/[39mnode_modules/[4m@vitest/runner[24m/dist/chunk-artifact.js:2272:10[90m)[39m
Build and inspect Linux Electron artifacts	Full correctness unit gate	2026-09-13T21:06:36.0125452Z     at [90mfile:///home/runner/work/sartracker-web/sartracker-web/[39mnode_modules/[4m@vitest/runner[24m/dist/chunk-artifact.js:2955:64
Build and inspect Linux Electron artifacts	Full correctness unit gate	2026-09-13T21:06:36.0125960Z 
Build and inspect Linux Electron artifacts	Full correctness unit gate	2026-09-13T21:06:36.0636667Z [90mstderr[2m | tests/unit/start-tracking-runtime.test.ts[2m > [22m[2mstartTrackingRuntime[2m > [22m[2mdoes not release a failed initial history chunk before its durable loss marker settles
Build and inspect Linux Electron artifacts	Full correctness unit gate	2026-09-13T21:06:36.0638706Z [22m[39mTracking history chunk persistence failed. Error: initial history write failed
Build and inspect Linux Electron artifacts	Full correctness unit gate	2026-09-13T21:06:36.0639998Z     at [90m/home/runner/work/sartracker-web/sartracker-web/[39mtests/unit/start-tracking-runtime.test.ts:3716:34
Build and inspect Linux Electron artifacts	Full correctness unit gate	2026-09-13T21:06:36.0641136Z     at [90mfile:///home/runner/work/sartracker-web/sartracker-web/[39mnode_modules/[4m@vitest/runner[24m/dist/chunk-artifact.js:2027:60
Build and inspect Linux Electron artifacts	Full correctness unit gate	2026-09-13T21:06:36.0642306Z     at [90mfile:///home/runner/work/sartracker-web/sartracker-web/[39mnode_modules/[4m@vitest/runner[24m/dist/chunk-artifact.js:302:11
Build and inspect Linux Electron artifacts	Full correctness unit gate	2026-09-13T21:06:36.0644632Z     at [90mfile:///home/runner/work/sartracker-web/sartracker-web/[39mnode_modules/[4m@vitest/runner[24m/dist/chunk-artifact.js:1903:26
Build and inspect Linux Electron artifacts	Full correctness unit gate	2026-09-13T21:06:36.0645837Z     at [90mfile:///home/runner/work/sartracker-web/sartracker-web/[39mnode_modules/[4m@vitest/runner[24m/dist/chunk-artifact.js:2326:20
Build and inspect Linux Electron artifacts	Full correctness unit gate	2026-09-13T21:06:36.0646521Z     at new Promise (<anonymous>)
Build and inspect Linux Electron artifacts	Full correctness unit gate	2026-09-13T21:06:36.0647472Z     at runWithCancel [90m(file:///home/runner/work/sartracker-web/sartracker-web/[39mnode_modules/[4m@vitest/runner[24m/dist/chunk-artifact.js:2323:10[90m)[39m
Build and inspect Linux Electron artifacts	Full correctness unit gate	2026-09-13T21:06:36.0648736Z     at [90mfile:///home/runner/work/sartracker-web/sartracker-web/[39mnode_modules/[4m@vitest/runner[24m/dist/chunk-artifact.js:2305:20
Build and inspect Linux Electron artifacts	Full correctness unit gate	2026-09-13T21:06:36.0649414Z     at new Promise (<anonymous>)
Build and inspect Linux Electron artifacts	Full correctness unit gate	2026-09-13T21:06:36.0650323Z     at runWithTimeout [90m(file:///home/runner/work/sartracker-web/sartracker-web/[39mnode_modules/[4m@vitest/runner[24m/dist/chunk-artifact.js:2272:10[90m)[39m
Build and inspect Linux Electron artifacts	Full correctness unit gate	2026-09-13T21:06:36.0650975Z 
Build and inspect Linux Electron artifacts	Full correctness unit gate	2026-09-13T21:06:36.1145736Z [90mstderr[2m | tests/unit/start-tracking-runtime.test.ts[2m > [22m[2mstartTrackingRuntime[2m > [22m[2mdoes not release a failed anti_entropy history chunk before its durable loss marker settles
Build and inspect Linux Electron artifacts	Full correctness unit gate	2026-09-13T21:06:36.1147349Z [22m[39mTracking history chunk persistence failed. Error: anti_entropy history write failed
Build and inspect Linux Electron artifacts	Full correctness unit gate	2026-09-13T21:06:36.1148670Z     at [90m/home/runner/work/sartracker-web/sartracker-web/[39mtests/unit/start-tracking-runtime.test.ts:3716:34
Build and inspect Linux Electron artifacts	Full correctness unit gate	2026-09-13T21:06:36.1150149Z     at [90mfile:///home/runner/work/sartracker-web/sartracker-web/[39mnode_modules/[4m@vitest/runner[24m/dist/chunk-artifact.js:2027:60
Build and inspect Linux Electron artifacts	Full correctness unit gate	2026-09-13T21:06:36.1151449Z     at [90mfile:///home/runner/work/sartracker-web/sartracker-web/[39mnode_modules/[4m@vitest/runner[24m/dist/chunk-artifact.js:302:11
Build and inspect Linux Electron artifacts	Full correctness unit gate	2026-09-13T21:06:36.1153059Z     at [90mfile:///home/runner/work/sartracker-web/sartracker-web/[39mnode_modules/[4m@vitest/runner[24m/dist/chunk-artifact.js:1903:26
Build and inspect Linux Electron artifacts	Full correctness unit gate	2026-09-13T21:06:36.1154369Z     at [90mfile:///home/runner/work/sartracker-web/sartracker-web/[39mnode_modules/[4m@vitest/runner[24m/dist/chunk-artifact.js:2326:20
Build and inspect Linux Electron artifacts	Full correctness unit gate	2026-09-13T21:06:36.1155090Z     at new Promise (<anonymous>)
Build and inspect Linux Electron artifacts	Full correctness unit gate	2026-09-13T21:06:36.1156240Z     at runWithCancel [90m(file:///home/runner/work/sartracker-web/sartracker-web/[39mnode_modules/[4m@vitest/runner[24m/dist/chunk-artifact.js:2323:10[90m)[39m
Build and inspect Linux Electron artifacts	Full correctness unit gate	2026-09-13T21:06:36.1157826Z     at [90mfile:///home/runner/work/sartracker-web/sartracker-web/[39mnode_modules/[4m@vitest/runner[24m/dist/chunk-artifact.js:2305:20
Build and inspect Linux Electron artifacts	Full correctness unit gate	2026-09-13T21:06:36.1158527Z     at new Promise (<anonymous>)
Build and inspect Linux Electron artifacts	Full correctness unit gate	2026-09-13T21:06:36.1159434Z     at runWithTimeout [90m(file:///home/runner/work/sartracker-web/sartracker-web/[39mnode_modules/[4m@vitest/runner[24m/dist/chunk-artifact.js:2272:10[90m)[39m
Build and inspect Linux Electron artifacts	Full correctness unit gate	2026-09-13T21:06:36.1160060Z 
Build and inspect Linux Electron artifacts	Full correctness unit gate	2026-09-13T21:06:36.2179596Z [90mstderr[2m | tests/unit/start-tracking-runtime.test.ts[2m > [22m[2mstartTrackingRuntime[2m > [22m[2mrejects a stale initial-history write after mission replacement
Build and inspect Linux Electron artifacts	Full correctness unit gate	2026-09-13T21:06:36.2181451Z [22m[39mTracking history chunk persistence failed. Error: Tracking history mission changed before the chunk could be persisted.
Build and inspect Linux Electron artifacts	Full correctness unit gate	2026-09-13T21:06:36.2183377Z     at [90m/home/runner/work/sartracker-web/sartracker-web/[39msrc/features/tracking/start-tracking-runtime.ts:798:19
Build and inspect Linux Electron artifacts	Full correctness unit gate	2026-09-13T21:06:36.2185110Z     at [90m/home/runner/work/sartracker-web/sartracker-web/[39msrc/features/tracking/start-tracking-runtime.ts:1909:5
Build and inspect Linux Electron artifacts	Full correctness unit gate	2026-09-13T21:06:36.2185929Z 
Build and inspect Linux Electron artifacts	Full correctness unit gate	2026-09-13T21:06:36.3649970Z  [32m✓[39m tests/unit/start-tracking-runtime.test.ts [2m([22m[2m94 tests[22m[2m)[22m[33m 2004[2mms[22m[39m
Build and inspect Linux Electron artifacts	Full correctness unit gate	2026-09-13T21:06:51.2283425Z  [32m✓[39m tests/unit/electron-mission-store.test.ts [2m([22m[2m107 tests[22m[2m)[22m[33m 13752[2mms[22m[39m
Build and inspect Linux Electron artifacts	Full correctness unit gate	2026-09-13T21:06:51.2285853Z      [33m[2m✓[22m[39m selects the same whole-route breadcrumb identities after restart [DON-260] [33m 1775[2mms[22m[39m
Build and inspect Linux Electron artifacts	Full correctness unit gate	2026-09-13T21:06:51.2288166Z      [33m[2m✓[22m[39m acknowledges a large tracking batch without returning or materializing changed rows [33m 2163[2mms[22m[39m
Build and inspect Linux Electron artifacts	Full correctness unit gate	2026-09-13T21:06:51.2290070Z      [33m[2m✓[22m[39m does not publish or reuse a finalized archive repair from a stale finalization epoch [DON-278] [33m 343[2mms[22m[39m
Build and inspect Linux Electron artifacts	Full correctness unit gate	2026-09-13T21:06:56.1330981Z  [32m✓[39m tests/unit/electron-archive-lifecycle-smoke-script.test.ts [2m([22m[2m122 tests[22m[2m)[22m[33m 3273[2mms[22m[39m
Build and inspect Linux Electron artifacts	Full correctness unit gate	2026-09-13T21:06:56.1332510Z      [33m[2m✓[22m[39m rejects malformed staged failure unions and publishes only the fixed fallback [33m 422[2mms[22m[39m
Build and inspect Linux Electron artifacts	Full correctness unit gate	2026-09-13T21:06:57.2321950Z [90mstderr[2m | tests/unit/polling-manager.test.ts[2m > [22m[2mpolling manager[2m > [22m[2mrecords the history target before transport and keeps current fixes running when admission fails
Build and inspect Linux Electron artifacts	Full correctness unit gate	2026-09-13T21:06:57.2324016Z [22m[39mTracking breadcrumb reconciliation failed for device. {
Build and inspect Linux Electron artifacts	Full correctness unit gate	2026-09-13T21:06:57.2324552Z   deviceId: [32m'1'[39m,
Build and inspect Linux Electron artifacts	Full correctness unit gate	2026-09-13T21:06:57.2325461Z   deviceName: [32m'Donal Phone'[39m,
Build and inspect Linux Electron artifacts	Full correctness unit gate	2026-09-13T21:06:57.2325900Z   retryDelayMs: [33m1000[39m,
Build and inspect Linux Electron artifacts	Full correctness unit gate	2026-09-13T21:06:57.2326333Z   error: [32m'Checkpoint write failed'[39m
Build and inspect Linux Electron artifacts	Full correctness unit gate	2026-09-13T21:06:57.2326678Z }
Build and inspect Linux Electron artifacts	Full correctness unit gate	2026-09-13T21:06:57.2327069Z Tracking breadcrumb reconciliation failed for device. {
Build and inspect Linux Electron artifacts	Full correctness unit gate	2026-09-13T21:06:57.2327522Z   deviceId: [32m'2'[39m,
Build and inspect Linux Electron artifacts	Full correctness unit gate	2026-09-13T21:06:57.2327890Z   deviceName: [32m'Team Lead'[39m,
Build and inspect Linux Electron artifacts	Full correctness unit gate	2026-09-13T21:06:57.2328294Z   retryDelayMs: [33m1000[39m,
Build and inspect Linux Electron artifacts	Full correctness unit gate	2026-09-13T21:06:57.2328706Z   error: [32m'Checkpoint write failed'[39m
Build and inspect Linux Electron artifacts	Full correctness unit gate	2026-09-13T21:06:57.2329257Z }
Build and inspect Linux Electron artifacts	Full correctness unit gate	2026-09-13T21:06:57.2329661Z Tracking breadcrumb fetch failed for device. {
Build and inspect Linux Electron artifacts	Full correctness unit gate	2026-09-13T21:06:57.2330128Z   deviceId: [32m'1'[39m,
Build and inspect Linux Electron artifacts	Full correctness unit gate	2026-09-13T21:06:57.2330507Z   deviceName: [32m'Donal Phone'[39m,
Build and inspect Linux Electron artifacts	Full correctness unit gate	2026-09-13T21:06:57.2330945Z   error: [32m'Checkpoint write failed'[39m
Build and inspect Linux Electron artifacts	Full correctness unit gate	2026-09-13T21:06:57.2331286Z }
Build and inspect Linux Electron artifacts	Full correctness unit gate	2026-09-13T21:06:57.2331610Z Tracking breadcrumb fetch failed for device. {
Build and inspect Linux Electron artifacts	Full correctness unit gate	2026-09-13T21:06:57.2332017Z   deviceId: [32m'2'[39m,
Build and inspect Linux Electron artifacts	Full correctness unit gate	2026-09-13T21:06:57.2332388Z   deviceName: [32m'Team Lead'[39m,
Build and inspect Linux Electron artifacts	Full correctness unit gate	2026-09-13T21:06:57.2333218Z   error: [32m'Checkpoint write failed'[39m
Build and inspect Linux Electron artifacts	Full correctness unit gate	2026-09-13T21:06:57.2333581Z }
Build and inspect Linux Electron artifacts	Full correctness unit gate	2026-09-13T21:06:57.2333704Z 
Build and inspect Linux Electron artifacts	Full correctness unit gate	2026-09-13T21:06:57.2541854Z [90mstderr[2m | tests/unit/polling-manager.test.ts[2m > [22m[2mpolling manager[2m > [22m[2mkeeps live positions visible while a closed mission observation scope excludes evidence
Build and inspect Linux Electron artifacts	Full correctness unit gate	2026-09-13T21:06:57.2543381Z [22m[39mTracking breadcrumb fetch failed for device. {
Build and inspect Linux Electron artifacts	Full correctness unit gate	2026-09-13T21:06:57.2543830Z   deviceId: [32m'1'[39m,
Build and inspect Linux Electron artifacts	Full correctness unit gate	2026-09-13T21:06:57.2544223Z   deviceName: [32m'Donal Phone'[39m,
Build and inspect Linux Electron artifacts	Full correctness unit gate	2026-09-13T21:06:57.2544889Z   error: [32m'Mission history evidence scope closed before transport admission.'[39m
Build and inspect Linux Electron artifacts	Full correctness unit gate	2026-09-13T21:06:57.2545395Z }
Build and inspect Linux Electron artifacts	Full correctness unit gate	2026-09-13T21:06:57.2545721Z Tracking breadcrumb fetch failed for device. {
Build and inspect Linux Electron artifacts	Full correctness unit gate	2026-09-13T21:06:57.2546145Z   deviceId: [32m'2'[39m,
Build and inspect Linux Electron artifacts	Full correctness unit gate	2026-09-13T21:06:57.2546509Z   deviceName: [32m'Team Lead'[39m,
Build and inspect Linux Electron artifacts	Full correctness unit gate	2026-09-13T21:06:57.2547162Z   error: [32m'Mission history evidence scope closed before transport admission.'[39m
Build and inspect Linux Electron artifacts	Full correctness unit gate	2026-09-13T21:06:57.2547679Z }
Build and inspect Linux Electron artifacts	Full correctness unit gate	2026-09-13T21:06:57.2547799Z 
Build and inspect Linux Electron artifacts	Full correctness unit gate	2026-09-13T21:06:57.2661186Z [90mstderr[2m | tests/unit/polling-manager.test.ts[2m > [22m[2mpolling manager[2m > [22m[2mpublishes current positions with last-known roster metadata when roster refresh fails [DON-267]
Build and inspect Linux Electron artifacts	Full correctness unit gate	2026-09-13T21:06:57.2663273Z [22m[39mTracking device roster refresh failed; using last-known metadata. { failureKind: [32m'unknown'[39m }
Build and inspect Linux Electron artifacts	Full correctness unit gate	2026-09-13T21:06:57.2664117Z 
Build and inspect Linux Electron artifacts	Full correctness unit gate	2026-09-13T21:06:57.2714183Z [90mstderr[2m | tests/unit/polling-manager.test.ts[2m > [22m[2mpolling manager[2m > [22m[2mcancels unresolved admitted history transport on stop without fabricating evidence [DON-267]
Build and inspect Linux Electron artifacts	Full correctness unit gate	2026-09-13T21:06:57.2715476Z [22m[39mTracking breadcrumb fetch failed for device. {
Build and inspect Linux Electron artifacts	Full correctness unit gate	2026-09-13T21:06:57.2715961Z   deviceId: [32m'1'[39m,
Build and inspect Linux Electron artifacts	Full correctness unit gate	2026-09-13T21:06:57.2716351Z   deviceName: [32m'Donal Phone'[39m,
Build and inspect Linux Electron artifacts	Full correctness unit gate	2026-09-13T21:06:57.2717390Z   error: [32m'AbortError: History request stopped.'[39m
Build and inspect Linux Electron artifacts	Full correctness unit gate	2026-09-13T21:06:57.2717790Z }
Build and inspect Linux Electron artifacts	Full correctness unit gate	2026-09-13T21:06:57.2718124Z Tracking breadcrumb fetch failed for device. {
Build and inspect Linux Electron artifacts	Full correctness unit gate	2026-09-13T21:06:57.2718533Z   deviceId: [32m'2'[39m,
Build and inspect Linux Electron artifacts	Full correctness unit gate	2026-09-13T21:06:57.2718899Z   deviceName: [32m'Team Lead'[39m,
Build and inspect Linux Electron artifacts	Full correctness unit gate	2026-09-13T21:06:57.2719379Z   error: [32m'AbortError: History request stopped.'[39m
Build and inspect Linux Electron artifacts	Full correctness unit gate	2026-09-13T21:06:57.2719784Z }
Build and inspect Linux Electron artifacts	Full correctness unit gate	2026-09-13T21:06:57.2719926Z 
Build and inspect Linux Electron artifacts	Full correctness unit gate	2026-09-13T21:06:57.2789278Z [90mstderr[2m | tests/unit/polling-manager.test.ts[2m > [22m[2mpolling manager[2m > [22m[2msynthesizes bounded device rows when the first roster request fails [DON-267]
Build and inspect Linux Electron artifacts	Full correctness unit gate	2026-09-13T21:06:57.2791347Z [22m[39mTracking device roster refresh failed; using last-known metadata. { failureKind: [32m'unknown'[39m }
Build and inspect Linux Electron artifacts	Full correctness unit gate	2026-09-13T21:06:57.2791918Z 
Build and inspect Linux Electron artifacts	Full correctness unit gate	2026-09-13T21:06:57.2811812Z [90mstderr[2m | tests/unit/polling-manager.test.ts[2m > [22m[2mpolling manager[2m > [22m[2mpublishes valid current positions before safely reporting rejected rows [DON-268]
Build and inspect Linux Electron artifacts	Full correctness unit gate	2026-09-13T21:06:57.2813657Z [22m[39mCurrent-position rejection evidence delivery failed. { failureKind: [32m'unknown'[39m }
Build and inspect Linux Electron artifacts	Full correctness unit gate	2026-09-13T21:06:57.2814639Z 
Build and inspect Linux Electron artifacts	Full correctness unit gate	2026-09-13T21:06:57.7444581Z [90mstderr[2m | tests/unit/polling-manager.test.ts[2m > [22m[2mpolling manager[2m > [22m[2mdoes not canonicalize history that failed durable persistence
Build and inspect Linux Electron artifacts	Full correctness unit gate	2026-09-13T21:06:57.7446506Z [22m[39mTracking breadcrumb fetch failed for device. {
Build and inspect Linux Electron artifacts	Full correctness unit gate	2026-09-13T21:06:57.7447607Z   deviceId: [32m'1'[39m,
Build and inspect Linux Electron artifacts	Full correctness unit gate	2026-09-13T21:06:57.7448476Z   deviceName: [32m'Donal Phone'[39m,
Build and inspect Linux Electron artifacts	Full correctness unit gate	2026-09-13T21:06:57.7449399Z   error: [32m'atomic persistence failed'[39m
Build and inspect Linux Electron artifacts	Full correctness unit gate	2026-09-13T21:06:57.7450103Z }
Build and inspect Linux Electron artifacts	Full correctness unit gate	2026-09-13T21:06:57.7450532Z 
Build and inspect Linux Electron artifacts	Full correctness unit gate	2026-09-13T21:06:57.7452110Z [90mstderr[2m | tests/unit/polling-manager.test.ts[2m > [22m[2mpolling manager[2m > [22m[2mdoes not canonicalize history that failed durable persistence
Build and inspect Linux Electron artifacts	Full correctness unit gate	2026-09-13T21:06:57.7454247Z [22m[39mTracking breadcrumb reconciliation failed for device. {
Build and inspect Linux Electron artifacts	Full correctness unit gate	2026-09-13T21:06:57.7455219Z   deviceId: [32m'1'[39m,
Build and inspect Linux Electron artifacts	Full correctness unit gate	2026-09-13T21:06:57.7455807Z   deviceName: [32m'Donal Phone'[39m,
Build and inspect Linux Electron artifacts	Full correctness unit gate	2026-09-13T21:06:57.7456330Z   retryDelayMs: [33m1000[39m,
Build and inspect Linux Electron artifacts	Full correctness unit gate	2026-09-13T21:06:57.7456849Z   error: [32m'atomic persistence failed'[39m
Build and inspect Linux Electron artifacts	Full correctness unit gate	2026-09-13T21:06:57.7457305Z }
Build and inspect Linux Electron artifacts	Full correctness unit gate	2026-09-13T21:06:57.7457559Z 
Build and inspect Linux Electron artifacts	Full correctness unit gate	2026-09-13T21:06:58.1947917Z  [32m✓[39m tests/unit/polling-manager.test.ts [2m([22m[2m93 tests[22m[2m)[22m[33m 975[2mms[22m[39m
Build and inspect Linux Electron artifacts	Full correctness unit gate	2026-09-13T21:08:21.9800644Z  [32m✓[39m tests/unit/electron-mission-archive-lifecycle.test.ts [2m([22m[2m42 tests[22m[2m)[22m[33m 82770[2mms[22m[39m
Build and inspect Linux Electron artifacts	Full correctness unit gate	2026-09-13T21:08:21.9801902Z      [33m[2m✓[22m[39m keeps first finalization history reads bounded through complete [DON-252] [33m 2162[2mms[22m[39m
Build and inspect Linux Electron artifacts	Full correctness unit gate	2026-09-13T21:08:21.9804144Z      [33m[2m✓[22m[39m keeps first finalization history reads bounded through restart [DON-252] [33m 1369[2mms[22m[39m
Build and inspect Linux Electron artifacts	Full correctness unit gate	2026-09-13T21:08:21.9805995Z      [33m[2m✓[22m[39m blocks correction unlock when a verified v2 predecessor is unavailable [33m 2269[2mms[22m[39m
Build and inspect Linux Electron artifacts	Full correctness unit gate	2026-09-13T21:08:21.9807256Z      [33m[2m✓[22m[39m reconciles a v2 predecessor again before an in-process correction unlock [33m 2146[2mms[22m[39m
Build and inspect Linux Electron artifacts	Full correctness unit gate	2026-09-13T21:08:21.9808781Z      [33m[2m✓[22m[39m blocks a correction finalization when its v2 predecessor disappears after unlock [33m 2241[2mms[22m[39m
Build and inspect Linux Electron artifacts	Full correctness unit gate	2026-09-13T21:08:21.9810845Z      [33m[2m✓[22m[39m reconciles the archive bound to the latest finalization event, not a newer registry row [33m 2187[2mms[22m[39m
Build and inspect Linux Electron artifacts	Full correctness unit gate	2026-09-13T21:08:21.9815451Z      [33m[2m✓[22m[39m joins an in-flight unlock reconciliation before closing the mission store [33m 2171[2mms[22m[39m
Build and inspect Linux Electron artifacts	Full correctness unit gate	2026-09-13T21:08:21.9817325Z      [33m[2m✓[22m[39m does not reschedule startup archive reconciliation after prepareClose begins [33m 2235[2mms[22m[39m
Build and inspect Linux Electron artifacts	Full correctness unit gate	2026-09-13T21:08:21.9819297Z      [33m[2m✓[22m[39m rejects cleanup before any delete when custody is replaced after credential proof [33m 2198[2mms[22m[39m
Build and inspect Linux Electron artifacts	Full correctness unit gate	2026-09-13T21:08:21.9821301Z      [33m[2m✓[22m[39m moves only verified mission rows out of the live store and retains an archive-reviewable stub [33m 2537[2mms[22m[39m
Build and inspect Linux Electron artifacts	Full correctness unit gate	2026-09-13T21:08:21.9824145Z      [33m[2m✓[22m[39m resumes an operator-started cleanup from its durable cursor after restart without another secret [33m 2529[2mms[22m[39m
Build and inspect Linux Electron artifacts	Full correctness unit gate	2026-09-13T21:08:21.9826163Z      [33m[2m✓[22m[39m rejects encrypted finalization while the finished mission cleanup state is not live [33m 2203[2mms[22m[39m
Build and inspect Linux Electron artifacts	Full correctness unit gate	2026-09-13T21:08:21.9828077Z      [33m[2m✓[22m[39m rejects legacy finalization while the finished mission cleanup state is not live [33m 2209[2mms[22m[39m
Build and inspect Linux Electron artifacts	Full correctness unit gate	2026-09-13T21:08:21.9830092Z      [33m[2m✓[22m[39m projects completed finalized-recovery cleanup as archived and permanently blocks live unlock [33m 4364[2mms[22m[39m
Build and inspect Linux Electron artifacts	Full correctness unit gate	2026-09-13T21:08:21.9832223Z      [33m[2m✓[22m[39m rechecks cleanup storage state after asynchronous admin authorization and blocks live Review [33m 2248[2mms[22m[39m
Build and inspect Linux Electron artifacts	Full correctness unit gate	2026-09-13T21:08:21.9834549Z      [33m[2m✓[22m[39m does not let cleanup delete until a cancelled Review worker physically exits [33m 3348[2mms[22m[39m
Build and inspect Linux Electron artifacts	Full correctness unit gate	2026-09-13T21:08:21.9836784Z      [33m[2m✓[22m[39m holds cleanup fences until the cancelled cleanup worker physically exits [33m 2132[2mms[22m[39m
Build and inspect Linux Electron artifacts	Full correctness unit gate	2026-09-13T21:08:21.9838667Z      [33m[2m✓[22m[39m treats shutdown cancellation of bounded cleanup as an expected durable restart point [33m 2231[2mms[22m[39m
Build and inspect Linux Electron artifacts	Full correctness unit gate	2026-09-13T21:08:21.9841041Z      [33m[2m✓[22m[39m creates an immutable audited supplemental chain after authorized correction and rejects predecessor-epoch verification [33m 4356[2mms[22m[39m
Build and inspect Linux Electron artifacts	Full correctness unit gate	2026-09-13T21:08:21.9843513Z      [33m[2m✓[22m[39m does not enter the legacy registry scan for an ordinary registry-backed v2 unlock [33m 2220[2mms[22m[39m
Build and inspect Linux Electron artifacts	Full correctness unit gate	2026-09-13T21:08:21.9845394Z      [33m[2m✓[22m[39m chains a corrected SARARCH2 revision to the exact retained legacy ZIP bytes [33m 2434[2mms[22m[39m
Build and inspect Linux Electron artifacts	Full correctness unit gate	2026-09-13T21:08:21.9847315Z      [33m[2m✓[22m[39m recovers a published legacy-supplement archive against the same retained ZIP bytes [33m 2603[2mms[22m[39m
Build and inspect Linux Electron artifacts	Full correctness unit gate	2026-09-13T21:08:21.9849314Z      [33m[2m✓[22m[39m rejects an attachment that completes after a supplemental archive fence is acquired [33m 4286[2mms[22m[39m
Build and inspect Linux Electron artifacts	Full correctness unit gate	2026-09-13T21:08:21.9850435Z      [33m[2m✓[22m[39m finalizes only after journalled SARARCH2 publish and records exhaustive verification [33m 2112[2mms[22m[39m
Build and inspect Linux Electron artifacts	Full correctness unit gate	2026-09-13T21:08:21.9851406Z      [33m[2m✓[22m[39m refuses to seal when late removable telemetry changes cleanup membership [33m 1287[2mms[22m[39m
Build and inspect Linux Electron artifacts	Full correctness unit gate	2026-09-13T21:08:21.9852352Z      [33m[2m✓[22m[39m keeps a verified finalization authoritative when its progress observer throws [33m 2111[2mms[22m[39m
Build and inspect Linux Electron artifacts	Full correctness unit gate	2026-09-13T21:08:21.9853757Z      [33m[2m✓[22m[39m resumes a durably published archive after restart and seals it exactly once [33m 1310[2mms[22m[39m
Build and inspect Linux Electron artifacts	Full correctness unit gate	2026-09-13T21:08:21.9854782Z      [33m[2m✓[22m[39m leaves live evidence finalized and the archive sealed when independent verification fails [33m 1288[2mms[22m[39m
Build and inspect Linux Electron artifacts	Full correctness unit gate	2026-09-13T21:08:21.9855795Z      [33m[2m✓[22m[39m allows a direct v2 archive verification retry without a finalization boundary [33m 1376[2mms[22m[39m
Build and inspect Linux Electron artifacts	Full correctness unit gate	2026-09-13T21:08:21.9856720Z      [33m[2m✓[22m[39m sweeps and gates verifier plaintext residue before allowing a later retry [33m 2179[2mms[22m[39m
Build and inspect Linux Electron artifacts	Full correctness unit gate	2026-09-13T21:08:21.9857610Z      [33m[2m✓[22m[39m sweeps verifier plaintext after an unclassified worker termination [33m 2158[2mms[22m[39m
Build and inspect Linux Electron artifacts	Full correctness unit gate	2026-09-13T21:08:21.9858479Z      [33m[2m✓[22m[39m still sweeps verifier plaintext when the durable blocker write fails [33m 1256[2mms[22m[39m
Build and inspect Linux Electron artifacts	Full correctness unit gate	2026-09-13T21:08:21.9859412Z      [33m[2m✓[22m[39m keeps archive work durably gated when automatic verifier-residue cleanup fails [33m 1265[2mms[22m[39m
Build and inspect Linux Electron artifacts	Full correctness unit gate	2026-09-13T21:08:21.9860313Z      [33m[2m✓[22m[39m classifies cancellation after seal as a verification cancellation [33m 1310[2mms[22m[39m
Build and inspect Linux Electron artifacts	Full correctness unit gate	2026-09-13T21:08:21.9862582Z      [33m[2m✓[22m[39m normalizes every unclassified failure after seal as a verification failure [33m 1329[2mms[22m[39m
Build and inspect Linux Electron artifacts	Full correctness unit gate	2026-09-13T21:08:21.9864693Z      [33m[2m✓[22m[39m keeps a verification terminal when its post-seal failure audit cannot be written [33m 1326[2mms[22m[39m
Build and inspect Linux Electron artifacts	Full correctness unit gate	2026-09-13T21:08:21.9874060Z      [33m[2m✓[22m[39m lists bounded custody data and retries exhaustive verification through a separately cancellable lane [33m 2172[2mms[22m[39m
Build and inspect Linux Electron artifacts	Full correctness unit gate	2026-09-13T21:08:21.9875289Z      [33m[2m✓[22m[39m retries a transient exact availability inspection on Refresh without restarting [33m 1285[2mms[22m[39m
Build and inspect Linux Electron artifacts	Full correctness unit gate	2026-09-13T21:08:29.5458244Z  [32m✓[39m tests/unit/coverage-controller.test.ts [2m([22m[2m57 tests[22m[2m)[22m[33m 6480[2mms[22m[39m
Build and inspect Linux Electron artifacts	Full correctness unit gate	2026-09-13T21:08:29.5460899Z      [33m[2m✓[22m[39m uses one full-manifest catalog when fresh renderer recovery replaces every source [33m 306[2mms[22m[39m
Build and inspect Linux Electron artifacts	Full correctness unit gate	2026-09-13T21:08:29.5463275Z      [33m[2m✓[22m[39m automatically retries one transient renderer activation failure after the failed load settles [33m 354[2mms[22m[39m
Build and inspect Linux Electron artifacts	Full correctness unit gate	2026-09-13T21:08:29.5465391Z      [33m[2m✓[22m[39m bounds automatic renderer recovery to one attempt until the operator retries [33m 1057[2mms[22m[39m
Build and inspect Linux Electron artifacts	Full correctness unit gate	2026-09-13T21:08:29.5466744Z      [33m[2m✓[22m[39m coalesces duplicate failures from one finalized catalog without cancelling recovery [33m 353[2mms[22m[39m
Build and inspect Linux Electron artifacts	Full correctness unit gate	2026-09-13T21:08:29.5468301Z      [33m[2m✓[22m[39m coalesces a delayed duplicate while automatic recovery still reads its manifest [33m 403[2mms[22m[39m
Build and inspect Linux Electron artifacts	Full correctness unit gate	2026-09-13T21:08:29.5469691Z      [33m[2m✓[22m[39m ignores a delayed failure from the prior activation while its retry is loading [33m 354[2mms[22m[39m
Build and inspect Linux Electron artifacts	Full correctness unit gate	2026-09-13T21:08:29.5470887Z      [33m[2m✓[22m[39m revokes Complete when a retained period fails from its older source activation [33m 405[2mms[22m[39m
Build and inspect Linux Electron artifacts	Full correctness unit gate	2026-09-13T21:08:46.6657901Z  [32m✓[39m tests/unit/electron-breadcrumb-36h-proof-lib.test.ts [2m([22m[2m74 tests[22m[2m)[22m[33m 16042[2mms[22m[39m
Build and inspect Linux Electron artifacts	Full correctness unit gate	2026-09-13T21:08:46.6662267Z      [33m[2m✓[22m[39m derives the canonical bounded render oracle with the production CJS selector [33m 2325[2mms[22m[39m
Build and inspect Linux Electron artifacts	Full correctness unit gate	2026-09-13T21:08:46.6664579Z      [33m[2m✓[22m[39m proves bounded exact-dot pages independently against raw persisted truth [33m 2536[2mms[22m[39m
Build and inspect Linux Electron artifacts	Full correctness unit gate	2026-09-13T21:08:46.6666269Z      [33m[2m✓[22m[39m does not amplify source gaps on a 120–145 km/h vehicle leg [33m 2371[2mms[22m[39m
Build and inspect Linux Electron artifacts	Full correctness unit gate	2026-09-13T21:08:46.6667955Z      [33m[2m✓[22m[39m uses the exact mission-owned window when mission creation excludes first fixes [33m 3950[2mms[22m[39m
Build and inspect Linux Electron artifacts	Full correctness unit gate	2026-09-13T21:08:46.6669832Z      [33m[2m✓[22m[39m matches the dynamic packaged window against the independent TypeScript accumulator [33m 4790[2mms[22m[39m
Build and inspect Linux Electron artifacts	Full correctness unit gate	2026-09-13T21:09:02.0470695Z  [32m✓[39m tests/unit/electron-archive-cleanup.test.ts [2m([22m[2m36 tests[22m[2m)[22m[33m 14304[2mms[22m[39m
Build and inspect Linux Electron artifacts	Full correctness unit gate	2026-09-13T21:09:02.0473127Z      [33m[2m✓[22m[39m keeps the initial cleanup journal transaction non-blocking under a concurrent WAL writer [33m 1387[2mms[22m[39m
Build and inspect Linux Electron artifacts	Full correctness unit gate	2026-09-13T21:09:02.0475010Z      [33m[2m✓[22m[39m spaces production busy retries so a short WAL lock does not fail cleanup immediately [33m 1390[2mms[22m[39m
Build and inspect Linux Electron artifacts	Full correctness unit gate	2026-09-13T21:09:02.0476064Z      [33m[2m✓[22m[39m retries a cleanup boundary after a concurrent WAL writer without failing the live lane [33m 7366[2mms[22m[39m
Build and inspect Linux Electron artifacts	Full correctness unit gate	2026-09-13T21:10:09.4393739Z  [32m✓[39m tests/unit/electron-archive-rehydrate.test.ts [2m([22m[2m21 tests[22m[2m)[22m[33m 66381[2mms[22m[39m
Build and inspect Linux Electron artifacts	Full correctness unit gate	2026-09-13T21:10:09.4396079Z      [33m[2m✓[22m[39m restores a finalized-recovery archive through its protected original boundary [33m 2842[2mms[22m[39m
Build and inspect Linux Electron artifacts	Full correctness unit gate	2026-09-13T21:10:09.4398504Z      [33m[2m✓[22m[39m restores the emptied mission namespace from the authenticated snapshot without replacing retained history [33m 3244[2mms[22m[39m
Build and inspect Linux Electron artifacts	Full correctness unit gate	2026-09-13T21:10:09.4400268Z      [33m[2m✓[22m[39m accepts an archive-review correction snapshot without registry tables [33m 2935[2mms[22m[39m
Build and inspect Linux Electron artifacts	Full correctness unit gate	2026-09-13T21:10:09.4403463Z      [33m[2m✓[22m[39m keeps live Review lineage through repeated re-finalize and ordinary-unlock cycles [33m 7877[2mms[22m[39m
Build and inspect Linux Electron artifacts	Full correctness unit gate	2026-09-13T21:10:09.4405550Z      [33m[2m✓[22m[39m continues lineage when cleanup targets an already-supplemental archive revision [33m 7654[2mms[22m[39m
Build and inspect Linux Electron artifacts	Full correctness unit gate	2026-09-13T21:10:09.4408004Z      [33m[2m✓[22m[39m keeps valid correction lineage live through a current finalized-recovery head [33m 5340[2mms[22m[39m
Build and inspect Linux Electron artifacts	Full correctness unit gate	2026-09-13T21:10:09.4410361Z      [33m[2m✓[22m[39m fails live Review closed when a correction archive ancestry link is corrupt [33m 5296[2mms[22m[39m
Build and inspect Linux Electron artifacts	Full correctness unit gate	2026-09-13T21:10:09.4413214Z      [33m[2m✓[22m[39m rolls back restored rows when the atomic correction completion callback fails [33m 2776[2mms[22m[39m
Build and inspect Linux Electron artifacts	Full correctness unit gate	2026-09-13T21:10:09.4415606Z      [33m[2m✓[22m[39m rejects a correction snapshot whose declared mission inventory table is missing [33m 2762[2mms[22m[39m
Build and inspect Linux Electron artifacts	Full correctness unit gate	2026-09-13T21:10:09.4418228Z      [33m[2m✓[22m[39m turns a generic post-commit correction failure into a durable same-process recovery fence [33m 2805[2mms[22m[39m
Build and inspect Linux Electron artifacts	Full correctness unit gate	2026-09-13T21:10:09.4420690Z      [33m[2m✓[22m[39m fences a cancellation that arrives after correction commit before custody cleanup is proven [33m 2800[2mms[22m[39m
Build and inspect Linux Electron artifacts	Full correctness unit gate	2026-09-13T21:10:09.4423761Z      [33m[2m✓[22m[39m does not create a global fence when forced pre-commit cancellation leaves no SQLite custody [33m 2857[2mms[22m[39m
Build and inspect Linux Electron artifacts	Full correctness unit gate	2026-09-13T21:10:09.4425977Z      [33m[2m✓[22m[39m rejects a nominal worker success without the exact durable correction commit [33m 2827[2mms[22m[39m
Build and inspect Linux Electron artifacts	Full correctness unit gate	2026-09-13T21:10:09.4427852Z      [33m[2m✓[22m[39m durably fences a rejected worker that left a different correction operation live [33m 2836[2mms[22m[39m
Build and inspect Linux Electron artifacts	Full correctness unit gate	2026-09-13T21:10:09.4430195Z      [33m[2m✓[22m[39m defers correction while another mission is operational before starting the worker [33m 2790[2mms[22m[39m
Build and inspect Linux Electron artifacts	Full correctness unit gate	2026-09-13T21:10:09.4433931Z      [33m[2m✓[22m[39m fences every live mutation until a committed correction worker has exited [33m 2806[2mms[22m[39m
Build and inspect Linux Electron artifacts	Full correctness unit gate	2026-09-13T21:10:09.4436783Z      [33m[2m✓[22m[39m restores missing archived attachment bytes into canonical mission custody [33m 2936[2mms[22m[39m
Build and inspect Linux Electron artifacts	Full correctness unit gate	2026-09-13T21:10:09.4439054Z      [33m[2m✓[22m[39m rolls back unlock and fences later archive work when atomic custody clear fails [33m 2934[2mms[22m[39m
Build and inspect Linux Electron artifacts	Full correctness unit gate	2026-09-13T21:10:10.6227595Z  [32m✓[39m tests/unit/mission-archive-review-runtime-orchestration.test.ts [2m([22m[2m58 tests[22m[2m)[22m[32m 183[2mms[22m[39m
Build and inspect Linux Electron artifacts	Full correctness unit gate	2026-09-13T21:10:11.8906262Z  [32m✓[39m tests/unit/electron-mission-archive-ipc.test.ts [2m([22m[2m48 tests[22m[2m)[22m[33m 315[2mms[22m[39m
Build and inspect Linux Electron artifacts	Full correctness unit gate	2026-09-13T21:10:14.7761513Z  [32m✓[39m tests/unit/electron-archive-lifecycle-liveness-probe.test.ts [2m([22m[2m76 tests[22m[2m)[22m[33m 1689[2mms[22m[39m
Build and inspect Linux Electron artifacts	Full correctness unit gate	2026-09-13T21:10:19.1783983Z  [32m✓[39m tests/unit/browser-harness-store.test.ts [2m([22m[2m41 tests[22m[2m)[22m[33m 3093[2mms[22m[39m
Build and inspect Linux Electron artifacts	Full correctness unit gate	2026-09-13T21:10:19.1785720Z      [33m[2m✓[22m[39m caps browser-only tracking persistence so large breadcrumb imports do not exceed session storage [33m 2974[2mms[22m[39m
Build and inspect Linux Electron artifacts	Full correctness unit gate	2026-09-13T21:10:21.8599118Z  [32m✓[39m tests/unit/electron-archive-registry.test.ts [2m([22m[2m23 tests[22m[2m)[22m[33m 1721[2mms[22m[39m
Build and inspect Linux Electron artifacts	Full correctness unit gate	2026-09-13T21:10:24.1607571Z  [32m✓[39m tests/unit/electron-archive-review-sessions.test.ts [2m([22m[2m43 tests[22m[2m)[22m[33m 1367[2mms[22m[39m
Build and inspect Linux Electron artifacts	Full correctness unit gate	2026-09-13T21:10:24.1608832Z      [33m[2m✓[22m[39m keeps a large review-session plaintext sweep off the caller event loop [33m 749[2mms[22m[39m
Build and inspect Linux Electron artifacts	Full correctness unit gate	2026-09-13T21:10:28.3660429Z  [32m✓[39m tests/unit/electron-main-startup.test.ts [2m([22m[2m40 tests[22m[2m)[22m[33m 3187[2mms[22m[39m
Build and inspect Linux Electron artifacts	Full correctness unit gate	2026-09-13T21:10:31.1876153Z  [32m✓[39m tests/unit/breadcrumb-pr6-qualification-script.test.ts [2m([22m[2m49 tests[22m[2m | [22m[33m6 skipped[39m[2m)[22m[33m 1723[2mms[22m[39m
Build and inspect Linux Electron artifacts	Full correctness unit gate	2026-09-13T21:10:31.1879564Z      [33m[2m✓[22m[39m pins, hashes and streams a closed regular fixture into a mode-0600 copy [33m 355[2mms[22m[39m
Build and inspect Linux Electron artifacts	Full correctness unit gate	2026-09-13T21:10:31.1882525Z      [33m[2m✓[22m[39m fails closed when the measured main event loop stalls despite off-thread durable ingest [33m 544[2mms[22m[39m
Build and inspect Linux Electron artifacts	Full correctness unit gate	2026-09-13T21:10:31.1885546Z      [33m[2m✓[22m[39m fails closed when a durable worker exits non-zero during graceful shutdown [33m 302[2mms[22m[39m
Build and inspect Linux Electron artifacts	Full correctness unit gate	2026-09-13T21:10:34.8388454Z  [32m✓[39m tests/unit/electron-archive-review-source.test.ts [2m([22m[2m27 tests[22m[2m)[22m[33m 2696[2mms[22m[39m
Build and inspect Linux Electron artifacts	Full correctness unit gate	2026-09-13T21:10:34.8390691Z      [33m[2m✓[22m[39m reads representative v13 review projections with fixed-mission filtering and no scratch-path leak [33m 642[2mms[22m[39m
Build and inspect Linux Electron artifacts	Full correctness unit gate	2026-09-13T21:10:51.1052056Z  [32m✓[39m tests/unit/electron-archive-review-v2-integration.test.ts [2m([22m[2m4 tests[22m[2m)[22m[33m 15309[2mms[22m[39m
Build and inspect Linux Electron artifacts	Full correctness unit gate	2026-09-13T21:10:51.1055349Z      [33m[2m✓[22m[39m closes the untransferred database handle when extraction settlement fails after ready [33m 2632[2mms[22m[39m
Build and inspect Linux Electron artifacts	Full correctness unit gate	2026-09-13T21:10:51.1057673Z      [33m[2m✓[22m[39m fails low-capacity restore and verification before digest, KDF, or payload reads [33m 2178[2mms[22m[39m
Build and inspect Linux Electron artifacts	Full correctness unit gate	2026-09-13T21:10:51.1059829Z      [33m[2m✓[22m[39m restores one registry-bound archive, exhausts semantic pages, protects live evidence, and sweeps plaintext [33m 6438[2mms[22m[39m
Build and inspect Linux Electron artifacts	Full correctness unit gate	2026-09-13T21:10:51.1062088Z      [33m[2m✓[22m[39m completes the real archive-review correction close audit after archived restore [33m 4060[2mms[22m[39m
Build and inspect Linux Electron artifacts	Full correctness unit gate	2026-09-13T21:10:52.8198568Z  [32m✓[39m tests/unit/breadcrumb-pr6-qualification-supervisor.test.ts [2m([22m[2m23 tests[22m[2m)[22m[33m 685[2mms[22m[39m
Build and inspect Linux Electron artifacts	Full correctness unit gate	2026-09-13T21:11:03.3186645Z  [32m✓[39m tests/unit/breadcrumb-pr6-kill-matrix-lib.test.ts [2m([22m[2m31 tests[22m[2m)[22m[33m 9436[2mms[22m[39m
Build and inspect Linux Electron artifacts	Full correctness unit gate	2026-09-13T21:11:03.3188387Z      [33m[2m✓[22m[39m delivers the cleanup SIGKILL only after a real mission-event delete batch commits [33m 4231[2mms[22m[39m
Build and inspect Linux Electron artifacts	Full correctness unit gate	2026-09-13T21:11:03.3190114Z      [33m[2m✓[22m[39m rediscovers a newly sealed archive by its authoritative operation identity [DON-252] [33m 1931[2mms[22m[39m
Build and inspect Linux Electron artifacts	Full correctness unit gate	2026-09-13T21:11:03.3191830Z      [33m[2m✓[22m[39m uses unique recovery custody per archive and finds exact secret residue itself [33m 743[2mms[22m[39m
Build and inspect Linux Electron artifacts	Full correctness unit gate	2026-09-13T21:11:03.3194031Z      [33m[2m✓[22m[39m counts a hidden orphan archive as registry and disk custody drift [33m 708[2mms[22m[39m
Build and inspect Linux Electron artifacts	Full correctness unit gate	2026-09-13T21:11:03.3195900Z      [33m[2m✓[22m[39m runs a fast protocol self-test through the report-writing CLI without archive claims [33m 786[2mms[22m[39m
Build and inspect Linux Electron artifacts	Full correctness unit gate	2026-09-13T21:11:03.3197603Z      [33m[2m✓[22m[39m rejects a report-directory symlink whose real target is the disposable work root [33m 304[2mms[22m[39m
Build and inspect Linux Electron artifacts	Full correctness unit gate	2026-09-13T21:11:05.3888228Z  [32m✓[39m tests/unit/start-app-runtime.test.ts [2m([22m[2m24 tests[22m[2m)[22m[33m 401[2mms[22m[39m
Build and inspect Linux Electron artifacts	Full correctness unit gate	2026-09-13T21:11:11.6535528Z  [32m✓[39m tests/unit/electron-coverage-mission-store.test.ts [2m([22m[2m25 tests[22m[2m)[22m[33m 5321[2mms[22m[39m
Build and inspect Linux Electron artifacts	Full correctness unit gate	2026-09-13T21:11:11.6537615Z      [33m[2m✓[22m[39m attests staged and active tiles through the real store and worker across rebuilds [33m 503[2mms[22m[39m
Build and inspect Linux Electron artifacts	Full correctness unit gate	2026-09-13T21:11:11.6539077Z      [33m[2m✓[22m[39m enumerates once, persists fresh metadata, and reads lossless chunks through the worker [33m 387[2mms[22m[39m
Build and inspect Linux Electron artifacts	Full correctness unit gate	2026-09-13T21:11:11.6541094Z      [33m[2m✓[22m[39m never claims complete when canonical inventory appears without a ledger row [33m 599[2mms[22m[39m
Build and inspect Linux Electron artifacts	Full correctness unit gate	2026-09-13T21:11:11.6543307Z      [33m[2m✓[22m[39m drains invalidations and conditionally marks a complete chunk read fresh [33m 486[2mms[22m[39m
Build and inspect Linux Electron artifacts	Full correctness unit gate	2026-09-13T21:11:11.6545227Z      [33m[2m✓[22m[39m cannot drain a moved outing with an empty worker analysis and retain stale fresh counts [33m 606[2mms[22m[39m
Build and inspect Linux Electron artifacts	Full correctness unit gate	2026-09-13T21:11:13.9116456Z  [32m✓[39m tests/unit/electron-legacy-archive-restore.test.ts [2m([22m[2m45 tests[22m[2m)[22m[33m 1309[2mms[22m[39m
Build and inspect Linux Electron artifacts	Full correctness unit gate	2026-09-13T21:11:15.1955943Z  [32m✓[39m tests/unit/electron-mission-replay-query.test.ts [2m([22m[2m28 tests[22m[2m)[22m[33m 338[2mms[22m[39m
Build and inspect Linux Electron artifacts	Full correctness unit gate	2026-09-13T21:11:16.4726345Z  [32m✓[39m tests/unit/start-mission-review-runtime.test.ts [2m([22m[2m34 tests[22m[2m)[22m[32m 270[2mms[22m[39m
Build and inspect Linux Electron artifacts	Full correctness unit gate	2026-09-13T21:11:17.4710141Z  [32m✓[39m tests/unit/electron-archive-lifecycle-smoke-lib.test.ts [2m([22m[2m84 tests[22m[2m)[22m[32m 79[2mms[22m[39m
Build and inspect Linux Electron artifacts	Full correctness unit gate	2026-09-13T21:11:18.9043069Z  [32m✓[39m tests/unit/start-gpx-runtime.test.ts [2m([22m[2m32 tests[22m[2m)[22m[33m 528[2mms[22m[39m
Build and inspect Linux Electron artifacts	Full correctness unit gate	2026-09-13T21:11:20.4775091Z  [32m✓[39m tests/unit/ingest-anomaly-outbox.test.ts [2m([22m[2m37 tests[22m[2m)[22m[33m 657[2mms[22m[39m
Build and inspect Linux Electron artifacts	Full correctness unit gate	2026-09-13T21:11:21.4422025Z  [32m✓[39m tests/unit/start-participant-runtime.test.ts [2m([22m[2m31 tests[22m[2m)[22m[32m 52[2mms[22m[39m
Build and inspect Linux Electron artifacts	Full correctness unit gate	2026-09-13T21:11:22.6241219Z [90mstderr[2m | tests/unit/assurance/war-06/tracking-lifecycle-characterization.test.ts[2m > [22m[2mWAR-06 reachable lifecycle repair oracles[2m > [22m[2mrejects deferred stale current-fix publication through finish-idle-start while a poll is in flight [WAR-06-AUD-02-REPAIR]
Build and inspect Linux Electron artifacts	Full correctness unit gate	2026-09-13T21:11:22.6246768Z [22m[39mMission evidence could not be retained. Error: Accepted tracking evidence could not be participation-scoped before release.
Build and inspect Linux Electron artifacts	Full correctness unit gate	2026-09-13T21:11:22.6249632Z     at Object.markEvidenceLoss [90m(/home/runner/work/sartracker-web/sartracker-web/[39msrc/features/tracking/start-tracking-runtime.ts:485:9[90m)[39m
Build and inspect Linux Electron artifacts	Full correctness unit gate	2026-09-13T21:11:22.6252240Z     at [90m/home/runner/work/sartracker-web/sartracker-web/[39msrc/features/tracking/deferred-mission-evidence.ts:158:65
Build and inspect Linux Electron artifacts	Full correctness unit gate	2026-09-13T21:11:22.6254964Z     at settleLossMarker [90m(/home/runner/work/sartracker-web/sartracker-web/[39msrc/features/tracking/deferred-mission-evidence.ts:287:44[90m)[39m
Build and inspect Linux Electron artifacts	Full correctness unit gate	2026-09-13T21:11:22.6257650Z     at flushMission [90m(/home/runner/work/sartracker-web/sartracker-web/[39msrc/features/tracking/deferred-mission-evidence.ts:309:5[90m)[39m
Build and inspect Linux Electron artifacts	Full correctness unit gate	2026-09-13T21:11:22.6259305Z     at async Promise.allSettled (index 0)
Build and inspect Linux Electron artifacts	Full correctness unit gate	2026-09-13T21:11:22.6261331Z     at Object.settleForStop [90m(/home/runner/work/sartracker-web/sartracker-web/[39msrc/features/tracking/deferred-mission-evidence.ts:377:25[90m)[39m
Build and inspect Linux Electron artifacts	Full correctness unit gate	2026-09-13T21:11:22.6264074Z     at [90m/home/runner/work/sartracker-web/sartracker-web/[39msrc/features/tracking/start-tracking-runtime.ts:1180:7
Build and inspect Linux Electron artifacts	Full correctness unit gate	2026-09-13T21:11:22.6266376Z     at attempt [90m(/home/runner/work/sartracker-web/sartracker-web/[39msrc/features/runtime/runtime-cleanup.ts:22:35[90m)[39m
Build and inspect Linux Electron artifacts	Full correctness unit gate	2026-09-13T21:11:22.6268997Z     at stop [90m(/home/runner/work/sartracker-web/sartracker-web/[39mtests/unit/assurance/war-06/tracking-lifecycle-characterization.test.ts:428:5[90m)[39m
Build and inspect Linux Electron artifacts	Full correctness unit gate	2026-09-13T21:11:22.6272020Z     at stopRuntimeWithRetry [90m(/home/runner/work/sartracker-web/sartracker-web/[39mtests/unit/assurance/war-06/tracking-lifecycle-characterization.test.ts:42:5[90m)[39m
Build and inspect Linux Electron artifacts	Full correctness unit gate	2026-09-13T21:11:22.6274008Z 
Build and inspect Linux Electron artifacts	Full correctness unit gate	2026-09-13T21:11:22.6377978Z  [32m✓[39m tests/unit/assurance/war-06/tracking-lifecycle-characterization.test.ts [2m([22m[2m3 tests[22m[2m)[22m[32m 70[2mms[22m[39m
Build and inspect Linux Electron artifacts	Full correctness unit gate	2026-09-13T21:11:23.6647320Z  [32m✓[39m tests/unit/electron-tracking-soak-lib.test.ts [2m([22m[2m34 tests[22m[2m)[22m[32m 59[2mms[22m[39m
Build and inspect Linux Electron artifacts	Full correctness unit gate	2026-09-13T21:11:28.2905712Z  [32m✓[39m tests/unit/electron-coverage-tile-runner.test.ts [2m([22m[2m26 tests[22m[2m)[22m[33m 3722[2mms[22m[39m
Build and inspect Linux Electron artifacts	Full correctness unit gate	2026-09-13T21:11:28.2906857Z      [33m[2m✓[22m[39m serves retained tiles while a later catalog is still building [33m 2076[2mms[22m[39m
Build and inspect Linux Electron artifacts	Full correctness unit gate	2026-09-13T21:11:29.2671190Z [90mstderr[2m | tests/unit/war06-mission-boundary.test.ts[2m > [22m[2mWAR-06 mission boundary repair contract[2m > [22m[2mwarns visibly when corrupt cache cannot be recovered [Claude C4]
Build and inspect Linux Electron artifacts	Full correctness unit gate	2026-09-13T21:11:29.2694454Z [22m[39mTracking cache payload was ignored. Error: Tracking cache contains invalid JSON.
Build and inspect Linux Electron artifacts	Full correctness unit gate	2026-09-13T21:11:29.2714609Z     at parseTrackingCachePayload [90m(/home/runner/work/sartracker-web/sartracker-web/[39msrc/features/tracking/tracking-cache-payload.ts:153:11[90m)[39m
Build and inspect Linux Electron artifacts	Full correctness unit gate	2026-09-13T21:11:29.2730240Z     at safelyParseCachedSnapshot [90m(/home/runner/work/sartracker-web/sartracker-web/[39msrc/features/tracking/start-tracking-runtime.ts:2520:12[90m)[39m
Build and inspect Linux Electron artifacts	Full correctness unit gate	2026-09-13T21:11:29.2731957Z     at startTrackingRuntime [90m(/home/runner/work/sartracker-web/sartracker-web/[39msrc/features/tracking/start-tracking-runtime.ts:535:28[90m)[39m
Build and inspect Linux Electron artifacts	Full correctness unit gate	2026-09-13T21:11:29.2733706Z [90m    at processTicksAndRejections (node:internal/process/task_queues:103:5)[39m
Build and inspect Linux Electron artifacts	Full correctness unit gate	2026-09-13T21:11:29.2735022Z     at startRuntime [90m(/home/runner/work/sartracker-web/sartracker-web/[39mtests/unit/war06-mission-boundary.test.ts:237:16[90m)[39m
Build and inspect Linux Electron artifacts	Full correctness unit gate	2026-09-13T21:11:29.2736857Z     at [90m/home/runner/work/sartracker-web/sartracker-web/[39mtests/unit/war06-mission-boundary.test.ts:368:21
Build and inspect Linux Electron artifacts	Full correctness unit gate	2026-09-13T21:11:29.2738320Z     at [90mfile:///home/runner/work/sartracker-web/sartracker-web/[39mnode_modules/[4m@vitest/runner[24m/dist/chunk-artifact.js:1903:20
Build and inspect Linux Electron artifacts	Full correctness unit gate	2026-09-13T21:11:29.2738857Z 
Build and inspect Linux Electron artifacts	Full correctness unit gate	2026-09-13T21:11:29.2747460Z [90mstderr[2m | tests/unit/war06-mission-boundary.test.ts[2m > [22m[2mWAR-06 mission boundary repair contract[2m > [22m[2mnever silently acknowledges queued accepted snapshot evidence after runtime replacement
Build and inspect Linux Electron artifacts	Full correctness unit gate	2026-09-13T21:11:29.2750228Z [22m[39mMission persistence failed. Error: Tracking runtime changed before accepted mission evidence could be persisted.
Build and inspect Linux Electron artifacts	Full correctness unit gate	2026-09-13T21:11:29.2752228Z     at [90m/home/runner/work/sartracker-web/sartracker-web/[39msrc/features/tracking/start-tracking-runtime.ts:1907:13
Build and inspect Linux Electron artifacts	Full correctness unit gate	2026-09-13T21:11:29.2754281Z [90m    at processTicksAndRejections (node:internal/process/task_queues:103:5)[39m
Build and inspect Linux Electron artifacts	Full correctness unit gate	2026-09-13T21:11:29.2754971Z 
Build and inspect Linux Electron artifacts	Full correctness unit gate	2026-09-13T21:11:29.2768737Z [90mstderr[2m | tests/unit/war06-mission-boundary.test.ts[2m > [22m[2mWAR-06 mission boundary repair contract[2m > [22m[2mnever silently acknowledges queued accepted history evidence after runtime replacement
Build and inspect Linux Electron artifacts	Full correctness unit gate	2026-09-13T21:11:29.2771610Z [22m[39mTracking history chunk persistence failed. Error: Tracking runtime changed before accepted mission evidence could be persisted.
Build and inspect Linux Electron artifacts	Full correctness unit gate	2026-09-13T21:11:29.2774050Z     at [90m/home/runner/work/sartracker-web/sartracker-web/[39msrc/features/tracking/start-tracking-runtime.ts:1907:13
Build and inspect Linux Electron artifacts	Full correctness unit gate	2026-09-13T21:11:29.2775815Z [90m    at processTicksAndRejections (node:internal/process/task_queues:103:5)[39m
Build and inspect Linux Electron artifacts	Full correctness unit gate	2026-09-13T21:11:29.2776492Z 
Build and inspect Linux Electron artifacts	Full correctness unit gate	2026-09-13T21:11:29.2944627Z [90mstderr[2m | tests/unit/war06-mission-boundary.test.ts[2m > [22m[2mWAR-06 mission boundary repair contract[2m > [22m[2mdoes not let a stale callback update cache or retention while accepted evidence still settles
Build and inspect Linux Electron artifacts	Full correctness unit gate	2026-09-13T21:11:29.2947425Z [22m[39mDeferred mission persistence failed. Error: Deferred mission evidence cannot be scoped to its accepting mission.
Build and inspect Linux Electron artifacts	Full correctness unit gate	2026-09-13T21:11:29.2949564Z     at Object.persist [90m(/home/runner/work/sartracker-web/sartracker-web/[39msrc/features/tracking/start-tracking-runtime.ts:448:15[90m)[39m
Build and inspect Linux Electron artifacts	Full correctness unit gate	2026-09-13T21:11:29.2951909Z     at runPump [90m(/home/runner/work/sartracker-web/sartracker-web/[39msrc/features/tracking/deferred-mission-evidence.ts:211:28[90m)[39m
Build and inspect Linux Electron artifacts	Full correctness unit gate	2026-09-13T21:11:29.2954516Z     at startPump [90m(/home/runner/work/sartracker-web/sartracker-web/[39msrc/features/tracking/deferred-mission-evidence.ts:230:23[90m)[39m
Build and inspect Linux Electron artifacts	Full correctness unit gate	2026-09-13T21:11:29.2956913Z     at Object.requestFlushMission [90m(/home/runner/work/sartracker-web/sartracker-web/[39msrc/features/tracking/deferred-mission-evidence.ts:326:7[90m)[39m
Build and inspect Linux Electron artifacts	Full correctness unit gate	2026-09-13T21:11:29.2959412Z     at Object.onCurrentSnapshot [90m(/home/runner/work/sartracker-web/sartracker-web/[39msrc/features/tracking/start-tracking-runtime.ts:914:35[90m)[39m
Build and inspect Linux Electron artifacts	Full correctness unit gate	2026-09-13T21:11:29.2961965Z     at Object.onCurrentSnapshot [90m(/home/runner/work/sartracker-web/sartracker-web/[39msrc/features/tracking/start-tracking-runtime.ts:1043:68[90m)[39m
Build and inspect Linux Electron artifacts	Full correctness unit gate	2026-09-13T21:11:29.2964928Z     at [90m/home/runner/work/sartracker-web/sartracker-web/[39mtests/unit/war06-mission-boundary.test.ts:707:19
Build and inspect Linux Electron artifacts	Full correctness unit gate	2026-09-13T21:11:29.2966602Z [90m    at processTicksAndRejections (node:internal/process/task_queues:103:5)[39m
Build and inspect Linux Electron artifacts	Full correctness unit gate	2026-09-13T21:11:29.2968377Z     at [90mfile:///home/runner/work/sartracker-web/sartracker-web/[39mnode_modules/[4m@vitest/runner[24m/dist/chunk-artifact.js:1903:20
Build and inspect Linux Electron artifacts	Full correctness unit gate	2026-09-13T21:11:29.2970380Z Mission evidence could not be retained. Error: Accepted tracking evidence could not be participation-scoped before release.
Build and inspect Linux Electron artifacts	Full correctness unit gate	2026-09-13T21:11:29.2972888Z     at Object.markEvidenceLoss [90m(/home/runner/work/sartracker-web/sartracker-web/[39msrc/features/tracking/start-tracking-runtime.ts:485:9[90m)[39m
Build and inspect Linux Electron artifacts	Full correctness unit gate	2026-09-13T21:11:29.2975077Z     at [90m/home/runner/work/sartracker-web/sartracker-web/[39msrc/features/tracking/deferred-mission-evidence.ts:158:65
Build and inspect Linux Electron artifacts	Full correctness unit gate	2026-09-13T21:11:29.2976607Z [90m    at processTicksAndRejections (node:internal/process/task_queues:103:5)[39m
Build and inspect Linux Electron artifacts	Full correctness unit gate	2026-09-13T21:11:29.2977552Z 
Build and inspect Linux Electron artifacts	Full correctness unit gate	2026-09-13T21:11:29.3108019Z  [32m✓[39m tests/unit/war06-mission-boundary.test.ts [2m([22m[2m33 tests[22m[2m)[22m[32m 83[2mms[22m[39m
Build and inspect Linux Electron artifacts	Full correctness unit gate	2026-09-13T21:11:31.2361700Z  [32m✓[39m tests/unit/rejection-evidence-delivery.test.ts [2m([22m[2m29 tests[22m[2m)[22m[33m 1020[2mms[22m[39m
Build and inspect Linux Electron artifacts	Full correctness unit gate	2026-09-13T21:11:32.2539673Z  [32m✓[39m tests/unit/electron-legacy-archive-restore-runner.test.ts [2m([22m[2m16 tests[22m[2m)[22m[32m 85[2mms[22m[39m
Build and inspect Linux Electron artifacts	Full correctness unit gate	2026-09-13T21:11:33.2212303Z  [32m✓[39m tests/unit/electron-archive-custody-journal.test.ts [2m([22m[2m25 tests[22m[2m)[22m[32m 95[2mms[22m[39m
Build and inspect Linux Electron artifacts	Full correctness unit gate	2026-09-13T21:11:35.1489864Z  [32m✓[39m tests/unit/electron-archive-inventory.test.ts [2m([22m[2m20 tests[22m[2m)[22m[33m 959[2mms[22m[39m
Build and inspect Linux Electron artifacts	Full correctness unit gate	2026-09-13T21:11:36.9357331Z  [32m✓[39m tests/unit/electron-breadcrumb-dot-query.test.ts [2m([22m[2m14 tests[22m[2m)[22m[33m 892[2mms[22m[39m
Build and inspect Linux Electron artifacts	Full correctness unit gate	2026-09-13T21:11:36.9359380Z      [33m[2m✓[22m[39m never invokes the bounded line selector and leaves its projection unchanged [33m 350[2mms[22m[39m
Build and inspect Linux Electron artifacts	Full correctness unit gate	2026-09-13T21:11:38.2155892Z  [32m✓[39m tests/unit/electron-settings-store.test.ts [2m([22m[2m23 tests[22m[2m)[22m[33m 366[2mms[22m[39m
Build and inspect Linux Electron artifacts	Full correctness unit gate	2026-09-13T21:11:40.2300680Z  [32m✓[39m tests/unit/electron-participant-store.test.ts [2m([22m[2m19 tests[22m[2m)[22m[33m 1080[2mms[22m[39m
Build and inspect Linux Electron artifacts	Full correctness unit gate	2026-09-13T21:11:46.7729321Z  [32m✓[39m tests/unit/breadcrumb-accumulator.test.ts [2m([22m[2m26 tests[22m[2m)[22m[33m 5652[2mms[22m[39m
Build and inspect Linux Electron artifacts	Full correctness unit gate	2026-09-13T21:11:46.7731357Z      [33m[2m✓[22m[39m publishes one-device appends within the 200 ms renderer gate at the live history limit [DON-269] [33m 4263[2mms[22m[39m
Build and inspect Linux Electron artifacts	Full correctness unit gate	2026-09-13T21:11:49.3630349Z  [32m✓[39m tests/unit/electron-breadcrumb-query-runner.test.ts [2m([22m[2m14 tests[22m[2m)[22m[33m 1658[2mms[22m[39m
Build and inspect Linux Electron artifacts	Full correctness unit gate	2026-09-13T21:11:49.3631502Z      [33m[2m✓[22m[39m caps losing selector identity state before materializing only the winning row ids [33m 306[2mms[22m[39m
Build and inspect Linux Electron artifacts	Full correctness unit gate	2026-09-13T21:11:49.3634312Z      [33m[2m✓[22m[39m selects the same route identities in the renderer and persisted restart query [33m 450[2mms[22m[39m
Build and inspect Linux Electron artifacts	Full correctness unit gate	2026-09-13T21:11:49.3635905Z      [33m[2m✓[22m[39m keeps a post-canonical append identical to the worker selection [33m 303[2mms[22m[39m
Build and inspect Linux Electron artifacts	Full correctness unit gate	2026-09-13T21:11:50.8284667Z  [32m✓[39m tests/unit/electron-official-map-qualification-smoke-lib.test.ts [2m([22m[2m27 tests[22m[2m)[22m[33m 354[2mms[22m[39m
Build and inspect Linux Electron artifacts	Full correctness unit gate	2026-09-13T21:11:51.7755124Z  [32m✓[39m tests/unit/breadcrumb-history-reconciler.test.ts [2m([22m[2m25 tests[22m[2m)[22m[32m 53[2mms[22m[39m
Build and inspect Linux Electron artifacts	Full correctness unit gate	2026-09-13T21:11:53.7690198Z  [32m✓[39m tests/unit/mission-review-archive-workspace-safety.test.tsx [2m([22m[2m14 tests[22m[2m)[22m[33m 510[2mms[22m[39m
Build and inspect Linux Electron artifacts	Full correctness unit gate	2026-09-13T21:11:54.7624669Z  [32m✓[39m tests/unit/electron-official-map-proxy.test.ts [2m([22m[2m16 tests[22m[2m)[22m[32m 63[2mms[22m[39m
Build and inspect Linux Electron artifacts	Full correctness unit gate	2026-09-13T21:11:55.9311882Z  [32m✓[39m tests/unit/renderer-teardown-coordinator.test.ts [2m([22m[2m19 tests[22m[2m)[22m[32m 284[2mms[22m[39m
Build and inspect Linux Electron artifacts	Full correctness unit gate	2026-09-13T21:11:56.8900398Z  [32m✓[39m tests/unit/electron-coverage-ipc.test.ts [2m([22m[2m12 tests[22m[2m)[22m[32m 74[2mms[22m[39m
Build and inspect Linux Electron artifacts	Full correctness unit gate	2026-09-13T21:11:57.8738441Z  [32m✓[39m tests/unit/electron-archive-container.test.ts [2m([22m[2m44 tests[22m[2m)[22m[32m 88[2mms[22m[39m
Build and inspect Linux Electron artifacts	Full correctness unit gate	2026-09-13T21:12:22.1482308Z  [32m✓[39m tests/unit/electron-archive-verify.test.ts [2m([22m[2m13 tests[22m[2m)[22m[33m 23355[2mms[22m[39m
Build and inspect Linux Electron artifacts	Full correctness unit gate	2026-09-13T21:12:22.1484506Z      [33m[2m✓[22m[39m authenticates one fresh non-machine cleanup slot while hashing the exact pinned archive [33m 1967[2mms[22m[39m
Build and inspect Linux Electron artifacts	Full correctness unit gate	2026-09-13T21:12:22.1485684Z      [33m[2m✓[22m[39m rejects a wrong cleanup secret and a same-path ciphertext substitution without an unwrap claim [33m 1942[2mms[22m[39m
Build and inspect Linux Electron artifacts	Full correctness unit gate	2026-09-13T21:12:22.1486788Z      [33m[2m✓[22m[39m classifies a registered key-slot tag mutation as custody corruption, never a wrong secret [33m 1558[2mms[22m[39m
Build and inspect Linux Electron artifacts	Full correctness unit gate	2026-09-13T21:12:22.1488265Z      [33m[2m✓[22m[39m proves recovery request row 6 without substituting protected finalization epoch 5 [33m 2029[2mms[22m[39m
Build and inspect Linux Electron artifacts	Full correctness unit gate	2026-09-13T21:12:22.1489321Z      [33m[2m✓[22m[39m restores the sealed bytes and proves every completeness layer before sweeping plaintext [33m 2187[2mms[22m[39m
Build and inspect Linux Electron artifacts	Full correctness unit gate	2026-09-13T21:12:22.1490379Z      [33m[2m✓[22m[39m requires passphrase and recovery slots to unwrap the same key before creating plaintext [33m 1942[2mms[22m[39m
Build and inspect Linux Electron artifacts	Full correctness unit gate	2026-09-13T21:12:22.1491315Z      [33m[2m✓[22m[39m rejects a wrong passphrase before creating verification plaintext [33m 1536[2mms[22m[39m
Build and inspect Linux Electron artifacts	Full correctness unit gate	2026-09-13T21:12:22.1492347Z      [33m[2m✓[22m[39m rejects authenticated-stream bit-flip after exact disk identity is rebound and sweeps scratch [33m 1907[2mms[22m[39m
Build and inspect Linux Electron artifacts	Full correctness unit gate	2026-09-13T21:12:22.1493885Z      [33m[2m✓[22m[39m rejects authenticated-stream truncation after exact disk identity is rebound and sweeps scratch [33m 1975[2mms[22m[39m
Build and inspect Linux Electron artifacts	Full correctness unit gate	2026-09-13T21:12:22.1495001Z      [33m[2m✓[22m[39m rejects a wrong mission or request event row before creating verification plaintext [33m 1184[2mms[22m[39m
Build and inspect Linux Electron artifacts	Full correctness unit gate	2026-09-13T21:12:22.1495933Z      [33m[2m✓[22m[39m cancels after key proof without retaining verification plaintext [33m 1907[2mms[22m[39m
Build and inspect Linux Electron artifacts	Full correctness unit gate	2026-09-13T21:12:22.1496849Z      [33m[2m✓[22m[39m runs the complete independent proof off the main isolate with transferred secrets [33m 2048[2mms[22m[39m
Build and inspect Linux Electron artifacts	Full correctness unit gate	2026-09-13T21:12:22.1497800Z      [33m[2m✓[22m[39m rejects a registry-to-disk hash mismatch before creating plaintext [33m 1172[2mms[22m[39m
Build and inspect Linux Electron artifacts	Full correctness unit gate	2026-09-13T21:12:23.1890378Z  [32m✓[39m tests/unit/breadcrumb-pr6-qualification-lib.test.ts [2m([22m[2m76 tests[22m[2m)[22m[32m 123[2mms[22m[39m
Build and inspect Linux Electron artifacts	Full correctness unit gate	2026-09-13T21:12:24.4451908Z  [32m✓[39m tests/unit/mission-archive-review-operator-ui.test.tsx [2m([22m[2m19 tests[22m[2m)[22m[32m 274[2mms[22m[39m
Build and inspect Linux Electron artifacts	Full correctness unit gate	2026-09-13T21:12:25.8983722Z  [32m✓[39m tests/unit/electron-breadcrumb-query-ipc.test.ts [2m([22m[2m13 tests[22m[2m)[22m[33m 533[2mms[22m[39m
Build and inspect Linux Electron artifacts	Full correctness unit gate	2026-09-13T21:12:26.8967838Z  [32m✓[39m tests/unit/electron-mission-replay-query-ipc.test.ts [2m([22m[2m11 tests[22m[2m)[22m[32m 130[2mms[22m[39m
Build and inspect Linux Electron artifacts	Full correctness unit gate	2026-09-13T21:12:46.8444992Z  [32m✓[39m tests/unit/electron-archive-verify-semantic-attacks.test.ts [2m([22m[2m7 tests[22m[2m)[22m[33m 19014[2mms[22m[39m
Build and inspect Linux Electron artifacts	Full correctness unit gate	2026-09-13T21:12:46.8559451Z      [33m[2m✓[22m[39m rejects when the pinned live database replay diverges from the authenticated restored baseline [33m 2791[2mms[22m[39m
Build and inspect Linux Electron artifacts	Full correctness unit gate	2026-09-13T21:12:46.8564632Z      [33m[2m✓[22m[39m rejects a restored request event with the wrong mission-lifecycle meaning [33m 2690[2mms[22m[39m
Build and inspect Linux Electron artifacts	Full correctness unit gate	2026-09-13T21:12:46.8574641Z      [33m[2m✓[22m[39m rejects a re-encrypted SQLite row mutation even when its entry digest is updated [33m 2695[2mms[22m[39m
Build and inspect Linux Electron artifacts	Full correctness unit gate	2026-09-13T21:12:46.8576461Z      [33m[2m✓[22m[39m rejects self-consistent encrypted out-of-scope content in metadata [33m 2696[2mms[22m[39m
Build and inspect Linux Electron artifacts	Full correctness unit gate	2026-09-13T21:12:46.8578868Z      [33m[2m✓[22m[39m rejects self-consistent encrypted out-of-scope content in legacy_gpx_backfill_state [33m 2687[2mms[22m[39m
Build and inspect Linux Electron artifacts	Full correctness unit gate	2026-09-13T21:12:46.8580751Z      [33m[2m✓[22m[39m rejects excessive declared entries before allocating plaintext descriptors [33m 2763[2mms[22m[39m
Build and inspect Linux Electron artifacts	Full correctness unit gate	2026-09-13T21:12:46.8582595Z      [33m[2m✓[22m[39m rejects a validly encrypted extra logical entry outside the closed manifest inventory [33m 2690[2mms[22m[39m
Build and inspect Linux Electron artifacts	Full correctness unit gate	2026-09-13T21:12:47.8402482Z  [32m✓[39m tests/unit/sync-tracking-overlay.test.ts [2m([22m[2m23 tests[22m[2m)[22m[32m 74[2mms[22m[39m
Build and inspect Linux Electron artifacts	Full correctness unit gate	2026-09-13T21:12:50.4774083Z  [32m✓[39m tests/unit/exact-breadcrumb-dot-controller.test.ts [2m([22m[2m11 tests[22m[2m)[22m[33m 1710[2mms[22m[39m
Build and inspect Linux Electron artifacts	Full correctness unit gate	2026-09-13T21:12:50.4775439Z      [33m[2m✓[22m[39m refreshes the operator current earlier page without jumping back to latest [33m 1061[2mms[22m[39m
Build and inspect Linux Electron artifacts	Full correctness unit gate	2026-09-13T21:12:55.5390988Z  [32m✓[39m tests/unit/electron-archive-crypto.test.ts [2m([22m[2m40 tests[22m[2m)[22m[33m 4166[2mms[22m[39m
Build and inspect Linux Electron artifacts	Full correctness unit gate	2026-09-13T21:12:55.5392537Z      [33m[2m✓[22m[39m matches the locked v1 deterministic derivation vector [33m 392[2mms[22m[39m
Build and inspect Linux Electron artifacts	Full correctness unit gate	2026-09-13T21:12:55.5394476Z      [33m[2m✓[22m[39m clears unauthenticated candidate key bytes when authentication fails [33m 379[2mms[22m[39m
Build and inspect Linux Electron artifacts	Full correctness unit gate	2026-09-13T21:12:55.5396250Z      [33m[2m✓[22m[39m does not misclassify a crypto provider setup failure as a wrong credential [33m 374[2mms[22m[39m
Build and inspect Linux Electron artifacts	Full correctness unit gate	2026-09-13T21:12:55.5397683Z      [33m[2m✓[22m[39m serializes an explicit authenticated profile and round-trips the MAK [33m 375[2mms[22m[39m
Build and inspect Linux Electron artifacts	Full correctness unit gate	2026-09-13T21:12:55.5398640Z      [33m[2m✓[22m[39m fails with ArchiveWrongKeyError before payload access for a wrong secret [33m 379[2mms[22m[39m
Build and inspect Linux Electron artifacts	Full correctness unit gate	2026-09-13T21:12:55.5399579Z      [33m[2m✓[22m[39m authenticates the header digest and slot identity [33m 744[2mms[22m[39m
Build and inspect Linux Electron artifacts	Full correctness unit gate	2026-09-13T21:12:55.5401224Z      [33m[2m✓[22m[39m rejects wrapped-key ciphertext mutation as a wrong-key failure [33m 371[2mms[22m[39m
Build and inspect Linux Electron artifacts	Full correctness unit gate	2026-09-13T21:12:55.5403221Z      [33m[2m✓[22m[39m uses the canonical per-archive recovery code as an independent slot secret [33m 752[2mms[22m[39m
Build and inspect Linux Electron artifacts	Full correctness unit gate	2026-09-13T21:12:56.5109122Z  [32m✓[39m tests/unit/electron-release-safety.test.ts [2m([22m[2m36 tests[22m[2m)[22m[32m 40[2mms[22m[39m
Build and inspect Linux Electron artifacts	Full correctness unit gate	2026-09-13T21:12:57.5334826Z  [32m✓[39m tests/unit/breadcrumb-live-exact-proof-lib.test.ts [2m([22m[2m14 tests[22m[2m)[22m[32m 69[2mms[22m[39m
Build and inspect Linux Electron artifacts	Full correctness unit gate	2026-09-13T21:12:58.5186526Z  [32m✓[39m tests/unit/electron-archive-restore-runner.test.ts [2m([22m[2m13 tests[22m[2m)[22m[32m 72[2mms[22m[39m
Build and inspect Linux Electron artifacts	Full correctness unit gate	2026-09-13T21:12:59.4448338Z  [32m✓[39m tests/unit/electron-coverage-query.test.ts [2m([22m[2m13 tests[22m[2m)[22m[32m 36[2mms[22m[39m
Build and inspect Linux Electron artifacts	Full correctness unit gate	2026-09-13T21:13:00.3986175Z  [32m✓[39m tests/unit/electron-tracking-soak-exact-script.test.ts [2m([22m[2m15 tests[22m[2m)[22m[32m 17[2mms[22m[39m
Build and inspect Linux Electron artifacts	Full correctness unit gate	2026-09-13T21:13:01.3910012Z  [32m✓[39m tests/unit/electron-coverage-ledger.test.ts [2m([22m[2m12 tests[22m[2m)[22m[32m 75[2mms[22m[39m
Build and inspect Linux Electron artifacts	Full correctness unit gate	2026-09-13T21:13:02.3584818Z  [32m✓[39m tests/unit/electron-archive-review-ipc.test.ts [2m([22m[2m14 tests[22m[2m)[22m[32m 86[2mms[22m[39m
Build and inspect Linux Electron artifacts	Full correctness unit gate	2026-09-13T21:13:03.2782019Z  [32m✓[39m tests/unit/layer-visibility-store.test.ts [2m([22m[2m13 tests[22m[2m)[22m[32m 11[2mms[22m[39m
Build and inspect Linux Electron artifacts	Full correctness unit gate	2026-09-13T21:13:04.5625396Z [90mstderr[2m | tests/unit/tracking-status-panel.test.ts[2m > [22m[2mTrackingStatusPanel[2m > [22m[2mshows distinct loading history state only for its mission
Build and inspect Linux Electron artifacts	Full correctness unit gate	2026-09-13T21:13:04.5626762Z [22m[39mThe current testing environment is not configured to support act(...)
Build and inspect Linux Electron artifacts	Full correctness unit gate	2026-09-13T21:13:04.5627400Z The current testing environment is not configured to support act(...)
Build and inspect Linux Electron artifacts	Full correctness unit gate	2026-09-13T21:13:04.5627701Z 
Build and inspect Linux Electron artifacts	Full correctness unit gate	2026-09-13T21:13:04.5656568Z [90mstderr[2m | tests/unit/tracking-status-panel.test.ts[2m > [22m[2mTrackingStatusPanel[2m > [22m[2mshows distinct loading history state only for its mission
Build and inspect Linux Electron artifacts	Full correctness unit gate	2026-09-13T21:13:04.5659118Z [22m[39mThe current testing environment is not configured to support act(...)
Build and inspect Linux Electron artifacts	Full correctness unit gate	2026-09-13T21:13:04.5659692Z 
Build and inspect Linux Electron artifacts	Full correctness unit gate	2026-09-13T21:13:04.5717201Z [90mstderr[2m | tests/unit/tracking-status-panel.test.ts[2m > [22m[2mTrackingStatusPanel[2m > [22m[2mshows distinct complete history state only for its mission
Build and inspect Linux Electron artifacts	Full correctness unit gate	2026-09-13T21:13:04.5719374Z [22m[39mThe current testing environment is not configured to support act(...)
Build and inspect Linux Electron artifacts	Full correctness unit gate	2026-09-13T21:13:04.5720760Z The current testing environment is not configured to support act(...)
Build and inspect Linux Electron artifacts	Full correctness unit gate	2026-09-13T21:13:04.5721151Z 
Build and inspect Linux Electron artifacts	Full correctness unit gate	2026-09-13T21:13:04.5724929Z [90mstderr[2m | tests/unit/tracking-status-panel.test.ts[2m > [22m[2mTrackingStatusPanel[2m > [22m[2mshows distinct complete history state only for its mission
Build and inspect Linux Electron artifacts	Full correctness unit gate	2026-09-13T21:13:04.5727139Z [22m[39mThe current testing environment is not configured to support act(...)
Build and inspect Linux Electron artifacts	Full correctness unit gate	2026-09-13T21:13:04.5727871Z 
Build and inspect Linux Electron artifacts	Full correctness unit gate	2026-09-13T21:13:04.5781985Z [90mstderr[2m | tests/unit/tracking-status-panel.test.ts[2m > [22m[2mTrackingStatusPanel[2m > [22m[2mshows distinct failed history state only for its mission
Build and inspect Linux Electron artifacts	Full correctness unit gate	2026-09-13T21:13:04.5784260Z [22m[39mThe current testing environment is not configured to support act(...)
Build and inspect Linux Electron artifacts	Full correctness unit gate	2026-09-13T21:13:04.5784956Z The current testing environment is not configured to support act(...)
Build and inspect Linux Electron artifacts	Full correctness unit gate	2026-09-13T21:13:04.5785293Z 
Build and inspect Linux Electron artifacts	Full correctness unit gate	2026-09-13T21:13:04.5797238Z [90mstderr[2m | tests/unit/tracking-status-panel.test.ts[2m > [22m[2mTrackingStatusPanel[2m > [22m[2mshows distinct failed history state only for its mission
Build and inspect Linux Electron artifacts	Full correctness unit gate	2026-09-13T21:13:04.5798583Z [22m[39mThe current testing environment is not configured to support act(...)
Build and inspect Linux Electron artifacts	Full correctness unit gate	2026-09-13T21:13:04.5799065Z 
Build and inspect Linux Electron artifacts	Full correctness unit gate	2026-09-13T21:13:04.5945010Z [90mstderr[2m | tests/unit/tracking-status-panel.test.ts[2m > [22m[2mTrackingStatusPanel[2m > [22m[2mrenders offline tracking mode and OFFLINE MODE warning as a flashing red alert
Build and inspect Linux Electron artifacts	Full correctness unit gate	2026-09-13T21:13:04.5946789Z [22m[39mThe current testing environment is not configured to support act(...)
Build and inspect Linux Electron artifacts	Full correctness unit gate	2026-09-13T21:13:04.5947367Z 
Build and inspect Linux Electron artifacts	Full correctness unit gate	2026-09-13T21:13:04.5950298Z [90mstderr[2m | tests/unit/tracking-status-panel.test.ts[2m > [22m[2mTrackingStatusPanel[2m > [22m[2mrenders offline tracking mode and OFFLINE MODE warning as a flashing red alert
Build and inspect Linux Electron artifacts	Full correctness unit gate	2026-09-13T21:13:04.5951606Z [22m[39mThe current testing environment is not configured to support act(...)
Build and inspect Linux Electron artifacts	Full correctness unit gate	2026-09-13T21:13:04.5952148Z 
Build and inspect Linux Electron artifacts	Full correctness unit gate	2026-09-13T21:13:04.5992391Z [90mstderr[2m | tests/unit/tracking-status-panel.test.ts[2m > [22m[2mTrackingStatusPanel[2m > [22m[2mshows Last success as a complete local operator timestamp [DON-267]
Build and inspect Linux Electron artifacts	Full correctness unit gate	2026-09-13T21:13:04.5994894Z [22m[39mThe current testing environment is not configured to support act(...)
Build and inspect Linux Electron artifacts	Full correctness unit gate	2026-09-13T21:13:04.5995355Z 
Build and inspect Linux Electron artifacts	Full correctness unit gate	2026-09-13T21:13:04.6001229Z [90mstderr[2m | tests/unit/tracking-status-panel.test.ts[2m > [22m[2mTrackingStatusPanel[2m > [22m[2mshows Last success as a complete local operator timestamp [DON-267]
Build and inspect Linux Electron artifacts	Full correctness unit gate	2026-09-13T21:13:04.6003384Z [22m[39mThe current testing environment is not configured to support act(...)
Build and inspect Linux Electron artifacts	Full correctness unit gate	2026-09-13T21:13:04.6003973Z 
Build and inspect Linux Electron artifacts	Full correctness unit gate	2026-09-13T21:13:04.6053339Z [90mstderr[2m | tests/unit/tracking-status-panel.test.ts[2m > [22m[2mTrackingStatusPanel[2m > [22m[2mrenders paused live-refresh suspension as a flashing red alert even while mode is idle
Build and inspect Linux Electron artifacts	Full correctness unit gate	2026-09-13T21:13:04.6054530Z [22m[39mThe current testing environment is not configured to support act(...)
Build and inspect Linux Electron artifacts	Full correctness unit gate	2026-09-13T21:13:04.6054860Z 
Build and inspect Linux Electron artifacts	Full correctness unit gate	2026-09-13T21:13:04.6059586Z [90mstderr[2m | tests/unit/tracking-status-panel.test.ts[2m > [22m[2mTrackingStatusPanel[2m > [22m[2mrenders paused live-refresh suspension as a flashing red alert even while mode is idle
Build and inspect Linux Electron artifacts	Full correctness unit gate	2026-09-13T21:13:04.6060703Z [22m[39mThe current testing environment is not configured to support act(...)
Build and inspect Linux Electron artifacts	Full correctness unit gate	2026-09-13T21:13:04.6061024Z 
Build and inspect Linux Electron artifacts	Full correctness unit gate	2026-09-13T21:13:04.6127756Z [90mstderr[2m | tests/unit/tracking-status-panel.test.ts[2m > [22m[2mTrackingStatusPanel[2m > [22m[2mshows rejected-row and unverified-fix-time warnings while retaining valid fixes [DON-267]
Build and inspect Linux Electron artifacts	Full correctness unit gate	2026-09-13T21:13:04.6130981Z [22m[39mThe current testing environment is not configured to support act(...)
Build and inspect Linux Electron artifacts	Full correctness unit gate	2026-09-13T21:13:04.6131915Z 
Build and inspect Linux Electron artifacts	Full correctness unit gate	2026-09-13T21:13:04.6134696Z [90mstderr[2m | tests/unit/tracking-status-panel.test.ts[2m > [22m[2mTrackingStatusPanel[2m > [22m[2mshows rejected-row and unverified-fix-time warnings while retaining valid fixes [DON-267]
Build and inspect Linux Electron artifacts	Full correctness unit gate	2026-09-13T21:13:04.6136072Z [22m[39mThe current testing environment is not configured to support act(...)
Build and inspect Linux Electron artifacts	Full correctness unit gate	2026-09-13T21:13:04.6136477Z 
Build and inspect Linux Electron artifacts	Full correctness unit gate	2026-09-13T21:13:04.6179667Z [90mstderr[2m | tests/unit/tracking-status-panel.test.ts[2m > [22m[2mTrackingStatusPanel[2m > [22m[2midentifies unprovable legacy cache provenance without treating it as canonical fixTime [DON-267]
Build and inspect Linux Electron artifacts	Full correctness unit gate	2026-09-13T21:13:04.6181073Z [22m[39mThe current testing environment is not configured to support act(...)
Build and inspect Linux Electron artifacts	Full correctness unit gate	2026-09-13T21:13:04.6181503Z 
Build and inspect Linux Electron artifacts	Full correctness unit gate	2026-09-13T21:13:04.6185504Z [90mstderr[2m | tests/unit/tracking-status-panel.test.ts[2m > [22m[2mTrackingStatusPanel[2m > [22m[2midentifies unprovable legacy cache provenance without treating it as canonical fixTime [DON-267]
Build and inspect Linux Electron artifacts	Full correctness unit gate	2026-09-13T21:13:04.6186935Z [22m[39mThe current testing environment is not configured to support act(...)
Build and inspect Linux Electron artifacts	Full correctness unit gate	2026-09-13T21:13:04.6187254Z 
Build and inspect Linux Electron artifacts	Full correctness unit gate	2026-09-13T21:13:04.6269398Z [90mstderr[2m | tests/unit/tracking-status-panel.test.ts[2m > [22m[2mTrackingStatusPanel[2m > [22m[2mshows persistent degraded evidence health and first-accepted conflict truth [DON-268]
Build and inspect Linux Electron artifacts	Full correctness unit gate	2026-09-13T21:13:04.6271385Z [22m[39mThe current testing environment is not configured to support act(...)
Build and inspect Linux Electron artifacts	Full correctness unit gate	2026-09-13T21:13:04.6271971Z 
Build and inspect Linux Electron artifacts	Full correctness unit gate	2026-09-13T21:13:04.6275869Z [90mstderr[2m | tests/unit/tracking-status-panel.test.ts[2m > [22m[2mTrackingStatusPanel[2m > [22m[2mshows persistent degraded evidence health and first-accepted conflict truth [DON-268]
Build and inspect Linux Electron artifacts	Full correctness unit gate	2026-09-13T21:13:04.6277010Z [22m[39mThe current testing environment is not configured to support act(...)
Build and inspect Linux Electron artifacts	Full correctness unit gate	2026-09-13T21:13:04.6277330Z 
Build and inspect Linux Electron artifacts	Full correctness unit gate	2026-09-13T21:13:04.6312962Z [90mstderr[2m | tests/unit/tracking-status-panel.test.ts[2m > [22m[2mTrackingStatusPanel[2m > [22m[2mdescribes renderer-held rejection evidence as pending save, not storage repair [DON-276]
Build and inspect Linux Electron artifacts	Full correctness unit gate	2026-09-13T21:13:04.6314157Z [22m[39mThe current testing environment is not configured to support act(...)
Build and inspect Linux Electron artifacts	Full correctness unit gate	2026-09-13T21:13:04.6314495Z 
Build and inspect Linux Electron artifacts	Full correctness unit gate	2026-09-13T21:13:04.6318663Z [90mstderr[2m | tests/unit/tracking-status-panel.test.ts[2m > [22m[2mTrackingStatusPanel[2m > [22m[2mdescribes renderer-held rejection evidence as pending save, not storage repair [DON-276]
Build and inspect Linux Electron artifacts	Full correctness unit gate	2026-09-13T21:13:04.6319755Z [22m[39mThe current testing environment is not configured to support act(...)
Build and inspect Linux Electron artifacts	Full correctness unit gate	2026-09-13T21:13:04.6320063Z 
Build and inspect Linux Electron artifacts	Full correctness unit gate	2026-09-13T21:13:04.6353270Z [90mstderr[2m | tests/unit/tracking-status-panel.test.ts[2m > [22m[2mTrackingStatusPanel[2m > [22m[2mdescribes renderer teardown evidence loss as a persistent safety blocker [DON-276]
Build and inspect Linux Electron artifacts	Full correctness unit gate	2026-09-13T21:13:04.6354665Z [22m[39mThe current testing environment is not configured to support act(...)
Build and inspect Linux Electron artifacts	Full correctness unit gate	2026-09-13T21:13:04.6355074Z 
Build and inspect Linux Electron artifacts	Full correctness unit gate	2026-09-13T21:13:04.6358251Z [90mstderr[2m | tests/unit/tracking-status-panel.test.ts[2m > [22m[2mTrackingStatusPanel[2m > [22m[2mdescribes renderer teardown evidence loss as a persistent safety blocker [DON-276]
Build and inspect Linux Electron artifacts	Full correctness unit gate	2026-09-13T21:13:04.6359578Z [22m[39mThe current testing environment is not configured to support act(...)
Build and inspect Linux Electron artifacts	Full correctness unit gate	2026-09-13T21:13:04.6359973Z 
Build and inspect Linux Electron artifacts	Full correctness unit gate	2026-09-13T21:13:04.6396497Z [90mstderr[2m | tests/unit/tracking-status-panel.test.ts[2m > [22m[2mTrackingStatusPanel[2m > [22m[2mkeeps acknowledged evidence loss visible without falsely saying archive is blocked [DON-276]
Build and inspect Linux Electron artifacts	Full correctness unit gate	2026-09-13T21:13:04.6398444Z [22m[39mThe current testing environment is not configured to support act(...)
Build and inspect Linux Electron artifacts	Full correctness unit gate	2026-09-13T21:13:04.6399170Z 
Build and inspect Linux Electron artifacts	Full correctness unit gate	2026-09-13T21:13:04.6401534Z [90mstderr[2m | tests/unit/tracking-status-panel.test.ts[2m > [22m[2mTrackingStatusPanel[2m > [22m[2mkeeps acknowledged evidence loss visible without falsely saying archive is blocked [DON-276]
Build and inspect Linux Electron artifacts	Full correctness unit gate	2026-09-13T21:13:04.6404469Z [22m[39mThe current testing environment is not configured to support act(...)
Build and inspect Linux Electron artifacts	Full correctness unit gate	2026-09-13T21:13:04.6405052Z 
Build and inspect Linux Electron artifacts	Full correctness unit gate	2026-09-13T21:13:04.6444013Z [90mstderr[2m | tests/unit/tracking-status-panel.test.ts[2m > [22m[2mTrackingStatusPanel[2m > [22m[2mdoes not project an older governance loss onto a recoverable active mission [DON-276]
Build and inspect Linux Electron artifacts	Full correctness unit gate	2026-09-13T21:13:04.6446182Z [22m[39mThe current testing environment is not configured to support act(...)
Build and inspect Linux Electron artifacts	Full correctness unit gate	2026-09-13T21:13:04.6446830Z 
Build and inspect Linux Electron artifacts	Full correctness unit gate	2026-09-13T21:13:04.6448615Z [90mstderr[2m | tests/unit/tracking-status-panel.test.ts[2m > [22m[2mTrackingStatusPanel[2m > [22m[2mdoes not project an older governance loss onto a recoverable active mission [DON-276]
Build and inspect Linux Electron artifacts	Full correctness unit gate	2026-09-13T21:13:04.6450712Z [22m[39mThe current testing environment is not configured to support act(...)
Build and inspect Linux Electron artifacts	Full correctness unit gate	2026-09-13T21:13:04.6451316Z 
Build and inspect Linux Electron artifacts	Full correctness unit gate	2026-09-13T21:13:04.6486245Z [90mstderr[2m | tests/unit/tracking-status-panel.test.ts[2m > [22m[2mTrackingStatusPanel[2m > [22m[2msummarizes stationary attention without declaring an emergency [DON-269]
Build and inspect Linux Electron artifacts	Full correctness unit gate	2026-09-13T21:13:04.6489153Z [22m[39mThe current testing environment is not configured to support act(...)
Build and inspect Linux Electron artifacts	Full correctness unit gate	2026-09-13T21:13:04.6490013Z 
Build and inspect Linux Electron artifacts	Full correctness unit gate	2026-09-13T21:13:04.6492272Z [90mstderr[2m | tests/unit/tracking-status-panel.test.ts[2m > [22m[2mTrackingStatusPanel[2m > [22m[2msummarizes stationary attention without declaring an emergency [DON-269]
Build and inspect Linux Electron artifacts	Full correctness unit gate	2026-09-13T21:13:04.6494353Z [22m[39mThe current testing environment is not configured to support act(...)
Build and inspect Linux Electron artifacts	Full correctness unit gate	2026-09-13T21:13:04.6494701Z 
Build and inspect Linux Electron artifacts	Full correctness unit gate	2026-09-13T21:13:04.6529872Z [90mstderr[2m | tests/unit/tracking-status-panel.test.ts[2m > [22m[2mTrackingStatusPanel[2m > [22m[2mmakes a bounded whole-route trail explicit without implying stored data loss [DON-260]
Build and inspect Linux Electron artifacts	Full correctness unit gate	2026-09-13T21:13:04.6531076Z [22m[39mThe current testing environment is not configured to support act(...)
Build and inspect Linux Electron artifacts	Full correctness unit gate	2026-09-13T21:13:04.6531698Z 
Build and inspect Linux Electron artifacts	Full correctness unit gate	2026-09-13T21:13:04.6534262Z [90mstderr[2m | tests/unit/tracking-status-panel.test.ts[2m > [22m[2mTrackingStatusPanel[2m > [22m[2mmakes a bounded whole-route trail explicit without implying stored data loss [DON-260]
Build and inspect Linux Electron artifacts	Full correctness unit gate	2026-09-13T21:13:04.6535533Z [22m[39mThe current testing environment is not configured to support act(...)
Build and inspect Linux Electron artifacts	Full correctness unit gate	2026-09-13T21:13:04.6535895Z 
Build and inspect Linux Electron artifacts	Full correctness unit gate	2026-09-13T21:13:04.6567841Z [90mstderr[2m | tests/unit/tracking-status-panel.test.ts[2m > [22m[2mTrackingStatusPanel[2m > [22m[2mdoes not invent a 25-metre guarantee for legacy display metadata
Build and inspect Linux Electron artifacts	Full correctness unit gate	2026-09-13T21:13:04.6568880Z [22m[39mThe current testing environment is not configured to support act(...)
Build and inspect Linux Electron artifacts	Full correctness unit gate	2026-09-13T21:13:04.6571550Z 
Build and inspect Linux Electron artifacts	Full correctness unit gate	2026-09-13T21:13:04.6572564Z [90mstderr[2m | tests/unit/tracking-status-panel.test.ts[2m > [22m[2mTrackingStatusPanel[2m > [22m[2mdoes not invent a 25-metre guarantee for legacy display metadata
Build and inspect Linux Electron artifacts	Full correctness unit gate	2026-09-13T21:13:04.6574044Z [22m[39mThe current testing environment is not configured to support act(...)
Build and inspect Linux Electron artifacts	Full correctness unit gate	2026-09-13T21:13:04.6574370Z 
Build and inspect Linux Electron artifacts	Full correctness unit gate	2026-09-13T21:13:04.6609048Z [90mstderr[2m | tests/unit/tracking-status-panel.test.ts[2m > [22m[2mTrackingStatusPanel[2m > [22m[2mstates the achieved bound when route complexity exceeds the 25-metre target
Build and inspect Linux Electron artifacts	Full correctness unit gate	2026-09-13T21:13:04.6611431Z [22m[39mThe current testing environment is not configured to support act(...)
Build and inspect Linux Electron artifacts	Full correctness unit gate	2026-09-13T21:13:04.6612521Z 
Build and inspect Linux Electron artifacts	Full correctness unit gate	2026-09-13T21:13:04.6615506Z [90mstderr[2m | tests/unit/tracking-status-panel.test.ts[2m > [22m[2mTrackingStatusPanel[2m > [22m[2mstates the achieved bound when route complexity exceeds the 25-metre target
Build and inspect Linux Electron artifacts	Full correctness unit gate	2026-09-13T21:13:04.6617795Z [22m[39mThe current testing environment is not configured to support act(...)
Build and inspect Linux Electron artifacts	Full correctness unit gate	2026-09-13T21:13:04.6618496Z 
Build and inspect Linux Electron artifacts	Full correctness unit gate	2026-09-13T21:13:04.6683352Z [90mstderr[2m | tests/unit/tracking-status-panel.test.ts[2m > [22m[2mTrackingStatusPanel[2m > [22m[2mshows exact-dot paging in dots mode without presenting the line simplification warning as dot semantics
Build and inspect Linux Electron artifacts	Full correctness unit gate	2026-09-13T21:13:04.6686350Z [22m[39mThe current testing environment is not configured to support act(...)
Build and inspect Linux Electron artifacts	Full correctness unit gate	2026-09-13T21:13:04.6687387Z 
Build and inspect Linux Electron artifacts	Full correctness unit gate	2026-09-13T21:13:04.6689322Z [90mstderr[2m | tests/unit/tracking-status-panel.test.ts[2m > [22m[2mTrackingStatusPanel[2m > [22m[2mshows exact-dot paging in dots mode without presenting the line simplification warning as dot semantics
Build and inspect Linux Electron artifacts	Full correctness unit gate	2026-09-13T21:13:04.6691098Z [22m[39mThe current testing environment is not configured to support act(...)
Build and inspect Linux Electron artifacts	Full correctness unit gate	2026-09-13T21:13:04.6691720Z 
Build and inspect Linux Electron artifacts	Full correctness unit gate	2026-09-13T21:13:04.6724129Z [90mstderr[2m | tests/unit/tracking-status-panel.test.ts[2m > [22m[2mTrackingStatusPanel[2m > [22m[2mkeeps line simplification and route-error disclosure unchanged in line mode
Build and inspect Linux Electron artifacts	Full correctness unit gate	2026-09-13T21:13:04.6725289Z [22m[39mThe current testing environment is not configured to support act(...)
Build and inspect Linux Electron artifacts	Full correctness unit gate	2026-09-13T21:13:04.6725620Z 
Build and inspect Linux Electron artifacts	Full correctness unit gate	2026-09-13T21:13:04.6729608Z [90mstderr[2m | tests/unit/tracking-status-panel.test.ts[2m > [22m[2mTrackingStatusPanel[2m > [22m[2mkeeps line simplification and route-error disclosure unchanged in line mode
Build and inspect Linux Electron artifacts	Full correctness unit gate	2026-09-13T21:13:04.6731168Z [22m[39mThe current testing environment is not configured to support act(...)
Build and inspect Linux Electron artifacts	Full correctness unit gate	2026-09-13T21:13:04.6731589Z 
Build and inspect Linux Electron artifacts	Full correctness unit gate	2026-09-13T21:13:04.6778475Z [90mstderr[2m | tests/unit/tracking-status-panel.test.ts[2m > [22m[2mTrackingStatusPanel[2m > [22m[2mnever shows coverage status retained from the previous mission [DON-275]
Build and inspect Linux Electron artifacts	Full correctness unit gate	2026-09-13T21:13:04.6780822Z [22m[39mThe current testing environment is not configured to support act(...)
Build and inspect Linux Electron artifacts	Full correctness unit gate	2026-09-13T21:13:04.6781729Z 
Build and inspect Linux Electron artifacts	Full correctness unit gate	2026-09-13T21:13:04.6796677Z [90mstderr[2m | tests/unit/tracking-status-panel.test.ts[2m > [22m[2mTrackingStatusPanel[2m > [22m[2mnever shows coverage status retained from the previous mission [DON-275]
Build and inspect Linux Electron artifacts	Full correctness unit gate	2026-09-13T21:13:04.6798227Z [22m[39mThe current testing environment is not configured to support act(...)
Build and inspect Linux Electron artifacts	Full correctness unit gate	2026-09-13T21:13:04.6798750Z 
Build and inspect Linux Electron artifacts	Full correctness unit gate	2026-09-13T21:13:04.6825913Z  [32m✓[39m tests/unit/tracking-status-panel.test.ts [2m([22m[2m20 tests[22m[2m)[22m[32m 168[2mms[22m[39m
Build and inspect Linux Electron artifacts	Full correctness unit gate	2026-09-13T21:13:05.7279706Z [90mstderr[2m | tests/unit/use-mission-control-view-model.test.ts[2m > [22m[2museMissionControlViewModel[2m > [22m[2mkeeps roster failure separate and clears it on successful retry
Build and inspect Linux Electron artifacts	Full correctness unit gate	2026-09-13T21:13:05.7282867Z [22m[39mThe current testing environment is not configured to support act(...)
Build and inspect Linux Electron artifacts	Full correctness unit gate	2026-09-13T21:13:05.7284396Z The current testing environment is not configured to support act(...)
Build and inspect Linux Electron artifacts	Full correctness unit gate	2026-09-13T21:13:05.7285284Z 
Build and inspect Linux Electron artifacts	Full correctness unit gate	2026-09-13T21:13:05.7304110Z [90mstderr[2m | tests/unit/use-mission-control-view-model.test.ts[2m > [22m[2museMissionControlViewModel[2m > [22m[2mkeeps roster failure separate and clears it on successful retry
Build and inspect Linux Electron artifacts	Full correctness unit gate	2026-09-13T21:13:05.7305588Z [22m[39mThe current testing environment is not configured to support act(...)
Build and inspect Linux Electron artifacts	Full correctness unit gate	2026-09-13T21:13:05.7305977Z 
Build and inspect Linux Electron artifacts	Full correctness unit gate	2026-09-13T21:13:05.7309916Z [90mstderr[2m | tests/unit/use-mission-control-view-model.test.ts[2m > [22m[2museMissionControlViewModel[2m > [22m[2mkeeps roster failure separate and clears it on successful retry
Build and inspect Linux Electron artifacts	Full correctness unit gate	2026-09-13T21:13:05.7311137Z [22m[39mThe current testing environment is not configured to support act(...)
Build and inspect Linux Electron artifacts	Full correctness unit gate	2026-09-13T21:13:05.7311486Z 
Build and inspect Linux Electron artifacts	Full correctness unit gate	2026-09-13T21:13:05.7321046Z [90mstderr[2m | tests/unit/use-mission-control-view-model.test.ts[2m > [22m[2museMissionControlViewModel[2m > [22m[2mkeeps roster failure separate and clears it on successful retry
Build and inspect Linux Electron artifacts	Full correctness unit gate	2026-09-13T21:13:05.7322162Z [22m[39mThe current testing environment is not configured to support act(...)
Build and inspect Linux Electron artifacts	Full correctness unit gate	2026-09-13T21:13:05.7322491Z 
Build and inspect Linux Electron artifacts	Full correctness unit gate	2026-09-13T21:13:05.7331222Z [90mstderr[2m | tests/unit/use-mission-control-view-model.test.ts[2m > [22m[2museMissionControlViewModel[2m > [22m[2mkeeps roster failure separate and clears it on successful retry
Build and inspect Linux Electron artifacts	Full correctness unit gate	2026-09-13T21:13:05.7332391Z [22m[39mThe current testing environment is not configured to support act(...)
Build and inspect Linux Electron artifacts	Full correctness unit gate	2026-09-13T21:13:05.7333043Z 
Build and inspect Linux Electron artifacts	Full correctness unit gate	2026-09-13T21:13:05.7336424Z [90mstderr[2m | tests/unit/use-mission-control-view-model.test.ts[2m > [22m[2museMissionControlViewModel[2m > [22m[2mkeeps roster failure separate and clears it on successful retry
Build and inspect Linux Electron artifacts	Full correctness unit gate	2026-09-13T21:13:05.7337522Z [22m[39mThe current testing environment is not configured to support act(...)
Build and inspect Linux Electron artifacts	Full correctness unit gate	2026-09-13T21:13:05.7338398Z The current testing environment is not configured to support act(...)
Build and inspect Linux Electron artifacts	Full correctness unit gate	2026-09-13T21:13:05.7338958Z The current testing environment is not configured to support act(...)
Build and inspect Linux Electron artifacts	Full correctness unit gate	2026-09-13T21:13:05.7339233Z 
Build and inspect Linux Electron artifacts	Full correctness unit gate	2026-09-13T21:13:05.7370225Z [90mstderr[2m | tests/unit/use-mission-control-view-model.test.ts[2m > [22m[2museMissionControlViewModel[2m > [22m[2mkeeps roster failure separate and clears it on successful retry
Build and inspect Linux Electron artifacts	Full correctness unit gate	2026-09-13T21:13:05.7371574Z [22m[39mThe current testing environment is not configured to support act(...)
Build and inspect Linux Electron artifacts	Full correctness unit gate	2026-09-13T21:13:05.7371964Z 
Build and inspect Linux Electron artifacts	Full correctness unit gate	2026-09-13T21:13:05.7404464Z [90mstderr[2m | tests/unit/use-mission-control-view-model.test.ts[2m > [22m[2museMissionControlViewModel[2m > [22m[2msuccessful roster loading does not erase an unrelated mission action failure
Build and inspect Linux Electron artifacts	Full correctness unit gate	2026-09-13T21:13:05.7405952Z [22m[39mThe current testing environment is not configured to support act(...)
Build and inspect Linux Electron artifacts	Full correctness unit gate	2026-09-13T21:13:05.7406351Z 
Build and inspect Linux Electron artifacts	Full correctness unit gate	2026-09-13T21:13:05.7407569Z [90mstderr[2m | tests/unit/use-mission-control-view-model.test.ts[2m > [22m[2museMissionControlViewModel[2m > [22m[2msuccessful roster loading does not erase an unrelated mission action failure
Build and inspect Linux Electron artifacts	Full correctness unit gate	2026-09-13T21:13:05.7409235Z [22m[39mThe current testing environment is not configured to support act(...)
Build and inspect Linux Electron artifacts	Full correctness unit gate	2026-09-13T21:13:05.7409635Z 
Build and inspect Linux Electron artifacts	Full correctness unit gate	2026-09-13T21:13:05.7415846Z [90mstderr[2m | tests/unit/use-mission-control-view-model.test.ts[2m > [22m[2museMissionControlViewModel[2m > [22m[2msuccessful roster loading does not erase an unrelated mission action failure
Build and inspect Linux Electron artifacts	Full correctness unit gate	2026-09-13T21:13:05.7417290Z [22m[39mThe current testing environment is not configured to support act(...)
Build and inspect Linux Electron artifacts	Full correctness unit gate	2026-09-13T21:13:05.7417704Z 
Build and inspect Linux Electron artifacts	Full correctness unit gate	2026-09-13T21:13:05.7422499Z [90mstderr[2m | tests/unit/use-mission-control-view-model.test.ts[2m > [22m[2museMissionControlViewModel[2m > [22m[2msuccessful roster loading does not erase an unrelated mission action failure
Build and inspect Linux Electron artifacts	Full correctness unit gate	2026-09-13T21:13:05.7424195Z [22m[39mThe current testing environment is not configured to support act(...)
Build and inspect Linux Electron artifacts	Full correctness unit gate	2026-09-13T21:13:05.7424550Z 
Build and inspect Linux Electron artifacts	Full correctness unit gate	2026-09-13T21:13:05.7425542Z [90mstderr[2m | tests/unit/use-mission-control-view-model.test.ts[2m > [22m[2museMissionControlViewModel[2m > [22m[2msuccessful roster loading does not erase an unrelated mission action failure
Build and inspect Linux Electron artifacts	Full correctness unit gate	2026-09-13T21:13:05.7426619Z [22m[39mThe current testing environment is not configured to support act(...)
Build and inspect Linux Electron artifacts	Full correctness unit gate	2026-09-13T21:13:05.7427192Z The current testing environment is not configured to support act(...)
Build and inspect Linux Electron artifacts	Full correctness unit gate	2026-09-13T21:13:05.7427728Z The current testing environment is not configured to support act(...)
Build and inspect Linux Electron artifacts	Full correctness unit gate	2026-09-13T21:13:05.7428002Z 
Build and inspect Linux Electron artifacts	Full correctness unit gate	2026-09-13T21:13:05.7435045Z [90mstderr[2m | tests/unit/use-mission-control-view-model.test.ts[2m > [22m[2museMissionControlViewModel[2m > [22m[2msuccessful roster loading does not erase an unrelated mission action failure
Build and inspect Linux Electron artifacts	Full correctness unit gate	2026-09-13T21:13:05.7436197Z [22m[39mThe current testing environment is not configured to support act(...)
Build and inspect Linux Electron artifacts	Full correctness unit gate	2026-09-13T21:13:05.7436527Z 
Build and inspect Linux Electron artifacts	Full correctness unit gate	2026-09-13T21:13:05.7451403Z [90mstderr[2m | tests/unit/use-mission-control-view-model.test.ts[2m > [22m[2museMissionControlViewModel[2m > [22m[2mretries roster loading when a failed dialog is closed and reopened
Build and inspect Linux Electron artifacts	Full correctness unit gate	2026-09-13T21:13:05.7452524Z [22m[39mThe current testing environment is not configured to support act(...)
Build and inspect Linux Electron artifacts	Full correctness unit gate	2026-09-13T21:13:05.7453467Z The current testing environment is not configured to support act(...)
Build and inspect Linux Electron artifacts	Full correctness unit gate	2026-09-13T21:13:05.7454037Z 
Build and inspect Linux Electron artifacts	Full correctness unit gate	2026-09-13T21:13:05.7456214Z [90mstderr[2m | tests/unit/use-mission-control-view-model.test.ts[2m > [22m[2museMissionControlViewModel[2m > [22m[2mretries roster loading when a failed dialog is closed and reopened
Build and inspect Linux Electron artifacts	Full correctness unit gate	2026-09-13T21:13:05.7457355Z [22m[39mThe current testing environment is not configured to support act(...)
Build and inspect Linux Electron artifacts	Full correctness unit gate	2026-09-13T21:13:05.7457667Z 
Build and inspect Linux Electron artifacts	Full correctness unit gate	2026-09-13T21:13:05.7458578Z [90mstderr[2m | tests/unit/use-mission-control-view-model.test.ts[2m > [22m[2museMissionControlViewModel[2m > [22m[2mretries roster loading when a failed dialog is closed and reopened
Build and inspect Linux Electron artifacts	Full correctness unit gate	2026-09-13T21:13:05.7459615Z [22m[39mThe current testing environment is not configured to support act(...)
Build and inspect Linux Electron artifacts	Full correctness unit gate	2026-09-13T21:13:05.7460179Z 
Build and inspect Linux Electron artifacts	Full correctness unit gate	2026-09-13T21:13:05.7465302Z [90mstderr[2m | tests/unit/use-mission-control-view-model.test.ts[2m > [22m[2museMissionControlViewModel[2m > [22m[2mretries roster loading when a failed dialog is closed and reopened
Build and inspect Linux Electron artifacts	Full correctness unit gate	2026-09-13T21:13:05.7466437Z [22m[39mThe current testing environment is not configured to support act(...)
Build and inspect Linux Electron artifacts	Full correctness unit gate	2026-09-13T21:13:05.7467165Z The current testing environment is not configured to support act(...)
Build and inspect Linux Electron artifacts	Full correctness unit gate	2026-09-13T21:13:05.7467723Z 
Build and inspect Linux Electron artifacts	Full correctness unit gate	2026-09-13T21:13:05.7469789Z [90mstderr[2m | tests/unit/use-mission-control-view-model.test.ts[2m > [22m[2museMissionControlViewModel[2m > [22m[2mretries roster loading when a failed dialog is closed and reopened
Build and inspect Linux Electron artifacts	Full correctness unit gate	2026-09-13T21:13:05.7471059Z [22m[39mThe current testing environment is not configured to support act(...)
Build and inspect Linux Electron artifacts	Full correctness unit gate	2026-09-13T21:13:05.7471382Z 
Build and inspect Linux Electron artifacts	Full correctness unit gate	2026-09-13T21:13:05.7472311Z [90mstderr[2m | tests/unit/use-mission-control-view-model.test.ts[2m > [22m[2museMissionControlViewModel[2m > [22m[2mretries roster loading when a failed dialog is closed and reopened
Build and inspect Linux Electron artifacts	Full correctness unit gate	2026-09-13T21:13:05.7473956Z [22m[39mThe current testing environment is not configured to support act(...)
Build and inspect Linux Electron artifacts	Full correctness unit gate	2026-09-13T21:13:05.7474549Z The current testing environment is not configured to support act(...)
Build and inspect Linux Electron artifacts	Full correctness unit gate	2026-09-13T21:13:05.7475086Z The current testing environment is not configured to support act(...)
Build and inspect Linux Electron artifacts	Full correctness unit gate	2026-09-13T21:13:05.7475367Z 
Build and inspect Linux Electron artifacts	Full correctness unit gate	2026-09-13T21:13:05.7483244Z [90mstderr[2m | tests/unit/use-mission-control-view-model.test.ts[2m > [22m[2museMissionControlViewModel[2m > [22m[2mretries roster loading when a failed dialog is closed and reopened
Build and inspect Linux Electron artifacts	Full correctness unit gate	2026-09-13T21:13:05.7484359Z [22m[39mThe current testing environment is not configured to support act(...)
Build and inspect Linux Electron artifacts	Full correctness unit gate	2026-09-13T21:13:05.7484680Z 
Build and inspect Linux Electron artifacts	Full correctness unit gate	2026-09-13T21:13:05.7502902Z [90mstderr[2m | tests/unit/use-mission-control-view-model.test.ts[2m > [22m[2museMissionControlViewModel[2m > [22m[2mrequires duplicate mission-name acknowledgement before starting a conflicting mission
Build and inspect Linux Electron artifacts	Full correctness unit gate	2026-09-13T21:13:05.7504231Z [22m[39mThe current testing environment is not configured to support act(...)
Build and inspect Linux Electron artifacts	Full correctness unit gate	2026-09-13T21:13:05.7504808Z The current testing environment is not configured to support act(...)
Build and inspect Linux Electron artifacts	Full correctness unit gate	2026-09-13T21:13:05.7505335Z The current testing environment is not configured to support act(...)
Build and inspect Linux Electron artifacts	Full correctness unit gate	2026-09-13T21:13:05.7505859Z The current testing environment is not configured to support act(...)
Build and inspect Linux Electron artifacts	Full correctness unit gate	2026-09-13T21:13:05.7506375Z The current testing environment is not configured to support act(...)
Build and inspect Linux Electron artifacts	Full correctness unit gate	2026-09-13T21:13:05.7506889Z The current testing environment is not configured to support act(...)
Build and inspect Linux Electron artifacts	Full correctness unit gate	2026-09-13T21:13:05.7507405Z The current testing environment is not configured to support act(...)
Build and inspect Linux Electron artifacts	Full correctness unit gate	2026-09-13T21:13:05.7507673Z 
Build and inspect Linux Electron artifacts	Full correctness unit gate	2026-09-13T21:13:05.7508687Z [90mstderr[2m | tests/unit/use-mission-control-view-model.test.ts[2m > [22m[2museMissionControlViewModel[2m > [22m[2mrequires duplicate mission-name acknowledgement before starting a conflicting mission
Build and inspect Linux Electron artifacts	Full correctness unit gate	2026-09-13T21:13:05.7510462Z [22m[39mThe current testing environment is not configured to support act(...)
Build and inspect Linux Electron artifacts	Full correctness unit gate	2026-09-13T21:13:05.7511413Z The current testing environment is not configured to support act(...)
Build and inspect Linux Electron artifacts	Full correctness unit gate	2026-09-13T21:13:05.7511713Z 
Build and inspect Linux Electron artifacts	Full correctness unit gate	2026-09-13T21:13:05.7513140Z [90mstderr[2m | tests/unit/use-mission-control-view-model.test.ts[2m > [22m[2museMissionControlViewModel[2m > [22m[2mrequires duplicate mission-name acknowledgement before starting a conflicting mission
Build and inspect Linux Electron artifacts	Full correctness unit gate	2026-09-13T21:13:05.7514269Z [22m[39mThe current testing environment is not configured to support act(...)
Build and inspect Linux Electron artifacts	Full correctness unit gate	2026-09-13T21:13:05.7514828Z The current testing environment is not configured to support act(...)
Build and inspect Linux Electron artifacts	Full correctness unit gate	2026-09-13T21:13:05.7515108Z 
Build and inspect Linux Electron artifacts	Full correctness unit gate	2026-09-13T21:13:05.7518648Z [90mstderr[2m | tests/unit/use-mission-control-view-model.test.ts[2m > [22m[2museMissionControlViewModel[2m > [22m[2mrequires duplicate mission-name acknowledgement before starting a conflicting mission
Build and inspect Linux Electron artifacts	Full correctness unit gate	2026-09-13T21:13:05.7519829Z [22m[39mThe current testing environment is not configured to support act(...)
Build and inspect Linux Electron artifacts	Full correctness unit gate	2026-09-13T21:13:05.7520690Z The current testing environment is not configured to support act(...)
Build and inspect Linux Electron artifacts	Full correctness unit gate	2026-09-13T21:13:05.7521240Z The current testing environment is not configured to support act(...)
Build and inspect Linux Electron artifacts	Full correctness unit gate	2026-09-13T21:13:05.7521764Z The current testing environment is not configured to support act(...)
Build and inspect Linux Electron artifacts	Full correctness unit gate	2026-09-13T21:13:05.7522278Z The current testing environment is not configured to support act(...)
Build and inspect Linux Electron artifacts	Full correctness unit gate	2026-09-13T21:13:05.7522553Z 
Build and inspect Linux Electron artifacts	Full correctness unit gate	2026-09-13T21:13:05.7538020Z [90mstderr[2m | tests/unit/use-mission-control-view-model.test.ts[2m > [22m[2museMissionControlViewModel[2m > [22m[2mrequires duplicate mission-name acknowledgement before starting a conflicting mission
Build and inspect Linux Electron artifacts	Full correctness unit gate	2026-09-13T21:13:05.7540066Z [22m[39mThe current testing environment is not configured to support act(...)
Build and inspect Linux Electron artifacts	Full correctness unit gate	2026-09-13T21:13:05.7540585Z 
Build and inspect Linux Electron artifacts	Full correctness unit gate	2026-09-13T21:13:05.7562042Z [90mstderr[2m | tests/unit/use-mission-control-view-model.test.ts[2m > [22m[2museMissionControlViewModel[2m > [22m[2mkeeps lifecycle control enablement tied to mission phase
Build and inspect Linux Electron artifacts	Full correctness unit gate	2026-09-13T21:13:05.7564227Z [22m[39mThe current testing environment is not configured to support act(...)
Build and inspect Linux Electron artifacts	Full correctness unit gate	2026-09-13T21:13:05.7565695Z The current testing environment is not configured to support act(...)
Build and inspect Linux Electron artifacts	Full correctness unit gate	2026-09-13T21:13:05.7566675Z The current testing environment is not configured to support act(...)
Build and inspect Linux Electron artifacts	Full correctness unit gate	2026-09-13T21:13:05.7567168Z 
Build and inspect Linux Electron artifacts	Full correctness unit gate	2026-09-13T21:13:05.7568780Z [90mstderr[2m | tests/unit/use-mission-control-view-model.test.ts[2m > [22m[2museMissionControlViewModel[2m > [22m[2mkeeps lifecycle control enablement tied to mission phase
Build and inspect Linux Electron artifacts	Full correctness unit gate	2026-09-13T21:13:05.7570577Z [22m[39mThe current testing environment is not configured to support act(...)
Build and inspect Linux Electron artifacts	Full correctness unit gate	2026-09-13T21:13:05.7571137Z 
Build and inspect Linux Electron artifacts	Full correctness unit gate	2026-09-13T21:13:05.7587085Z [90mstderr[2m | tests/unit/use-mission-control-view-model.test.ts[2m > [22m[2museMissionControlViewModel[2m > [22m[2mcommits the explicit participant draft immediately after mission creation [DON-271]
Build and inspect Linux Electron artifacts	Full correctness unit gate	2026-09-13T21:13:05.7588244Z [22m[39mThe current testing environment is not configured to support act(...)
Build and inspect Linux Electron artifacts	Full correctness unit gate	2026-09-13T21:13:05.7588830Z The current testing environment is not configured to support act(...)
Build and inspect Linux Electron artifacts	Full correctness unit gate	2026-09-13T21:13:05.7589382Z The current testing environment is not configured to support act(...)
Build and inspect Linux Electron artifacts	Full correctness unit gate	2026-09-13T21:13:05.7589937Z The current testing environment is not configured to support act(...)
Build and inspect Linux Electron artifacts	Full correctness unit gate	2026-09-13T21:13:05.7590472Z The current testing environment is not configured to support act(...)
Build and inspect Linux Electron artifacts	Full correctness unit gate	2026-09-13T21:13:05.7590998Z The current testing environment is not configured to support act(...)
Build and inspect Linux Electron artifacts	Full correctness unit gate	2026-09-13T21:13:05.7591419Z 
Build and inspect Linux Electron artifacts	Full correctness unit gate	2026-09-13T21:13:05.7593543Z [90mstderr[2m | tests/unit/use-mission-control-view-model.test.ts[2m > [22m[2museMissionControlViewModel[2m > [22m[2mcommits the explicit participant draft immediately after mission creation [DON-271]
Build and inspect Linux Electron artifacts	Full correctness unit gate	2026-09-13T21:13:05.7594703Z [22m[39mThe current testing environment is not configured to support act(...)
Build and inspect Linux Electron artifacts	Full correctness unit gate	2026-09-13T21:13:05.7595282Z The current testing environment is not configured to support act(...)
Build and inspect Linux Electron artifacts	Full correctness unit gate	2026-09-13T21:13:05.7595811Z The current testing environment is not configured to support act(...)
Build and inspect Linux Electron artifacts	Full correctness unit gate	2026-09-13T21:13:05.7596620Z The current testing environment is not configured to support act(...)
Build and inspect Linux Electron artifacts	Full correctness unit gate	2026-09-13T21:13:05.7597154Z The current testing environment is not configured to support act(...)
Build and inspect Linux Electron artifacts	Full correctness unit gate	2026-09-13T21:13:05.7597420Z 
Build and inspect Linux Electron artifacts	Full correctness unit gate	2026-09-13T21:13:05.7598782Z [90mstderr[2m | tests/unit/use-mission-control-view-model.test.ts[2m > [22m[2museMissionControlViewModel[2m > [22m[2mcommits the explicit participant draft immediately after mission creation [DON-271]
Build and inspect Linux Electron artifacts	Full correctness unit gate	2026-09-13T21:13:05.7600250Z [22m[39mThe current testing environment is not configured to support act(...)
Build and inspect Linux Electron artifacts	Full correctness unit gate	2026-09-13T21:13:05.7600677Z 
Build and inspect Linux Electron artifacts	Full correctness unit gate	2026-09-13T21:13:05.7617085Z [90mstderr[2m | tests/unit/use-mission-control-view-model.test.ts[2m > [22m[2museMissionControlViewModel[2m > [22m[2mkeeps mission-start input visible when initial participant persistence fails
Build and inspect Linux Electron artifacts	Full correctness unit gate	2026-09-13T21:13:05.7618208Z [22m[39mThe current testing environment is not configured to support act(...)
Build and inspect Linux Electron artifacts	Full correctness unit gate	2026-09-13T21:13:05.7619022Z The current testing environment is not configured to support act(...)
Build and inspect Linux Electron artifacts	Full correctness unit gate	2026-09-13T21:13:05.7619563Z The current testing environment is not configured to support act(...)
Build and inspect Linux Electron artifacts	Full correctness unit gate	2026-09-13T21:13:05.7620104Z The current testing environment is not configured to support act(...)
Build and inspect Linux Electron artifacts	Full correctness unit gate	2026-09-13T21:13:05.7620635Z The current testing environment is not configured to support act(...)
Build and inspect Linux Electron artifacts	Full correctness unit gate	2026-09-13T21:13:05.7621149Z The current testing environment is not configured to support act(...)
Build and inspect Linux Electron artifacts	Full correctness unit gate	2026-09-13T21:13:05.7621661Z The current testing environment is not configured to support act(...)
Build and inspect Linux Electron artifacts	Full correctness unit gate	2026-09-13T21:13:05.7622075Z 
Build and inspect Linux Electron artifacts	Full correctness unit gate	2026-09-13T21:13:05.7624149Z [90mstderr[2m | tests/unit/use-mission-control-view-model.test.ts[2m > [22m[2museMissionControlViewModel[2m > [22m[2mkeeps mission-start input visible when initial participant persistence fails
Build and inspect Linux Electron artifacts	Full correctness unit gate	2026-09-13T21:13:05.7625255Z [22m[39mThe current testing environment is not configured to support act(...)
Build and inspect Linux Electron artifacts	Full correctness unit gate	2026-09-13T21:13:05.7625564Z 
Build and inspect Linux Electron artifacts	Full correctness unit gate	2026-09-13T21:13:05.7627522Z [90mstderr[2m | tests/unit/use-mission-control-view-model.test.ts[2m > [22m[2museMissionControlViewModel[2m > [22m[2mkeeps mission-start input visible when initial participant persistence fails
Build and inspect Linux Electron artifacts	Full correctness unit gate	2026-09-13T21:13:05.7628822Z [22m[39mThe current testing environment is not configured to support act(...)
Build and inspect Linux Electron artifacts	Full correctness unit gate	2026-09-13T21:13:05.7629281Z 
Build and inspect Linux Electron artifacts	Full correctness unit gate	2026-09-13T21:13:05.7642886Z [90mstderr[2m | tests/unit/use-mission-control-view-model.test.ts[2m > [22m[2museMissionControlViewModel[2m > [22m[2mloads admin roster when unlock is opened and sends selected unlock details
Build and inspect Linux Electron artifacts	Full correctness unit gate	2026-09-13T21:13:05.7644411Z [22m[39mThe current testing environment is not configured to support act(...)
Build and inspect Linux Electron artifacts	Full correctness unit gate	2026-09-13T21:13:05.7645369Z The current testing environment is not configured to support act(...)
Build and inspect Linux Electron artifacts	Full correctness unit gate	2026-09-13T21:13:05.7645778Z 
Build and inspect Linux Electron artifacts	Full correctness unit gate	2026-09-13T21:13:05.7647077Z [90mstderr[2m | tests/unit/use-mission-control-view-model.test.ts[2m > [22m[2museMissionControlViewModel[2m > [22m[2mloads admin roster when unlock is opened and sends selected unlock details
Build and inspect Linux Electron artifacts	Full correctness unit gate	2026-09-13T21:13:05.7648248Z [22m[39mThe current testing environment is not configured to support act(...)
Build and inspect Linux Electron artifacts	Full correctness unit gate	2026-09-13T21:13:05.7648573Z 
Build and inspect Linux Electron artifacts	Full correctness unit gate	2026-09-13T21:13:05.7649870Z [90mstderr[2m | tests/unit/use-mission-control-view-model.test.ts[2m > [22m[2museMissionControlViewModel[2m > [22m[2mloads admin roster when unlock is opened and sends selected unlock details
Build and inspect Linux Electron artifacts	Full correctness unit gate	2026-09-13T21:13:05.7651259Z [22m[39mThe current testing environment is not configured to support act(...)
Build and inspect Linux Electron artifacts	Full correctness unit gate	2026-09-13T21:13:05.7652151Z The current testing environment is not configured to support act(...)
Build and inspect Linux Electron artifacts	Full correctness unit gate	2026-09-13T21:13:05.7653297Z The current testing environment is not configured to support act(...)
Build and inspect Linux Electron artifacts	Full correctness unit gate	2026-09-13T21:13:05.7653733Z 
Build and inspect Linux Electron artifacts	Full correctness unit gate	2026-09-13T21:13:05.7657596Z [90mstderr[2m | tests/unit/use-mission-control-view-model.test.ts[2m > [22m[2museMissionControlViewModel[2m > [22m[2mloads admin roster when unlock is opened and sends selected unlock details
Build and inspect Linux Electron artifacts	Full correctness unit gate	2026-09-13T21:13:05.7658674Z [22m[39mThe current testing environment is not configured to support act(...)
Build and inspect Linux Electron artifacts	Full correctness unit gate	2026-09-13T21:13:05.7659276Z The current testing environment is not configured to support act(...)
Build and inspect Linux Electron artifacts	Full correctness unit gate	2026-09-13T21:13:05.7659807Z The current testing environment is not configured to support act(...)
Build and inspect Linux Electron artifacts	Full correctness unit gate	2026-09-13T21:13:05.7660337Z The current testing environment is not configured to support act(...)
Build and inspect Linux Electron artifacts	Full correctness unit gate	2026-09-13T21:13:05.7660732Z 
Build and inspect Linux Electron artifacts	Full correctness unit gate	2026-09-13T21:13:05.7662559Z [90mstderr[2m | tests/unit/use-mission-control-view-model.test.ts[2m > [22m[2museMissionControlViewModel[2m > [22m[2mloads admin roster when unlock is opened and sends selected unlock details
Build and inspect Linux Electron artifacts	Full correctness unit gate	2026-09-13T21:13:05.7664087Z [22m[39mThe current testing environment is not configured to support act(...)
Build and inspect Linux Electron artifacts	Full correctness unit gate	2026-09-13T21:13:05.7664674Z The current testing environment is not configured to support act(...)
Build and inspect Linux Electron artifacts	Full correctness unit gate	2026-09-13T21:13:05.7665217Z The current testing environment is not configured to support act(...)
Build and inspect Linux Electron artifacts	Full correctness unit gate	2026-09-13T21:13:05.7665743Z The current testing environment is not configured to support act(...)
Build and inspect Linux Electron artifacts	Full correctness unit gate	2026-09-13T21:13:05.7666021Z 
Build and inspect Linux Electron artifacts	Full correctness unit gate	2026-09-13T21:13:05.7668588Z [90mstderr[2m | tests/unit/use-mission-control-view-model.test.ts[2m > [22m[2museMissionControlViewModel[2m > [22m[2mloads admin roster when unlock is opened and sends selected unlock details
Build and inspect Linux Electron artifacts	Full correctness unit gate	2026-09-13T21:13:05.7669692Z [22m[39mThe current testing environment is not configured to support act(...)
Build and inspect Linux Electron artifacts	Full correctness unit gate	2026-09-13T21:13:05.7670161Z 
Build and inspect Linux Electron artifacts	Full correctness unit gate	2026-09-13T21:13:05.7693942Z [90mstderr[2m | tests/unit/use-mission-control-view-model.test.ts[2m > [22m[2museMissionControlViewModel[2m > [22m[2mbinds recovery issuance, cancellation, and finalization custody to governance
Build and inspect Linux Electron artifacts	Full correctness unit gate	2026-09-13T21:13:05.7695984Z [22m[39mThe current testing environment is not configured to support act(...)
Build and inspect Linux Electron artifacts	Full correctness unit gate	2026-09-13T21:13:05.7696561Z 
Build and inspect Linux Electron artifacts	Full correctness unit gate	2026-09-13T21:13:05.7698787Z [90mstderr[2m | tests/unit/use-mission-control-view-model.test.ts[2m > [22m[2museMissionControlViewModel[2m > [22m[2mbinds recovery issuance, cancellation, and finalization custody to governance
Build and inspect Linux Electron artifacts	Full correctness unit gate	2026-09-13T21:13:05.7699886Z [22m[39mThe current testing environment is not configured to support act(...)
Build and inspect Linux Electron artifacts	Full correctness unit gate	2026-09-13T21:13:05.7701264Z The current testing environment is not configured to support act(...)
Build and inspect Linux Electron artifacts	Full correctness unit gate	2026-09-13T21:13:05.7702165Z The current testing environment is not configured to support act(...)
Build and inspect Linux Electron artifacts	Full correctness unit gate	2026-09-13T21:13:05.7702812Z 
Build and inspect Linux Electron artifacts	Full correctness unit gate	2026-09-13T21:13:05.7704931Z [90mstderr[2m | tests/unit/use-mission-control-view-model.test.ts[2m > [22m[2museMissionControlViewModel[2m > [22m[2mbinds recovery issuance, cancellation, and finalization custody to governance
Build and inspect Linux Electron artifacts	Full correctness unit gate	2026-09-13T21:13:05.7706914Z [22m[39mThe current testing environment is not configured to support act(...)
Build and inspect Linux Electron artifacts	Full correctness unit gate	2026-09-13T21:13:05.7707748Z The current testing environment is not configured to support act(...)
Build and inspect Linux Electron artifacts	Full correctness unit gate	2026-09-13T21:13:05.7708027Z 
Build and inspect Linux Electron artifacts	Full correctness unit gate	2026-09-13T21:13:05.7714463Z [90mstderr[2m | tests/unit/use-mission-control-view-model.test.ts[2m > [22m[2museMissionControlViewModel[2m > [22m[2mbinds recovery issuance, cancellation, and finalization custody to governance
Build and inspect Linux Electron artifacts	Full correctness unit gate	2026-09-13T21:13:05.7715935Z [22m[39mThe current testing environment is not configured to support act(...)
Build and inspect Linux Electron artifacts	Full correctness unit gate	2026-09-13T21:13:05.7716402Z 
Build and inspect Linux Electron artifacts	Full correctness unit gate	2026-09-13T21:13:05.7734884Z [90mstderr[2m | tests/unit/use-mission-control-view-model.test.ts[2m > [22m[2museMissionControlViewModel[2m > [22m[2mbinds cleanup checklist and completion to finalized mission governance
Build and inspect Linux Electron artifacts	Full correctness unit gate	2026-09-13T21:13:05.7736305Z [22m[39mThe current testing environment is not configured to support act(...)
Build and inspect Linux Electron artifacts	Full correctness unit gate	2026-09-13T21:13:05.7737212Z The current testing environment is not configured to support act(...)
Build and inspect Linux Electron artifacts	Full correctness unit gate	2026-09-13T21:13:05.7737616Z 
Build and inspect Linux Electron artifacts	Full correctness unit gate	2026-09-13T21:13:05.7739468Z [90mstderr[2m | tests/unit/use-mission-control-view-model.test.ts[2m > [22m[2museMissionControlViewModel[2m > [22m[2mbinds cleanup checklist and completion to finalized mission governance
Build and inspect Linux Electron artifacts	Full correctness unit gate	2026-09-13T21:13:05.7741395Z [22m[39mThe current testing environment is not configured to support act(...)
Build and inspect Linux Electron artifacts	Full correctness unit gate	2026-09-13T21:13:05.7742357Z The current testing environment is not configured to support act(...)
Build and inspect Linux Electron artifacts	Full correctness unit gate	2026-09-13T21:13:05.7743172Z The current testing environment is not configured to support act(...)
Build and inspect Linux Electron artifacts	Full correctness unit gate	2026-09-13T21:13:05.7743480Z 
Build and inspect Linux Electron artifacts	Full correctness unit gate	2026-09-13T21:13:05.7744429Z [90mstderr[2m | tests/unit/use-mission-control-view-model.test.ts[2m > [22m[2museMissionControlViewModel[2m > [22m[2mbinds cleanup checklist and completion to finalized mission governance
Build and inspect Linux Electron artifacts	Full correctness unit gate	2026-09-13T21:13:05.7745485Z [22m[39mThe current testing environment is not configured to support act(...)
Build and inspect Linux Electron artifacts	Full correctness unit gate	2026-09-13T21:13:05.7746045Z The current testing environment is not configured to support act(...)
Build and inspect Linux Electron artifacts	Full correctness unit gate	2026-09-13T21:13:05.7746320Z 
Build and inspect Linux Electron artifacts	Full correctness unit gate	2026-09-13T21:13:05.7748530Z [90mstderr[2m | tests/unit/use-mission-control-view-model.test.ts[2m > [22m[2museMissionControlViewModel[2m > [22m[2mbinds cleanup checklist and completion to finalized mission governance
Build and inspect Linux Electron artifacts	Full correctness unit gate	2026-09-13T21:13:05.7749603Z [22m[39mThe current testing environment is not configured to support act(...)
Build and inspect Linux Electron artifacts	Full correctness unit gate	2026-09-13T21:13:05.7749911Z 
Build and inspect Linux Electron artifacts	Full correctness unit gate	2026-09-13T21:13:05.7766972Z [90mstderr[2m | tests/unit/use-mission-control-view-model.test.ts[2m > [22m[2museMissionControlViewModel[2m > [22m[2mturns a known evidence-health finalization block into an audited admin flow [DON-276]
Build and inspect Linux Electron artifacts	Full correctness unit gate	2026-09-13T21:13:05.7768918Z [22m[39mThe current testing environment is not configured to support act(...)
Build and inspect Linux Electron artifacts	Full correctness unit gate	2026-09-13T21:13:05.7769888Z The current testing environment is not configured to support act(...)
Build and inspect Linux Electron artifacts	Full correctness unit gate	2026-09-13T21:13:05.7770844Z The current testing environment is not configured to support act(...)
Build and inspect Linux Electron artifacts	Full correctness unit gate	2026-09-13T21:13:05.7771693Z The current testing environment is not configured to support act(...)
Build and inspect Linux Electron artifacts	Full correctness unit gate	2026-09-13T21:13:05.7772090Z 
Build and inspect Linux Electron artifacts	Full correctness unit gate	2026-09-13T21:13:05.7774455Z [90mstderr[2m | tests/unit/use-mission-control-view-model.test.ts[2m > [22m[2museMissionControlViewModel[2m > [22m[2mturns a known evidence-health finalization block into an audited admin flow [DON-276]
Build and inspect Linux Electron artifacts	Full correctness unit gate	2026-09-13T21:13:05.7776515Z [22m[39mThe current testing environment is not configured to support act(...)
Build and inspect Linux Electron artifacts	Full correctness unit gate	2026-09-13T21:13:05.7777314Z The current testing environment is not configured to support act(...)
Build and inspect Linux Electron artifacts	Full correctness unit gate	2026-09-13T21:13:05.7777861Z The current testing environment is not configured to support act(...)
Build and inspect Linux Electron artifacts	Full correctness unit gate	2026-09-13T21:13:05.7778579Z The current testing environment is not configured to support act(...)
Build and inspect Linux Electron artifacts	Full correctness unit gate	2026-09-13T21:13:05.7778856Z 
Build and inspect Linux Electron artifacts	Full correctness unit gate	2026-09-13T21:13:05.7780959Z [90mstderr[2m | tests/unit/use-mission-control-view-model.test.ts[2m > [22m[2museMissionControlViewModel[2m > [22m[2mturns a known evidence-health finalization block into an audited admin flow [DON-276]
Build and inspect Linux Electron artifacts	Full correctness unit gate	2026-09-13T21:13:05.7782540Z [22m[39mThe current testing environment is not configured to support act(...)
Build and inspect Linux Electron artifacts	Full correctness unit gate	2026-09-13T21:13:05.7783266Z 
Build and inspect Linux Electron artifacts	Full correctness unit gate	2026-09-13T21:13:05.7785116Z [90mstderr[2m | tests/unit/use-mission-control-view-model.test.ts[2m > [22m[2museMissionControlViewModel[2m > [22m[2mturns a known evidence-health finalization block into an audited admin flow [DON-276]
Build and inspect Linux Electron artifacts	Full correctness unit gate	2026-09-13T21:13:05.7788460Z [22m[39mThe current testing environment is not configured to support act(...)
Build and inspect Linux Electron artifacts	Full correctness unit gate	2026-09-13T21:13:05.7789076Z The current testing environment is not configured to support act(...)
Build and inspect Linux Electron artifacts	Full correctness unit gate	2026-09-13T21:13:05.7789619Z The current testing environment is not configured to support act(...)
Build and inspect Linux Electron artifacts	Full correctness unit gate	2026-09-13T21:13:05.7789912Z 
Build and inspect Linux Electron artifacts	Full correctness unit gate	2026-09-13T21:13:05.7791371Z [90mstderr[2m | tests/unit/use-mission-control-view-model.test.ts[2m > [22m[2museMissionControlViewModel[2m > [22m[2mturns a known evidence-health finalization block into an audited admin flow [DON-276]
Build and inspect Linux Electron artifacts	Full correctness unit gate	2026-09-13T21:13:05.7793231Z [22m[39mThe current testing environment is not configured to support act(...)
Build and inspect Linux Electron artifacts	Full correctness unit gate	2026-09-13T21:13:05.7794296Z The current testing environment is not configured to support act(...)
Build and inspect Linux Electron artifacts	Full correctness unit gate	2026-09-13T21:13:05.7795268Z The current testing environment is not configured to support act(...)
Build and inspect Linux Electron artifacts	Full correctness unit gate	2026-09-13T21:13:05.7796221Z The current testing environment is not configured to support act(...)
Build and inspect Linux Electron artifacts	Full correctness unit gate	2026-09-13T21:13:05.7796713Z 
Build and inspect Linux Electron artifacts	Full correctness unit gate	2026-09-13T21:13:05.7798602Z [90mstderr[2m | tests/unit/use-mission-control-view-model.test.ts[2m > [22m[2museMissionControlViewModel[2m > [22m[2mturns a known evidence-health finalization block into an audited admin flow [DON-276]
Build and inspect Linux Electron artifacts	Full correctness unit gate	2026-09-13T21:13:05.7800249Z [22m[39mThe current testing environment is not configured to support act(...)
Build and inspect Linux Electron artifacts	Full correctness unit gate	2026-09-13T21:13:05.7800804Z The current testing environment is not configured to support act(...)
Build and inspect Linux Electron artifacts	Full correctness unit gate	2026-09-13T21:13:05.7801326Z The current testing environment is not configured to support act(...)
Build and inspect Linux Electron artifacts	Full correctness unit gate	2026-09-13T21:13:05.7802060Z The current testing environment is not configured to support act(...)
Build and inspect Linux Electron artifacts	Full correctness unit gate	2026-09-13T21:13:05.7802783Z 
Build and inspect Linux Electron artifacts	Full correctness unit gate	2026-09-13T21:13:05.7804681Z [90mstderr[2m | tests/unit/use-mission-control-view-model.test.ts[2m > [22m[2museMissionControlViewModel[2m > [22m[2mturns a known evidence-health finalization block into an audited admin flow [DON-276]
Build and inspect Linux Electron artifacts	Full correctness unit gate	2026-09-13T21:13:05.7806676Z [22m[39mThe current testing environment is not configured to support act(...)
Build and inspect Linux Electron artifacts	Full correctness unit gate	2026-09-13T21:13:05.7807222Z 
Build and inspect Linux Electron artifacts	Full correctness unit gate	2026-09-13T21:13:05.7818564Z [90mstderr[2m | tests/unit/use-mission-control-view-model.test.ts[2m > [22m[2museMissionControlViewModel[2m > [22m[2mdoes not offer evidence-loss acknowledgement for other degraded evidence
Build and inspect Linux Electron artifacts	Full correctness unit gate	2026-09-13T21:13:05.7820833Z [22m[39mThe current testing environment is not configured to support act(...)
Build and inspect Linux Electron artifacts	Full correctness unit gate	2026-09-13T21:13:05.7821627Z The current testing environment is not configured to support act(...)
Build and inspect Linux Electron artifacts	Full correctness unit gate	2026-09-13T21:13:05.7822158Z The current testing environment is not configured to support act(...)
Build and inspect Linux Electron artifacts	Full correctness unit gate	2026-09-13T21:13:05.7822984Z The current testing environment is not configured to support act(...)
Build and inspect Linux Electron artifacts	Full correctness unit gate	2026-09-13T21:13:05.7823286Z 
Build and inspect Linux Electron artifacts	Full correctness unit gate	2026-09-13T21:13:05.7825964Z [90mstderr[2m | tests/unit/use-mission-control-view-model.test.ts[2m > [22m[2museMissionControlViewModel[2m > [22m[2mdoes not offer evidence-loss acknowledgement for other degraded evidence
Build and inspect Linux Electron artifacts	Full correctness unit gate	2026-09-13T21:13:05.7827936Z [22m[39mThe current testing environment is not configured to support act(...)
Build and inspect Linux Electron artifacts	Full correctness unit gate	2026-09-13T21:13:05.7828959Z The current testing environment is not configured to support act(...)
Build and inspect Linux Electron artifacts	Full correctness unit gate	2026-09-13T21:13:05.7829466Z 
Build and inspect Linux Electron artifacts	Full correctness unit gate	2026-09-13T21:13:05.7831079Z [90mstderr[2m | tests/unit/use-mission-control-view-model.test.ts[2m > [22m[2museMissionControlViewModel[2m > [22m[2mdoes not offer evidence-loss acknowledgement for other degraded evidence
Build and inspect Linux Electron artifacts	Full correctness unit gate	2026-09-13T21:13:05.7832462Z [22m[39mThe current testing environment is not configured to support act(...)
Build and inspect Linux Electron artifacts	Full correctness unit gate	2026-09-13T21:13:05.7833168Z 
Build and inspect Linux Electron artifacts	Full correctness unit gate	2026-09-13T21:13:05.7843687Z  [32m✓[39m tests/unit/use-mission-control-view-model.test.ts [2m([22m[2m12 tests[22m[2m)[22m[32m 72[2mms[22m[39m
Build and inspect Linux Electron artifacts	Full correctness unit gate	2026-09-13T21:13:06.8987285Z [90mstderr[2m | tests/unit/settings-workspace.test.ts[2m > [22m[2mSettingsWorkspace[2m > [22m[2mcloses after a successful save
Build and inspect Linux Electron artifacts	Full correctness unit gate	2026-09-13T21:13:06.8989057Z [22m[39mThe current testing environment is not configured to support act(...)
Build and inspect Linux Electron artifacts	Full correctness unit gate	2026-09-13T21:13:06.8990392Z The current testing environment is not configured to support act(...)
Build and inspect Linux Electron artifacts	Full correctness unit gate	2026-09-13T21:13:06.8991291Z The current testing environment is not configured to support act(...)
Build and inspect Linux Electron artifacts	Full correctness unit gate	2026-09-13T21:13:06.8991956Z The current testing environment is not configured to support act(...)
Build and inspect Linux Electron artifacts	Full correctness unit gate	2026-09-13T21:13:06.8992347Z 
Build and inspect Linux Electron artifacts	Full correctness unit gate	2026-09-13T21:13:06.8997025Z [90mstderr[2m | tests/unit/settings-workspace.test.ts[2m > [22m[2mSettingsWorkspace[2m > [22m[2mcloses after a successful save
Build and inspect Linux Electron artifacts	Full correctness unit gate	2026-09-13T21:13:06.8998291Z [22m[39mThe current testing environment is not configured to support act(...)
Build and inspect Linux Electron artifacts	Full correctness unit gate	2026-09-13T21:13:06.8999254Z The current testing environment is not configured to support act(...)
Build and inspect Linux Electron artifacts	Full correctness unit gate	2026-09-13T21:13:06.9000249Z The current testing environment is not configured to support act(...)
Build and inspect Linux Electron artifacts	Full correctness unit gate	2026-09-13T21:13:06.9001196Z The current testing environment is not configured to support act(...)
Build and inspect Linux Electron artifacts	Full correctness unit gate	2026-09-13T21:13:06.9002138Z The current testing environment is not configured to support act(...)
Build and inspect Linux Electron artifacts	Full correctness unit gate	2026-09-13T21:13:06.9003272Z The current testing environment is not configured to support act(...)
Build and inspect Linux Electron artifacts	Full correctness unit gate	2026-09-13T21:13:06.9003770Z 
Build and inspect Linux Electron artifacts	Full correctness unit gate	2026-09-13T21:13:06.9004511Z [90mstderr[2m | tests/unit/settings-workspace.test.ts[2m > [22m[2mSettingsWorkspace[2m > [22m[2mcloses after a successful save
Build and inspect Linux Electron artifacts	Full correctness unit gate	2026-09-13T21:13:06.9005406Z [22m[39mThe current testing environment is not configured to support act(...)
Build and inspect Linux Electron artifacts	Full correctness unit gate	2026-09-13T21:13:06.9005751Z 
Build and inspect Linux Electron artifacts	Full correctness unit gate	2026-09-13T21:13:06.9307926Z [90mstderr[2m | tests/unit/settings-workspace.test.ts[2m > [22m[2mSettingsWorkspace[2m > [22m[2mcloses after a successful save
Build and inspect Linux Electron artifacts	Full correctness unit gate	2026-09-13T21:13:06.9309597Z [22m[39mThe current testing environment is not configured to support act(...)
Build and inspect Linux Electron artifacts	Full correctness unit gate	2026-09-13T21:13:06.9310631Z The current testing environment is not configured to support act(...)
Build and inspect Linux Electron artifacts	Full correctness unit gate	2026-09-13T21:13:06.9311595Z The current testing environment is not configured to support act(...)
Build and inspect Linux Electron artifacts	Full correctness unit gate	2026-09-13T21:13:06.9312093Z 
Build and inspect Linux Electron artifacts	Full correctness unit gate	2026-09-13T21:13:06.9313478Z [90mstderr[2m | tests/unit/settings-workspace.test.ts[2m > [22m[2mSettingsWorkspace[2m > [22m[2mcloses after a successful save
Build and inspect Linux Electron artifacts	Full correctness unit gate	2026-09-13T21:13:06.9314985Z [22m[39mThe current testing environment is not configured to support act(...)
Build and inspect Linux Electron artifacts	Full correctness unit gate	2026-09-13T21:13:06.9315988Z The current testing environment is not configured to support act(...)
Build and inspect Linux Electron artifacts	Full correctness unit gate	2026-09-13T21:13:06.9316851Z The current testing environment is not configured to support act(...)
Build and inspect Linux Electron artifacts	Full correctness unit gate	2026-09-13T21:13:06.9317830Z The current testing environment is not configured to support act(...)
Build and inspect Linux Electron artifacts	Full correctness unit gate	2026-09-13T21:13:06.9318134Z 
Build and inspect Linux Electron artifacts	Full correctness unit gate	2026-09-13T21:13:06.9394663Z [90mstderr[2m | tests/unit/settings-workspace.test.ts[2m > [22m[2mSettingsWorkspace[2m > [22m[2mcloses after a successful save
Build and inspect Linux Electron artifacts	Full correctness unit gate	2026-09-13T21:13:06.9396506Z [22m[39mThe current testing environment is not configured to support act(...)
Build and inspect Linux Electron artifacts	Full correctness unit gate	2026-09-13T21:13:06.9397215Z 
Build and inspect Linux Electron artifacts	Full correctness unit gate	2026-09-13T21:13:06.9462367Z [90mstderr[2m | tests/unit/settings-workspace.test.ts[2m > [22m[2mSettingsWorkspace[2m > [22m[2mshows operator-configurable stationary-attention hypotheses [DON-269]
Build and inspect Linux Electron artifacts	Full correctness unit gate	2026-09-13T21:13:06.9464563Z [22m[39mThe current testing environment is not configured to support act(...)
Build and inspect Linux Electron artifacts	Full correctness unit gate	2026-09-13T21:13:06.9467013Z The current testing environment is not configured to support act(...)
Build and inspect Linux Electron artifacts	Full correctness unit gate	2026-09-13T21:13:06.9468375Z The current testing environment is not configured to support act(...)
Build and inspect Linux Electron artifacts	Full correctness unit gate	2026-09-13T21:13:06.9469213Z The current testing environment is not configured to support act(...)
Build and inspect Linux Electron artifacts	Full correctness unit gate	2026-09-13T21:13:06.9470184Z 
Build and inspect Linux Electron artifacts	Full correctness unit gate	2026-09-13T21:13:06.9471591Z [90mstderr[2m | tests/unit/settings-workspace.test.ts[2m > [22m[2mSettingsWorkspace[2m > [22m[2mshows operator-configurable stationary-attention hypotheses [DON-269]
Build and inspect Linux Electron artifacts	Full correctness unit gate	2026-09-13T21:13:06.9473493Z [22m[39mThe current testing environment is not configured to support act(...)
Build and inspect Linux Electron artifacts	Full correctness unit gate	2026-09-13T21:13:06.9474335Z The current testing environment is not configured to support act(...)
Build and inspect Linux Electron artifacts	Full correctness unit gate	2026-09-13T21:13:06.9475107Z The current testing environment is not configured to support act(...)
Build and inspect Linux Electron artifacts	Full correctness unit gate	2026-09-13T21:13:06.9475732Z The current testing environment is not configured to support act(...)
Build and inspect Linux Electron artifacts	Full correctness unit gate	2026-09-13T21:13:06.9476332Z The current testing environment is not configured to support act(...)
Build and inspect Linux Electron artifacts	Full correctness unit gate	2026-09-13T21:13:06.9476931Z The current testing environment is not configured to support act(...)
Build and inspect Linux Electron artifacts	Full correctness unit gate	2026-09-13T21:13:06.9477250Z 
Build and inspect Linux Electron artifacts	Full correctness unit gate	2026-09-13T21:13:06.9478191Z [90mstderr[2m | tests/unit/settings-workspace.test.ts[2m > [22m[2mSettingsWorkspace[2m > [22m[2mshows operator-configurable stationary-attention hypotheses [DON-269]
Build and inspect Linux Electron artifacts	Full correctness unit gate	2026-09-13T21:13:06.9479345Z [22m[39mThe current testing environment is not configured to support act(...)
Build and inspect Linux Electron artifacts	Full correctness unit gate	2026-09-13T21:13:06.9479885Z 
Build and inspect Linux Electron artifacts	Full correctness unit gate	2026-09-13T21:13:06.9643704Z [90mstderr[2m | tests/unit/settings-workspace.test.ts[2m > [22m[2mSettingsWorkspace[2m > [22m[2mshows operator-configurable stationary-attention hypotheses [DON-269]
Build and inspect Linux Electron artifacts	Full correctness unit gate	2026-09-13T21:13:06.9645390Z [22m[39mThe current testing environment is not configured to support act(...)
Build and inspect Linux Electron artifacts	Full correctness unit gate	2026-09-13T21:13:06.9645947Z 
Build and inspect Linux Electron artifacts	Full correctness unit gate	2026-09-13T21:13:06.9709386Z [90mstderr[2m | tests/unit/settings-workspace.test.ts[2m > [22m[2mSettingsWorkspace[2m > [22m[2mcloses after persisting settings without waiting for a slow reconnect
Build and inspect Linux Electron artifacts	Full correctness unit gate	2026-09-13T21:13:06.9711406Z [22m[39mThe current testing environment is not configured to support act(...)
Build and inspect Linux Electron artifacts	Full correctness unit gate	2026-09-13T21:13:06.9712432Z The current testing environment is not configured to support act(...)
Build and inspect Linux Electron artifacts	Full correctness unit gate	2026-09-13T21:13:06.9713670Z The current testing environment is not configured to support act(...)
Build and inspect Linux Electron artifacts	Full correctness unit gate	2026-09-13T21:13:06.9714592Z The current testing environment is not configured to support act(...)
Build and inspect Linux Electron artifacts	Full correctness unit gate	2026-09-13T21:13:06.9715084Z 
Build and inspect Linux Electron artifacts	Full correctness unit gate	2026-09-13T21:13:06.9716087Z [90mstderr[2m | tests/unit/settings-workspace.test.ts[2m > [22m[2mSettingsWorkspace[2m > [22m[2mcloses after persisting settings without waiting for a slow reconnect
Build and inspect Linux Electron artifacts	Full correctness unit gate	2026-09-13T21:13:06.9717097Z [22m[39mThe current testing environment is not configured to support act(...)
Build and inspect Linux Electron artifacts	Full correctness unit gate	2026-09-13T21:13:06.9717702Z The current testing environment is not configured to support act(...)
Build and inspect Linux Electron artifacts	Full correctness unit gate	2026-09-13T21:13:06.9718238Z The current testing environment is not configured to support act(...)
Build and inspect Linux Electron artifacts	Full correctness unit gate	2026-09-13T21:13:06.9718783Z The current testing environment is not configured to support act(...)
Build and inspect Linux Electron artifacts	Full correctness unit gate	2026-09-13T21:13:06.9719310Z The current testing environment is not configured to support act(...)
Build and inspect Linux Electron artifacts	Full correctness unit gate	2026-09-13T21:13:06.9719825Z The current testing environment is not configured to support act(...)
Build and inspect Linux Electron artifacts	Full correctness unit gate	2026-09-13T21:13:06.9720565Z 
Build and inspect Linux Electron artifacts	Full correctness unit gate	2026-09-13T21:13:06.9721405Z [90mstderr[2m | tests/unit/settings-workspace.test.ts[2m > [22m[2mSettingsWorkspace[2m > [22m[2mcloses after persisting settings without waiting for a slow reconnect
Build and inspect Linux Electron artifacts	Full correctness unit gate	2026-09-13T21:13:06.9722373Z [22m[39mThe current testing environment is not configured to support act(...)
Build and inspect Linux Electron artifacts	Full correctness unit gate	2026-09-13T21:13:06.9723065Z 
Build and inspect Linux Electron artifacts	Full correctness unit gate	2026-09-13T21:13:06.9950995Z [90mstderr[2m | tests/unit/settings-workspace.test.ts[2m > [22m[2mSettingsWorkspace[2m > [22m[2mcloses after persisting settings without waiting for a slow reconnect
Build and inspect Linux Electron artifacts	Full correctness unit gate	2026-09-13T21:13:06.9952968Z [22m[39mThe current testing environment is not configured to support act(...)
Build and inspect Linux Electron artifacts	Full correctness unit gate	2026-09-13T21:13:06.9953603Z The current testing environment is not configured to support act(...)
Build and inspect Linux Electron artifacts	Full correctness unit gate	2026-09-13T21:13:06.9954158Z The current testing environment is not configured to support act(...)
Build and inspect Linux Electron artifacts	Full correctness unit gate	2026-09-13T21:13:06.9954442Z 
Build and inspect Linux Electron artifacts	Full correctness unit gate	2026-09-13T21:13:06.9955290Z [90mstderr[2m | tests/unit/settings-workspace.test.ts[2m > [22m[2mSettingsWorkspace[2m > [22m[2mcloses after persisting settings without waiting for a slow reconnect
Build and inspect Linux Electron artifacts	Full correctness unit gate	2026-09-13T21:13:06.9956618Z [22m[39mThe current testing environment is not configured to support act(...)
Build and inspect Linux Electron artifacts	Full correctness unit gate	2026-09-13T21:13:06.9957189Z The current testing environment is not configured to support act(...)
Build and inspect Linux Electron artifacts	Full correctness unit gate	2026-09-13T21:13:06.9957716Z The current testing environment is not configured to support act(...)
Build and inspect Linux Electron artifacts	Full correctness unit gate	2026-09-13T21:13:06.9958236Z The current testing environment is not configured to support act(...)
Build and inspect Linux Electron artifacts	Full correctness unit gate	2026-09-13T21:13:06.9958502Z 
Build and inspect Linux Electron artifacts	Full correctness unit gate	2026-09-13T21:13:07.0049438Z [90mstderr[2m | tests/unit/settings-workspace.test.ts[2m > [22m[2mSettingsWorkspace[2m > [22m[2mcloses after persisting settings without waiting for a slow reconnect
Build and inspect Linux Electron artifacts	Full correctness unit gate	2026-09-13T21:13:07.0050513Z [22m[39mThe current testing environment is not configured to support act(...)
Build and inspect Linux Electron artifacts	Full correctness unit gate	2026-09-13T21:13:07.0050850Z 
Build and inspect Linux Electron artifacts	Full correctness unit gate	2026-09-13T21:13:07.0106710Z [90mstderr[2m | tests/unit/settings-workspace.test.ts[2m > [22m[2mSettingsWorkspace[2m > [22m[2mkeeps the workspace open when save fails
Build and inspect Linux Electron artifacts	Full correctness unit gate	2026-09-13T21:13:07.0108711Z [22m[39mThe current testing environment is not configured to support act(...)
Build and inspect Linux Electron artifacts	Full correctness unit gate	2026-09-13T21:13:07.0109933Z The current testing environment is not configured to support act(...)
Build and inspect Linux Electron artifacts	Full correctness unit gate	2026-09-13T21:13:07.0110917Z The current testing environment is not configured to support act(...)
Build and inspect Linux Electron artifacts	Full correctness unit gate	2026-09-13T21:13:07.0111954Z The current testing environment is not configured to support act(...)
Build and inspect Linux Electron artifacts	Full correctness unit gate	2026-09-13T21:13:07.0135897Z 
Build and inspect Linux Electron artifacts	Full correctness unit gate	2026-09-13T21:13:07.0137368Z [90mstderr[2m | tests/unit/settings-workspace.test.ts[2m > [22m[2mSettingsWorkspace[2m > [22m[2mkeeps the workspace open when save fails
Build and inspect Linux Electron artifacts	Full correctness unit gate	2026-09-13T21:13:07.0138851Z [22m[39mThe current testing environment is not configured to support act(...)
Build and inspect Linux Electron artifacts	Full correctness unit gate	2026-09-13T21:13:07.0139987Z The current testing environment is not configured to support act(...)
Build and inspect Linux Electron artifacts	Full correctness unit gate	2026-09-13T21:13:07.0141091Z The current testing environment is not configured to support act(...)
Build and inspect Linux Electron artifacts	Full correctness unit gate	2026-09-13T21:13:07.0142207Z The current testing environment is not configured to support act(...)
Build and inspect Linux Electron artifacts	Full correctness unit gate	2026-09-13T21:13:07.0143604Z The current testing environment is not configured to support act(...)
Build and inspect Linux Electron artifacts	Full correctness unit gate	2026-09-13T21:13:07.0144546Z The current testing environment is not configured to support act(...)
Build and inspect Linux Electron artifacts	Full correctness unit gate	2026-09-13T21:13:07.0144963Z 
Build and inspect Linux Electron artifacts	Full correctness unit gate	2026-09-13T21:13:07.0145803Z [90mstderr[2m | tests/unit/settings-workspace.test.ts[2m > [22m[2mSettingsWorkspace[2m > [22m[2mkeeps the workspace open when save fails
Build and inspect Linux Electron artifacts	Full correctness unit gate	2026-09-13T21:13:07.0146808Z [22m[39mThe current testing environment is not configured to support act(...)
Build and inspect Linux Electron artifacts	Full correctness unit gate	2026-09-13T21:13:07.0147248Z 
Build and inspect Linux Electron artifacts	Full correctness unit gate	2026-09-13T21:13:07.0354887Z [90mstderr[2m | tests/unit/settings-workspace.test.ts[2m > [22m[2mSettingsWorkspace[2m > [22m[2mkeeps the workspace open when save fails
Build and inspect Linux Electron artifacts	Full correctness unit gate	2026-09-13T21:13:07.0363655Z [22m[39mThe current testing environment is not configured to support act(...)
Build and inspect Linux Electron artifacts	Full correctness unit gate	2026-09-13T21:13:07.0365127Z The current testing environment is not configured to support act(...)
Build and inspect Linux Electron artifacts	Full correctness unit gate	2026-09-13T21:13:07.0366461Z The current testing environment is not configured to support act(...)
Build and inspect Linux Electron artifacts	Full correctness unit gate	2026-09-13T21:13:07.0367592Z 
Build and inspect Linux Electron artifacts	Full correctness unit gate	2026-09-13T21:13:07.0375981Z [90mstderr[2m | tests/unit/settings-workspace.test.ts[2m > [22m[2mSettingsWorkspace[2m > [22m[2mkeeps the workspace open when save fails
Build and inspect Linux Electron artifacts	Full correctness unit gate	2026-09-13T21:13:07.0377305Z [22m[39mThe current testing environment is not configured to support act(...)
Build and inspect Linux Electron artifacts	Full correctness unit gate	2026-09-13T21:13:07.0377902Z The current testing environment is not configured to support act(...)
Build and inspect Linux Electron artifacts	Full correctness unit gate	2026-09-13T21:13:07.0378196Z 
Build and inspect Linux Electron artifacts	Full correctness unit gate	2026-09-13T21:13:07.0437849Z [90mstderr[2m | tests/unit/settings-workspace.test.ts[2m > [22m[2mSettingsWorkspace[2m > [22m[2mkeeps the workspace open when save fails
Build and inspect Linux Electron artifacts	Full correctness unit gate	2026-09-13T21:13:07.0438932Z [22m[39mThe current testing environment is not configured to support act(...)
Build and inspect Linux Electron artifacts	Full correctness unit gate	2026-09-13T21:13:07.0439261Z 
Build and inspect Linux Electron artifacts	Full correctness unit gate	2026-09-13T21:13:07.0501811Z [90mstderr[2m | tests/unit/settings-workspace.test.ts[2m > [22m[2mSettingsWorkspace[2m > [22m[2mdoes not strip roster spaces while an operator is typing a name
Build and inspect Linux Electron artifacts	Full correctness unit gate	2026-09-13T21:13:07.0503996Z [22m[39mThe current testing environment is not configured to support act(...)
Build and inspect Linux Electron artifacts	Full correctness unit gate	2026-09-13T21:13:07.0505473Z The current testing environment is not configured to support act(...)
Build and inspect Linux Electron artifacts	Full correctness unit gate	2026-09-13T21:13:07.0506482Z The current testing environment is not configured to support act(...)
Build and inspect Linux Electron artifacts	Full correctness unit gate	2026-09-13T21:13:07.0507435Z The current testing environment is not configured to support act(...)
Build and inspect Linux Electron artifacts	Full correctness unit gate	2026-09-13T21:13:07.0507939Z 
Build and inspect Linux Electron artifacts	Full correctness unit gate	2026-09-13T21:13:07.0509354Z [90mstderr[2m | tests/unit/settings-workspace.test.ts[2m > [22m[2mSettingsWorkspace[2m > [22m[2mdoes not strip roster spaces while an operator is typing a name
Build and inspect Linux Electron artifacts	Full correctness unit gate	2026-09-13T21:13:07.0511088Z [22m[39mThe current testing environment is not configured to support act(...)
Build and inspect Linux Electron artifacts	Full correctness unit gate	2026-09-13T21:13:07.0512131Z The current testing environment is not configured to support act(...)
Build and inspect Linux Electron artifacts	Full correctness unit gate	2026-09-13T21:13:07.0513417Z The current testing environment is not configured to support act(...)
Build and inspect Linux Electron artifacts	Full correctness unit gate	2026-09-13T21:13:07.0514365Z The current testing environment is not configured to support act(...)
Build and inspect Linux Electron artifacts	Full correctness unit gate	2026-09-13T21:13:07.0515339Z The current testing environment is not configured to support act(...)
Build and inspect Linux Electron artifacts	Full correctness unit gate	2026-09-13T21:13:07.0516319Z The current testing environment is not configured to support act(...)
Build and inspect Linux Electron artifacts	Full correctness unit gate	2026-09-13T21:13:07.0516803Z 
Build and inspect Linux Electron artifacts	Full correctness unit gate	2026-09-13T21:13:07.0518206Z [90mstderr[2m | tests/unit/settings-workspace.test.ts[2m > [22m[2mSettingsWorkspace[2m > [22m[2mdoes not strip roster spaces while an operator is typing a name
Build and inspect Linux Electron artifacts	Full correctness unit gate	2026-09-13T21:13:07.0519908Z [22m[39mThe current testing environment is not configured to support act(...)
Build and inspect Linux Electron artifacts	Full correctness unit gate	2026-09-13T21:13:07.0520464Z 
Build and inspect Linux Electron artifacts	Full correctness unit gate	2026-09-13T21:13:07.0726640Z [90mstderr[2m | tests/unit/settings-workspace.test.ts[2m > [22m[2mSettingsWorkspace[2m > [22m[2mdoes not strip roster spaces while an operator is typing a name
Build and inspect Linux Electron artifacts	Full correctness unit gate	2026-09-13T21:13:07.0727829Z [22m[39mThe current testing environment is not configured to support act(...)
Build and inspect Linux Electron artifacts	Full correctness unit gate	2026-09-13T21:13:07.0728633Z The current testing environment is not configured to support act(...)
Build and inspect Linux Electron artifacts	Full correctness unit gate	2026-09-13T21:13:07.0729187Z 
Build and inspect Linux Electron artifacts	Full correctness unit gate	2026-09-13T21:13:07.0736233Z [90mstderr[2m | tests/unit/settings-workspace.test.ts[2m > [22m[2mSettingsWorkspace[2m > [22m[2mdoes not strip roster spaces while an operator is typing a name
Build and inspect Linux Electron artifacts	Full correctness unit gate	2026-09-13T21:13:07.0737337Z [22m[39mThe current testing environment is not configured to support act(...)
Build and inspect Linux Electron artifacts	Full correctness unit gate	2026-09-13T21:13:07.0737660Z 
Build and inspect Linux Electron artifacts	Full correctness unit gate	2026-09-13T21:13:07.0786421Z [90mstderr[2m | tests/unit/settings-workspace.test.ts[2m > [22m[2mSettingsWorkspace[2m > [22m[2mkeeps focus while an operator types weather link names and URLs
Build and inspect Linux Electron artifacts	Full correctness unit gate	2026-09-13T21:13:07.0788421Z [22m[39mThe current testing environment is not configured to support act(...)
Build and inspect Linux Electron artifacts	Full correctness unit gate	2026-09-13T21:13:07.0789223Z The current testing environment is not configured to support act(...)
Build and inspect Linux Electron artifacts	Full correctness unit gate	2026-09-13T21:13:07.0789888Z The current testing environment is not configured to support act(...)
Build and inspect Linux Electron artifacts	Full correctness unit gate	2026-09-13T21:13:07.0790528Z The current testing environment is not configured to support act(...)
Build and inspect Linux Electron artifacts	Full correctness unit gate	2026-09-13T21:13:07.0790937Z 
Build and inspect Linux Electron artifacts	Full correctness unit gate	2026-09-13T21:13:07.0791887Z [90mstderr[2m | tests/unit/settings-workspace.test.ts[2m > [22m[2mSettingsWorkspace[2m > [22m[2mkeeps focus while an operator types weather link names and URLs
Build and inspect Linux Electron artifacts	Full correctness unit gate	2026-09-13T21:13:07.0793874Z [22m[39mThe current testing environment is not configured to support act(...)
Build and inspect Linux Electron artifacts	Full correctness unit gate	2026-09-13T21:13:07.0794594Z The current testing environment is not configured to support act(...)
Build and inspect Linux Electron artifacts	Full correctness unit gate	2026-09-13T21:13:07.0795254Z The current testing environment is not configured to support act(...)
Build and inspect Linux Electron artifacts	Full correctness unit gate	2026-09-13T21:13:07.0795892Z The current testing environment is not configured to support act(...)
Build and inspect Linux Electron artifacts	Full correctness unit gate	2026-09-13T21:13:07.0796527Z The current testing environment is not configured to support act(...)
Build and inspect Linux Electron artifacts	Full correctness unit gate	2026-09-13T21:13:07.0797156Z The current testing environment is not configured to support act(...)
Build and inspect Linux Electron artifacts	Full correctness unit gate	2026-09-13T21:13:07.0797556Z 
Build and inspect Linux Electron artifacts	Full correctness unit gate	2026-09-13T21:13:07.0798444Z [90mstderr[2m | tests/unit/settings-workspace.test.ts[2m > [22m[2mSettingsWorkspace[2m > [22m[2mkeeps focus while an operator types weather link names and URLs
Build and inspect Linux Electron artifacts	Full correctness unit gate	2026-09-13T21:13:07.0799494Z [22m[39mThe current testing environment is not configured to support act(...)
Build and inspect Linux Electron artifacts	Full correctness unit gate	2026-09-13T21:13:07.0799935Z 
Build and inspect Linux Electron artifacts	Full correctness unit gate	2026-09-13T21:13:07.0920745Z [90mstderr[2m | tests/unit/settings-workspace.test.ts[2m > [22m[2mSettingsWorkspace[2m > [22m[2mkeeps focus while an operator types weather link names and URLs
Build and inspect Linux Electron artifacts	Full correctness unit gate	2026-09-13T21:13:07.0923547Z [22m[39mThe current testing environment is not configured to support act(...)
Build and inspect Linux Electron artifacts	Full correctness unit gate	2026-09-13T21:13:07.0924337Z 
Build and inspect Linux Electron artifacts	Full correctness unit gate	2026-09-13T21:13:07.1174424Z [90mstderr[2m | tests/unit/settings-workspace.test.ts[2m > [22m[2mSettingsWorkspace[2m > [22m[2mkeeps focus while an operator types weather link names and URLs
Build and inspect Linux Electron artifacts	Full correctness unit gate	2026-09-13T21:13:07.1175775Z [22m[39mThe current testing environment is not configured to support act(...)
Build and inspect Linux Electron artifacts	Full correctness unit gate	2026-09-13T21:13:07.1176618Z The current testing environment is not configured to support act(...)
Build and inspect Linux Electron artifacts	Full correctness unit gate	2026-09-13T21:13:07.1177091Z 
Build and inspect Linux Electron artifacts	Full correctness unit gate	2026-09-13T21:13:07.1240398Z [90mstderr[2m | tests/unit/settings-workspace.test.ts[2m > [22m[2mSettingsWorkspace[2m > [22m[2mkeeps focus while an operator types weather link names and URLs
Build and inspect Linux Electron artifacts	Full correctness unit gate	2026-09-13T21:13:07.1259264Z [22m[39mThe current testing environment is not configured to support act(...)
Build and inspect Linux Electron artifacts	Full correctness unit gate	2026-09-13T21:13:07.1259893Z 
Build and inspect Linux Electron artifacts	Full correctness unit gate	2026-09-13T21:13:07.1260709Z [90mstderr[2m | tests/unit/settings-workspace.test.ts[2m > [22m[2mSettingsWorkspace[2m > [22m[2mkeeps focus while an operator types weather link names and URLs
Build and inspect Linux Electron artifacts	Full correctness unit gate	2026-09-13T21:13:07.1261680Z [22m[39mThe current testing environment is not configured to support act(...)
Build and inspect Linux Electron artifacts	Full correctness unit gate	2026-09-13T21:13:07.1262009Z 
Build and inspect Linux Electron artifacts	Full correctness unit gate	2026-09-13T21:13:07.1296405Z [90mstderr[2m | tests/unit/settings-workspace.test.ts[2m > [22m[2mSettingsWorkspace[2m > [22m[2mshows official map source status and lets an admin enter a MapGenie source path
Build and inspect Linux Electron artifacts	Full correctness unit gate	2026-09-13T21:13:07.1297766Z [22m[39mThe current testing environment is not configured to support act(...)
Build and inspect Linux Electron artifacts	Full correctness unit gate	2026-09-13T21:13:07.1298824Z The current testing environment is not configured to support act(...)
Build and inspect Linux Electron artifacts	Full correctness unit gate	2026-09-13T21:13:07.1299771Z The current testing environment is not configured to support act(...)
Build and inspect Linux Electron artifacts	Full correctness unit gate	2026-09-13T21:13:07.1300310Z The current testing environment is not configured to support act(...)
Build and inspect Linux Electron artifacts	Full correctness unit gate	2026-09-13T21:13:07.1300596Z 
Build and inspect Linux Electron artifacts	Full correctness unit gate	2026-09-13T21:13:07.1301479Z [90mstderr[2m | tests/unit/settings-workspace.test.ts[2m > [22m[2mSettingsWorkspace[2m > [22m[2mshows official map source status and lets an admin enter a MapGenie source path
Build and inspect Linux Electron artifacts	Full correctness unit gate	2026-09-13T21:13:07.1302474Z [22m[39mThe current testing environment is not configured to support act(...)
Build and inspect Linux Electron artifacts	Full correctness unit gate	2026-09-13T21:13:07.1303351Z The current testing environment is not configured to support act(...)
Build and inspect Linux Electron artifacts	Full correctness unit gate	2026-09-13T21:13:07.1303892Z The current testing environment is not configured to support act(...)
Build and inspect Linux Electron artifacts	Full correctness unit gate	2026-09-13T21:13:07.1304417Z The current testing environment is not configured to support act(...)
Build and inspect Linux Electron artifacts	Full correctness unit gate	2026-09-13T21:13:07.1304944Z The current testing environment is not configured to support act(...)
Build and inspect Linux Electron artifacts	Full correctness unit gate	2026-09-13T21:13:07.1305466Z The current testing environment is not configured to support act(...)
Build and inspect Linux Electron artifacts	Full correctness unit gate	2026-09-13T21:13:07.1305743Z 
Build and inspect Linux Electron artifacts	Full correctness unit gate	2026-09-13T21:13:07.1306597Z [90mstderr[2m | tests/unit/settings-workspace.test.ts[2m > [22m[2mSettingsWorkspace[2m > [22m[2mshows official map source status and lets an admin enter a MapGenie source path
Build and inspect Linux Electron artifacts	Full correctness unit gate	2026-09-13T21:13:07.1307968Z [22m[39mThe current testing environment is not configured to support act(...)
Build and inspect Linux Electron artifacts	Full correctness unit gate	2026-09-13T21:13:07.1308284Z 
Build and inspect Linux Electron artifacts	Full correctness unit gate	2026-09-13T21:13:07.1588875Z [90mstderr[2m | tests/unit/settings-workspace.test.ts[2m > [22m[2mSettingsWorkspace[2m > [22m[2mshows official map source status and lets an admin enter a MapGenie source path
Build and inspect Linux Electron artifacts	Full correctness unit gate	2026-09-13T21:13:07.1591210Z [22m[39mThe current testing environment is not configured to support act(...)
Build and inspect Linux Electron artifacts	Full correctness unit gate	2026-09-13T21:13:07.1592560Z The current testing environment is not configured to support act(...)
Build and inspect Linux Electron artifacts	Full correctness unit gate	2026-09-13T21:13:07.1594085Z The current testing environment is not configured to support act(...)
Build and inspect Linux Electron artifacts	Full correctness unit gate	2026-09-13T21:13:07.1595375Z The current testing environment is not configured to support act(...)
Build and inspect Linux Electron artifacts	Full correctness unit gate	2026-09-13T21:13:07.1595941Z 
Build and inspect Linux Electron artifacts	Full correctness unit gate	2026-09-13T21:13:07.1597664Z [90mstderr[2m | tests/unit/settings-workspace.test.ts[2m > [22m[2mSettingsWorkspace[2m > [22m[2mshows official map source status and lets an admin enter a MapGenie source path
Build and inspect Linux Electron artifacts	Full correctness unit gate	2026-09-13T21:13:07.1600087Z [22m[39mThe current testing environment is not configured to support act(...)
Build and inspect Linux Electron artifacts	Full correctness unit gate	2026-09-13T21:13:07.1600704Z The current testing environment is not configured to support act(...)
Build and inspect Linux Electron artifacts	Full correctness unit gate	2026-09-13T21:13:07.1601264Z The current testing environment is not configured to support act(...)
Build and inspect Linux Electron artifacts	Full correctness unit gate	2026-09-13T21:13:07.1601825Z The current testing environment is not configured to support act(...)
Build and inspect Linux Electron artifacts	Full correctness unit gate	2026-09-13T21:13:07.1602100Z 
Build and inspect Linux Electron artifacts	Full correctness unit gate	2026-09-13T21:13:07.1697451Z [90mstderr[2m | tests/unit/settings-workspace.test.ts[2m > [22m[2mSettingsWorkspace[2m > [22m[2mshows official map source status and lets an admin enter a MapGenie source path
Build and inspect Linux Electron artifacts	Full correctness unit gate	2026-09-13T21:13:07.1699441Z [22m[39mThe current testing environment is not configured to support act(...)
Build and inspect Linux Electron artifacts	Full correctness unit gate	2026-09-13T21:13:07.1700020Z 
Build and inspect Linux Electron artifacts	Full correctness unit gate	2026-09-13T21:13:07.1747119Z [90mstderr[2m | tests/unit/settings-workspace.test.ts[2m > [22m[2mSettingsWorkspace[2m > [22m[2mshows sanitized official map package readiness in settings
Build and inspect Linux Electron artifacts	Full correctness unit gate	2026-09-13T21:13:07.1748749Z [22m[39mThe current testing environment is not configured to support act(...)
Build and inspect Linux Electron artifacts	Full correctness unit gate	2026-09-13T21:13:07.1750043Z The current testing environment is not configured to support act(...)
Build and inspect Linux Electron artifacts	Full correctness unit gate	2026-09-13T21:13:07.1751156Z The current testing environment is not configured to support act(...)
Build and inspect Linux Electron artifacts	Full correctness unit gate	2026-09-13T21:13:07.1752041Z The current testing environment is not configured to support act(...)
Build and inspect Linux Electron artifacts	Full correctness unit gate	2026-09-13T21:13:07.1752325Z 
Build and inspect Linux Electron artifacts	Full correctness unit gate	2026-09-13T21:13:07.1775704Z [90mstderr[2m | tests/unit/settings-workspace.test.ts[2m > [22m[2mSettingsWorkspace[2m > [22m[2mshows sanitized official map package readiness in settings
Build and inspect Linux Electron artifacts	Full correctness unit gate	2026-09-13T21:13:07.1776698Z [22m[39mThe current testing environment is not configured to support act(...)
Build and inspect Linux Electron artifacts	Full correctness unit gate	2026-09-13T21:13:07.1777276Z The current testing environment is not configured to support act(...)
Build and inspect Linux Electron artifacts	Full correctness unit gate	2026-09-13T21:13:07.1777820Z The current testing environment is not configured to support act(...)
Build and inspect Linux Electron artifacts	Full correctness unit gate	2026-09-13T21:13:07.1778335Z The current testing environment is not configured to support act(...)
Build and inspect Linux Electron artifacts	Full correctness unit gate	2026-09-13T21:13:07.1778871Z The current testing environment is not configured to support act(...)
Build and inspect Linux Electron artifacts	Full correctness unit gate	2026-09-13T21:13:07.1779387Z The current testing environment is not configured to support act(...)
Build and inspect Linux Electron artifacts	Full correctness unit gate	2026-09-13T21:13:07.1779652Z 
Build and inspect Linux Electron artifacts	Full correctness unit gate	2026-09-13T21:13:07.1780410Z [90mstderr[2m | tests/unit/settings-workspace.test.ts[2m > [22m[2mSettingsWorkspace[2m > [22m[2mshows sanitized official map package readiness in settings
Build and inspect Linux Electron artifacts	Full correctness unit gate	2026-09-13T21:13:07.1781357Z [22m[39mThe current testing environment is not configured to support act(...)
Build and inspect Linux Electron artifacts	Full correctness unit gate	2026-09-13T21:13:07.1781674Z 
Build and inspect Linux Electron artifacts	Full correctness unit gate	2026-09-13T21:13:07.2093205Z [90mstderr[2m | tests/unit/settings-workspace.test.ts[2m > [22m[2mSettingsWorkspace[2m > [22m[2mshows sanitized official map package readiness in settings
Build and inspect Linux Electron artifacts	Full correctness unit gate	2026-09-13T21:13:07.2095437Z [22m[39mThe current testing environment is not configured to support act(...)
Build and inspect Linux Electron artifacts	Full correctness unit gate	2026-09-13T21:13:07.2096358Z 
Build and inspect Linux Electron artifacts	Full correctness unit gate	2026-09-13T21:13:07.2147179Z [90mstderr[2m | tests/unit/settings-workspace.test.ts[2m > [22m[2mSettingsWorkspace[2m > [22m[2mlets an Electron admin choose a MapGenie source file and Discovery MBTiles package
Build and inspect Linux Electron artifacts	Full correctness unit gate	2026-09-13T21:13:07.2149972Z [22m[39mThe current testing environment is not configured to support act(...)
Build and inspect Linux Electron artifacts	Full correctness unit gate	2026-09-13T21:13:07.2151247Z The current testing environment is not configured to support act(...)
Build and inspect Linux Electron artifacts	Full correctness unit gate	2026-09-13T21:13:07.2152413Z The current testing environment is not configured to support act(...)
Build and inspect Linux Electron artifacts	Full correctness unit gate	2026-09-13T21:13:07.2153978Z The current testing environment is not configured to support act(...)
Build and inspect Linux Electron artifacts	Full correctness unit gate	2026-09-13T21:13:07.2154546Z 
Build and inspect Linux Electron artifacts	Full correctness unit gate	2026-09-13T21:13:07.2156282Z [90mstderr[2m | tests/unit/settings-workspace.test.ts[2m > [22m[2mSettingsWorkspace[2m > [22m[2mlets an Electron admin choose a MapGenie source file and Discovery MBTiles package
Build and inspect Linux Electron artifacts	Full correctness unit gate	2026-09-13T21:13:07.2158020Z [22m[39mThe current testing environment is not configured to support act(...)
Build and inspect Linux Electron artifacts	Full correctness unit gate	2026-09-13T21:13:07.2158632Z The current testing environment is not configured to support act(...)
Build and inspect Linux Electron artifacts	Full correctness unit gate	2026-09-13T21:13:07.2159181Z The current testing environment is not configured to support act(...)
Build and inspect Linux Electron artifacts	Full correctness unit gate	2026-09-13T21:13:07.2159974Z The current testing environment is not configured to support act(...)
Build and inspect Linux Electron artifacts	Full correctness unit gate	2026-09-13T21:13:07.2160496Z The current testing environment is not configured to support act(...)
Build and inspect Linux Electron artifacts	Full correctness unit gate	2026-09-13T21:13:07.2161036Z The current testing environment is not configured to support act(...)
Build and inspect Linux Electron artifacts	Full correctness unit gate	2026-09-13T21:13:07.2161305Z 
Build and inspect Linux Electron artifacts	Full correctness unit gate	2026-09-13T21:13:07.2162218Z [90mstderr[2m | tests/unit/settings-workspace.test.ts[2m > [22m[2mSettingsWorkspace[2m > [22m[2mlets an Electron admin choose a MapGenie source file and Discovery MBTiles package
Build and inspect Linux Electron artifacts	Full correctness unit gate	2026-09-13T21:13:07.2163618Z [22m[39mThe current testing environment is not configured to support act(...)
Build and inspect Linux Electron artifacts	Full correctness unit gate	2026-09-13T21:13:07.2163945Z 
Build and inspect Linux Electron artifacts	Full correctness unit gate	2026-09-13T21:13:07.2344127Z [90mstderr[2m | tests/unit/settings-workspace.test.ts[2m > [22m[2mSettingsWorkspace[2m > [22m[2mlets an Electron admin choose a MapGenie source file and Discovery MBTiles package
Build and inspect Linux Electron artifacts	Full correctness unit gate	2026-09-13T21:13:07.2353931Z [22m[39mThe current testing environment is not configured to support act(...)
Build and inspect Linux Electron artifacts	Full correctness unit gate	2026-09-13T21:13:07.2363856Z The current testing environment is not configured to support act(...)
Build and inspect Linux Electron artifacts	Full correctness unit gate	2026-09-13T21:13:07.2383920Z The current testing environment is not configured to support act(...)
Build and inspect Linux Electron artifacts	Full correctness unit gate	2026-09-13T21:13:07.2413266Z 
Build and inspect Linux Electron artifacts	Full correctness unit gate	2026-09-13T21:13:07.2429236Z [90mstderr[2m | tests/unit/settings-workspace.test.ts[2m > [22m[2mSettingsWorkspace[2m > [22m[2mlets an Electron admin choose a MapGenie source file and Discovery MBTiles package
Build and inspect Linux Electron artifacts	Full correctness unit gate	2026-09-13T21:13:07.2447693Z [22m[39mThe current testing environment is not configured to support act(...)
Build and inspect Linux Electron artifacts	Full correctness unit gate	2026-09-13T21:13:07.2448836Z The current testing environment is not configured to support act(...)
Build and inspect Linux Electron artifacts	Full correctness unit gate	2026-09-13T21:13:07.2449368Z 
Build and inspect Linux Electron artifacts	Full correctness unit gate	2026-09-13T21:13:07.2514841Z [90mstderr[2m | tests/unit/settings-workspace.test.ts[2m > [22m[2mSettingsWorkspace[2m > [22m[2mlets an Electron admin choose a MapGenie source file and Discovery MBTiles package
Build and inspect Linux Electron artifacts	Full correctness unit gate	2026-09-13T21:13:07.2517099Z [22m[39mThe current testing environment is not configured to support act(...)
Build and inspect Linux Electron artifacts	Full correctness unit gate	2026-09-13T21:13:07.2518392Z The current testing environment is not configured to support act(...)
Build and inspect Linux Electron artifacts	Full correctness unit gate	2026-09-13T21:13:07.2519568Z The current testing environment is not configured to support act(...)
Build and inspect Linux Electron artifacts	Full correctness unit gate	2026-09-13T21:13:07.2520237Z 
Build and inspect Linux Electron artifacts	Full correctness unit gate	2026-09-13T21:13:07.2606075Z [90mstderr[2m | tests/unit/settings-workspace.test.ts[2m > [22m[2mSettingsWorkspace[2m > [22m[2mlets an Electron admin choose a MapGenie source file and Discovery MBTiles package
Build and inspect Linux Electron artifacts	Full correctness unit gate	2026-09-13T21:13:07.2607409Z [22m[39mThe current testing environment is not configured to support act(...)
Build and inspect Linux Electron artifacts	Full correctness unit gate	2026-09-13T21:13:07.2608140Z The current testing environment is not configured to support act(...)
Build and inspect Linux Electron artifacts	Full correctness unit gate	2026-09-13T21:13:07.2608538Z 
Build and inspect Linux Electron artifacts	Full correctness unit gate	2026-09-13T21:13:07.2678548Z [90mstderr[2m | tests/unit/settings-workspace.test.ts[2m > [22m[2mSettingsWorkspace[2m > [22m[2mlets an Electron admin choose a MapGenie source file and Discovery MBTiles package
Build and inspect Linux Electron artifacts	Full correctness unit gate	2026-09-13T21:13:07.2680575Z [22m[39mThe current testing environment is not configured to support act(...)
Build and inspect Linux Electron artifacts	Full correctness unit gate	2026-09-13T21:13:07.2682194Z The current testing environment is not configured to support act(...)
Build and inspect Linux Electron artifacts	Full correctness unit gate	2026-09-13T21:13:07.2683555Z The current testing environment is not configured to support act(...)
Build and inspect Linux Electron artifacts	Full correctness unit gate	2026-09-13T21:13:07.2684100Z 
Build and inspect Linux Electron artifacts	Full correctness unit gate	2026-09-13T21:13:07.2685816Z [90mstderr[2m | tests/unit/settings-workspace.test.ts[2m > [22m[2mSettingsWorkspace[2m > [22m[2mlets an Electron admin choose a MapGenie source file and Discovery MBTiles package
Build and inspect Linux Electron artifacts	Full correctness unit gate	2026-09-13T21:13:07.2687749Z [22m[39mThe current testing environment is not configured to support act(...)
Build and inspect Linux Electron artifacts	Full correctness unit gate	2026-09-13T21:13:07.2688826Z The current testing environment is not configured to support act(...)
Build and inspect Linux Electron artifacts	Full correctness unit gate	2026-09-13T21:13:07.2689866Z The current testing environment is not configured to support act(...)
Build and inspect Linux Electron artifacts	Full correctness unit gate	2026-09-13T21:13:07.2690925Z The current testing environment is not configured to support act(...)
Build and inspect Linux Electron artifacts	Full correctness unit gate	2026-09-13T21:13:07.2691448Z 
Build and inspect Linux Electron artifacts	Full correctness unit gate	2026-09-13T21:13:07.2765385Z [90mstderr[2m | tests/unit/settings-workspace.test.ts[2m > [22m[2mSettingsWorkspace[2m > [22m[2mlets an Electron admin choose a MapGenie source file and Discovery MBTiles package
Build and inspect Linux Electron artifacts	Full correctness unit gate	2026-09-13T21:13:07.2767820Z [22m[39mThe current testing environment is not configured to support act(...)
Build and inspect Linux Electron artifacts	Full correctness unit gate	2026-09-13T21:13:07.2768431Z 
Build and inspect Linux Electron artifacts	Full correctness unit gate	2026-09-13T21:13:07.2904484Z [90mstderr[2m | tests/unit/settings-workspace.test.ts[2m > [22m[2mSettingsWorkspace[2m > [22m[2mlets an Electron admin remove a registered official map package before saving
Build and inspect Linux Electron artifacts	Full correctness unit gate	2026-09-13T21:13:07.2906026Z [22m[39mThe current testing environment is not configured to support act(...)
Build and inspect Linux Electron artifacts	Full correctness unit gate	2026-09-13T21:13:07.2906916Z The current testing environment is not configured to support act(...)
Build and inspect Linux Electron artifacts	Full correctness unit gate	2026-09-13T21:13:07.2908040Z The current testing environment is not configured to support act(...)
Build and inspect Linux Electron artifacts	Full correctness unit gate	2026-09-13T21:13:07.2908969Z The current testing environment is not configured to support act(...)
Build and inspect Linux Electron artifacts	Full correctness unit gate	2026-09-13T21:13:07.2909768Z 
Build and inspect Linux Electron artifacts	Full correctness unit gate	2026-09-13T21:13:07.2911041Z [90mstderr[2m | tests/unit/settings-workspace.test.ts[2m > [22m[2mSettingsWorkspace[2m > [22m[2mlets an Electron admin remove a registered official map package before saving
Build and inspect Linux Electron artifacts	Full correctness unit gate	2026-09-13T21:13:07.2912390Z [22m[39mThe current testing environment is not configured to support act(...)
Build and inspect Linux Electron artifacts	Full correctness unit gate	2026-09-13T21:13:07.2913772Z The current testing environment is not configured to support act(...)
Build and inspect Linux Electron artifacts	Full correctness unit gate	2026-09-13T21:13:07.2914709Z The current testing environment is not configured to support act(...)
Build and inspect Linux Electron artifacts	Full correctness unit gate	2026-09-13T21:13:07.2915321Z The current testing environment is not configured to support act(...)
Build and inspect Linux Electron artifacts	Full correctness unit gate	2026-09-13T21:13:07.2916092Z The current testing environment is not configured to support act(...)
Build and inspect Linux Electron artifacts	Full correctness unit gate	2026-09-13T21:13:07.2916747Z The current testing environment is not configured to support act(...)
Build and inspect Linux Electron artifacts	Full correctness unit gate	2026-09-13T21:13:07.2917065Z 
Build and inspect Linux Electron artifacts	Full correctness unit gate	2026-09-13T21:13:07.2918110Z [90mstderr[2m | tests/unit/settings-workspace.test.ts[2m > [22m[2mSettingsWorkspace[2m > [22m[2mlets an Electron admin remove a registered official map package before saving
Build and inspect Linux Electron artifacts	Full correctness unit gate	2026-09-13T21:13:07.2919256Z [22m[39mThe current testing environment is not configured to support act(...)
Build and inspect Linux Electron artifacts	Full correctness unit gate	2026-09-13T21:13:07.2919862Z 
Build and inspect Linux Electron artifacts	Full correctness unit gate	2026-09-13T21:13:07.3113204Z [90mstderr[2m | tests/unit/settings-workspace.test.ts[2m > [22m[2mSettingsWorkspace[2m > [22m[2mlets an Electron admin remove a registered official map package before saving
Build and inspect Linux Electron artifacts	Full correctness unit gate	2026-09-13T21:13:07.3115293Z [22m[39mThe current testing environment is not configured to support act(...)
Build and inspect Linux Electron artifacts	Full correctness unit gate	2026-09-13T21:13:07.3115901Z 
Build and inspect Linux Electron artifacts	Full correctness unit gate	2026-09-13T21:13:07.3230208Z [90mstderr[2m | tests/unit/settings-workspace.test.ts[2m > [22m[2mSettingsWorkspace[2m > [22m[2mlets an Electron admin remove a registered official map package before saving
Build and inspect Linux Electron artifacts	Full correctness unit gate	2026-09-13T21:13:07.3231978Z [22m[39mThe current testing environment is not configured to support act(...)
Build and inspect Linux Electron artifacts	Full correctness unit gate	2026-09-13T21:13:07.3233247Z The current testing environment is not configured to support act(...)
Build and inspect Linux Electron artifacts	Full correctness unit gate	2026-09-13T21:13:07.3234090Z The current testing environment is not configured to support act(...)
Build and inspect Linux Electron artifacts	Full correctness unit gate	2026-09-13T21:13:07.3234630Z 
Build and inspect Linux Electron artifacts	Full correctness unit gate	2026-09-13T21:13:07.3236021Z [90mstderr[2m | tests/unit/settings-workspace.test.ts[2m > [22m[2mSettingsWorkspace[2m > [22m[2mlets an Electron admin remove a registered official map package before saving
Build and inspect Linux Electron artifacts	Full correctness unit gate	2026-09-13T21:13:07.3237798Z [22m[39mThe current testing environment is not configured to support act(...)
Build and inspect Linux Electron artifacts	Full correctness unit gate	2026-09-13T21:13:07.3238589Z The current testing environment is not configured to support act(...)
Build and inspect Linux Electron artifacts	Full correctness unit gate	2026-09-13T21:13:07.3239514Z The current testing environment is not configured to support act(...)
Build and inspect Linux Electron artifacts	Full correctness unit gate	2026-09-13T21:13:07.3240490Z The current testing environment is not configured to support act(...)
Build and inspect Linux Electron artifacts	Full correctness unit gate	2026-09-13T21:13:07.3240964Z 
Build and inspect Linux Electron artifacts	Full correctness unit gate	2026-09-13T21:13:07.3297473Z [90mstderr[2m | tests/unit/settings-workspace.test.ts[2m > [22m[2mSettingsWorkspace[2m > [22m[2mlets an Electron admin remove a registered official map package before saving
Build and inspect Linux Electron artifacts	Full correctness unit gate	2026-09-13T21:13:07.3298923Z [22m[39mThe current testing environment is not configured to support act(...)
Build and inspect Linux Electron artifacts	Full correctness unit gate	2026-09-13T21:13:07.3299524Z 
Build and inspect Linux Electron artifacts	Full correctness unit gate	2026-09-13T21:13:07.3314325Z  [32m✓[39m tests/unit/settings-workspace.test.ts [2m([22m[2m10 tests[22m[2m)[22m[33m 550[2mms[22m[39m
Build and inspect Linux Electron artifacts	Full correctness unit gate	2026-09-13T21:13:08.3067899Z  [32m✓[39m tests/unit/sync-coverage-overlay.test.ts [2m([22m[2m18 tests[22m[2m)[22m[32m 25[2mms[22m[39m
Build and inspect Linux Electron artifacts	Full correctness unit gate	2026-09-13T21:13:09.2367281Z [90mstderr[2m | tests/unit/traccar-client.test.ts[2m > [22m[2mtraccar client[2m > [22m[2mmarks a normalized roster incomplete when any Traccar device row is rejected [DON-271]
Build and inspect Linux Electron artifacts	Full correctness unit gate	2026-09-13T21:13:09.2369159Z [22m[39mDropped malformed Traccar device row. {
Build and inspect Linux Electron artifacts	Full correctness unit gate	2026-09-13T21:13:09.2370085Z   endpoint: [32m'/api/devices'[39m,
Build and inspect Linux Electron artifacts	Full correctness unit gate	2026-09-13T21:13:09.2370773Z   rowIndex: [33m1[39m,
Build and inspect Linux Electron artifacts	Full correctness unit gate	2026-09-13T21:13:09.2371598Z   reason: [32m'Traccar device id must be a finite number.'[39m
Build and inspect Linux Electron artifacts	Full correctness unit gate	2026-09-13T21:13:09.2372336Z }
Build and inspect Linux Electron artifacts	Full correctness unit gate	2026-09-13T21:13:09.2372966Z 
Build and inspect Linux Electron artifacts	Full correctness unit gate	2026-09-13T21:13:09.2577399Z  [32m✓[39m tests/unit/traccar-client.test.ts [2m([22m[2m21 tests[22m[2m)[22m[32m 49[2mms[22m[39m
Build and inspect Linux Electron artifacts	Full correctness unit gate	2026-09-13T21:13:10.5933857Z  [32m✓[39m tests/unit/mission-archive-cleanup-dialog.test.tsx [2m([22m[2m16 tests[22m[2m)[22m[33m 335[2mms[22m[39m
Build and inspect Linux Electron artifacts	Full correctness unit gate	2026-09-13T21:13:11.8423137Z  [32m✓[39m tests/unit/electron-breadcrumb-query-client.test.ts [2m([22m[2m38 tests[22m[2m)[22m[33m 324[2mms[22m[39m
Build and inspect Linux Electron artifacts	Full correctness unit gate	2026-09-13T21:13:12.7620052Z  [32m✓[39m tests/unit/electron-runtime-files.test.ts [2m([22m[2m10 tests[22m[2m)[22m[32m 37[2mms[22m[39m
Build and inspect Linux Electron artifacts	Full correctness unit gate	2026-09-13T21:13:13.8457608Z  [32m✓[39m tests/unit/electron-archive-review-preload.test.ts [2m([22m[2m13 tests[22m[2m)[22m[32m 165[2mms[22m[39m
Build and inspect Linux Electron artifacts	Full correctness unit gate	2026-09-13T21:13:16.7423402Z  [32m✓[39m tests/unit/electron-archive-scratch.test.ts [2m([22m[2m7 tests[22m[2m)[22m[33m 1956[2mms[22m[39m
Build and inspect Linux Electron artifacts	Full correctness unit gate	2026-09-13T21:13:16.7424620Z      [33m[2m✓[22m[39m copies exactly one pinned mission, preserves rowids, and proves all 49 tables [33m 387[2mms[22m[39m
Build and inspect Linux Electron artifacts	Full correctness unit gate	2026-09-13T21:13:16.7425604Z      [33m[2m✓[22m[39m binds the captured cleanup generation into the archived finalization projection [33m 375[2mms[22m[39m
Build and inspect Linux Electron artifacts	Full correctness unit gate	2026-09-13T21:13:16.7426618Z      [33m[2m✓[22m[39m preserves the exact unlock rowid/id/time in a supplemental finalization projection [33m 363[2mms[22m[39m
Build and inspect Linux Electron artifacts	Full correctness unit gate	2026-09-13T21:13:16.7427664Z      [33m[2m✓[22m[39m keeps a recovery request row separate from its current protected finalization epoch [33m 362[2mms[22m[39m
Build and inspect Linux Electron artifacts	Full correctness unit gate	2026-09-13T21:13:16.7428692Z      [33m[2m✓[22m[39m installs canonical replay objects absent from a historically upgraded v13 source [33m 375[2mms[22m[39m
Build and inspect Linux Electron artifacts	Full correctness unit gate	2026-09-13T21:13:18.1173646Z  [32m✓[39m tests/unit/official-map-freshness.test.ts [2m([22m[2m5 tests[22m[2m)[22m[33m 427[2mms[22m[39m
Build and inspect Linux Electron artifacts	Full correctness unit gate	2026-09-13T21:13:19.1063347Z  [32m✓[39m tests/unit/diagnostics-model.test.ts [2m([22m[2m6 tests[22m[2m)[22m[32m 29[2mms[22m[39m
Build and inspect Linux Electron artifacts	Full correctness unit gate	2026-09-13T21:13:20.1817268Z  [32m✓[39m tests/unit/electron-file-system.test.ts [2m([22m[2m17 tests[22m[2m)[22m[32m 120[2mms[22m[39m
Build and inspect Linux Electron artifacts	Full correctness unit gate	2026-09-13T21:13:27.1427815Z  [32m✓[39m tests/unit/exact-breadcrumb-dots-contract.test.ts [2m([22m[2m10 tests[22m[2m)[22m[33m 6019[2mms[22m[39m
Build and inspect Linux Electron artifacts	Full correctness unit gate	2026-09-13T21:13:27.1429004Z      [33m[2m✓[22m[39m preserves exact truth through SQLite pages, IPC shape, controller and GeoJSON [33m 1134[2mms[22m[39m
Build and inspect Linux Electron artifacts	Full correctness unit gate	2026-09-13T21:13:27.1430455Z      [33m[2m✓[22m[39m proves the guard rejects the injected drop-one-row fault [33m 632[2mms[22m[39m
Build and inspect Linux Electron artifacts	Full correctness unit gate	2026-09-13T21:13:27.1431272Z      [33m[2m✓[22m[39m proves the guard rejects the injected duplicate-one-row fault [33m 664[2mms[22m[39m
Build and inspect Linux Electron artifacts	Full correctness unit gate	2026-09-13T21:13:27.1432268Z      [33m[2m✓[22m[39m proves the guard rejects the injected swap-order fault [33m 531[2mms[22m[39m
Build and inspect Linux Electron artifacts	Full correctness unit gate	2026-09-13T21:13:27.1433946Z      [33m[2m✓[22m[39m proves the guard rejects the injected shift-one-coordinate fault [33m 685[2mms[22m[39m
Build and inspect Linux Electron artifacts	Full correctness unit gate	2026-09-13T21:13:27.1435010Z      [33m[2m✓[22m[39m proves the guard rejects the injected shift-one-timestamp fault [33m 531[2mms[22m[39m
Build and inspect Linux Electron artifacts	Full correctness unit gate	2026-09-13T21:13:27.1435977Z      [33m[2m✓[22m[39m proves the guard rejects the injected substitute-identity fault [33m 728[2mms[22m[39m
Build and inspect Linux Electron artifacts	Full correctness unit gate	2026-09-13T21:13:27.1436903Z      [33m[2m✓[22m[39m proves the guard rejects the injected truncate-page fault [33m 539[2mms[22m[39m
Build and inspect Linux Electron artifacts	Full correctness unit gate	2026-09-13T21:13:27.1438141Z      [33m[2m✓[22m[39m proves the guard rejects the injected lie-about-total fault [33m 569[2mms[22m[39m
Build and inspect Linux Electron artifacts	Full correctness unit gate	2026-09-13T21:13:29.8977025Z  [32m✓[39m tests/unit/electron-archive-replay-proof.test.ts [2m([22m[2m12 tests[22m[2m)[22m[33m 1798[2mms[22m[39m
Build and inspect Linux Electron artifacts	Full correctness unit gate	2026-09-13T21:13:29.8978957Z      [33m[2m✓[22m[39m binds later outing-filter page IDs into the deterministic semantic digest [33m 389[2mms[22m[39m
Build and inspect Linux Electron artifacts	Full correctness unit gate	2026-09-13T21:13:29.8980188Z      [33m[2m✓[22m[39m keeps exhaustive outing-filter evidence insensitive to replay-generation cursor rotation [33m 393[2mms[22m[39m
Build and inspect Linux Electron artifacts	Full correctness unit gate	2026-09-13T21:13:32.5449926Z  [32m✓[39m tests/unit/tracking-geojson.test.ts [2m([22m[2m14 tests[22m[2m)[22m[33m 1715[2mms[22m[39m
Build and inspect Linux Electron artifacts	Full correctness unit gate	2026-09-13T21:13:32.5451839Z      [33m[2m✓[22m[39m keeps worst-case per-device retained trail rendering bounded [DON-159] [33m 1445[2mms[22m[39m
Build and inspect Linux Electron artifacts	Full correctness unit gate	2026-09-13T21:13:33.6988560Z  [32m✓[39m tests/unit/electron-archive-review-projection-runner.test.ts [2m([22m[2m40 tests[22m[2m)[22m[32m 203[2mms[22m[39m
Build and inspect Linux Electron artifacts	Full correctness unit gate	2026-09-13T21:13:34.9955537Z  [32m✓[39m tests/unit/mission-archive-custody-dialog.test.tsx [2m([22m[2m11 tests[22m[2m)[22m[32m 256[2mms[22m[39m
Build and inspect Linux Electron artifacts	Full correctness unit gate	2026-09-13T21:13:36.4094979Z  [32m✓[39m tests/unit/mission-review-runtime-bridge-archive.test.tsx [2m([22m[2m6 tests[22m[2m)[22m[32m 95[2mms[22m[39m
Build and inspect Linux Electron artifacts	Full correctness unit gate	2026-09-13T21:13:46.9276587Z  [32m✓[39m tests/unit/electron-archive-family-resource-lane.test.ts [2m([22m[2m4 tests[22m[2m)[22m[33m 9573[2mms[22m[39m
Build and inspect Linux Electron artifacts	Full correctness unit gate	2026-09-13T21:13:46.9278686Z      [33m[2m✓[22m[39m never enters two distinct verification retry workers concurrently [33m 1576[2mms[22m[39m
Build and inspect Linux Electron artifacts	Full correctness unit gate	2026-09-13T21:13:46.9279881Z      [33m[2m✓[22m[39m does not enter a verification retry while encrypted create/finalize owns the lane [33m 1544[2mms[22m[39m
Build and inspect Linux Electron artifacts	Full correctness unit gate	2026-09-13T21:13:46.9281416Z      [33m[2m✓[22m[39m waits for correction custody before finalizing a different mission [33m 4933[2mms[22m[39m
Build and inspect Linux Electron artifacts	Full correctness unit gate	2026-09-13T21:13:46.9283679Z      [33m[2m✓[22m[39m cancels a queued retry before worker entry while live positions stay below 200 ms [33m 1519[2mms[22m[39m
Build and inspect Linux Electron artifacts	Full correctness unit gate	2026-09-13T21:13:47.8500137Z  [32m✓[39m tests/unit/start-mission-governance-runtime.test.ts [2m([22m[2m12 tests[22m[2m)[22m[32m 23[2mms[22m[39m
Build and inspect Linux Electron artifacts	Full correctness unit gate	2026-09-13T21:13:49.0171997Z  [32m✓[39m tests/unit/mission-archive-verification-dialog.test.tsx [2m([22m[2m10 tests[22m[2m)[22m[32m 159[2mms[22m[39m
Build and inspect Linux Electron artifacts	Full correctness unit gate	2026-09-13T21:13:49.9639255Z  [32m✓[39m tests/unit/electron-archive-review-attachment-opener.test.ts [2m([22m[2m11 tests[22m[2m)[22m[32m 63[2mms[22m[39m
Build and inspect Linux Electron artifacts	Full correctness unit gate	2026-09-13T21:13:50.9139262Z  [32m✓[39m tests/unit/electron-tracking-soak-exact-proof-lib.test.ts [2m([22m[2m7 tests[22m[2m)[22m[32m 38[2mms[22m[39m
Build and inspect Linux Electron artifacts	Full correctness unit gate	2026-09-13T21:13:52.9674679Z  [32m✓[39m tests/unit/electron-archive-custody-operation-worker.test.ts [2m([22m[2m11 tests[22m[2m)[22m[33m 1144[2mms[22m[39m
Build and inspect Linux Electron artifacts	Full correctness unit gate	2026-09-13T21:13:53.9219436Z  [32m✓[39m tests/unit/electron-archive-attachments.test.ts [2m([22m[2m13 tests[22m[2m)[22m[32m 56[2mms[22m[39m
Build and inspect Linux Electron artifacts	Full correctness unit gate	2026-09-13T21:13:54.8419417Z  [32m✓[39m tests/unit/electron-archive-envelope.test.ts [2m([22m[2m8 tests[22m[2m)[22m[32m 22[2mms[22m[39m
Build and inspect Linux Electron artifacts	Full correctness unit gate	2026-09-13T21:13:56.0938489Z  [32m✓[39m tests/unit/deferred-mission-evidence.test.ts [2m([22m[2m15 tests[22m[2m)[22m[33m 351[2mms[22m[39m
Build and inspect Linux Electron artifacts	Full correctness unit gate	2026-09-13T21:13:57.2052492Z  [32m✓[39m tests/unit/electron-archive-custody-reconcile-runner.test.ts [2m([22m[2m11 tests[22m[2m)[22m[32m 234[2mms[22m[39m
Build and inspect Linux Electron artifacts	Full correctness unit gate	2026-09-13T21:13:58.1217184Z  [32m✓[39m tests/unit/start-layer-catalog-runtime.test.ts [2m([22m[2m10 tests[22m[2m)[22m[32m 18[2mms[22m[39m
Build and inspect Linux Electron artifacts	Full correctness unit gate	2026-09-13T21:13:59.0696900Z  [32m✓[39m tests/unit/official-map-manifest.test.ts [2m([22m[2m44 tests[22m[2m)[22m[32m 49[2mms[22m[39m
Build and inspect Linux Electron artifacts	Full correctness unit gate	2026-09-13T21:14:00.0025162Z  [32m✓[39m tests/unit/start-diagnostics-runtime.test.ts [2m([22m[2m4 tests[22m[2m)[22m[32m 26[2mms[22m[39m
Build and inspect Linux Electron artifacts	Full correctness unit gate	2026-09-13T21:14:00.9139182Z  [32m✓[39m tests/unit/electron-mission-finalization-boundary.test.ts [2m([22m[2m16 tests[22m[2m)[22m[32m 28[2mms[22m[39m
Build and inspect Linux Electron artifacts	Full correctness unit gate	2026-09-13T21:14:02.0693351Z  [32m✓[39m tests/unit/use-official-map-view-qualification.test.tsx [2m([22m[2m12 tests[22m[2m)[22m[32m 49[2mms[22m[39m
Build and inspect Linux Electron artifacts	Full correctness unit gate	2026-09-13T21:14:03.4404483Z  [32m✓[39m tests/unit/electron-archive-cleanup-membership.test.ts [2m([22m[2m9 tests[22m[2m)[22m[33m 390[2mms[22m[39m
Build and inspect Linux Electron artifacts	Full correctness unit gate	2026-09-13T21:14:05.4910426Z  [32m✓[39m tests/unit/electron-breadcrumb-query-session.test.ts [2m([22m[2m22 tests[22m[2m)[22m[33m 1159[2mms[22m[39m
Build and inspect Linux Electron artifacts	Full correctness unit gate	2026-09-13T21:14:06.5181042Z  [32m✓[39m tests/unit/mock-traccar-hardening.test.ts [2m([22m[2m18 tests[22m[2m)[22m[32m 88[2mms[22m[39m
Build and inspect Linux Electron artifacts	Full correctness unit gate	2026-09-13T21:14:07.4667195Z  [32m✓[39m tests/unit/mission-autosave.test.ts [2m([22m[2m19 tests[22m[2m)[22m[32m 47[2mms[22m[39m
Build and inspect Linux Electron artifacts	Full correctness unit gate	2026-09-13T21:14:08.5712074Z [90mstderr[2m | tests/unit/electron-archive-custody-lifecycle-attacks.test.ts[2m > [22m[2marchive custody lifecycle attacks[2m > [22m[2mkeeps a custody conflict as a durable global archive-lane blocker across restarts
Build and inspect Linux Electron artifacts	Full correctness unit gate	2026-09-13T21:14:08.5715021Z [22m[39mArchive custody recovery stopped safely (ARCHIVE_CUSTODY_RECOVERY_REQUIRED).
Build and inspect Linux Electron artifacts	Full correctness unit gate	2026-09-13T21:14:08.5715688Z 
Build and inspect Linux Electron artifacts	Full correctness unit gate	2026-09-13T21:14:13.1321019Z  [32m✓[39m tests/unit/electron-archive-custody-lifecycle-attacks.test.ts [2m([22m[2m4 tests[22m[2m)[22m[33m 4699[2mms[22m[39m
Build and inspect Linux Electron artifacts	Full correctness unit gate	2026-09-13T21:14:13.1322494Z      [33m[2m✓[22m[39m blocks correction unlock until delayed verification commits a reviewable predecessor [33m 4391[2mms[22m[39m
Build and inspect Linux Electron artifacts	Full correctness unit gate	2026-09-13T21:14:14.0344661Z  [32m✓[39m tests/unit/ingest-evidence-finalization-boundary.test.ts [2m([22m[2m10 tests[22m[2m)[22m[32m 18[2mms[22m[39m
Build and inspect Linux Electron artifacts	Full correctness unit gate	2026-09-13T21:14:15.2443318Z [90mstderr[2m | tests/unit/devices-workspace.test.ts[2m > [22m[2mDevicesWorkspace[2m > [22m[2mdoes not derive device rows from tracking updates while the workspace is closed [DON-213]
Build and inspect Linux Electron artifacts	Full correctness unit gate	2026-09-13T21:14:15.2445592Z [22m[39mThe current testing environment is not configured to support act(...)
Build and inspect Linux Electron artifacts	Full correctness unit gate	2026-09-13T21:14:15.2446229Z 
Build and inspect Linux Electron artifacts	Full correctness unit gate	2026-09-13T21:14:15.2468382Z [90mstderr[2m | tests/unit/devices-workspace.test.ts[2m > [22m[2mDevicesWorkspace[2m > [22m[2mdoes not derive device rows from tracking updates while the workspace is closed [DON-213]
Build and inspect Linux Electron artifacts	Full correctness unit gate	2026-09-13T21:14:15.2470427Z [22m[39mThe current testing environment is not configured to support act(...)
Build and inspect Linux Electron artifacts	Full correctness unit gate	2026-09-13T21:14:15.2471046Z 
Build and inspect Linux Electron artifacts	Full correctness unit gate	2026-09-13T21:14:15.3231314Z [90mstderr[2m | tests/unit/devices-workspace.test.ts[2m > [22m[2mDevicesWorkspace[2m > [22m[2mselects a device when non-control status, time, or source cells are clicked
Build and inspect Linux Electron artifacts	Full correctness unit gate	2026-09-13T21:14:15.3233699Z [22m[39mThe current testing environment is not configured to support act(...)
Build and inspect Linux Electron artifacts	Full correctness unit gate	2026-09-13T21:14:15.3234298Z 
Build and inspect Linux Electron artifacts	Full correctness unit gate	2026-09-13T21:14:15.3368525Z [90mstderr[2m | tests/unit/devices-workspace.test.ts[2m > [22m[2mDevicesWorkspace[2m > [22m[2mselects a device when non-control status, time, or source cells are clicked
Build and inspect Linux Electron artifacts	Full correctness unit gate	2026-09-13T21:14:15.3372815Z [22m[39mThe current testing environment is not configured to support act(...)
Build and inspect Linux Electron artifacts	Full correctness unit gate	2026-09-13T21:14:15.3373729Z 
Build and inspect Linux Electron artifacts	Full correctness unit gate	2026-09-13T21:14:15.3396501Z [90mstderr[2m | tests/unit/devices-workspace.test.ts[2m > [22m[2mDevicesWorkspace[2m > [22m[2mselects a device when non-control status, time, or source cells are clicked
Build and inspect Linux Electron artifacts	Full correctness unit gate	2026-09-13T21:14:15.3398429Z [22m[39mThe current testing environment is not configured to support act(...)
Build and inspect Linux Electron artifacts	Full correctness unit gate	2026-09-13T21:14:15.3399004Z 
Build and inspect Linux Electron artifacts	Full correctness unit gate	2026-09-13T21:14:15.3633539Z [90mstderr[2m | tests/unit/devices-workspace.test.ts[2m > [22m[2mDevicesWorkspace[2m > [22m[2mshows the authoritative fix time and supplied GPS accuracy in the inspector [DON-260]
Build and inspect Linux Electron artifacts	Full correctness unit gate	2026-09-13T21:14:15.3635507Z [22m[39mThe current testing environment is not configured to support act(...)
Build and inspect Linux Electron artifacts	Full correctness unit gate	2026-09-13T21:14:15.3636071Z 
Build and inspect Linux Electron artifacts	Full correctness unit gate	2026-09-13T21:14:15.3649883Z [90mstderr[2m | tests/unit/devices-workspace.test.ts[2m > [22m[2mDevicesWorkspace[2m > [22m[2mshows the authoritative fix time and supplied GPS accuracy in the inspector [DON-260]
Build and inspect Linux Electron artifacts	Full correctness unit gate	2026-09-13T21:14:15.3652996Z [22m[39mThe current testing environment is not configured to support act(...)
Build and inspect Linux Electron artifacts	Full correctness unit gate	2026-09-13T21:14:15.3653660Z 
Build and inspect Linux Electron artifacts	Full correctness unit gate	2026-09-13T21:14:15.3851553Z [90mstderr[2m | tests/unit/devices-workspace.test.ts[2m > [22m[2mDevicesWorkspace[2m > [22m[2mshows and acknowledges stationary attention without erasing it [DON-269]
Build and inspect Linux Electron artifacts	Full correctness unit gate	2026-09-13T21:14:15.3854233Z [22m[39mThe current testing environment is not configured to support act(...)
Build and inspect Linux Electron artifacts	Full correctness unit gate	2026-09-13T21:14:15.3855155Z 
Build and inspect Linux Electron artifacts	Full correctness unit gate	2026-09-13T21:14:15.3948713Z [90mstderr[2m | tests/unit/devices-workspace.test.ts[2m > [22m[2mDevicesWorkspace[2m > [22m[2mshows and acknowledges stationary attention without erasing it [DON-269]
Build and inspect Linux Electron artifacts	Full correctness unit gate	2026-09-13T21:14:15.3949860Z [22m[39mThe current testing environment is not configured to support act(...)
Build and inspect Linux Electron artifacts	Full correctness unit gate	2026-09-13T21:14:15.3950216Z 
Build and inspect Linux Electron artifacts	Full correctness unit gate	2026-09-13T21:14:15.3962301Z [90mstderr[2m | tests/unit/devices-workspace.test.ts[2m > [22m[2mDevicesWorkspace[2m > [22m[2mshows and acknowledges stationary attention without erasing it [DON-269]
Build and inspect Linux Electron artifacts	Full correctness unit gate	2026-09-13T21:14:15.3964882Z [22m[39mThe current testing environment is not configured to support act(...)
Build and inspect Linux Electron artifacts	Full correctness unit gate	2026-09-13T21:14:15.3965822Z 
Build and inspect Linux Electron artifacts	Full correctness unit gate	2026-09-13T21:14:15.4141339Z [90mstderr[2m | tests/unit/devices-workspace.test.ts[2m > [22m[2mDevicesWorkspace[2m > [22m[2msurfaces an uncorroborated latest fix without clearing stationary attention
Build and inspect Linux Electron artifacts	Full correctness unit gate	2026-09-13T21:14:15.4144102Z [22m[39mThe current testing environment is not configured to support act(...)
Build and inspect Linux Electron artifacts	Full correctness unit gate	2026-09-13T21:14:15.4176160Z 
Build and inspect Linux Electron artifacts	Full correctness unit gate	2026-09-13T21:14:15.4184323Z [90mstderr[2m | tests/unit/devices-workspace.test.ts[2m > [22m[2mDevicesWorkspace[2m > [22m[2msurfaces an uncorroborated latest fix without clearing stationary attention
Build and inspect Linux Electron artifacts	Full correctness unit gate	2026-09-13T21:14:15.4185401Z [22m[39mThe current testing environment is not configured to support act(...)
Build and inspect Linux Electron artifacts	Full correctness unit gate	2026-09-13T21:14:15.4185732Z 
Build and inspect Linux Electron artifacts	Full correctness unit gate	2026-09-13T21:14:15.4362913Z [90mstderr[2m | tests/unit/devices-workspace.test.ts[2m > [22m[2mDevicesWorkspace[2m > [22m[2madds and removes mission-active devices via filter tabs
Build and inspect Linux Electron artifacts	Full correctness unit gate	2026-09-13T21:14:15.4365173Z [22m[39mThe current testing environment is not configured to support act(...)
Build and inspect Linux Electron artifacts	Full correctness unit gate	2026-09-13T21:14:15.4366094Z 
Build and inspect Linux Electron artifacts	Full correctness unit gate	2026-09-13T21:14:15.4653832Z [90mstderr[2m | tests/unit/devices-workspace.test.ts[2m > [22m[2mDevicesWorkspace[2m > [22m[2madds and removes mission-active devices via filter tabs
Build and inspect Linux Electron artifacts	Full correctness unit gate	2026-09-13T21:14:15.4656261Z [22m[39mThe current testing environment is not configured to support act(...)
Build and inspect Linux Electron artifacts	Full correctness unit gate	2026-09-13T21:14:15.4676266Z The current testing environment is not configured to support act(...)
Build and inspect Linux Electron artifacts	Full correctness unit gate	2026-09-13T21:14:15.4677301Z The current testing environment is not configured to support act(...)
Build and inspect Linux Electron artifacts	Full correctness unit gate	2026-09-13T21:14:15.4678419Z The current testing environment is not configured to support act(...)
Build and inspect Linux Electron artifacts	Full correctness unit gate	2026-09-13T21:14:15.4679210Z The current testing environment is not configured to support act(...)
Build and inspect Linux Electron artifacts	Full correctness unit gate	2026-09-13T21:14:15.4679578Z 
Build and inspect Linux Electron artifacts	Full correctness unit gate	2026-09-13T21:14:15.4680760Z [90mstderr[2m | tests/unit/devices-workspace.test.ts[2m > [22m[2mDevicesWorkspace[2m > [22m[2madds and removes mission-active devices via filter tabs
Build and inspect Linux Electron artifacts	Full correctness unit gate	2026-09-13T21:14:15.4682451Z [22m[39mThe current testing environment is not configured to support act(...)
Build and inspect Linux Electron artifacts	Full correctness unit gate	2026-09-13T21:14:15.4683368Z 
Build and inspect Linux Electron artifacts	Full correctness unit gate	2026-09-13T21:14:15.4824725Z [90mstderr[2m | tests/unit/devices-workspace.test.ts[2m > [22m[2mDevicesWorkspace[2m > [22m[2mkeeps selected device and search scoped to the active filter list
Build and inspect Linux Electron artifacts	Full correctness unit gate	2026-09-13T21:14:15.4826509Z [22m[39mThe current testing environment is not configured to support act(...)
Build and inspect Linux Electron artifacts	Full correctness unit gate	2026-09-13T21:14:15.4827286Z 
Build and inspect Linux Electron artifacts	Full correctness unit gate	2026-09-13T21:14:15.5005176Z [90mstderr[2m | tests/unit/devices-workspace.test.ts[2m > [22m[2mDevicesWorkspace[2m > [22m[2mkeeps selected device and search scoped to the active filter list
Build and inspect Linux Electron artifacts	Full correctness unit gate	2026-09-13T21:14:15.5006902Z [22m[39mThe current testing environment is not configured to support act(...)
Build and inspect Linux Electron artifacts	Full correctness unit gate	2026-09-13T21:14:15.5033621Z The current testing environment is not configured to support act(...)
Build and inspect Linux Electron artifacts	Full correctness unit gate	2026-09-13T21:14:15.5043660Z The current testing environment is not configured to support act(...)
Build and inspect Linux Electron artifacts	Full correctness unit gate	2026-09-13T21:14:15.5047853Z The current testing environment is not configured to support act(...)
Build and inspect Linux Electron artifacts	Full correctness unit gate	2026-09-13T21:14:15.5048301Z 
Build and inspect Linux Electron artifacts	Full correctness unit gate	2026-09-13T21:14:15.5049179Z [90mstderr[2m | tests/unit/devices-workspace.test.ts[2m > [22m[2mDevicesWorkspace[2m > [22m[2mkeeps selected device and search scoped to the active filter list
Build and inspect Linux Electron artifacts	Full correctness unit gate	2026-09-13T21:14:15.5050156Z [22m[39mThe current testing environment is not configured to support act(...)
Build and inspect Linux Electron artifacts	Full correctness unit gate	2026-09-13T21:14:15.5050489Z 
Build and inspect Linux Electron artifacts	Full correctness unit gate	2026-09-13T21:14:15.5145243Z [90mstderr[2m | tests/unit/devices-workspace.test.ts[2m > [22m[2mDevicesWorkspace[2m > [22m[2mupdates per-device breadcrumb colour via palette swatch and global breadcrumb size
Build and inspect Linux Electron artifacts	Full correctness unit gate	2026-09-13T21:14:15.5147172Z [22m[39mThe current testing environment is not configured to support act(...)
Build and inspect Linux Electron artifacts	Full correctness unit gate	2026-09-13T21:14:15.5147711Z 
Build and inspect Linux Electron artifacts	Full correctness unit gate	2026-09-13T21:14:15.5208021Z [90mstderr[2m | tests/unit/devices-workspace.test.ts[2m > [22m[2mDevicesWorkspace[2m > [22m[2mupdates per-device breadcrumb colour via palette swatch and global breadcrumb size
Build and inspect Linux Electron artifacts	Full correctness unit gate	2026-09-13T21:14:15.5209408Z [22m[39mThe current testing environment is not configured to support act(...)
Build and inspect Linux Electron artifacts	Full correctness unit gate	2026-09-13T21:14:15.5209779Z 
Build and inspect Linux Electron artifacts	Full correctness unit gate	2026-09-13T21:14:15.5328037Z [90mstderr[2m | tests/unit/devices-workspace.test.ts[2m > [22m[2mDevicesWorkspace[2m > [22m[2mupdates per-device breadcrumb colour via palette swatch and global breadcrumb size
Build and inspect Linux Electron artifacts	Full correctness unit gate	2026-09-13T21:14:15.5330021Z [22m[39mThe current testing environment is not configured to support act(...)
Build and inspect Linux Electron artifacts	Full correctness unit gate	2026-09-13T21:14:15.5331128Z The current testing environment is not configured to support act(...)
Build and inspect Linux Electron artifacts	Full correctness unit gate	2026-09-13T21:14:15.5332135Z The current testing environment is not configured to support act(...)
Build and inspect Linux Electron artifacts	Full correctness unit gate	2026-09-13T21:14:15.5332928Z 
Build and inspect Linux Electron artifacts	Full correctness unit gate	2026-09-13T21:14:15.5338843Z [90mstderr[2m | tests/unit/devices-workspace.test.ts[2m > [22m[2mDevicesWorkspace[2m > [22m[2mupdates per-device breadcrumb colour via palette swatch and global breadcrumb size
Build and inspect Linux Electron artifacts	Full correctness unit gate	2026-09-13T21:14:15.5341000Z [22m[39mThe current testing environment is not configured to support act(...)
Build and inspect Linux Electron artifacts	Full correctness unit gate	2026-09-13T21:14:15.5341820Z 
Build and inspect Linux Electron artifacts	Full correctness unit gate	2026-09-13T21:14:15.5520446Z [90mstderr[2m | tests/unit/devices-workspace.test.ts[2m > [22m[2mDevicesWorkspace[2m > [22m[2msets the global trail mode and makes the size control label match that mode
Build and inspect Linux Electron artifacts	Full correctness unit gate	2026-09-13T21:14:15.5522465Z [22m[39mThe current testing environment is not configured to support act(...)
Build and inspect Linux Electron artifacts	Full correctness unit gate	2026-09-13T21:14:15.5523370Z 
Build and inspect Linux Electron artifacts	Full correctness unit gate	2026-09-13T21:14:15.5664761Z [90mstderr[2m | tests/unit/devices-workspace.test.ts[2m > [22m[2mDevicesWorkspace[2m > [22m[2msets the global trail mode and makes the size control label match that mode
Build and inspect Linux Electron artifacts	Full correctness unit gate	2026-09-13T21:14:15.5666684Z [22m[39mThe current testing environment is not configured to support act(...)
Build and inspect Linux Electron artifacts	Full correctness unit gate	2026-09-13T21:14:15.5667774Z The current testing environment is not configured to support act(...)
Build and inspect Linux Electron artifacts	Full correctness unit gate	2026-09-13T21:14:15.5668294Z 
Build and inspect Linux Electron artifacts	Full correctness unit gate	2026-09-13T21:14:15.5676028Z [90mstderr[2m | tests/unit/devices-workspace.test.ts[2m > [22m[2mDevicesWorkspace[2m > [22m[2msets the global trail mode and makes the size control label match that mode
Build and inspect Linux Electron artifacts	Full correctness unit gate	2026-09-13T21:14:15.5678860Z [22m[39mThe current testing environment is not configured to support act(...)
Build and inspect Linux Electron artifacts	Full correctness unit gate	2026-09-13T21:14:15.5679818Z 
Build and inspect Linux Electron artifacts	Full correctness unit gate	2026-09-13T21:14:15.5700823Z  [32m✓[39m tests/unit/devices-workspace.test.ts [2m([22m[2m9 tests[22m[2m)[22m[33m 375[2mms[22m[39m
Build and inspect Linux Electron artifacts	Full correctness unit gate	2026-09-13T21:14:16.5034632Z  [32m✓[39m tests/unit/visual-review-lib.test.ts [2m([22m[2m44 tests[22m[2m)[22m[32m 34[2mms[22m[39m
Build and inspect Linux Electron artifacts	Full correctness unit gate	2026-09-13T21:14:20.2134040Z  [32m✓[39m tests/unit/seed-mission-store-runtime.test.ts [2m([22m[2m10 tests[22m[2m)[22m[33m 2487[2mms[22m[39m
Build and inspect Linux Electron artifacts	Full correctness unit gate	2026-09-13T21:14:20.2136049Z      [33m[2m✓[22m[39m atomically generates a reusable synthetic store that opens through the real adapter [33m 512[2mms[22m[39m
Build and inspect Linux Electron artifacts	Full correctness unit gate	2026-09-13T21:14:20.2137594Z      [33m[2m✓[22m[39m preserves an existing known-good fixture when forced regeneration is interrupted [33m 929[2mms[22m[39m
Build and inspect Linux Electron artifacts	Full correctness unit gate	2026-09-13T21:14:20.2139235Z      [33m[2m✓[22m[39m reuses a checksum-valid legacy v2 preset cache without regeneration [33m 398[2mms[22m[39m
Build and inspect Linux Electron artifacts	Full correctness unit gate	2026-09-13T21:14:20.2141716Z      [33m[2m✓[22m[39m starts the PR5 qualification fixture on the current schema before a bounded interruption [33m 634[2mms[22m[39m
Build and inspect Linux Electron artifacts	Full correctness unit gate	2026-09-13T21:15:13.4377277Z  [32m✓[39m tests/unit/electron-cleanup-live-write-contention.test.ts [2m([22m[2m15 tests[22m[2m)[22m[33m 52299[2mms[22m[39m
Build and inspect Linux Electron artifacts	Full correctness unit gate	2026-09-13T21:15:13.4379172Z    [33m[2m✓[22m[39m keeps live devices responsive and durable while the real cleanup worker owns the writer lock [DON-252] [33m 3590[2mms[22m[39m
Build and inspect Linux Electron artifacts	Full correctness unit gate	2026-09-13T21:15:13.4380680Z    [33m[2m✓[22m[39m keeps live single-devices responsive and durable while the real cleanup worker owns the writer lock [DON-252] [33m 3504[2mms[22m[39m
Build and inspect Linux Electron artifacts	Full correctness unit gate	2026-09-13T21:15:13.4381880Z    [33m[2m✓[22m[39m keeps live positions responsive and durable while the real cleanup worker owns the writer lock [DON-252] [33m 3518[2mms[22m[39m
Build and inspect Linux Electron artifacts	Full correctness unit gate	2026-09-13T21:15:13.4383443Z    [33m[2m✓[22m[39m keeps live one-position responsive and durable while the real cleanup worker owns the writer lock [DON-252] [33m 3495[2mms[22m[39m
Build and inspect Linux Electron artifacts	Full correctness unit gate	2026-09-13T21:15:13.4384697Z    [33m[2m✓[22m[39m keeps live positions-bulk responsive and durable while the real cleanup worker owns the writer lock [DON-252] [33m 3618[2mms[22m[39m
Build and inspect Linux Electron artifacts	Full correctness unit gate	2026-09-13T21:15:13.4385841Z    [33m[2m✓[22m[39m keeps live history responsive and durable while the real cleanup worker owns the writer lock [DON-252] [33m 3474[2mms[22m[39m
Build and inspect Linux Electron artifacts	Full correctness unit gate	2026-09-13T21:15:13.4387015Z    [33m[2m✓[22m[39m keeps live conflict-position responsive and durable while the real cleanup worker owns the writer lock [DON-252] [33m 3459[2mms[22m[39m
Build and inspect Linux Electron artifacts	Full correctness unit gate	2026-09-13T21:15:13.4388164Z    [33m[2m✓[22m[39m keeps live coverage responsive and durable while the real cleanup worker owns the writer lock [DON-252] [33m 3488[2mms[22m[39m
Build and inspect Linux Electron artifacts	Full correctness unit gate	2026-09-13T21:15:13.4389313Z    [33m[2m✓[22m[39m keeps live coverage-manifest responsive and durable while the real cleanup worker owns the writer lock [DON-252] [33m 3470[2mms[22m[39m
Build and inspect Linux Electron artifacts	Full correctness unit gate	2026-09-13T21:15:13.4390504Z    [33m[2m✓[22m[39m keeps live coverage-page responsive and durable while the real cleanup worker owns the writer lock [DON-252] [33m 3478[2mms[22m[39m
Build and inspect Linux Electron artifacts	Full correctness unit gate	2026-09-13T21:15:13.4391658Z    [33m[2m✓[22m[39m keeps live coverage-stale responsive and durable while the real cleanup worker owns the writer lock [DON-252] [33m 3490[2mms[22m[39m
Build and inspect Linux Electron artifacts	Full correctness unit gate	2026-09-13T21:15:13.4393182Z    [33m[2m✓[22m[39m keeps live finished-devices responsive and durable while the real cleanup worker owns the writer lock [DON-252] [33m 3517[2mms[22m[39m
Build and inspect Linux Electron artifacts	Full correctness unit gate	2026-09-13T21:15:13.4394436Z    [33m[2m✓[22m[39m keeps live ordered-devices responsive and durable while the real cleanup worker owns the writer lock [DON-252] [33m 3476[2mms[22m[39m
Build and inspect Linux Electron artifacts	Full correctness unit gate	2026-09-13T21:15:13.4395635Z    [33m[2m✓[22m[39m keeps live cancel-coverage responsive and durable while the real cleanup worker owns the writer lock [DON-252] [33m 3459[2mms[22m[39m
Build and inspect Linux Electron artifacts	Full correctness unit gate	2026-09-13T21:15:13.4397147Z    [33m[2m✓[22m[39m keeps live shutdown-coverage responsive and durable while the real cleanup worker owns the writer lock [DON-252] [33m 3258[2mms[22m[39m
Build and inspect Linux Electron artifacts	Full correctness unit gate	2026-09-13T21:15:14.7123196Z  [32m✓[39m tests/unit/electron-mission-store-correction-recovery-state.test.ts [2m([22m[2m6 tests[22m[2m)[22m[33m 352[2mms[22m[39m
Build and inspect Linux Electron artifacts	Full correctness unit gate	2026-09-13T21:15:15.9947332Z  [32m✓[39m tests/unit/electron-search-operations-page.test.ts [2m([22m[2m5 tests[22m[2m)[22m[33m 407[2mms[22m[39m
Build and inspect Linux Electron artifacts	Full correctness unit gate	2026-09-13T21:15:16.8984901Z  [32m✓[39m tests/unit/layer-visibility-service.test.ts [2m([22m[2m10 tests[22m[2m)[22m[32m 13[2mms[22m[39m
Build and inspect Linux Electron artifacts	Full correctness unit gate	2026-09-13T21:15:17.8350100Z  [32m✓[39m tests/unit/electron-archive-correction-custody.test.ts [2m([22m[2m13 tests[22m[2m)[22m[32m 48[2mms[22m[39m
Build and inspect Linux Electron artifacts	Full correctness unit gate	2026-09-13T21:15:18.7660957Z  [32m✓[39m tests/unit/electron-storage-diagnostics.test.ts [2m([22m[2m7 tests[22m[2m)[22m[32m 38[2mms[22m[39m
Build and inspect Linux Electron artifacts	Full correctness unit gate	2026-09-13T21:15:19.6750378Z  [32m✓[39m tests/unit/tauri-mission-store.test.ts [2m([22m[2m3 tests[22m[2m)[22m[32m 17[2mms[22m[39m
Build and inspect Linux Electron artifacts	Full correctness unit gate	2026-09-13T21:15:20.6148133Z  [32m✓[39m tests/unit/electron-archive-verify-runner.test.ts [2m([22m[2m7 tests[22m[2m)[22m[32m 30[2mms[22m[39m
Build and inspect Linux Electron artifacts	Full correctness unit gate	2026-09-13T21:15:21.6905629Z  [32m✓[39m tests/unit/electron-archive-legacy-predecessor-runner.test.ts [2m([22m[2m8 tests[22m[2m)[22m[32m 175[2mms[22m[39m
Build and inspect Linux Electron artifacts	Full correctness unit gate	2026-09-13T21:15:22.6023698Z  [32m✓[39m tests/unit/start-mission-runtime.test.ts [2m([22m[2m14 tests[22m[2m)[22m[32m 18[2mms[22m[39m
Build and inspect Linux Electron artifacts	Full correctness unit gate	2026-09-13T21:15:23.6419423Z  [32m✓[39m tests/unit/map-click-target-resolver.test.ts [2m([22m[2m15 tests[22m[2m)[22m[32m 12[2mms[22m[39m
Build and inspect Linux Electron artifacts	Full correctness unit gate	2026-09-13T21:15:25.0271647Z  [32m✓[39m tests/unit/electron-breadcrumb-dot-mission-store.test.ts [2m([22m[2m5 tests[22m[2m)[22m[33m 445[2mms[22m[39m
Build and inspect Linux Electron artifacts	Full correctness unit gate	2026-09-13T21:15:26.1145136Z  [32m✓[39m tests/unit/electron-archive-plaintext-sweep-runner.test.ts [2m([22m[2m13 tests[22m[2m)[22m[32m 198[2mms[22m[39m
Build and inspect Linux Electron artifacts	Full correctness unit gate	2026-09-13T21:15:27.0119595Z  [32m✓[39m tests/unit/start-outing-runtime.test.ts [2m([22m[2m9 tests[22m[2m)[22m[32m 14[2mms[22m[39m
Build and inspect Linux Electron artifacts	Full correctness unit gate	2026-09-13T21:15:27.9285078Z  [32m✓[39m tests/unit/electron-official-map-tile-decoder.test.ts [2m([22m[2m21 tests[22m[2m)[22m[32m 29[2mms[22m[39m
Build and inspect Linux Electron artifacts	Full correctness unit gate	2026-09-13T21:15:29.5599685Z  [32m✓[39m tests/unit/official-map-package-inspector.test.ts [2m([22m[2m11 tests[22m[2m)[22m[33m 719[2mms[22m[39m
Build and inspect Linux Electron artifacts	Full correctness unit gate	2026-09-13T21:15:30.4834716Z  [32m✓[39m tests/unit/coordinates.test.ts [2m([22m[2m41 tests[22m[2m)[22m[32m 20[2mms[22m[39m
Build and inspect Linux Electron artifacts	Full correctness unit gate	2026-09-13T21:15:31.5454077Z  [32m✓[39m tests/unit/electron-gpx-renderer-boundary.test.ts [2m([22m[2m6 tests[22m[2m)[22m[32m 174[2mms[22m[39m
Build and inspect Linux Electron artifacts	Full correctness unit gate	2026-09-13T21:15:32.4519202Z  [32m✓[39m tests/unit/field-readiness-checklist.test.ts [2m([22m[2m22 tests[22m[2m)[22m[32m 28[2mms[22m[39m
Build and inspect Linux Electron artifacts	Full correctness unit gate	2026-09-13T21:15:35.4927374Z  [32m✓[39m tests/unit/breadcrumb-36h-mock-traccar.test.ts [2m([22m[2m7 tests[22m[2m)[22m[33m 2147[2mms[22m[39m
Build and inspect Linux Electron artifacts	Full correctness unit gate	2026-09-13T21:15:35.4929409Z      [33m[2m✓[22m[39m defines a stable 33-device field profile and streams exact source truth [33m 2014[2mms[22m[39m
Build and inspect Linux Electron artifacts	Full correctness unit gate	2026-09-13T21:15:36.4324892Z  [32m✓[39m tests/unit/marker-draft.test.ts [2m([22m[2m21 tests[22m[2m)[22m[32m 20[2mms[22m[39m
Build and inspect Linux Electron artifacts	Full correctness unit gate	2026-09-13T21:15:37.3837233Z  [32m✓[39m tests/unit/participation-scope.test.ts [2m([22m[2m11 tests[22m[2m)[22m[32m 18[2mms[22m[39m
Build and inspect Linux Electron artifacts	Full correctness unit gate	2026-09-13T21:15:38.6085304Z [90mstderr[2m | tests/unit/mission-control-panel-collapse.test.ts[2m > [22m[2mMissionControlPanel collapse behavior[2m > [22m[2mrequests top-mast minimization instead of rendering side-panel safety controls
Build and inspect Linux Electron artifacts	Full correctness unit gate	2026-09-13T21:15:38.6086612Z [22m[39mThe current testing environment is not configured to support act(...)
Build and inspect Linux Electron artifacts	Full correctness unit gate	2026-09-13T21:15:38.6086948Z 
Build and inspect Linux Electron artifacts	Full correctness unit gate	2026-09-13T21:15:38.6121299Z [90mstderr[2m | tests/unit/mission-control-panel-collapse.test.ts[2m > [22m[2mMissionControlPanel collapse behavior[2m > [22m[2mrequests top-mast minimization instead of rendering side-panel safety controls
Build and inspect Linux Electron artifacts	Full correctness unit gate	2026-09-13T21:15:38.6123851Z [22m[39mThe current testing environment is not configured to support act(...)
Build and inspect Linux Electron artifacts	Full correctness unit gate	2026-09-13T21:15:38.6124271Z 
Build and inspect Linux Electron artifacts	Full correctness unit gate	2026-09-13T21:15:38.6151947Z [90mstderr[2m | tests/unit/mission-control-panel-collapse.test.ts[2m > [22m[2mMissionControlPanel collapse behavior[2m > [22m[2mrenders nothing in the side panel while the top mast owns the minimized state
Build and inspect Linux Electron artifacts	Full correctness unit gate	2026-09-13T21:15:38.6153614Z [22m[39mThe current testing environment is not configured to support act(...)
Build and inspect Linux Electron artifacts	Full correctness unit gate	2026-09-13T21:15:38.6153947Z 
Build and inspect Linux Electron artifacts	Full correctness unit gate	2026-09-13T21:15:38.6157862Z [90mstderr[2m | tests/unit/mission-control-panel-collapse.test.ts[2m > [22m[2mMissionControlPanel collapse behavior[2m > [22m[2mrenders nothing in the side panel while the top mast owns the minimized state
Build and inspect Linux Electron artifacts	Full correctness unit gate	2026-09-13T21:15:38.6159046Z [22m[39mThe current testing environment is not configured to support act(...)
Build and inspect Linux Electron artifacts	Full correctness unit gate	2026-09-13T21:15:38.6159372Z 
Build and inspect Linux Electron artifacts	Full correctness unit gate	2026-09-13T21:15:38.6251707Z [90mstderr[2m | tests/unit/mission-control-panel-collapse.test.ts[2m > [22m[2mMissionControlPanel collapse behavior[2m > [22m[2mdoes not hide a failed mission action through minimization
Build and inspect Linux Electron artifacts	Full correctness unit gate	2026-09-13T21:15:38.6254246Z [22m[39mThe current testing environment is not configured to support act(...)
Build and inspect Linux Electron artifacts	Full correctness unit gate	2026-09-13T21:15:38.6254807Z 
Build and inspect Linux Electron artifacts	Full correctness unit gate	2026-09-13T21:15:38.6264145Z [90mstderr[2m | tests/unit/mission-control-panel-collapse.test.ts[2m > [22m[2mMissionControlPanel collapse behavior[2m > [22m[2mdoes not hide a failed mission action through minimization
Build and inspect Linux Electron artifacts	Full correctness unit gate	2026-09-13T21:15:38.6265275Z [22m[39mThe current testing environment is not configured to support act(...)
Build and inspect Linux Electron artifacts	Full correctness unit gate	2026-09-13T21:15:38.6265596Z 
Build and inspect Linux Electron artifacts	Full correctness unit gate	2026-09-13T21:15:38.6354017Z [90mstderr[2m | tests/unit/mission-control-panel-collapse.test.ts[2m > [22m[2mMissionControlPanel collapse behavior[2m > [22m[2mdoes not offer collapse while paused
Build and inspect Linux Electron artifacts	Full correctness unit gate	2026-09-13T21:15:38.6356238Z [22m[39mThe current testing environment is not configured to support act(...)
Build and inspect Linux Electron artifacts	Full correctness unit gate	2026-09-13T21:15:38.6356645Z 
Build and inspect Linux Electron artifacts	Full correctness unit gate	2026-09-13T21:15:38.6363611Z [90mstderr[2m | tests/unit/mission-control-panel-collapse.test.ts[2m > [22m[2mMissionControlPanel collapse behavior[2m > [22m[2mdoes not offer collapse while paused
Build and inspect Linux Electron artifacts	Full correctness unit gate	2026-09-13T21:15:38.6365284Z [22m[39mThe current testing environment is not configured to support act(...)
Build and inspect Linux Electron artifacts	Full correctness unit gate	2026-09-13T21:15:38.6365692Z 
Build and inspect Linux Electron artifacts	Full correctness unit gate	2026-09-13T21:15:38.6464802Z [90mstderr[2m | tests/unit/mission-control-panel-collapse.test.ts[2m > [22m[2mMissionControlPanel collapse behavior[2m > [22m[2mkeeps a failed finish reason inside the open confirmation dialog
Build and inspect Linux Electron artifacts	Full correctness unit gate	2026-09-13T21:15:38.6466013Z [22m[39mThe current testing environment is not configured to support act(...)
Build and inspect Linux Electron artifacts	Full correctness unit gate	2026-09-13T21:15:38.6466345Z 
Build and inspect Linux Electron artifacts	Full correctness unit gate	2026-09-13T21:15:38.6481811Z [90mstderr[2m | tests/unit/mission-control-panel-collapse.test.ts[2m > [22m[2mMissionControlPanel collapse behavior[2m > [22m[2mkeeps a failed finish reason inside the open confirmation dialog
Build and inspect Linux Electron artifacts	Full correctness unit gate	2026-09-13T21:15:38.6483740Z [22m[39mThe current testing environment is not configured to support act(...)
Build and inspect Linux Electron artifacts	Full correctness unit gate	2026-09-13T21:15:38.6484144Z 
Build and inspect Linux Electron artifacts	Full correctness unit gate	2026-09-13T21:15:38.6595345Z [90mstderr[2m | tests/unit/mission-control-panel-collapse.test.ts[2m > [22m[2mMissionControlPanel collapse behavior[2m > [22m[2mrenders the bounded encrypted archive custody flow instead of the legacy confirmation
Build and inspect Linux Electron artifacts	Full correctness unit gate	2026-09-13T21:15:38.6596759Z [22m[39mThe current testing environment is not configured to support act(...)
Build and inspect Linux Electron artifacts	Full correctness unit gate	2026-09-13T21:15:38.6597113Z 
Build and inspect Linux Electron artifacts	Full correctness unit gate	2026-09-13T21:15:38.6693795Z [90mstderr[2m | tests/unit/mission-control-panel-collapse.test.ts[2m > [22m[2mMissionControlPanel collapse behavior[2m > [22m[2mrenders the bounded encrypted archive custody flow instead of the legacy confirmation
Build and inspect Linux Electron artifacts	Full correctness unit gate	2026-09-13T21:15:38.6695684Z [22m[39mThe current testing environment is not configured to support act(...)
Build and inspect Linux Electron artifacts	Full correctness unit gate	2026-09-13T21:15:38.6696578Z The current testing environment is not configured to support act(...)
Build and inspect Linux Electron artifacts	Full correctness unit gate	2026-09-13T21:15:38.6697020Z 
Build and inspect Linux Electron artifacts	Full correctness unit gate	2026-09-13T21:15:38.6719169Z [90mstderr[2m | tests/unit/mission-control-panel-collapse.test.ts[2m > [22m[2mMissionControlPanel collapse behavior[2m > [22m[2mrenders the bounded encrypted archive custody flow instead of the legacy confirmation
Build and inspect Linux Electron artifacts	Full correctness unit gate	2026-09-13T21:15:38.6721163Z [22m[39mThe current testing environment is not configured to support act(...)
Build and inspect Linux Electron artifacts	Full correctness unit gate	2026-09-13T21:15:38.6721557Z 
Build and inspect Linux Electron artifacts	Full correctness unit gate	2026-09-13T21:15:38.6901012Z [90mstderr[2m | tests/unit/mission-control-panel-collapse.test.ts[2m > [22m[2mMissionControlPanel collapse behavior[2m > [22m[2moffers Archive & Lock only for a finished mission whose live storage is proven
Build and inspect Linux Electron artifacts	Full correctness unit gate	2026-09-13T21:15:38.6903400Z [22m[39mThe current testing environment is not configured to support act(...)
Build and inspect Linux Electron artifacts	Full correctness unit gate	2026-09-13T21:15:38.6904749Z The current testing environment is not configured to support act(...)
Build and inspect Linux Electron artifacts	Full correctness unit gate	2026-09-13T21:15:38.6905890Z The current testing environment is not configured to support act(...)
Build and inspect Linux Electron artifacts	Full correctness unit gate	2026-09-13T21:15:38.6906418Z 
Build and inspect Linux Electron artifacts	Full correctness unit gate	2026-09-13T21:15:38.6909549Z [90mstderr[2m | tests/unit/mission-control-panel-collapse.test.ts[2m > [22m[2mMissionControlPanel collapse behavior[2m > [22m[2moffers Archive & Lock only for a finished mission whose live storage is proven
Build and inspect Linux Electron artifacts	Full correctness unit gate	2026-09-13T21:15:38.6911401Z [22m[39mThe current testing environment is not configured to support act(...)
Build and inspect Linux Electron artifacts	Full correctness unit gate	2026-09-13T21:15:38.6911737Z 
Build and inspect Linux Electron artifacts	Full correctness unit gate	2026-09-13T21:15:38.7061390Z [90mstderr[2m | tests/unit/mission-control-panel-collapse.test.ts[2m > [22m[2mMissionControlPanel collapse behavior[2m > [22m[2mshows explicit live/archived storage truth and withholds cleanup and unlock after cleanup
Build and inspect Linux Electron artifacts	Full correctness unit gate	2026-09-13T21:15:38.7063844Z [22m[39mThe current testing environment is not configured to support act(...)
Build and inspect Linux Electron artifacts	Full correctness unit gate	2026-09-13T21:15:38.7064545Z The current testing environment is not configured to support act(...)
Build and inspect Linux Electron artifacts	Full correctness unit gate	2026-09-13T21:15:38.7064883Z 
Build and inspect Linux Electron artifacts	Full correctness unit gate	2026-09-13T21:15:38.7072150Z [90mstderr[2m | tests/unit/mission-control-panel-collapse.test.ts[2m > [22m[2mMissionControlPanel collapse behavior[2m > [22m[2mshows explicit live/archived storage truth and withholds cleanup and unlock after cleanup
Build and inspect Linux Electron artifacts	Full correctness unit gate	2026-09-13T21:15:38.7074877Z [22m[39mThe current testing environment is not configured to support act(...)
Build and inspect Linux Electron artifacts	Full correctness unit gate	2026-09-13T21:15:38.7075523Z 
Build and inspect Linux Electron artifacts	Full correctness unit gate	2026-09-13T21:15:38.7178830Z [90mstderr[2m | tests/unit/mission-control-panel-collapse.test.ts[2m > [22m[2mMissionControlPanel collapse behavior[2m > [22m[2mopens a neutral cleanup review before resumability is known in Mission Control
Build and inspect Linux Electron artifacts	Full correctness unit gate	2026-09-13T21:15:38.7180963Z [22m[39mThe current testing environment is not configured to support act(...)
Build and inspect Linux Electron artifacts	Full correctness unit gate	2026-09-13T21:15:38.7181542Z 
Build and inspect Linux Electron artifacts	Full correctness unit gate	2026-09-13T21:15:38.7183432Z [90mstderr[2m | tests/unit/mission-control-panel-collapse.test.ts[2m > [22m[2mMissionControlPanel collapse behavior[2m > [22m[2mopens a neutral cleanup review before resumability is known in Mission Control
Build and inspect Linux Electron artifacts	Full correctness unit gate	2026-09-13T21:15:38.7184636Z [22m[39mThe current testing environment is not configured to support act(...)
Build and inspect Linux Electron artifacts	Full correctness unit gate	2026-09-13T21:15:38.7184969Z 
Build and inspect Linux Electron artifacts	Full correctness unit gate	2026-09-13T21:15:38.7196566Z  [32m✓[39m tests/unit/mission-control-panel-collapse.test.ts [2m([22m[2m9 tests[22m[2m)[22m[32m 283[2mms[22m[39m
Build and inspect Linux Electron artifacts	Full correctness unit gate	2026-09-13T21:15:39.8624954Z  [32m✓[39m tests/unit/electron-archive-correction-custody-recovery-runner.test.ts [2m([22m[2m8 tests[22m[2m)[22m[32m 239[2mms[22m[39m
Build and inspect Linux Electron artifacts	Full correctness unit gate	2026-09-13T21:15:40.8374787Z  [32m✓[39m tests/unit/start-core-feature-runtimes.test.ts [2m([22m[2m7 tests[22m[2m)[22m[32m 19[2mms[22m[39m
Build and inspect Linux Electron artifacts	Full correctness unit gate	2026-09-13T21:15:41.7579569Z  [32m✓[39m tests/unit/layer-stale-refresh-integration.test.ts [2m([22m[2m2 tests[22m[2m)[22m[32m 19[2mms[22m[39m
Build and inspect Linux Electron artifacts	Full correctness unit gate	2026-09-13T21:15:42.6660177Z  [32m✓[39m tests/unit/electron-archive-review-renderer-source.test.ts [2m([22m[2m7 tests[22m[2m)[22m[32m 15[2mms[22m[39m
Build and inspect Linux Electron artifacts	Full correctness unit gate	2026-09-13T21:15:43.5912401Z  [31m❯[39m tests/unit/electron-linux-renderer-workflows.test.ts [2m([22m[2m8 tests[22m[2m | [22m[31m1 failed[39m[2m)[22m[32m 48[2mms[22m[39m
Build and inspect Linux Electron artifacts	Full correctness unit gate	2026-09-13T21:15:43.5914961Z      [32m✓[39m separates ordinary correctness from mandatory unchanged release timing [DON-254][32m 8[2mms[22m[39m
Build and inspect Linux Electron artifacts	Full correctness unit gate	2026-09-13T21:15:43.5916791Z      [32m✓[39m scopes validation runtime packages to the runner Ubuntu sources [DON-254][32m 4[2mms[22m[39m
Build and inspect Linux Electron artifacts	Full correctness unit gate	2026-09-13T21:15:43.5919051Z      [32m✓[39m pins both release workflow Linux paths to Mesa without Vulkan fallback[32m 9[2mms[22m[39m
Build and inspect Linux Electron artifacts	Full correctness unit gate	2026-09-13T21:15:43.5920859Z      [32m✓[39m pins the standalone Linux validation launch to Mesa without Vulkan fallback[32m 3[2mms[22m[39m
Build and inspect Linux Electron artifacts	Full correctness unit gate	2026-09-13T21:15:43.5922678Z      [32m✓[39m runs Linux validation when shared evidence-authority modules change[32m 0[2mms[22m[39m
Build and inspect Linux Electron artifacts	Full correctness unit gate	2026-09-13T21:15:43.5924620Z      [32m✓[39m proves the standalone packaged app completes a graceful window close[32m 2[2mms[22m[39m
Build and inspect Linux Electron artifacts	Full correctness unit gate	2026-09-13T21:15:43.5926308Z      [32m✓[39m qualifies the internal mission model only in the standalone validation package[32m 4[2mms[22m[39m
Build and inspect Linux Electron artifacts	Full correctness unit gate	2026-09-13T21:15:43.5928264Z [31m     [31m×[31m checks out and proves the exact PR head before packaged PR6 archive qualification[39m[32m 15[2mms[22m[39m
Build and inspect Linux Electron artifacts	Full correctness unit gate	2026-09-13T21:15:44.4938837Z  [32m✓[39m tests/unit/tracking-cache-payload.test.ts [2m([22m[2m24 tests[22m[2m)[22m[32m 32[2mms[22m[39m
Build and inspect Linux Electron artifacts	Full correctness unit gate	2026-09-13T21:15:45.4216718Z  [32m✓[39m tests/unit/coverage-bench-lib.test.ts [2m([22m[2m10 tests[22m[2m)[22m[32m 24[2mms[22m[39m
Build and inspect Linux Electron artifacts	Full correctness unit gate	2026-09-13T21:15:46.3198571Z  [32m✓[39m tests/unit/electron-archive-custody-operation-runner.test.ts [2m([22m[2m9 tests[22m[2m)[22m[32m 23[2mms[22m[39m
Build and inspect Linux Electron artifacts	Full correctness unit gate	2026-09-13T21:15:47.2312991Z  [32m✓[39m tests/unit/layer-catalog-builder.test.ts [2m([22m[2m6 tests[22m[2m)[22m[32m 18[2mms[22m[39m
Build and inspect Linux Electron artifacts	Full correctness unit gate	2026-09-13T21:15:48.1174769Z  [32m✓[39m tests/unit/electron-mission-archive-runner.test.ts [2m([22m[2m8 tests[22m[2m)[22m[32m 21[2mms[22m[39m
Build and inspect Linux Electron artifacts	Full correctness unit gate	2026-09-13T21:15:49.0533850Z  [32m✓[39m tests/unit/electron-archive-review-sweep-runner.test.ts [2m([22m[2m7 tests[22m[2m)[22m[32m 65[2mms[22m[39m
Build and inspect Linux Electron artifacts	Full correctness unit gate	2026-09-13T21:15:50.0356624Z  [32m✓[39m tests/unit/beta-verify-lib.test.ts [2m([22m[2m21 tests[22m[2m)[22m[32m 110[2mms[22m[39m
Build and inspect Linux Electron artifacts	Full correctness unit gate	2026-09-13T21:15:51.6150462Z  [32m✓[39m tests/unit/electron-mission-review-read-query-runner.test.ts [2m([22m[2m7 tests[22m[2m)[22m[33m 696[2mms[22m[39m
Build and inspect Linux Electron artifacts	Full correctness unit gate	2026-09-13T21:15:51.6151681Z      [33m[2m✓[22m[39m keeps the main event loop responsive during a deliberately slow review query [33m 336[2mms[22m[39m
Build and inspect Linux Electron artifacts	Full correctness unit gate	2026-09-13T21:15:53.1363291Z  [32m✓[39m tests/unit/electron-archive-review-sweep-worker.test.ts [2m([22m[2m9 tests[22m[2m)[22m[33m 656[2mms[22m[39m
Build and inspect Linux Electron artifacts	Full correctness unit gate	2026-09-13T21:15:53.1364470Z      [33m[2m✓[22m[39m sweeps a large traversal with strictly increasing progress [33m 638[2mms[22m[39m
Build and inspect Linux Electron artifacts	Full correctness unit gate	2026-09-13T21:15:54.1579187Z  [32m✓[39m tests/unit/official-map-package.test.ts [2m([22m[2m8 tests[22m[2m)[22m[32m 131[2mms[22m[39m
Build and inspect Linux Electron artifacts	Full correctness unit gate	2026-09-13T21:15:55.4105030Z [90mstderr[2m | tests/unit/coverage-history-retrieval-warning.test.ts[2m > [22m[2mmust revoke all-mission-history completion when actual history reconciliation fails
Build and inspect Linux Electron artifacts	Full correctness unit gate	2026-09-13T21:15:55.4106154Z [22m[39mTracking breadcrumb reconciliation failed for device. {
Build and inspect Linux Electron artifacts	Full correctness unit gate	2026-09-13T21:15:55.4106614Z   deviceId: [32m'1'[39m,
Build and inspect Linux Electron artifacts	Full correctness unit gate	2026-09-13T21:15:55.4106960Z   deviceName: [32m'Alpha'[39m,
Build and inspect Linux Electron artifacts	Full correctness unit gate	2026-09-13T21:15:55.4107294Z   retryDelayMs: [33m1000[39m,
Build and inspect Linux Electron artifacts	Full correctness unit gate	2026-09-13T21:15:55.4107679Z   error: [32m'Provider history unavailable'[39m
Build and inspect Linux Electron artifacts	Full correctness unit gate	2026-09-13T21:15:55.4108007Z }
Build and inspect Linux Electron artifacts	Full correctness unit gate	2026-09-13T21:15:55.4108293Z Tracking breadcrumb fetch failed for device. {
Build and inspect Linux Electron artifacts	Full correctness unit gate	2026-09-13T21:15:55.4108648Z   deviceId: [32m'1'[39m,
Build and inspect Linux Electron artifacts	Full correctness unit gate	2026-09-13T21:15:55.4108961Z   deviceName: [32m'Alpha'[39m,
Build and inspect Linux Electron artifacts	Full correctness unit gate	2026-09-13T21:15:55.4109334Z   error: [32m'Provider history unavailable'[39m
Build and inspect Linux Electron artifacts	Full correctness unit gate	2026-09-13T21:15:55.4109638Z }
Build and inspect Linux Electron artifacts	Full correctness unit gate	2026-09-13T21:15:55.4109742Z 
Build and inspect Linux Electron artifacts	Full correctness unit gate	2026-09-13T21:15:55.5736521Z  [32m✓[39m tests/unit/coverage-history-retrieval-warning.test.ts [2m([22m[2m1 test[22m[2m)[22m[32m 284[2mms[22m[39m
Build and inspect Linux Electron artifacts	Full correctness unit gate	2026-09-13T21:15:56.4964621Z  [32m✓[39m tests/unit/gpx-parser.test.ts [2m([22m[2m25 tests[22m[2m)[22m[32m 68[2mms[22m[39m
Build and inspect Linux Electron artifacts	Full correctness unit gate	2026-09-13T21:15:57.4272117Z  [32m✓[39m tests/unit/electron-tracking-soak-exact-renderer-proof-lib.test.ts [2m([22m[2m7 tests[22m[2m)[22m[32m 49[2mms[22m[39m
Build and inspect Linux Electron artifacts	Full correctness unit gate	2026-09-13T21:15:58.3953625Z  [32m✓[39m tests/unit/electron-mission-review-read-query.test.ts [2m([22m[2m5 tests[22m[2m)[22m[32m 88[2mms[22m[39m
Build and inspect Linux Electron artifacts	Full correctness unit gate	2026-09-13T21:15:59.2707623Z  [32m✓[39m tests/unit/breadcrumb-live-exact-smoke-safety.test.ts [2m([22m[2m10 tests[22m[2m)[22m[32m 9[2mms[22m[39m
Build and inspect Linux Electron artifacts	Full correctness unit gate	2026-09-13T21:16:00.4966113Z  [32m✓[39m tests/unit/electron-archive-custody-corrupt-request-fence.test.ts [2m([22m[2m4 tests[22m[2m)[22m[33m 312[2mms[22m[39m
Build and inspect Linux Electron artifacts	Full correctness unit gate	2026-09-13T21:16:01.4214840Z  [32m✓[39m tests/unit/archive-mission-review-runtime.test.ts [2m([22m[2m7 tests[22m[2m)[22m[32m 40[2mms[22m[39m
Build and inspect Linux Electron artifacts	Full correctness unit gate	2026-09-13T21:16:02.3385132Z  [32m✓[39m tests/unit/responsive-mission-writer.test.ts [2m([22m[2m9 tests[22m[2m)[22m[32m 45[2mms[22m[39m
Build and inspect Linux Electron artifacts	Full correctness unit gate	2026-09-13T21:16:03.2272203Z  [32m✓[39m tests/unit/drawing-geojson.test.ts [2m([22m[2m8 tests[22m[2m)[22m[32m 11[2mms[22m[39m
Build and inspect Linux Electron artifacts	Full correctness unit gate	2026-09-13T21:16:10.2570310Z  [32m✓[39m tests/unit/electron-archive-correction-snapshot.test.ts [2m([22m[2m5 tests[22m[2m)[22m[33m 6159[2mms[22m[39m
Build and inspect Linux Electron artifacts	Full correctness unit gate	2026-09-13T21:16:10.2571832Z      [33m[2m✓[22m[39m copies and re-authenticates the database and every attachment off the main isolate [33m 6105[2mms[22m[39m
Build and inspect Linux Electron artifacts	Full correctness unit gate	2026-09-13T21:16:11.1674983Z  [32m✓[39m tests/unit/map-style-sync.test.ts [2m([22m[2m10 tests[22m[2m)[22m[32m 18[2mms[22m[39m
Build and inspect Linux Electron artifacts	Full correctness unit gate	2026-09-13T21:16:12.0442306Z  [32m✓[39m tests/unit/offline-map-readiness.test.ts [2m([22m[2m9 tests[22m[2m)[22m[32m 8[2mms[22m[39m
Build and inspect Linux Electron artifacts	Full correctness unit gate	2026-09-13T21:16:14.9284503Z  [32m✓[39m tests/unit/electron-mission-archive-worker.test.ts [2m([22m[2m1 test[22m[2m)[22m[33m 1983[2mms[22m[39m
Build and inspect Linux Electron artifacts	Full correctness unit gate	2026-09-13T21:16:14.9287012Z      [33m[2m✓[22m[39m streams one encrypted mission archive and removes all plaintext before completion [33m 1981[2mms[22m[39m
Build and inspect Linux Electron artifacts	Full correctness unit gate	2026-09-13T21:16:15.8643547Z  [32m✓[39m tests/unit/electron-tracking-soak-exact-action.test.ts [2m([22m[2m7 tests[22m[2m)[22m[32m 71[2mms[22m[39m
Build and inspect Linux Electron artifacts	Full correctness unit gate	2026-09-13T21:16:16.8898666Z [90mstderr[2m | tests/unit/drawing-dialog.test.ts[2m > [22m[2mDrawingDialog vertices readout[2m > [22m[2mdoes not render a Vertices readout for line drawings
Build and inspect Linux Electron artifacts	Full correctness unit gate	2026-09-13T21:16:16.8900768Z [22m[39mThe current testing environment is not configured to support act(...)
Build and inspect Linux Electron artifacts	Full correctness unit gate	2026-09-13T21:16:16.8901404Z 
Build and inspect Linux Electron artifacts	Full correctness unit gate	2026-09-13T21:16:16.9005698Z [90mstderr[2m | tests/unit/drawing-dialog.test.ts[2m > [22m[2mDrawingDialog vertices readout[2m > [22m[2mdoes not render a Vertices readout for line drawings
Build and inspect Linux Electron artifacts	Full correctness unit gate	2026-09-13T21:16:16.9007573Z [22m[39mThe current testing environment is not configured to support act(...)
Build and inspect Linux Electron artifacts	Full correctness unit gate	2026-09-13T21:16:16.9008196Z 
Build and inspect Linux Electron artifacts	Full correctness unit gate	2026-09-13T21:16:16.9327820Z [90mstderr[2m | tests/unit/drawing-dialog.test.ts[2m > [22m[2mDrawingDialog vertices readout[2m > [22m[2mdoes not render a Vertices readout for search area drawings
Build and inspect Linux Electron artifacts	Full correctness unit gate	2026-09-13T21:16:16.9329779Z [22m[39mThe current testing environment is not configured to support act(...)
Build and inspect Linux Electron artifacts	Full correctness unit gate	2026-09-13T21:16:16.9330383Z 
Build and inspect Linux Electron artifacts	Full correctness unit gate	2026-09-13T21:16:16.9343637Z [90mstderr[2m | tests/unit/drawing-dialog.test.ts[2m > [22m[2mDrawingDialog vertices readout[2m > [22m[2mdoes not render a Vertices readout for search area drawings
Build and inspect Linux Electron artifacts	Full correctness unit gate	2026-09-13T21:16:16.9344852Z [22m[39mThe current testing environment is not configured to support act(...)
Build and inspect Linux Electron artifacts	Full correctness unit gate	2026-09-13T21:16:16.9345383Z 
Build and inspect Linux Electron artifacts	Full correctness unit gate	2026-09-13T21:16:16.9418219Z [90mstderr[2m | tests/unit/drawing-dialog.test.ts[2m > [22m[2mDrawingDialog vertices readout[2m > [22m[2mpreserves search sector details when the radius control is used
Build and inspect Linux Electron artifacts	Full correctness unit gate	2026-09-13T21:16:16.9419534Z [22m[39mThe current testing environment is not configured to support act(...)
Build and inspect Linux Electron artifacts	Full correctness unit gate	2026-09-13T21:16:16.9419940Z 
Build and inspect Linux Electron artifacts	Full correctness unit gate	2026-09-13T21:16:16.9611621Z [90mstderr[2m | tests/unit/drawing-dialog.test.ts[2m > [22m[2mDrawingDialog vertices readout[2m > [22m[2mpreserves search sector details when the radius control is used
Build and inspect Linux Electron artifacts	Full correctness unit gate	2026-09-13T21:16:16.9614328Z [22m[39mThe current testing environment is not configured to support act(...)
Build and inspect Linux Electron artifacts	Full correctness unit gate	2026-09-13T21:16:16.9615633Z The current testing environment is not configured to support act(...)
Build and inspect Linux Electron artifacts	Full correctness unit gate	2026-09-13T21:16:16.9617518Z The current testing environment is not configured to support act(...)
Build and inspect Linux Electron artifacts	Full correctness unit gate	2026-09-13T21:16:16.9618687Z The current testing environment is not configured to support act(...)
Build and inspect Linux Electron artifacts	Full correctness unit gate	2026-09-13T21:16:16.9619345Z 
Build and inspect Linux Electron artifacts	Full correctness unit gate	2026-09-13T21:16:16.9626358Z [90mstderr[2m | tests/unit/drawing-dialog.test.ts[2m > [22m[2mDrawingDialog vertices readout[2m > [22m[2mpreserves search sector details when the radius control is used
Build and inspect Linux Electron artifacts	Full correctness unit gate	2026-09-13T21:16:16.9628324Z [22m[39mThe current testing environment is not configured to support act(...)
Build and inspect Linux Electron artifacts	Full correctness unit gate	2026-09-13T21:16:16.9628952Z 
Build and inspect Linux Electron artifacts	Full correctness unit gate	2026-09-13T21:16:16.9695511Z [90mstderr[2m | tests/unit/drawing-dialog.test.ts[2m > [22m[2mDrawingDialog vertices readout[2m > [22m[2msimplifies Text Label details by hiding derived anchor and rotation controls
Build and inspect Linux Electron artifacts	Full correctness unit gate	2026-09-13T21:16:16.9696630Z [22m[39mThe current testing environment is not configured to support act(...)
Build and inspect Linux Electron artifacts	Full correctness unit gate	2026-09-13T21:16:16.9696963Z 
Build and inspect Linux Electron artifacts	Full correctness unit gate	2026-09-13T21:16:16.9714041Z [90mstderr[2m | tests/unit/drawing-dialog.test.ts[2m > [22m[2mDrawingDialog vertices readout[2m > [22m[2msimplifies Text Label details by hiding derived anchor and rotation controls
Build and inspect Linux Electron artifacts	Full correctness unit gate	2026-09-13T21:16:16.9715736Z [22m[39mThe current testing environment is not configured to support act(...)
Build and inspect Linux Electron artifacts	Full correctness unit gate	2026-09-13T21:16:16.9716071Z 
Build and inspect Linux Electron artifacts	Full correctness unit gate	2026-09-13T21:16:16.9774438Z [90mstderr[2m | tests/unit/drawing-dialog.test.ts[2m > [22m[2mDrawingDialog vertices readout[2m > [22m[2mshows required range-ring fields without derived centre and mode readouts
Build and inspect Linux Electron artifacts	Full correctness unit gate	2026-09-13T21:16:16.9776391Z [22m[39mThe current testing environment is not configured to support act(...)
Build and inspect Linux Electron artifacts	Full correctness unit gate	2026-09-13T21:16:16.9776957Z 
Build and inspect Linux Electron artifacts	Full correctness unit gate	2026-09-13T21:16:16.9792487Z [90mstderr[2m | tests/unit/drawing-dialog.test.ts[2m > [22m[2mDrawingDialog vertices readout[2m > [22m[2mshows required range-ring fields without derived centre and mode readouts
Build and inspect Linux Electron artifacts	Full correctness unit gate	2026-09-13T21:16:16.9794535Z [22m[39mThe current testing environment is not configured to support act(...)
Build and inspect Linux Electron artifacts	Full correctness unit gate	2026-09-13T21:16:16.9795117Z 
Build and inspect Linux Electron artifacts	Full correctness unit gate	2026-09-13T21:16:16.9840971Z [90mstderr[2m | tests/unit/drawing-dialog.test.ts[2m > [22m[2mDrawingDialog vertices readout[2m > [22m[2mshows required search-sector name and replaces centre readout with Irish Grid coordinates
Build and inspect Linux Electron artifacts	Full correctness unit gate	2026-09-13T21:16:16.9842285Z [22m[39mThe current testing environment is not configured to support act(...)
Build and inspect Linux Electron artifacts	Full correctness unit gate	2026-09-13T21:16:16.9842981Z 
Build and inspect Linux Electron artifacts	Full correctness unit gate	2026-09-13T21:16:16.9855165Z [90mstderr[2m | tests/unit/drawing-dialog.test.ts[2m > [22m[2mDrawingDialog vertices readout[2m > [22m[2mshows required search-sector name and replaces centre readout with Irish Grid coordinates
Build and inspect Linux Electron artifacts	Full correctness unit gate	2026-09-13T21:16:16.9856920Z [22m[39mThe current testing environment is not configured to support act(...)
Build and inspect Linux Electron artifacts	Full correctness unit gate	2026-09-13T21:16:16.9857724Z 
Build and inspect Linux Electron artifacts	Full correctness unit gate	2026-09-13T21:16:16.9954975Z [90mstderr[2m | tests/unit/drawing-dialog.test.ts[2m > [22m[2mDrawingDialog vertices readout[2m > [22m[2mlets search-area labels be hidden from the map at creation time
Build and inspect Linux Electron artifacts	Full correctness unit gate	2026-09-13T21:16:16.9956145Z [22m[39mThe current testing environment is not configured to support act(...)
Build and inspect Linux Electron artifacts	Full correctness unit gate	2026-09-13T21:16:16.9956515Z 
Build and inspect Linux Electron artifacts	Full correctness unit gate	2026-09-13T21:16:16.9969570Z [90mstderr[2m | tests/unit/drawing-dialog.test.ts[2m > [22m[2mDrawingDialog vertices readout[2m > [22m[2mlets search-area labels be hidden from the map at creation time
Build and inspect Linux Electron artifacts	Full correctness unit gate	2026-09-13T21:16:16.9971798Z [22m[39mThe current testing environment is not configured to support act(...)
Build and inspect Linux Electron artifacts	Full correctness unit gate	2026-09-13T21:16:16.9972906Z 
Build and inspect Linux Electron artifacts	Full correctness unit gate	2026-09-13T21:16:17.0081632Z [90mstderr[2m | tests/unit/drawing-dialog.test.ts[2m > [22m[2mDrawingDialog vertices readout[2m > [22m[2mdisables Save for a search area with a blank required name
Build and inspect Linux Electron artifacts	Full correctness unit gate	2026-09-13T21:16:17.0083664Z [22m[39mThe current testing environment is not configured to support act(...)
Build and inspect Linux Electron artifacts	Full correctness unit gate	2026-09-13T21:16:17.0084235Z 
Build and inspect Linux Electron artifacts	Full correctness unit gate	2026-09-13T21:16:17.0098409Z [90mstderr[2m | tests/unit/drawing-dialog.test.ts[2m > [22m[2mDrawingDialog vertices readout[2m > [22m[2mdisables Save for a search area with a blank required name
Build and inspect Linux Electron artifacts	Full correctness unit gate	2026-09-13T21:16:17.0100401Z [22m[39mThe current testing environment is not configured to support act(...)
Build and inspect Linux Electron artifacts	Full correctness unit gate	2026-09-13T21:16:17.0101551Z 
Build and inspect Linux Electron artifacts	Full correctness unit gate	2026-09-13T21:16:17.0142909Z [90mstderr[2m | tests/unit/drawing-dialog.test.ts[2m > [22m[2mDrawingDialog vertices readout[2m > [22m[2mstates that drawing retirement preserves revisions and audit evidence
Build and inspect Linux Electron artifacts	Full correctness unit gate	2026-09-13T21:16:17.0144949Z [22m[39mThe current testing environment is not configured to support act(...)
Build and inspect Linux Electron artifacts	Full correctness unit gate	2026-09-13T21:16:17.0145562Z 
Build and inspect Linux Electron artifacts	Full correctness unit gate	2026-09-13T21:16:17.0190851Z [90mstderr[2m | tests/unit/drawing-dialog.test.ts[2m > [22m[2mDrawingDialog vertices readout[2m > [22m[2mstates that drawing retirement preserves revisions and audit evidence
Build and inspect Linux Electron artifacts	Full correctness unit gate	2026-09-13T21:16:17.0193114Z [22m[39mThe current testing environment is not configured to support act(...)
Build and inspect Linux Electron artifacts	Full correctness unit gate	2026-09-13T21:16:17.0193719Z 
Build and inspect Linux Electron artifacts	Full correctness unit gate	2026-09-13T21:16:17.0198961Z [90mstderr[2m | tests/unit/drawing-dialog.test.ts[2m > [22m[2mDrawingDialog vertices readout[2m > [22m[2mstates that drawing retirement preserves revisions and audit evidence
Build and inspect Linux Electron artifacts	Full correctness unit gate	2026-09-13T21:16:17.0201009Z [22m[39mThe current testing environment is not configured to support act(...)
Build and inspect Linux Electron artifacts	Full correctness unit gate	2026-09-13T21:16:17.0201998Z 
Build and inspect Linux Electron artifacts	Full correctness unit gate	2026-09-13T21:16:17.0216954Z  [32m✓[39m tests/unit/drawing-dialog.test.ts [2m([22m[2m9 tests[22m[2m)[22m[32m 212[2mms[22m[39m
Build and inspect Linux Electron artifacts	Full correctness unit gate	2026-09-13T21:16:18.0002305Z [90mstderr[2m | tests/unit/coverage-status-panel.test.ts[2m > [22m[2mcoverage status panel [DON-275][2m > [22m[2mAUD-14 does not claim all history when retrieval has failed despite saved evidence being delivered
Build and inspect Linux Electron artifacts	Full correctness unit gate	2026-09-13T21:16:18.0004976Z [22m[39mThe current testing environment is not configured to support act(...)
Build and inspect Linux Electron artifacts	Full correctness unit gate	2026-09-13T21:16:18.0005993Z 
Build and inspect Linux Electron artifacts	Full correctness unit gate	2026-09-13T21:16:18.0024756Z [90mstderr[2m | tests/unit/coverage-status-panel.test.ts[2m > [22m[2mcoverage status panel [DON-275][2m > [22m[2mAUD-14 does not claim all history when retrieval has failed despite saved evidence being delivered
Build and inspect Linux Electron artifacts	Full correctness unit gate	2026-09-13T21:16:18.0026932Z [22m[39mThe current testing environment is not configured to support act(...)
Build and inspect Linux Electron artifacts	Full correctness unit gate	2026-09-13T21:16:18.0027746Z 
Build and inspect Linux Electron artifacts	Full correctness unit gate	2026-09-13T21:16:18.0327487Z [90mstderr[2m | tests/unit/coverage-status-panel.test.ts[2m > [22m[2mcoverage status panel [DON-275][2m > [22m[2mshows database-backed loading progress and permits an honest decrease
Build and inspect Linux Electron artifacts	Full correctness unit gate	2026-09-13T21:16:18.0328943Z [22m[39mThe current testing environment is not configured to support act(...)
Build and inspect Linux Electron artifacts	Full correctness unit gate	2026-09-13T21:16:18.0329709Z The current testing environment is not configured to support act(...)
Build and inspect Linux Electron artifacts	Full correctness unit gate	2026-09-13T21:16:18.0330073Z 
Build and inspect Linux Electron artifacts	Full correctness unit gate	2026-09-13T21:16:18.0337743Z [90mstderr[2m | tests/unit/coverage-status-panel.test.ts[2m > [22m[2mcoverage status panel [DON-275][2m > [22m[2mshows database-backed loading progress and permits an honest decrease
Build and inspect Linux Electron artifacts	Full correctness unit gate	2026-09-13T21:16:18.0338935Z [22m[39mThe current testing environment is not configured to support act(...)
Build and inspect Linux Electron artifacts	Full correctness unit gate	2026-09-13T21:16:18.0339289Z 
Build and inspect Linux Electron artifacts	Full correctness unit gate	2026-09-13T21:16:18.0387380Z [90mstderr[2m | tests/unit/coverage-status-panel.test.ts[2m > [22m[2mcoverage status panel [DON-275][2m > [22m[2mnever renders 100% before the final completeness claim succeeds
Build and inspect Linux Electron artifacts	Full correctness unit gate	2026-09-13T21:16:18.0388833Z [22m[39mThe current testing environment is not configured to support act(...)
Build and inspect Linux Electron artifacts	Full correctness unit gate	2026-09-13T21:16:18.0389764Z The current testing environment is not configured to support act(...)
Build and inspect Linux Electron artifacts	Full correctness unit gate	2026-09-13T21:16:18.0390189Z 
Build and inspect Linux Electron artifacts	Full correctness unit gate	2026-09-13T21:16:18.0392383Z [90mstderr[2m | tests/unit/coverage-status-panel.test.ts[2m > [22m[2mcoverage status panel [DON-275][2m > [22m[2mnever renders 100% before the final completeness claim succeeds
Build and inspect Linux Electron artifacts	Full correctness unit gate	2026-09-13T21:16:18.0394353Z [22m[39mThe current testing environment is not configured to support act(...)
Build and inspect Linux Electron artifacts	Full correctness unit gate	2026-09-13T21:16:18.0394739Z 
Build and inspect Linux Electron artifacts	Full correctness unit gate	2026-09-13T21:16:18.0478445Z [90mstderr[2m | tests/unit/coverage-status-panel.test.ts[2m > [22m[2mcoverage status panel [DON-275][2m > [22m[2muses whole-mission wording only when no history is omitted
Build and inspect Linux Electron artifacts	Full correctness unit gate	2026-09-13T21:16:18.0479784Z [22m[39mThe current testing environment is not configured to support act(...)
Build and inspect Linux Electron artifacts	Full correctness unit gate	2026-09-13T21:16:18.0480553Z The current testing environment is not configured to support act(...)
Build and inspect Linux Electron artifacts	Full correctness unit gate	2026-09-13T21:16:18.0481354Z 
Build and inspect Linux Electron artifacts	Full correctness unit gate	2026-09-13T21:16:18.0484298Z [90mstderr[2m | tests/unit/coverage-status-panel.test.ts[2m > [22m[2mcoverage status panel [DON-275][2m > [22m[2muses whole-mission wording only when no history is omitted
Build and inspect Linux Electron artifacts	Full correctness unit gate	2026-09-13T21:16:18.0485431Z [22m[39mThe current testing environment is not configured to support act(...)
Build and inspect Linux Electron artifacts	Full correctness unit gate	2026-09-13T21:16:18.0485790Z 
Build and inspect Linux Electron artifacts	Full correctness unit gate	2026-09-13T21:16:18.0507661Z [90mstderr[2m | tests/unit/coverage-status-panel.test.ts[2m > [22m[2mcoverage status panel [DON-275][2m > [22m[2mnever describes the Outside outings period as an outing
Build and inspect Linux Electron artifacts	Full correctness unit gate	2026-09-13T21:16:18.0508720Z [22m[39mThe current testing environment is not configured to support act(...)
Build and inspect Linux Electron artifacts	Full correctness unit gate	2026-09-13T21:16:18.0509056Z 
Build and inspect Linux Electron artifacts	Full correctness unit gate	2026-09-13T21:16:18.0511369Z [90mstderr[2m | tests/unit/coverage-status-panel.test.ts[2m > [22m[2mcoverage status panel [DON-275][2m > [22m[2mnever describes the Outside outings period as an outing
Build and inspect Linux Electron artifacts	Full correctness unit gate	2026-09-13T21:16:18.0512378Z [22m[39mThe current testing environment is not configured to support act(...)
Build and inspect Linux Electron artifacts	Full correctness unit gate	2026-09-13T21:16:18.0513108Z 
Build and inspect Linux Electron artifacts	Full correctness unit gate	2026-09-13T21:16:18.0590282Z [90mstderr[2m | tests/unit/coverage-status-panel.test.ts[2m > [22m[2mcoverage status panel [DON-275][2m > [22m[2mdistinguishes partial, degraded, backfill, and reorganizing states
Build and inspect Linux Electron artifacts	Full correctness unit gate	2026-09-13T21:16:18.0591846Z [22m[39mThe current testing environment is not configured to support act(...)
Build and inspect Linux Electron artifacts	Full correctness unit gate	2026-09-13T21:16:18.0592913Z The current testing environment is not configured to support act(...)
Build and inspect Linux Electron artifacts	Full correctness unit gate	2026-09-13T21:16:18.0593668Z The current testing environment is not configured to support act(...)
Build and inspect Linux Electron artifacts	Full correctness unit gate	2026-09-13T21:16:18.0594349Z The current testing environment is not configured to support act(...)
Build and inspect Linux Electron artifacts	Full correctness unit gate	2026-09-13T21:16:18.0594731Z 
Build and inspect Linux Electron artifacts	Full correctness unit gate	2026-09-13T21:16:18.0598980Z [90mstderr[2m | tests/unit/coverage-status-panel.test.ts[2m > [22m[2mcoverage status panel [DON-275][2m > [22m[2mdistinguishes partial, degraded, backfill, and reorganizing states
Build and inspect Linux Electron artifacts	Full correctness unit gate	2026-09-13T21:16:18.0601234Z [22m[39mThe current testing environment is not configured to support act(...)
Build and inspect Linux Electron artifacts	Full correctness unit gate	2026-09-13T21:16:18.0602014Z 
Build and inspect Linux Electron artifacts	Full correctness unit gate	2026-09-13T21:16:18.0618300Z [90mstderr[2m | tests/unit/coverage-status-panel.test.ts[2m > [22m[2mcoverage status panel [DON-275][2m > [22m[2mshows renderer-held evidence as an evidence wait without fake progress or retry
Build and inspect Linux Electron artifacts	Full correctness unit gate	2026-09-13T21:16:18.0620448Z [22m[39mThe current testing environment is not configured to support act(...)
Build and inspect Linux Electron artifacts	Full correctness unit gate	2026-09-13T21:16:18.0621078Z 
Build and inspect Linux Electron artifacts	Full correctness unit gate	2026-09-13T21:16:18.0623172Z [90mstderr[2m | tests/unit/coverage-status-panel.test.ts[2m > [22m[2mcoverage status panel [DON-275][2m > [22m[2mshows renderer-held evidence as an evidence wait without fake progress or retry
Build and inspect Linux Electron artifacts	Full correctness unit gate	2026-09-13T21:16:18.0625224Z [22m[39mThe current testing environment is not configured to support act(...)
Build and inspect Linux Electron artifacts	Full correctness unit gate	2026-09-13T21:16:18.0625800Z 
Build and inspect Linux Electron artifacts	Full correctness unit gate	2026-09-13T21:16:18.0644218Z [90mstderr[2m | tests/unit/coverage-status-panel.test.ts[2m > [22m[2mcoverage status panel [DON-275][2m > [22m[2mdoes not claim coverage is shown while the renderer style is detached
Build and inspect Linux Electron artifacts	Full correctness unit gate	2026-09-13T21:16:18.0646145Z [22m[39mThe current testing environment is not configured to support act(...)
Build and inspect Linux Electron artifacts	Full correctness unit gate	2026-09-13T21:16:18.0646723Z 
Build and inspect Linux Electron artifacts	Full correctness unit gate	2026-09-13T21:16:18.0648316Z [90mstderr[2m | tests/unit/coverage-status-panel.test.ts[2m > [22m[2mcoverage status panel [DON-275][2m > [22m[2mdoes not claim coverage is shown while the renderer style is detached
Build and inspect Linux Electron artifacts	Full correctness unit gate	2026-09-13T21:16:18.0650106Z [22m[39mThe current testing environment is not configured to support act(...)
Build and inspect Linux Electron artifacts	Full correctness unit gate	2026-09-13T21:16:18.0650943Z 
Build and inspect Linux Electron artifacts	Full correctness unit gate	2026-09-13T21:16:18.0668276Z [90mstderr[2m | tests/unit/coverage-status-panel.test.ts[2m > [22m[2mcoverage status panel [DON-275][2m > [22m[2mwithholds progress and retry until the map has applied the selected history filter
Build and inspect Linux Electron artifacts	Full correctness unit gate	2026-09-13T21:16:18.0669583Z [22m[39mThe current testing environment is not configured to support act(...)
Build and inspect Linux Electron artifacts	Full correctness unit gate	2026-09-13T21:16:18.0683535Z 
Build and inspect Linux Electron artifacts	Full correctness unit gate	2026-09-13T21:16:18.0684779Z [90mstderr[2m | tests/unit/coverage-status-panel.test.ts[2m > [22m[2mcoverage status panel [DON-275][2m > [22m[2mwithholds progress and retry until the map has applied the selected history filter
Build and inspect Linux Electron artifacts	Full correctness unit gate	2026-09-13T21:16:18.0686203Z [22m[39mThe current testing environment is not configured to support act(...)
Build and inspect Linux Electron artifacts	Full correctness unit gate	2026-09-13T21:16:18.0686535Z 
Build and inspect Linux Electron artifacts	Full correctness unit gate	2026-09-13T21:16:18.0699315Z [90mstderr[2m | tests/unit/coverage-status-panel.test.ts[2m > [22m[2mcoverage status panel [DON-275][2m > [22m[2mkeeps failures explicit while backfill or reorganization context also applies
Build and inspect Linux Electron artifacts	Full correctness unit gate	2026-09-13T21:16:18.0700775Z [22m[39mThe current testing environment is not configured to support act(...)
Build and inspect Linux Electron artifacts	Full correctness unit gate	2026-09-13T21:16:18.0701677Z The current testing environment is not configured to support act(...)
Build and inspect Linux Electron artifacts	Full correctness unit gate	2026-09-13T21:16:18.0702073Z 
Build and inspect Linux Electron artifacts	Full correctness unit gate	2026-09-13T21:16:18.0703980Z [90mstderr[2m | tests/unit/coverage-status-panel.test.ts[2m > [22m[2mcoverage status panel [DON-275][2m > [22m[2mkeeps failures explicit while backfill or reorganization context also applies
Build and inspect Linux Electron artifacts	Full correctness unit gate	2026-09-13T21:16:18.0705075Z [22m[39mThe current testing environment is not configured to support act(...)
Build and inspect Linux Electron artifacts	Full correctness unit gate	2026-09-13T21:16:18.0705393Z 
Build and inspect Linux Electron artifacts	Full correctness unit gate	2026-09-13T21:16:18.0723739Z [90mstderr[2m | tests/unit/coverage-status-panel.test.ts[2m > [22m[2mcoverage status panel [DON-275][2m > [22m[2mnever describes a plain coverage failure as still loading
Build and inspect Linux Electron artifacts	Full correctness unit gate	2026-09-13T21:16:18.0724993Z [22m[39mThe current testing environment is not configured to support act(...)
Build and inspect Linux Electron artifacts	Full correctness unit gate	2026-09-13T21:16:18.0725328Z 
Build and inspect Linux Electron artifacts	Full correctness unit gate	2026-09-13T21:16:18.0729658Z [90mstderr[2m | tests/unit/coverage-status-panel.test.ts[2m > [22m[2mcoverage status panel [DON-275][2m > [22m[2mnever describes a plain coverage failure as still loading
Build and inspect Linux Electron artifacts	Full correctness unit gate	2026-09-13T21:16:18.0730667Z [22m[39mThe current testing environment is not configured to support act(...)
Build and inspect Linux Electron artifacts	Full correctness unit gate	2026-09-13T21:16:18.0730984Z 
Build and inspect Linux Electron artifacts	Full correctness unit gate	2026-09-13T21:16:18.0746216Z  [32m✓[39m tests/unit/coverage-status-panel.test.ts [2m([22m[2m11 tests[22m[2m)[22m[32m 102[2mms[22m[39m
Build and inspect Linux Electron artifacts	Full correctness unit gate	2026-09-13T21:16:19.1524803Z [90mstderr[2m | tests/unit/drawing-toolbar.test.ts[2m > [22m[2mDrawingToolbar[2m > [22m[2mdoes not render a Select button in the expanded Map Tools list
Build and inspect Linux Electron artifacts	Full correctness unit gate	2026-09-13T21:16:19.1526696Z [22m[39mThe current testing environment is not configured to support act(...)
Build and inspect Linux Electron artifacts	Full correctness unit gate	2026-09-13T21:16:19.1527562Z The current testing environment is not configured to support act(...)
Build and inspect Linux Electron artifacts	Full correctness unit gate	2026-09-13T21:16:19.1527882Z 
Build and inspect Linux Electron artifacts	Full correctness unit gate	2026-09-13T21:16:19.1543327Z [90mstderr[2m | tests/unit/drawing-toolbar.test.ts[2m > [22m[2mDrawingToolbar[2m > [22m[2mdoes not render a Select button in the expanded Map Tools list
Build and inspect Linux Electron artifacts	Full correctness unit gate	2026-09-13T21:16:19.1544346Z [22m[39mThe current testing environment is not configured to support act(...)
Build and inspect Linux Electron artifacts	Full correctness unit gate	2026-09-13T21:16:19.1544666Z 
Build and inspect Linux Electron artifacts	Full correctness unit gate	2026-09-13T21:16:19.1579358Z [90mstderr[2m | tests/unit/drawing-toolbar.test.ts[2m > [22m[2mDrawingToolbar[2m > [22m[2mstill shows Select as the active-mode chip when select mode is the fallback
Build and inspect Linux Electron artifacts	Full correctness unit gate	2026-09-13T21:16:19.1580531Z [22m[39mThe current testing environment is not configured to support act(...)
Build and inspect Linux Electron artifacts	Full correctness unit gate	2026-09-13T21:16:19.1580901Z 
Build and inspect Linux Electron artifacts	Full correctness unit gate	2026-09-13T21:16:19.1588121Z [90mstderr[2m | tests/unit/drawing-toolbar.test.ts[2m > [22m[2mDrawingToolbar[2m > [22m[2mstill shows Select as the active-mode chip when select mode is the fallback
Build and inspect Linux Electron artifacts	Full correctness unit gate	2026-09-13T21:16:19.1589937Z [22m[39mThe current testing environment is not configured to support act(...)
Build and inspect Linux Electron artifacts	Full correctness unit gate	2026-09-13T21:16:19.1590504Z 
Build and inspect Linux Electron artifacts	Full correctness unit gate	2026-09-13T21:16:19.1678945Z [90mstderr[2m | tests/unit/drawing-toolbar.test.ts[2m > [22m[2mDrawingToolbar[2m > [22m[2mreveals Map Tools and the selected drawing layer before arming a drawing tool
Build and inspect Linux Electron artifacts	Full correctness unit gate	2026-09-13T21:16:19.1680707Z [22m[39mThe current testing environment is not configured to support act(...)
Build and inspect Linux Electron artifacts	Full correctness unit gate	2026-09-13T21:16:19.1681751Z The current testing environment is not configured to support act(...)
Build and inspect Linux Electron artifacts	Full correctness unit gate	2026-09-13T21:16:19.1682334Z The current testing environment is not configured to support act(...)
Build and inspect Linux Electron artifacts	Full correctness unit gate	2026-09-13T21:16:19.1682950Z 
Build and inspect Linux Electron artifacts	Full correctness unit gate	2026-09-13T21:16:19.1707352Z [90mstderr[2m | tests/unit/drawing-toolbar.test.ts[2m > [22m[2mDrawingToolbar[2m > [22m[2mreveals Map Tools and the selected drawing layer before arming a drawing tool
Build and inspect Linux Electron artifacts	Full correctness unit gate	2026-09-13T21:16:19.1708447Z [22m[39mThe current testing environment is not configured to support act(...)
Build and inspect Linux Electron artifacts	Full correctness unit gate	2026-09-13T21:16:19.1709571Z 
Build and inspect Linux Electron artifacts	Full correctness unit gate	2026-09-13T21:16:19.1811043Z [90mstderr[2m | tests/unit/drawing-toolbar.test.ts[2m > [22m[2mDrawingToolbar[2m > [22m[2mreveals Map Tools and Measurements before arming Measure from the toolbar
Build and inspect Linux Electron artifacts	Full correctness unit gate	2026-09-13T21:16:19.1812347Z [22m[39mThe current testing environment is not configured to support act(...)
Build and inspect Linux Electron artifacts	Full correctness unit gate	2026-09-13T21:16:19.1813570Z The current testing environment is not configured to support act(...)
Build and inspect Linux Electron artifacts	Full correctness unit gate	2026-09-13T21:16:19.1814271Z The current testing environment is not configured to support act(...)
Build and inspect Linux Electron artifacts	Full correctness unit gate	2026-09-13T21:16:19.1814628Z 
Build and inspect Linux Electron artifacts	Full correctness unit gate	2026-09-13T21:16:19.1822400Z [90mstderr[2m | tests/unit/drawing-toolbar.test.ts[2m > [22m[2mDrawingToolbar[2m > [22m[2mreveals Map Tools and Measurements before arming Measure from the toolbar
Build and inspect Linux Electron artifacts	Full correctness unit gate	2026-09-13T21:16:19.1823775Z [22m[39mThe current testing environment is not configured to support act(...)
Build and inspect Linux Electron artifacts	Full correctness unit gate	2026-09-13T21:16:19.1824113Z 
Build and inspect Linux Electron artifacts	Full correctness unit gate	2026-09-13T21:16:19.1961144Z [90mstderr[2m | tests/unit/drawing-toolbar.test.ts[2m > [22m[2mDrawingToolbar[2m > [22m[2mhosts the Marker at GR workflow inside expanded Map Tools
Build and inspect Linux Electron artifacts	Full correctness unit gate	2026-09-13T21:16:19.1963101Z [22m[39mThe current testing environment is not configured to support act(...)
Build and inspect Linux Electron artifacts	Full correctness unit gate	2026-09-13T21:16:19.1963858Z The current testing environment is not configured to support act(...)
Build and inspect Linux Electron artifacts	Full correctness unit gate	2026-09-13T21:16:19.1965045Z The current testing environment is not configured to support act(...)
Build and inspect Linux Electron artifacts	Full correctness unit gate	2026-09-13T21:16:19.1965718Z 
Build and inspect Linux Electron artifacts	Full correctness unit gate	2026-09-13T21:16:19.1974831Z [90mstderr[2m | tests/unit/drawing-toolbar.test.ts[2m > [22m[2mDrawingToolbar[2m > [22m[2mhosts the Marker at GR workflow inside expanded Map Tools
Build and inspect Linux Electron artifacts	Full correctness unit gate	2026-09-13T21:16:19.1977016Z [22m[39mThe current testing environment is not configured to support act(...)
Build and inspect Linux Electron artifacts	Full correctness unit gate	2026-09-13T21:16:19.1977861Z 
Build and inspect Linux Electron artifacts	Full correctness unit gate	2026-09-13T21:16:19.2058762Z [90mstderr[2m | tests/unit/drawing-toolbar.test.ts[2m > [22m[2mDrawingToolbar[2m > [22m[2mopens Map Tools measurement controls without relying on the sidebar Tools tab
Build and inspect Linux Electron artifacts	Full correctness unit gate	2026-09-13T21:16:19.2060697Z [22m[39mThe current testing environment is not configured to support act(...)
Build and inspect Linux Electron artifacts	Full correctness unit gate	2026-09-13T21:16:19.2061806Z The current testing environment is not configured to support act(...)
Build and inspect Linux Electron artifacts	Full correctness unit gate	2026-09-13T21:16:19.2063126Z The current testing environment is not configured to support act(...)
Build and inspect Linux Electron artifacts	Full correctness unit gate	2026-09-13T21:16:19.2063741Z 
Build and inspect Linux Electron artifacts	Full correctness unit gate	2026-09-13T21:16:19.2066006Z [90mstderr[2m | tests/unit/drawing-toolbar.test.ts[2m > [22m[2mDrawingToolbar[2m > [22m[2mopens Map Tools measurement controls without relying on the sidebar Tools tab
Build and inspect Linux Electron artifacts	Full correctness unit gate	2026-09-13T21:16:19.2067952Z [22m[39mThe current testing environment is not configured to support act(...)
Build and inspect Linux Electron artifacts	Full correctness unit gate	2026-09-13T21:16:19.2068575Z 
Build and inspect Linux Electron artifacts	Full correctness unit gate	2026-09-13T21:16:19.2081106Z  [32m✓[39m tests/unit/drawing-toolbar.test.ts [2m([22m[2m6 tests[22m[2m)[22m[32m 177[2mms[22m[39m
Build and inspect Linux Electron artifacts	Full correctness unit gate	2026-09-13T21:16:20.0933391Z  [32m✓[39m tests/unit/seed-mission-store-lib.test.ts [2m([22m[2m13 tests[22m[2m)[22m[32m 13[2mms[22m[39m
Build and inspect Linux Electron artifacts	Full correctness unit gate	2026-09-13T21:16:21.0808336Z  [32m✓[39m tests/unit/leaflet-fallback-renderer.test.ts [2m([22m[2m5 tests[22m[2m)[22m[32m 14[2mms[22m[39m
Build and inspect Linux Electron artifacts	Full correctness unit gate	2026-09-13T21:16:21.9987412Z  [32m✓[39m tests/unit/load-replay-map.test.ts [2m([22m[2m9 tests[22m[2m)[22m[32m 23[2mms[22m[39m
Build and inspect Linux Electron artifacts	Full correctness unit gate	2026-09-13T21:16:22.9971410Z  [32m✓[39m tests/unit/electron-breadcrumb-dot-runner.test.ts [2m([22m[2m4 tests[22m[2m)[22m[32m 117[2mms[22m[39m
Build and inspect Linux Electron artifacts	Full correctness unit gate	2026-09-13T21:16:23.8935395Z  [32m✓[39m tests/unit/electron-archive-cleanup-credential-runner.test.ts [2m([22m[2m5 tests[22m[2m)[22m[32m 14[2mms[22m[39m
Build and inspect Linux Electron artifacts	Full correctness unit gate	2026-09-13T21:16:24.8229467Z  [32m✓[39m tests/unit/browser-archive-review-harness.test.ts [2m([22m[2m4 tests[22m[2m)[22m[32m 23[2mms[22m[39m
Build and inspect Linux Electron artifacts	Full correctness unit gate	2026-09-13T21:16:26.2369325Z  [32m✓[39m tests/unit/electron-coverage-query-runner.test.ts [2m([22m[2m8 tests[22m[2m)[22m[33m 524[2mms[22m[39m
Build and inspect Linux Electron artifacts	Full correctness unit gate	2026-09-13T21:16:27.1194160Z  [32m✓[39m tests/unit/settings-validation.test.ts [2m([22m[2m17 tests[22m[2m)[22m[32m 11[2mms[22m[39m
Build and inspect Linux Electron artifacts	Full correctness unit gate	2026-09-13T21:16:28.1723425Z [90mstderr[2m | tests/unit/exact-breadcrumb-dot-status.test.ts[2m > [22m[2mExactBreadcrumbDotStatus[2m > [22m[2mshows canonical fix times as explicit local operator time with offset [DON-267] [SAR-QA-021]
Build and inspect Linux Electron artifacts	Full correctness unit gate	2026-09-13T21:16:28.1725631Z [22m[39mThe current testing environment is not configured to support act(...)
Build and inspect Linux Electron artifacts	Full correctness unit gate	2026-09-13T21:16:28.1726235Z 
Build and inspect Linux Electron artifacts	Full correctness unit gate	2026-09-13T21:16:28.1748251Z [90mstderr[2m | tests/unit/exact-breadcrumb-dot-status.test.ts[2m > [22m[2mExactBreadcrumbDotStatus[2m > [22m[2mshows canonical fix times as explicit local operator time with offset [DON-267] [SAR-QA-021]
Build and inspect Linux Electron artifacts	Full correctness unit gate	2026-09-13T21:16:28.1749415Z [22m[39mThe current testing environment is not configured to support act(...)
Build and inspect Linux Electron artifacts	Full correctness unit gate	2026-09-13T21:16:28.1749874Z 
Build and inspect Linux Electron artifacts	Full correctness unit gate	2026-09-13T21:16:28.1784630Z [90mstderr[2m | tests/unit/exact-breadcrumb-dot-status.test.ts[2m > [22m[2mExactBreadcrumbDotStatus[2m > [22m[2mshows exact-dot failure visibly without implying line representatives are dots
Build and inspect Linux Electron artifacts	Full correctness unit gate	2026-09-13T21:16:28.1786137Z [22m[39mThe current testing environment is not configured to support act(...)
Build and inspect Linux Electron artifacts	Full correctness unit gate	2026-09-13T21:16:28.1786616Z 
Build and inspect Linux Electron artifacts	Full correctness unit gate	2026-09-13T21:16:28.1792226Z [90mstderr[2m | tests/unit/exact-breadcrumb-dot-status.test.ts[2m > [22m[2mExactBreadcrumbDotStatus[2m > [22m[2mshows exact-dot failure visibly without implying line representatives are dots
Build and inspect Linux Electron artifacts	Full correctness unit gate	2026-09-13T21:16:28.1794242Z [22m[39mThe current testing environment is not configured to support act(...)
Build and inspect Linux Electron artifacts	Full correctness unit gate	2026-09-13T21:16:28.1794635Z 
Build and inspect Linux Electron artifacts	Full correctness unit gate	2026-09-13T21:16:28.1877792Z [90mstderr[2m | tests/unit/exact-breadcrumb-dot-status.test.ts[2m > [22m[2mExactBreadcrumbDotStatus[2m > [22m[2mhonors an immediate operator Earlier click at the ready publication boundary
Build and inspect Linux Electron artifacts	Full correctness unit gate	2026-09-13T21:16:28.1879208Z [22m[39mThe current testing environment is not configured to support act(...)
Build and inspect Linux Electron artifacts	Full correctness unit gate	2026-09-13T21:16:28.1879621Z 
Build and inspect Linux Electron artifacts	Full correctness unit gate	2026-09-13T21:16:28.1907198Z [90mstderr[2m | tests/unit/exact-breadcrumb-dot-status.test.ts[2m > [22m[2mExactBreadcrumbDotStatus[2m > [22m[2mhonors an immediate operator Earlier click at the ready publication boundary
Build and inspect Linux Electron artifacts	Full correctness unit gate	2026-09-13T21:16:28.1908461Z [22m[39mThe current testing environment is not configured to support act(...)
Build and inspect Linux Electron artifacts	Full correctness unit gate	2026-09-13T21:16:28.1908986Z 
Build and inspect Linux Electron artifacts	Full correctness unit gate	2026-09-13T21:16:28.2362929Z [90mstderr[2m | tests/unit/exact-breadcrumb-dot-status.test.ts[2m > [22m[2mExactBreadcrumbDotStatus[2m > [22m[2mhonors an immediate operator Earlier click at the ready publication boundary
Build and inspect Linux Electron artifacts	Full correctness unit gate	2026-09-13T21:16:28.2364256Z [22m[39mThe current testing environment is not configured to support act(...)
Build and inspect Linux Electron artifacts	Full correctness unit gate	2026-09-13T21:16:28.2364630Z 
Build and inspect Linux Electron artifacts	Full correctness unit gate	2026-09-13T21:16:28.2376521Z  [32m✓[39m tests/unit/exact-breadcrumb-dot-status.test.ts [2m([22m[2m3 tests[22m[2m)[22m[32m 135[2mms[22m[39m
Build and inspect Linux Electron artifacts	Full correctness unit gate	2026-09-13T21:16:28.6785096Z  [32m✓[39m tests/unit/legacy-recovery-report-validation.test.ts [2m([22m[2m30 tests[22m[2m)[22m[32m 269[2mms[22m[39m
Build and inspect Linux Electron artifacts	Full correctness unit gate	2026-09-13T21:16:29.5658684Z  [32m✓[39m tests/unit/start-drawing-runtime.test.ts [2m([22m[2m8 tests[22m[2m)[22m[32m 16[2mms[22m[39m
Build and inspect Linux Electron artifacts	Full correctness unit gate	2026-09-13T21:16:30.5716744Z  [32m✓[39m tests/unit/persist-history-chunk-groups.test.ts [2m([22m[2m7 tests[22m[2m)[22m[32m 115[2mms[22m[39m
Build and inspect Linux Electron artifacts	Full correctness unit gate	2026-09-13T21:16:31.4802508Z  [32m✓[39m tests/unit/electron-tracking-soak-failure-evidence-lib.test.ts [2m([22m[2m6 tests[22m[2m)[22m[32m 11[2mms[22m[39m
Build and inspect Linux Electron artifacts	Full correctness unit gate	2026-09-13T21:16:32.4686533Z  [32m✓[39m tests/unit/breadcrumb-query-session-registry.test.ts [2m([22m[2m7 tests[22m[2m)[22m[32m 70[2mms[22m[39m
Build and inspect Linux Electron artifacts	Full correctness unit gate	2026-09-13T21:16:33.6415783Z  [32m✓[39m tests/unit/electron-render-trace-diagnostics.test.ts [2m([22m[2m10 tests[22m[2m)[22m[32m 23[2mms[22m[39m
Build and inspect Linux Electron artifacts	Full correctness unit gate	2026-09-13T21:16:45.0536436Z  [32m✓[39m tests/unit/stationary-attention-projection.test.ts [2m([22m[2m7 tests[22m[2m)[22m[33m 10305[2mms[22m[39m
Build and inspect Linux Electron artifacts	Full correctness unit gate	2026-09-13T21:16:45.0538313Z      [33m[2m✓[22m[39m visits interleaved compaction rows a bounded number of times [AUD-03] [33m 9295[2mms[22m[39m
Build and inspect Linux Electron artifacts	Full correctness unit gate	2026-09-13T21:16:45.0539663Z      [33m[2m✓[22m[39m keeps a one-device update inside the 100-by-5,000 stationary projection gate [33m 1002[2mms[22m[39m
Build and inspect Linux Electron artifacts	Full correctness unit gate	2026-09-13T21:16:46.3053028Z  [32m✓[39m tests/unit/stationary-attention.test.ts [2m([22m[2m14 tests[22m[2m)[22m[32m 197[2mms[22m[39m
Build and inspect Linux Electron artifacts	Full correctness unit gate	2026-09-13T21:16:47.2717903Z  [32m✓[39m tests/unit/electron-mission-finalization-scan.test.ts [2m([22m[2m7 tests[22m[2m)[22m[32m 87[2mms[22m[39m
Build and inspect Linux Electron artifacts	Full correctness unit gate	2026-09-13T21:16:48.3551609Z  [32m✓[39m tests/unit/electron-outing-store.test.ts [2m([22m[2m3 tests[22m[2m)[22m[32m 157[2mms[22m[39m
Build and inspect Linux Electron artifacts	Full correctness unit gate	2026-09-13T21:16:49.2396614Z  [32m✓[39m tests/unit/mission-review-model.test.ts [2m([22m[2m5 tests[22m[2m)[22m[32m 28[2mms[22m[39m
Build and inspect Linux Electron artifacts	Full correctness unit gate	2026-09-13T21:16:50.1861341Z  [32m✓[39m tests/unit/electron-archive-legacy-predecessor-worker.test.ts [2m([22m[2m4 tests[22m[2m)[22m[32m 70[2mms[22m[39m
Build and inspect Linux Electron artifacts	Full correctness unit gate	2026-09-13T21:16:51.1665712Z  [32m✓[39m tests/unit/tracking-reload-custody.test.ts [2m([22m[2m4 tests[22m[2m)[22m[32m 50[2mms[22m[39m
Build and inspect Linux Electron artifacts	Full correctness unit gate	2026-09-13T21:16:52.0474266Z  [32m✓[39m tests/unit/electron-archive-review-envelope.test.ts [2m([22m[2m6 tests[22m[2m)[22m[32m 10[2mms[22m[39m
Build and inspect Linux Electron artifacts	Full correctness unit gate	2026-09-13T21:16:53.2032302Z  [32m✓[39m tests/unit/coverage-filter-manifest-growth.test.ts [2m([22m[2m1 test[22m[2m)[22m[32m 267[2mms[22m[39m
Build and inspect Linux Electron artifacts	Full correctness unit gate	2026-09-13T21:16:54.3265465Z [90mstderr[2m | tests/unit/search-operations-read-only.test.ts[2m > [22m[2msearch operations finalized-mission containment [DON-279][2m > [22m[2mkeeps retained operations visible without exposing write affordances
Build and inspect Linux Electron artifacts	Full correctness unit gate	2026-09-13T21:16:54.3267046Z [22m[39mThe current testing environment is not configured to support act(...)
Build and inspect Linux Electron artifacts	Full correctness unit gate	2026-09-13T21:16:54.3267461Z 
Build and inspect Linux Electron artifacts	Full correctness unit gate	2026-09-13T21:16:54.3295300Z [90mstderr[2m | tests/unit/search-operations-read-only.test.ts[2m > [22m[2msearch operations finalized-mission containment [DON-279][2m > [22m[2mkeeps retained operations visible without exposing write affordances
Build and inspect Linux Electron artifacts	Full correctness unit gate	2026-09-13T21:16:54.3297915Z [22m[39mThe current testing environment is not configured to support act(...)
Build and inspect Linux Electron artifacts	Full correctness unit gate	2026-09-13T21:16:54.3298521Z 
Build and inspect Linux Electron artifacts	Full correctness unit gate	2026-09-13T21:16:54.3369143Z [90mstderr[2m | tests/unit/search-operations-read-only.test.ts[2m > [22m[2msearch operations finalized-mission containment [DON-279][2m > [22m[2mdisables page controls while retained evidence is loading or refreshing [DON-279]
Build and inspect Linux Electron artifacts	Full correctness unit gate	2026-09-13T21:16:54.3374949Z [22m[39mThe current testing environment is not configured to support act(...)
Build and inspect Linux Electron artifacts	Full correctness unit gate	2026-09-13T21:16:54.3375755Z 
Build and inspect Linux Electron artifacts	Full correctness unit gate	2026-09-13T21:16:54.3386846Z [90mstderr[2m | tests/unit/search-operations-read-only.test.ts[2m > [22m[2msearch operations finalized-mission containment [DON-279][2m > [22m[2mdisables page controls while retained evidence is loading or refreshing [DON-279]
Build and inspect Linux Electron artifacts	Full correctness unit gate	2026-09-13T21:16:54.3388123Z [22m[39mThe current testing environment is not configured to support act(...)
Build and inspect Linux Electron artifacts	Full correctness unit gate	2026-09-13T21:16:54.3388447Z 
Build and inspect Linux Electron artifacts	Full correctness unit gate	2026-09-13T21:16:54.3445371Z [90mstderr[2m | tests/unit/search-operations-read-only.test.ts[2m > [22m[2msearch operations finalized-mission containment [DON-279][2m > [22m[2mrestores search, first, and next controls after Review is no longer busy [DON-279]
Build and inspect Linux Electron artifacts	Full correctness unit gate	2026-09-13T21:16:54.3446738Z [22m[39mThe current testing environment is not configured to support act(...)
Build and inspect Linux Electron artifacts	Full correctness unit gate	2026-09-13T21:16:54.3447374Z 
Build and inspect Linux Electron artifacts	Full correctness unit gate	2026-09-13T21:16:54.3456325Z [90mstderr[2m | tests/unit/search-operations-read-only.test.ts[2m > [22m[2msearch operations finalized-mission containment [DON-279][2m > [22m[2mrestores search, first, and next controls after Review is no longer busy [DON-279]
Build and inspect Linux Electron artifacts	Full correctness unit gate	2026-09-13T21:16:54.3458969Z [22m[39mThe current testing environment is not configured to support act(...)
Build and inspect Linux Electron artifacts	Full correctness unit gate	2026-09-13T21:16:54.3459894Z 
Build and inspect Linux Electron artifacts	Full correctness unit gate	2026-09-13T21:16:54.3556461Z [90mstderr[2m | tests/unit/search-operations-read-only.test.ts[2m > [22m[2msearch operations finalized-mission containment [DON-279][2m > [22m[2mbinds remounted search controls to the retained exact page scope [DON-279]
Build and inspect Linux Electron artifacts	Full correctness unit gate	2026-09-13T21:16:54.3559196Z [22m[39mThe current testing environment is not configured to support act(...)
Build and inspect Linux Electron artifacts	Full correctness unit gate	2026-09-13T21:16:54.3560486Z The current testing environment is not configured to support act(...)
Build and inspect Linux Electron artifacts	Full correctness unit gate	2026-09-13T21:16:54.3561105Z 
Build and inspect Linux Electron artifacts	Full correctness unit gate	2026-09-13T21:16:54.3571411Z [90mstderr[2m | tests/unit/search-operations-read-only.test.ts[2m > [22m[2msearch operations finalized-mission containment [DON-279][2m > [22m[2mbinds remounted search controls to the retained exact page scope [DON-279]
Build and inspect Linux Electron artifacts	Full correctness unit gate	2026-09-13T21:16:54.3572874Z [22m[39mThe current testing environment is not configured to support act(...)
Build and inspect Linux Electron artifacts	Full correctness unit gate	2026-09-13T21:16:54.3573350Z 
Build and inspect Linux Electron artifacts	Full correctness unit gate	2026-09-13T21:16:54.3702338Z [90mstderr[2m | tests/unit/search-operations-read-only.test.ts[2m > [22m[2msearch operations finalized-mission containment [DON-279][2m > [22m[2mkeeps an unapplied search draft while its accepted page loads or advances [DON-279]
Build and inspect Linux Electron artifacts	Full correctness unit gate	2026-09-13T21:16:54.3704753Z [22m[39mThe current testing environment is not configured to support act(...)
Build and inspect Linux Electron artifacts	Full correctness unit gate	2026-09-13T21:16:54.3705910Z The current testing environment is not configured to support act(...)
Build and inspect Linux Electron artifacts	Full correctness unit gate	2026-09-13T21:16:54.3707154Z The current testing environment is not configured to support act(...)
Build and inspect Linux Electron artifacts	Full correctness unit gate	2026-09-13T21:16:54.3708156Z The current testing environment is not configured to support act(...)
Build and inspect Linux Electron artifacts	Full correctness unit gate	2026-09-13T21:16:54.3708799Z 
Build and inspect Linux Electron artifacts	Full correctness unit gate	2026-09-13T21:16:54.3711162Z [90mstderr[2m | tests/unit/search-operations-read-only.test.ts[2m > [22m[2msearch operations finalized-mission containment [DON-279][2m > [22m[2mkeeps an unapplied search draft while its accepted page loads or advances [DON-279]
Build and inspect Linux Electron artifacts	Full correctness unit gate	2026-09-13T21:16:54.3713050Z [22m[39mThe current testing environment is not configured to support act(...)
Build and inspect Linux Electron artifacts	Full correctness unit gate	2026-09-13T21:16:54.3713663Z 
Build and inspect Linux Electron artifacts	Full correctness unit gate	2026-09-13T21:16:54.3725566Z  [32m✓[39m tests/unit/search-operations-read-only.test.ts [2m([22m[2m5 tests[22m[2m)[22m[32m 110[2mms[22m[39m
Build and inspect Linux Electron artifacts	Full correctness unit gate	2026-09-13T21:16:55.2770120Z  [32m✓[39m tests/unit/electron-tracking-soak-operator-audit-lib.test.ts [2m([22m[2m10 tests[22m[2m)[22m[32m 17[2mms[22m[39m
Build and inspect Linux Electron artifacts	Full correctness unit gate	2026-09-13T21:16:56.1839472Z  [32m✓[39m tests/unit/drawing-builders.test.ts [2m([22m[2m16 tests[22m[2m)[22m[32m 11[2mms[22m[39m
Build and inspect Linux Electron artifacts	Full correctness unit gate	2026-09-13T21:16:57.1947989Z  [32m✓[39m tests/unit/electron-runtime-log.test.ts [2m([22m[2m9 tests[22m[2m)[22m[32m 117[2mms[22m[39m
Build and inspect Linux Electron artifacts	Full correctness unit gate	2026-09-13T21:16:58.1045857Z  [32m✓[39m tests/unit/electron-archive-correction-runner.test.ts [2m([22m[2m8 tests[22m[2m)[22m[32m 21[2mms[22m[39m
Build and inspect Linux Electron artifacts	Full correctness unit gate	2026-09-13T21:16:59.0836253Z  [32m✓[39m tests/unit/electron-archive-correction-capability.test.ts [2m([22m[2m3 tests[22m[2m)[22m[32m 76[2mms[22m[39m
Build and inspect Linux Electron artifacts	Full correctness unit gate	2026-09-13T21:16:59.9840054Z  [32m✓[39m tests/unit/tile-health-tracker.test.ts [2m([22m[2m17 tests[22m[2m)[22m[32m 8[2mms[22m[39m
Build and inspect Linux Electron artifacts	Full correctness unit gate	2026-09-13T21:17:02.0017599Z  [32m✓[39m tests/unit/responsiveness-attribution-review.test.ts [2m([22m[2m9 tests[22m[2m)[22m[32m 53[2mms[22m[39m
Build and inspect Linux Electron artifacts	Full correctness unit gate	2026-09-13T21:17:02.8931108Z  [32m✓[39m tests/unit/electron-archive-cleanup-failure.test.ts [2m([22m[2m7 tests[22m[2m)[22m[32m 10[2mms[22m[39m
Build and inspect Linux Electron artifacts	Full correctness unit gate	2026-09-13T21:17:03.8509867Z  [32m✓[39m tests/unit/coordinate-tool.test.ts [2m([22m[2m18 tests[22m[2m)[22m[32m 18[2mms[22m[39m
Build and inspect Linux Electron artifacts	Full correctness unit gate	2026-09-13T21:17:04.7575950Z  [32m✓[39m tests/unit/electron-mission-store-freeze-probe-lib.test.ts [2m([22m[2m10 tests[22m[2m)[22m[32m 13[2mms[22m[39m
Build and inspect Linux Electron artifacts	Full correctness unit gate	2026-09-13T21:17:07.6816667Z  [32m✓[39m tests/unit/electron-tracking-soak-lifecycle-lib.test.ts [2m([22m[2m8 tests[22m[2m)[22m[33m 2022[2mms[22m[39m
Build and inspect Linux Electron artifacts	Full correctness unit gate	2026-09-13T21:17:07.6817998Z      [33m[2m✓[22m[39m fails closed if the Darwin guard cannot spawn or exits early [33m 2005[2mms[22m[39m
Build and inspect Linux Electron artifacts	Full correctness unit gate	2026-09-13T21:17:08.5624724Z  [32m✓[39m tests/unit/drawing-math.test.ts [2m([22m[2m26 tests[22m[2m)[22m[32m 15[2mms[22m[39m
Build and inspect Linux Electron artifacts	Full correctness unit gate	2026-09-13T21:17:09.4633254Z  [32m✓[39m tests/unit/device-workspace-model.test.ts [2m([22m[2m9 tests[22m[2m)[22m[32m 33[2mms[22m[39m
Build and inspect Linux Electron artifacts	Full correctness unit gate	2026-09-13T21:17:10.3707528Z  [32m✓[39m tests/unit/browser-settings-store.test.ts [2m([22m[2m5 tests[22m[2m)[22m[32m 19[2mms[22m[39m
Build and inspect Linux Electron artifacts	Full correctness unit gate	2026-09-13T21:17:11.3668040Z  [32m✓[39m tests/unit/electron-legacy-object-recovery-custody.test.ts [2m([22m[2m9 tests[22m[2m)[22m[32m 71[2mms[22m[39m
Build and inspect Linux Electron artifacts	Full correctness unit gate	2026-09-13T21:17:12.2437181Z  [32m✓[39m tests/unit/coverage-tile-protocol.test.ts [2m([22m[2m6 tests[22m[2m)[22m[32m 15[2mms[22m[39m
Build and inspect Linux Electron artifacts	Full correctness unit gate	2026-09-13T21:17:28.1477876Z  [32m✓[39m tests/unit/breadcrumb-transport-native-boundary.test.ts [2m([22m[2m1 test[22m[2m)[22m[33m 15016[2mms[22m[39m
Build and inspect Linux Electron artifacts	Full correctness unit gate	2026-09-13T21:17:28.1480212Z      [33m[2m✓[22m[39m rejects the old 103626-row reply and carries the identical snapshot through bounded pulls during writes and restart [33m 15014[2mms[22m[39m
Build and inspect Linux Electron artifacts	Full correctness unit gate	2026-09-13T21:17:29.0966711Z  [32m✓[39m tests/unit/electron-crash-log.test.ts [2m([22m[2m9 tests[22m[2m)[22m[32m 62[2mms[22m[39m
Build and inspect Linux Electron artifacts	Full correctness unit gate	2026-09-13T21:17:30.3043388Z  [32m✓[39m tests/unit/start-coverage-runtime.test.ts [2m([22m[2m3 tests[22m[2m)[22m[33m 315[2mms[22m[39m
Build and inspect Linux Electron artifacts	Full correctness unit gate	2026-09-13T21:17:32.4238807Z  [32m✓[39m tests/unit/tracking-poll-ledger.test.ts [2m([22m[2m6 tests[22m[2m)[22m[33m 1224[2mms[22m[39m
Build and inspect Linux Electron artifacts	Full correctness unit gate	2026-09-13T21:17:32.4240017Z      [33m[2m✓[22m[39m retains a bounded chronological ledger [33m 1218[2mms[22m[39m
Build and inspect Linux Electron artifacts	Full correctness unit gate	2026-09-13T21:17:33.3098111Z  [32m✓[39m tests/unit/traccar-normalization.test.ts [2m([22m[2m29 tests[22m[2m)[22m[32m 14[2mms[22m[39m
Build and inspect Linux Electron artifacts	Full correctness unit gate	2026-09-13T21:17:34.2395656Z  [32m✓[39m tests/unit/start-marker-runtime.test.ts [2m([22m[2m7 tests[22m[2m)[22m[32m 16[2mms[22m[39m
Build and inspect Linux Electron artifacts	Full correctness unit gate	2026-09-13T21:17:35.2094095Z [90mstderr[2m | tests/unit/use-outing-controls-view-model.test.ts[2m > [22m[2museOutingControlsViewModel [DON-270][2m > [22m[2mstates explicitly that fixes are Unassigned when no outing is active
Build and inspect Linux Electron artifacts	Full correctness unit gate	2026-09-13T21:17:35.2095959Z [22m[39mThe current testing environment is not configured to support act(...)
Build and inspect Linux Electron artifacts	Full correctness unit gate	2026-09-13T21:17:35.2096842Z 
Build and inspect Linux Electron artifacts	Full correctness unit gate	2026-09-13T21:17:35.2116730Z [90mstderr[2m | tests/unit/use-outing-controls-view-model.test.ts[2m > [22m[2museOutingControlsViewModel [DON-270][2m > [22m[2mstates explicitly that fixes are Unassigned when no outing is active
Build and inspect Linux Electron artifacts	Full correctness unit gate	2026-09-13T21:17:35.2118437Z [22m[39mThe current testing environment is not configured to support act(...)
Build and inspect Linux Electron artifacts	Full correctness unit gate	2026-09-13T21:17:35.2119327Z 
Build and inspect Linux Electron artifacts	Full correctness unit gate	2026-09-13T21:17:35.2149963Z [90mstderr[2m | tests/unit/use-outing-controls-view-model.test.ts[2m > [22m[2museOutingControlsViewModel [DON-270][2m > [22m[2mdelegates explicit start, end, rename and boundary edits
Build and inspect Linux Electron artifacts	Full correctness unit gate	2026-09-13T21:17:35.2151662Z [22m[39mThe current testing environment is not configured to support act(...)
Build and inspect Linux Electron artifacts	Full correctness unit gate	2026-09-13T21:17:35.2152446Z 
Build and inspect Linux Electron artifacts	Full correctness unit gate	2026-09-13T21:17:35.2186783Z [90mstderr[2m | tests/unit/use-outing-controls-view-model.test.ts[2m > [22m[2museOutingControlsViewModel [DON-270][2m > [22m[2mdelegates explicit start, end, rename and boundary edits
Build and inspect Linux Electron artifacts	Full correctness unit gate	2026-09-13T21:17:35.2188230Z [22m[39mThe current testing environment is not configured to support act(...)
Build and inspect Linux Electron artifacts	Full correctness unit gate	2026-09-13T21:17:35.2188664Z 
Build and inspect Linux Electron artifacts	Full correctness unit gate	2026-09-13T21:17:35.2208565Z [90mstderr[2m | tests/unit/use-outing-controls-view-model.test.ts[2m > [22m[2museOutingControlsViewModel [DON-270][2m > [22m[2mkeeps finalized mission outing bookkeeping read-only
Build and inspect Linux Electron artifacts	Full correctness unit gate	2026-09-13T21:17:35.2210240Z [22m[39mThe current testing environment is not configured to support act(...)
Build and inspect Linux Electron artifacts	Full correctness unit gate	2026-09-13T21:17:35.2211003Z 
Build and inspect Linux Electron artifacts	Full correctness unit gate	2026-09-13T21:17:35.2218923Z [90mstderr[2m | tests/unit/use-outing-controls-view-model.test.ts[2m > [22m[2museOutingControlsViewModel [DON-270][2m > [22m[2mkeeps finalized mission outing bookkeeping read-only
Build and inspect Linux Electron artifacts	Full correctness unit gate	2026-09-13T21:17:35.2220340Z [22m[39mThe current testing environment is not configured to support act(...)
Build and inspect Linux Electron artifacts	Full correctness unit gate	2026-09-13T21:17:35.2220785Z 
Build and inspect Linux Electron artifacts	Full correctness unit gate	2026-09-13T21:17:35.2245107Z [90mstderr[2m | tests/unit/use-outing-controls-view-model.test.ts[2m > [22m[2museOutingControlsViewModel [DON-270][2m > [22m[2mhides and disables outing state from a different runtime mission
Build and inspect Linux Electron artifacts	Full correctness unit gate	2026-09-13T21:17:35.2247059Z [22m[39mThe current testing environment is not configured to support act(...)
Build and inspect Linux Electron artifacts	Full correctness unit gate	2026-09-13T21:17:35.2247559Z 
Build and inspect Linux Electron artifacts	Full correctness unit gate	2026-09-13T21:17:35.2266081Z [90mstderr[2m | tests/unit/use-outing-controls-view-model.test.ts[2m > [22m[2museOutingControlsViewModel [DON-270][2m > [22m[2mhides and disables outing state from a different runtime mission
Build and inspect Linux Electron artifacts	Full correctness unit gate	2026-09-13T21:17:35.2269081Z [22m[39mThe current testing environment is not configured to support act(...)
Build and inspect Linux Electron artifacts	Full correctness unit gate	2026-09-13T21:17:35.2269954Z 
Build and inspect Linux Electron artifacts	Full correctness unit gate	2026-09-13T21:17:35.2292552Z [90mstderr[2m | tests/unit/use-outing-controls-view-model.test.ts[2m > [22m[2museOutingControlsViewModel [DON-270][2m > [22m[2mkeeps outing controls read-only while hydration is loading or failed
Build and inspect Linux Electron artifacts	Full correctness unit gate	2026-09-13T21:17:35.2294543Z [22m[39mThe current testing environment is not configured to support act(...)
Build and inspect Linux Electron artifacts	Full correctness unit gate	2026-09-13T21:17:35.2295409Z 
Build and inspect Linux Electron artifacts	Full correctness unit gate	2026-09-13T21:17:35.2310484Z [90mstderr[2m | tests/unit/use-outing-controls-view-model.test.ts[2m > [22m[2museOutingControlsViewModel [DON-270][2m > [22m[2mkeeps outing controls read-only while hydration is loading or failed
Build and inspect Linux Electron artifacts	Full correctness unit gate	2026-09-13T21:17:35.2312243Z [22m[39mThe current testing environment is not configured to support act(...)
Build and inspect Linux Electron artifacts	Full correctness unit gate	2026-09-13T21:17:35.2313844Z The current testing environment is not configured to support act(...)
Build and inspect Linux Electron artifacts	Full correctness unit gate	2026-09-13T21:17:35.2314780Z 
Build and inspect Linux Electron artifacts	Full correctness unit gate	2026-09-13T21:17:35.2321632Z [90mstderr[2m | tests/unit/use-outing-controls-view-model.test.ts[2m > [22m[2museOutingControlsViewModel [DON-270][2m > [22m[2mkeeps outing controls read-only while hydration is loading or failed
Build and inspect Linux Electron artifacts	Full correctness unit gate	2026-09-13T21:17:35.2324011Z [22m[39mThe current testing environment is not configured to support act(...)
Build and inspect Linux Electron artifacts	Full correctness unit gate	2026-09-13T21:17:35.2324750Z 
Build and inspect Linux Electron artifacts	Full correctness unit gate	2026-09-13T21:17:35.2332512Z  [32m✓[39m tests/unit/use-outing-controls-view-model.test.ts [2m([22m[2m5 tests[22m[2m)[22m[32m 43[2mms[22m[39m
Build and inspect Linux Electron artifacts	Full correctness unit gate	2026-09-13T21:17:36.1025628Z  [32m✓[39m tests/unit/map-overlay-primitives.test.ts [2m([22m[2m7 tests[22m[2m)[22m[32m 10[2mms[22m[39m
Build and inspect Linux Electron artifacts	Full correctness unit gate	2026-09-13T21:17:37.1557944Z [90mstderr[2m | tests/unit/coordinate-converter-dialog.test.ts[2m > [22m[2mCoordinateConverterDialog marker workflow[2m > [22m[2mopens the normal marker form from a converted grid location
Build and inspect Linux Electron artifacts	Full correctness unit gate	2026-09-13T21:17:37.1560164Z [22m[39mThe current testing environment is not configured to support act(...)
Build and inspect Linux Electron artifacts	Full correctness unit gate	2026-09-13T21:17:37.1561300Z The current testing environment is not configured to support act(...)
Build and inspect Linux Electron artifacts	Full correctness unit gate	2026-09-13T21:17:37.1562374Z The current testing environment is not configured to support act(...)
Build and inspect Linux Electron artifacts	Full correctness unit gate	2026-09-13T21:17:37.1563743Z The current testing environment is not configured to support act(...)
Build and inspect Linux Electron artifacts	Full correctness unit gate	2026-09-13T21:17:37.1564777Z The current testing environment is not configured to support act(...)
Build and inspect Linux Electron artifacts	Full correctness unit gate	2026-09-13T21:17:37.1565794Z The current testing environment is not configured to support act(...)
Build and inspect Linux Electron artifacts	Full correctness unit gate	2026-09-13T21:17:37.1566819Z The current testing environment is not configured to support act(...)
Build and inspect Linux Electron artifacts	Full correctness unit gate	2026-09-13T21:17:37.1567857Z The current testing environment is not configured to support act(...)
Build and inspect Linux Electron artifacts	Full correctness unit gate	2026-09-13T21:17:37.1568414Z 
Build and inspect Linux Electron artifacts	Full correctness unit gate	2026-09-13T21:17:37.1609325Z [90mstderr[2m | tests/unit/coordinate-converter-dialog.test.ts[2m > [22m[2mCoordinateConverterDialog marker workflow[2m > [22m[2mopens the normal marker form from a converted grid location
Build and inspect Linux Electron artifacts	Full correctness unit gate	2026-09-13T21:17:37.1611439Z [22m[39mThe current testing environment is not configured to support act(...)
Build and inspect Linux Electron artifacts	Full correctness unit gate	2026-09-13T21:17:37.1613081Z The current testing environment is not configured to support act(...)
Build and inspect Linux Electron artifacts	Full correctness unit gate	2026-09-13T21:17:37.1613718Z 
Build and inspect Linux Electron artifacts	Full correctness unit gate	2026-09-13T21:17:37.1647923Z [90mstderr[2m | tests/unit/coordinate-converter-dialog.test.ts[2m > [22m[2mCoordinateConverterDialog marker workflow[2m > [22m[2mopens the normal marker form from a converted grid location
Build and inspect Linux Electron artifacts	Full correctness unit gate	2026-09-13T21:17:37.1650029Z [22m[39mThe current testing environment is not configured to support act(...)
Build and inspect Linux Electron artifacts	Full correctness unit gate	2026-09-13T21:17:37.1650638Z 
Build and inspect Linux Electron artifacts	Full correctness unit gate	2026-09-13T21:17:37.1788444Z [90mstderr[2m | tests/unit/coordinate-converter-dialog.test.ts[2m > [22m[2mCoordinateConverterDialog marker workflow[2m > [22m[2mkeeps marker creation available after going to a converted grid location
Build and inspect Linux Electron artifacts	Full correctness unit gate	2026-09-13T21:17:37.1790687Z [22m[39mThe current testing environment is not configured to support act(...)
Build and inspect Linux Electron artifacts	Full correctness unit gate	2026-09-13T21:17:37.1791818Z The current testing environment is not configured to support act(...)
Build and inspect Linux Electron artifacts	Full correctness unit gate	2026-09-13T21:17:37.1793139Z The current testing environment is not configured to support act(...)
Build and inspect Linux Electron artifacts	Full correctness unit gate	2026-09-13T21:17:37.1794186Z The current testing environment is not configured to support act(...)
Build and inspect Linux Electron artifacts	Full correctness unit gate	2026-09-13T21:17:37.1795766Z The current testing environment is not configured to support act(...)
Build and inspect Linux Electron artifacts	Full correctness unit gate	2026-09-13T21:17:37.1796798Z The current testing environment is not configured to support act(...)
Build and inspect Linux Electron artifacts	Full correctness unit gate	2026-09-13T21:17:37.1797857Z The current testing environment is not configured to support act(...)
Build and inspect Linux Electron artifacts	Full correctness unit gate	2026-09-13T21:17:37.1798910Z The current testing environment is not configured to support act(...)
Build and inspect Linux Electron artifacts	Full correctness unit gate	2026-09-13T21:17:37.1799463Z 
Build and inspect Linux Electron artifacts	Full correctness unit gate	2026-09-13T21:17:37.1844979Z [90mstderr[2m | tests/unit/coordinate-converter-dialog.test.ts[2m > [22m[2mCoordinateConverterDialog marker workflow[2m > [22m[2mkeeps marker creation available after going to a converted grid location
Build and inspect Linux Electron artifacts	Full correctness unit gate	2026-09-13T21:17:37.1854290Z [22m[39mThe current testing environment is not configured to support act(...)
Build and inspect Linux Electron artifacts	Full correctness unit gate	2026-09-13T21:17:37.1855448Z The current testing environment is not configured to support act(...)
Build and inspect Linux Electron artifacts	Full correctness unit gate	2026-09-13T21:17:37.1855996Z 
Build and inspect Linux Electron artifacts	Full correctness unit gate	2026-09-13T21:17:37.1857984Z [90mstderr[2m | tests/unit/coordinate-converter-dialog.test.ts[2m > [22m[2mCoordinateConverterDialog marker workflow[2m > [22m[2mkeeps marker creation available after going to a converted grid location
Build and inspect Linux Electron artifacts	Full correctness unit gate	2026-09-13T21:17:37.1860619Z [22m[39mThe current testing environment is not configured to support act(...)
Build and inspect Linux Electron artifacts	Full correctness unit gate	2026-09-13T21:17:37.1861240Z 
Build and inspect Linux Electron artifacts	Full correctness unit gate	2026-09-13T21:17:37.1962971Z [90mstderr[2m | tests/unit/coordinate-converter-dialog.test.ts[2m > [22m[2mCoordinateConverterDialog marker workflow[2m > [22m[2mrenders coordinate modes with distinct active and inactive tab chrome
Build and inspect Linux Electron artifacts	Full correctness unit gate	2026-09-13T21:17:37.1965203Z [22m[39mThe current testing environment is not configured to support act(...)
Build and inspect Linux Electron artifacts	Full correctness unit gate	2026-09-13T21:17:37.1966338Z The current testing environment is not configured to support act(...)
Build and inspect Linux Electron artifacts	Full correctness unit gate	2026-09-13T21:17:37.1967369Z The current testing environment is not configured to support act(...)
Build and inspect Linux Electron artifacts	Full correctness unit gate	2026-09-13T21:17:37.1968446Z The current testing environment is not configured to support act(...)
Build and inspect Linux Electron artifacts	Full correctness unit gate	2026-09-13T21:17:37.1969499Z The current testing environment is not configured to support act(...)
Build and inspect Linux Electron artifacts	Full correctness unit gate	2026-09-13T21:17:37.1970572Z The current testing environment is not configured to support act(...)
Build and inspect Linux Electron artifacts	Full correctness unit gate	2026-09-13T21:17:37.1971622Z The current testing environment is not configured to support act(...)
Build and inspect Linux Electron artifacts	Full correctness unit gate	2026-09-13T21:17:37.1972165Z 
Build and inspect Linux Electron artifacts	Full correctness unit gate	2026-09-13T21:17:37.1989508Z [90mstderr[2m | tests/unit/coordinate-converter-dialog.test.ts[2m > [22m[2mCoordinateConverterDialog marker workflow[2m > [22m[2mrenders coordinate modes with distinct active and inactive tab chrome
Build and inspect Linux Electron artifacts	Full correctness unit gate	2026-09-13T21:17:37.1991708Z [22m[39mThe current testing environment is not configured to support act(...)
Build and inspect Linux Electron artifacts	Full correctness unit gate	2026-09-13T21:17:37.1992335Z 
Build and inspect Linux Electron artifacts	Full correctness unit gate	2026-09-13T21:17:37.2001049Z  [32m✓[39m tests/unit/coordinate-converter-dialog.test.ts [2m([22m[2m3 tests[22m[2m)[22m[32m 100[2mms[22m[39m
Build and inspect Linux Electron artifacts	Full correctness unit gate	2026-09-13T21:17:38.8674574Z [90mstderr[2m | tests/unit/runtime-boot-gate.test.ts[2m > [22m[2mRuntimeBootGate[2m > [22m[2msurfaces an autosave warning in the command mast when backup sync is failing
Build and inspect Linux Electron artifacts	Full correctness unit gate	2026-09-13T21:17:38.8676684Z [22m[39mThe current testing environment is not configured to support act(...)
Build and inspect Linux Electron artifacts	Full correctness unit gate	2026-09-13T21:17:38.8677344Z 
Build and inspect Linux Electron artifacts	Full correctness unit gate	2026-09-13T21:17:38.8704429Z [90mstderr[2m | tests/unit/runtime-boot-gate.test.ts[2m > [22m[2mRuntimeBootGate[2m > [22m[2msurfaces an autosave warning in the command mast when backup sync is failing
Build and inspect Linux Electron artifacts	Full correctness unit gate	2026-09-13T21:17:38.8706396Z [22m[39mThe current testing environment is not configured to support act(...)
Build and inspect Linux Electron artifacts	Full correctness unit gate	2026-09-13T21:17:38.8707023Z 
Build and inspect Linux Electron artifacts	Full correctness unit gate	2026-09-13T21:17:38.8791741Z [90mstderr[2m | tests/unit/runtime-boot-gate.test.ts[2m > [22m[2mRuntimeBootGate[2m > [22m[2mlabels hosted browser mode as session-only testing instead of green operational readiness
Build and inspect Linux Electron artifacts	Full correctness unit gate	2026-09-13T21:17:38.8794238Z [22m[39mThe current testing environment is not configured to support act(...)
Build and inspect Linux Electron artifacts	Full correctness unit gate	2026-09-13T21:17:38.8795138Z 
Build and inspect Linux Electron artifacts	Full correctness unit gate	2026-09-13T21:17:38.8803540Z [90mstderr[2m | tests/unit/runtime-boot-gate.test.ts[2m > [22m[2mRuntimeBootGate[2m > [22m[2mlabels hosted browser mode as session-only testing instead of green operational readiness
Build and inspect Linux Electron artifacts	Full correctness unit gate	2026-09-13T21:17:38.8806233Z [22m[39mThe current testing environment is not configured to support act(...)
Build and inspect Linux Electron artifacts	Full correctness unit gate	2026-09-13T21:17:38.8807033Z 
Build and inspect Linux Electron artifacts	Full correctness unit gate	2026-09-13T21:17:38.8876886Z [90mstderr[2m | tests/unit/runtime-boot-gate.test.ts[2m > [22m[2mRuntimeBootGate[2m > [22m[2msurfaces lifecycle backup failures as a persistent alert outside the mast
Build and inspect Linux Electron artifacts	Full correctness unit gate	2026-09-13T21:17:38.8878874Z [22m[39mThe current testing environment is not configured to support act(...)
Build and inspect Linux Electron artifacts	Full correctness unit gate	2026-09-13T21:17:38.8879497Z 
Build and inspect Linux Electron artifacts	Full correctness unit gate	2026-09-13T21:17:38.8884355Z [90mstderr[2m | tests/unit/runtime-boot-gate.test.ts[2m > [22m[2mRuntimeBootGate[2m > [22m[2msurfaces lifecycle backup failures as a persistent alert outside the mast
Build and inspect Linux Electron artifacts	Full correctness unit gate	2026-09-13T21:17:38.8886636Z [22m[39mThe current testing environment is not configured to support act(...)
Build and inspect Linux Electron artifacts	Full correctness unit gate	2026-09-13T21:17:38.8887654Z 
Build and inspect Linux Electron artifacts	Full correctness unit gate	2026-09-13T21:17:38.8913790Z [90mstderr[2m | tests/unit/runtime-boot-gate.test.ts[2m > [22m[2mRuntimeBootGate[2m > [22m[2mshows a calm preparing state during runtime startup
Build and inspect Linux Electron artifacts	Full correctness unit gate	2026-09-13T21:17:38.8914798Z [22m[39mThe current testing environment is not configured to support act(...)
Build and inspect Linux Electron artifacts	Full correctness unit gate	2026-09-13T21:17:38.8915415Z 
Build and inspect Linux Electron artifacts	Full correctness unit gate	2026-09-13T21:17:38.8919683Z [90mstderr[2m | tests/unit/runtime-boot-gate.test.ts[2m > [22m[2mRuntimeBootGate[2m > [22m[2mshows a calm preparing state during runtime startup
Build and inspect Linux Electron artifacts	Full correctness unit gate	2026-09-13T21:17:38.8921059Z [22m[39mThe current testing environment is not configured to support act(...)
Build and inspect Linux Electron artifacts	Full correctness unit gate	2026-09-13T21:17:38.8921560Z 
Build and inspect Linux Electron artifacts	Full correctness unit gate	2026-09-13T21:17:38.9017745Z [90mstderr[2m | tests/unit/runtime-boot-gate.test.ts[2m > [22m[2mRuntimeBootGate[2m > [22m[2mshows the startup fault and reload action when boot fails
Build and inspect Linux Electron artifacts	Full correctness unit gate	2026-09-13T21:17:38.9018932Z [22m[39mThe current testing environment is not configured to support act(...)
Build and inspect Linux Electron artifacts	Full correctness unit gate	2026-09-13T21:17:38.9019374Z 
Build and inspect Linux Electron artifacts	Full correctness unit gate	2026-09-13T21:17:38.9027532Z [90mstderr[2m | tests/unit/runtime-boot-gate.test.ts[2m > [22m[2mRuntimeBootGate[2m > [22m[2mshows the startup fault and reload action when boot fails
Build and inspect Linux Electron artifacts	Full correctness unit gate	2026-09-13T21:17:38.9029201Z [22m[39mThe current testing environment is not configured to support act(...)
Build and inspect Linux Electron artifacts	Full correctness unit gate	2026-09-13T21:17:38.9029798Z 
Build and inspect Linux Electron artifacts	Full correctness unit gate	2026-09-13T21:17:38.9090148Z [90mstderr[2m | tests/unit/runtime-boot-gate.test.ts[2m > [22m[2mRuntimeBootGate[2m > [22m[2mexports a startup-fault support bundle before the normal diagnostics workspace is available
Build and inspect Linux Electron artifacts	Full correctness unit gate	2026-09-13T21:17:38.9091601Z [22m[39mThe current testing environment is not configured to support act(...)
Build and inspect Linux Electron artifacts	Full correctness unit gate	2026-09-13T21:17:38.9092319Z The current testing environment is not configured to support act(...)
Build and inspect Linux Electron artifacts	Full correctness unit gate	2026-09-13T21:17:38.9093669Z The current testing environment is not configured to support act(...)
Build and inspect Linux Electron artifacts	Full correctness unit gate	2026-09-13T21:17:38.9094817Z The current testing environment is not configured to support act(...)
Build and inspect Linux Electron artifacts	Full correctness unit gate	2026-09-13T21:17:38.9095152Z 
Build and inspect Linux Electron artifacts	Full correctness unit gate	2026-09-13T21:17:38.9096203Z [90mstderr[2m | tests/unit/runtime-boot-gate.test.ts[2m > [22m[2mRuntimeBootGate[2m > [22m[2mexports a startup-fault support bundle before the normal diagnostics workspace is available
Build and inspect Linux Electron artifacts	Full correctness unit gate	2026-09-13T21:17:38.9097389Z [22m[39mThe current testing environment is not configured to support act(...)
Build and inspect Linux Electron artifacts	Full correctness unit gate	2026-09-13T21:17:38.9098057Z The current testing environment is not configured to support act(...)
Build and inspect Linux Electron artifacts	Full correctness unit gate	2026-09-13T21:17:38.9098385Z 
Build and inspect Linux Electron artifacts	Full correctness unit gate	2026-09-13T21:17:38.9116394Z [90mstderr[2m | tests/unit/runtime-boot-gate.test.ts[2m > [22m[2mRuntimeBootGate[2m > [22m[2mexports a startup-fault support bundle before the normal diagnostics workspace is available
Build and inspect Linux Electron artifacts	Full correctness unit gate	2026-09-13T21:17:38.9117599Z [22m[39mThe current testing environment is not configured to support act(...)
Build and inspect Linux Electron artifacts	Full correctness unit gate	2026-09-13T21:17:38.9117924Z 
Build and inspect Linux Electron artifacts	Full correctness unit gate	2026-09-13T21:17:38.9140719Z  [32m✓[39m tests/unit/runtime-boot-gate.test.ts [2m([22m[2m7 tests[22m[2m)[22m[32m 85[2mms[22m[39m
Build and inspect Linux Electron artifacts	Full correctness unit gate	2026-09-13T21:17:39.7946594Z  [32m✓[39m tests/unit/release-smoke-safety.test.ts [2m([22m[2m7 tests[22m[2m)[22m[32m 9[2mms[22m[39m
Build and inspect Linux Electron artifacts	Full correctness unit gate	2026-09-13T21:17:40.7009803Z  [32m✓[39m tests/unit/runtime-managed-services.test.ts [2m([22m[2m5 tests[22m[2m)[22m[32m 11[2mms[22m[39m
Build and inspect Linux Electron artifacts	Full correctness unit gate	2026-09-13T21:17:42.1203382Z [90mstderr[2m | tests/unit/mission-review-gpx-pagination.test.ts[2m > [22m[2mMission Review GPX pagination[2m > [22m[2mkeeps retained Search pages usable but evidence entry blocked after Review failure [DON-279]
Build and inspect Linux Electron artifacts	Full correctness unit gate	2026-09-13T21:17:42.1205621Z [22m[39mA suspended resource finished loading inside a test, but the event was not wrapped in act(...).
Build and inspect Linux Electron artifacts	Full correctness unit gate	2026-09-13T21:17:42.1206140Z 
Build and inspect Linux Electron artifacts	Full correctness unit gate	2026-09-13T21:17:42.1206551Z When testing, code that resolves suspended data should be wrapped into act(...):
Build and inspect Linux Electron artifacts	Full correctness unit gate	2026-09-13T21:17:42.1206959Z 
Build and inspect Linux Electron artifacts	Full correctness unit gate	2026-09-13T21:17:42.1207057Z act(() => {
Build and inspect Linux Electron artifacts	Full correctness unit gate	2026-09-13T21:17:42.1207354Z   /* finish loading suspended data */
Build and inspect Linux Electron artifacts	Full correctness unit gate	2026-09-13T21:17:42.1207677Z });
Build and inspect Linux Electron artifacts	Full correctness unit gate	2026-09-13T21:17:42.1207928Z /* assert on the output */
Build and inspect Linux Electron artifacts	Full correctness unit gate	2026-09-13T21:17:42.1208116Z 
Build and inspect Linux Electron artifacts	Full correctness unit gate	2026-09-13T21:17:42.1208818Z This ensures that you're testing the behavior the user would see in the browser. Learn more at https://react.dev/link/wrap-tests-with-act
Build and inspect Linux Electron artifacts	Full correctness unit gate	2026-09-13T21:17:42.1209943Z A suspended resource finished loading inside a test, but the event was not wrapped in act(...).
Build and inspect Linux Electron artifacts	Full correctness unit gate	2026-09-13T21:17:42.1210426Z 
Build and inspect Linux Electron artifacts	Full correctness unit gate	2026-09-13T21:17:42.1210981Z When testing, code that resolves suspended data should be wrapped into act(...):
Build and inspect Linux Electron artifacts	Full correctness unit gate	2026-09-13T21:17:42.1211383Z 
Build and inspect Linux Electron artifacts	Full correctness unit gate	2026-09-13T21:17:42.1211485Z act(() => {
Build and inspect Linux Electron artifacts	Full correctness unit gate	2026-09-13T21:17:42.1211764Z   /* finish loading suspended data */
Build and inspect Linux Electron artifacts	Full correctness unit gate	2026-09-13T21:17:42.1212073Z });
Build and inspect Linux Electron artifacts	Full correctness unit gate	2026-09-13T21:17:42.1212314Z /* assert on the output */
Build and inspect Linux Electron artifacts	Full correctness unit gate	2026-09-13T21:17:42.1212500Z 
Build and inspect Linux Electron artifacts	Full correctness unit gate	2026-09-13T21:17:42.1213351Z This ensures that you're testing the behavior the user would see in the browser. Learn more at https://react.dev/link/wrap-tests-with-act
Build and inspect Linux Electron artifacts	Full correctness unit gate	2026-09-13T21:17:42.1214446Z A suspended resource finished loading inside a test, but the event was not wrapped in act(...).
Build and inspect Linux Electron artifacts	Full correctness unit gate	2026-09-13T21:17:42.1214908Z 
Build and inspect Linux Electron artifacts	Full correctness unit gate	2026-09-13T21:17:42.1215368Z When testing, code that resolves suspended data should be wrapped into act(...):
Build and inspect Linux Electron artifacts	Full correctness unit gate	2026-09-13T21:17:42.1215910Z 
Build and inspect Linux Electron artifacts	Full correctness unit gate	2026-09-13T21:17:42.1216057Z act(() => {
Build and inspect Linux Electron artifacts	Full correctness unit gate	2026-09-13T21:17:42.1216442Z   /* finish loading suspended data */
Build and inspect Linux Electron artifacts	Full correctness unit gate	2026-09-13T21:17:42.1216884Z });
Build and inspect Linux Electron artifacts	Full correctness unit gate	2026-09-13T21:17:42.1217234Z /* assert on the output */
Build and inspect Linux Electron artifacts	Full correctness unit gate	2026-09-13T21:17:42.1217524Z 
Build and inspect Linux Electron artifacts	Full correctness unit gate	2026-09-13T21:17:42.1218553Z This ensures that you're testing the behavior the user would see in the browser. Learn more at https://react.dev/link/wrap-tests-with-act
Build and inspect Linux Electron artifacts	Full correctness unit gate	2026-09-13T21:17:42.1220170Z A suspended resource finished loading inside a test, but the event was not wrapped in act(...).
Build and inspect Linux Electron artifacts	Full correctness unit gate	2026-09-13T21:17:42.1220843Z 
Build and inspect Linux Electron artifacts	Full correctness unit gate	2026-09-13T21:17:42.1221406Z When testing, code that resolves suspended data should be wrapped into act(...):
Build and inspect Linux Electron artifacts	Full correctness unit gate	2026-09-13T21:17:42.1221977Z 
Build and inspect Linux Electron artifacts	Full correctness unit gate	2026-09-13T21:17:42.1222111Z act(() => {
Build and inspect Linux Electron artifacts	Full correctness unit gate	2026-09-13T21:17:42.1222503Z   /* finish loading suspended data */
Build and inspect Linux Electron artifacts	Full correctness unit gate	2026-09-13T21:17:42.1223224Z });
Build and inspect Linux Electron artifacts	Full correctness unit gate	2026-09-13T21:17:42.1223562Z /* assert on the output */
Build and inspect Linux Electron artifacts	Full correctness unit gate	2026-09-13T21:17:42.1223827Z 
Build and inspect Linux Electron artifacts	Full correctness unit gate	2026-09-13T21:17:42.1224795Z This ensures that you're testing the behavior the user would see in the browser. Learn more at https://react.dev/link/wrap-tests-with-act
Build and inspect Linux Electron artifacts	Full correctness unit gate	2026-09-13T21:17:42.1226388Z A suspended resource finished loading inside a test, but the event was not wrapped in act(...).
Build and inspect Linux Electron artifacts	Full correctness unit gate	2026-09-13T21:17:42.1227026Z 
Build and inspect Linux Electron artifacts	Full correctness unit gate	2026-09-13T21:17:42.1227360Z When testing, code that resolves suspended data should be wrapped into act(...):
Build and inspect Linux Electron artifacts	Full correctness unit gate	2026-09-13T21:17:42.1227688Z 
Build and inspect Linux Electron artifacts	Full correctness unit gate	2026-09-13T21:17:42.1227775Z act(() => {
Build and inspect Linux Electron artifacts	Full correctness unit gate	2026-09-13T21:17:42.1228013Z   /* finish loading suspended data */
Build and inspect Linux Electron artifacts	Full correctness unit gate	2026-09-13T21:17:42.1228270Z });
Build and inspect Linux Electron artifacts	Full correctness unit gate	2026-09-13T21:17:42.1228480Z /* assert on the output */
Build and inspect Linux Electron artifacts	Full correctness unit gate	2026-09-13T21:17:42.1228633Z 
Build and inspect Linux Electron artifacts	Full correctness unit gate	2026-09-13T21:17:42.1229191Z This ensures that you're testing the behavior the user would see in the browser. Learn more at https://react.dev/link/wrap-tests-with-act
Build and inspect Linux Electron artifacts	Full correctness unit gate	2026-09-13T21:17:42.1230063Z A suspended resource finished loading inside a test, but the event was not wrapped in act(...).
Build and inspect Linux Electron artifacts	Full correctness unit gate	2026-09-13T21:17:42.1230438Z 
Build and inspect Linux Electron artifacts	Full correctness unit gate	2026-09-13T21:17:42.1230744Z When testing, code that resolves suspended data should be wrapped into act(...):
Build and inspect Linux Electron artifacts	Full correctness unit gate	2026-09-13T21:17:42.1231061Z 
Build and inspect Linux Electron artifacts	Full correctness unit gate	2026-09-13T21:17:42.1231138Z act(() => {
Build and inspect Linux Electron artifacts	Full correctness unit gate	2026-09-13T21:17:42.1231365Z   /* finish loading suspended data */
Build and inspect Linux Electron artifacts	Full correctness unit gate	2026-09-13T21:17:42.1231611Z });
Build and inspect Linux Electron artifacts	Full correctness unit gate	2026-09-13T21:17:42.1232047Z /* assert on the output */
Build and inspect Linux Electron artifacts	Full correctness unit gate	2026-09-13T21:17:42.1232202Z 
Build and inspect Linux Electron artifacts	Full correctness unit gate	2026-09-13T21:17:42.1233211Z This ensures that you're testing the behavior the user would see in the browser. Learn more at https://react.dev/link/wrap-tests-with-act
Build and inspect Linux Electron artifacts	Full correctness unit gate	2026-09-13T21:17:42.1233744Z 
Build and inspect Linux Electron artifacts	Full correctness unit gate	2026-09-13T21:17:42.1281978Z [90mstderr[2m | tests/unit/mission-review-gpx-pagination.test.ts[2m > [22m[2mMission Review GPX pagination[2m > [22m[2mkeeps retained Search pages usable but evidence entry blocked after Review failure [DON-279]
Build and inspect Linux Electron artifacts	Full correctness unit gate	2026-09-13T21:17:42.1284098Z [22m[39mA suspended resource finished loading inside a test, but the event was not wrapped in act(...).
Build and inspect Linux Electron artifacts	Full correctness unit gate	2026-09-13T21:17:42.1284604Z 
Build and inspect Linux Electron artifacts	Full correctness unit gate	2026-09-13T21:17:42.1284934Z When testing, code that resolves suspended data should be wrapped into act(...):
Build and inspect Linux Electron artifacts	Full correctness unit gate	2026-09-13T21:17:42.1285262Z 
Build and inspect Linux Electron artifacts	Full correctness unit gate	2026-09-13T21:17:42.1285340Z act(() => {
Build and inspect Linux Electron artifacts	Full correctness unit gate	2026-09-13T21:17:42.1285576Z   /* finish loading suspended data */
Build and inspect Linux Electron artifacts	Full correctness unit gate	2026-09-13T21:17:42.1285835Z });
Build and inspect Linux Electron artifacts	Full correctness unit gate	2026-09-13T21:17:42.1286036Z /* assert on the output */
Build and inspect Linux Electron artifacts	Full correctness unit gate	2026-09-13T21:17:42.1286202Z 
Build and inspect Linux Electron artifacts	Full correctness unit gate	2026-09-13T21:17:42.1287054Z This ensures that you're testing the behavior the user would see in the browser. Learn more at https://react.dev/link/wrap-tests-with-act
Build and inspect Linux Electron artifacts	Full correctness unit gate	2026-09-13T21:17:42.1287957Z A suspended resource finished loading inside a test, but the event was not wrapped in act(...).
Build and inspect Linux Electron artifacts	Full correctness unit gate	2026-09-13T21:17:42.1288332Z 
Build and inspect Linux Electron artifacts	Full correctness unit gate	2026-09-13T21:17:42.1288633Z When testing, code that resolves suspended data should be wrapped into act(...):
Build and inspect Linux Electron artifacts	Full correctness unit gate	2026-09-13T21:17:42.1288949Z 
Build and inspect Linux Electron artifacts	Full correctness unit gate	2026-09-13T21:17:42.1289031Z act(() => {
Build and inspect Linux Electron artifacts	Full correctness unit gate	2026-09-13T21:17:42.1289254Z   /* finish loading suspended data */
Build and inspect Linux Electron artifacts	Full correctness unit gate	2026-09-13T21:17:42.1289498Z });
Build and inspect Linux Electron artifacts	Full correctness unit gate	2026-09-13T21:17:42.1289692Z /* assert on the output */
Build and inspect Linux Electron artifacts	Full correctness unit gate	2026-09-13T21:17:42.1289848Z 
Build and inspect Linux Electron artifacts	Full correctness unit gate	2026-09-13T21:17:42.1290401Z This ensures that you're testing the behavior the user would see in the browser. Learn more at https://react.dev/link/wrap-tests-with-act
Build and inspect Linux Electron artifacts	Full correctness unit gate	2026-09-13T21:17:42.1290901Z 
Build and inspect Linux Electron artifacts	Full correctness unit gate	2026-09-13T21:17:42.3799108Z  [32m✓[39m tests/unit/mission-review-gpx-pagination.test.ts [2m([22m[2m2 tests[22m[2m)[22m[33m 438[2mms[22m[39m
Build and inspect Linux Electron artifacts	Full correctness unit gate	2026-09-13T21:17:42.3802264Z      [33m[2m✓[22m[39m keeps retained Search pages usable but evidence entry blocked after Review failure [DON-279] [33m 354[2mms[22m[39m
Build and inspect Linux Electron artifacts	Full correctness unit gate	2026-09-13T21:17:43.4196158Z [90mstderr[2m | tests/unit/mission-replay-object-page-limitation.test.ts[2m > [22m[2mmission replay object-page limitation [DON-278][2m > [22m[2mremoves the visible large-state warning when the displayed page is not summarized
Build and inspect Linux Electron artifacts	Full correctness unit gate	2026-09-13T21:17:43.4198662Z [22m[39mThe current testing environment is not configured to support act(...)
Build and inspect Linux Electron artifacts	Full correctness unit gate	2026-09-13T21:17:43.4199289Z 
Build and inspect Linux Electron artifacts	Full correctness unit gate	2026-09-13T21:17:43.4791842Z [90mstderr[2m | tests/unit/mission-replay-object-page-limitation.test.ts[2m > [22m[2mmission replay object-page limitation [DON-278][2m > [22m[2mremoves the visible large-state warning when the displayed page is not summarized
Build and inspect Linux Electron artifacts	Full correctness unit gate	2026-09-13T21:17:43.4794464Z [22m[39mThe current testing environment is not configured to support act(...)
Build and inspect Linux Electron artifacts	Full correctness unit gate	2026-09-13T21:17:43.4795095Z 
Build and inspect Linux Electron artifacts	Full correctness unit gate	2026-09-13T21:17:43.4903637Z [90mstderr[2m | tests/unit/mission-replay-object-page-limitation.test.ts[2m > [22m[2mmission replay object-page limitation [DON-278][2m > [22m[2mremoves the visible large-state warning when the displayed page is not summarized
Build and inspect Linux Electron artifacts	Full correctness unit gate	2026-09-13T21:17:43.4906088Z [22m[39mThe current testing environment is not configured to support act(...)
Build and inspect Linux Electron artifacts	Full correctness unit gate	2026-09-13T21:17:43.4906715Z 
Build and inspect Linux Electron artifacts	Full correctness unit gate	2026-09-13T21:17:43.4920971Z [90mstderr[2m | tests/unit/mission-replay-object-page-limitation.test.ts[2m > [22m[2mmission replay object-page limitation [DON-278][2m > [22m[2mbinds remounted controls to the accepted replay time and display filters [DON-278]
Build and inspect Linux Electron artifacts	Full correctness unit gate	2026-09-13T21:17:43.4923668Z [22m[39mThe current testing environment is not configured to support act(...)
Build and inspect Linux Electron artifacts	Full correctness unit gate	2026-09-13T21:17:43.4924285Z 
Build and inspect Linux Electron artifacts	Full correctness unit gate	2026-09-13T21:17:43.5076104Z [90mstderr[2m | tests/unit/mission-replay-object-page-limitation.test.ts[2m > [22m[2mmission replay object-page limitation [DON-278][2m > [22m[2mbinds remounted controls to the accepted replay time and display filters [DON-278]
Build and inspect Linux Electron artifacts	Full correctness unit gate	2026-09-13T21:17:43.5079004Z [22m[39mThe current testing environment is not configured to support act(...)
Build and inspect Linux Electron artifacts	Full correctness unit gate	2026-09-13T21:17:43.5079616Z 
Build and inspect Linux Electron artifacts	Full correctness unit gate	2026-09-13T21:17:43.5133006Z [90mstderr[2m | tests/unit/mission-replay-object-page-limitation.test.ts[2m > [22m[2mmission replay object-page limitation [DON-278][2m > [22m[2mbinds remounted controls to the accepted replay time and display filters [DON-278]
Build and inspect Linux Electron artifacts	Full correctness unit gate	2026-09-13T21:17:43.5135403Z [22m[39mThe current testing environment is not configured to support act(...)
Build and inspect Linux Electron artifacts	Full correctness unit gate	2026-09-13T21:17:43.5136043Z 
Build and inspect Linux Electron artifacts	Full correctness unit gate	2026-09-13T21:17:43.5145380Z [90mstderr[2m | tests/unit/mission-replay-object-page-limitation.test.ts[2m > [22m[2mmission replay object-page limitation [DON-278][2m > [22m[2mkeeps an unsent historical time draft through live-mission rerenders [DON-278]
Build and inspect Linux Electron artifacts	Full correctness unit gate	2026-09-13T21:17:43.5147746Z [22m[39mThe current testing environment is not configured to support act(...)
Build and inspect Linux Electron artifacts	Full correctness unit gate	2026-09-13T21:17:43.5148360Z 
Build and inspect Linux Electron artifacts	Full correctness unit gate	2026-09-13T21:17:43.5229259Z [90mstderr[2m | tests/unit/mission-replay-object-page-limitation.test.ts[2m > [22m[2mmission replay object-page limitation [DON-278][2m > [22m[2mkeeps an unsent historical time draft through live-mission rerenders [DON-278]
Build and inspect Linux Electron artifacts	Full correctness unit gate	2026-09-13T21:17:43.5232028Z [22m[39mThe current testing environment is not configured to support act(...)
Build and inspect Linux Electron artifacts	Full correctness unit gate	2026-09-13T21:17:43.5233427Z The current testing environment is not configured to support act(...)
Build and inspect Linux Electron artifacts	Full correctness unit gate	2026-09-13T21:17:43.5233955Z 
Build and inspect Linux Electron artifacts	Full correctness unit gate	2026-09-13T21:17:43.5236138Z [90mstderr[2m | tests/unit/mission-replay-object-page-limitation.test.ts[2m > [22m[2mmission replay object-page limitation [DON-278][2m > [22m[2mkeeps an unsent historical time draft through live-mission rerenders [DON-278]
Build and inspect Linux Electron artifacts	Full correctness unit gate	2026-09-13T21:17:43.5238473Z [22m[39mThe current testing environment is not configured to support act(...)
Build and inspect Linux Electron artifacts	Full correctness unit gate	2026-09-13T21:17:43.5239088Z 
Build and inspect Linux Electron artifacts	Full correctness unit gate	2026-09-13T21:17:43.5265277Z [90mstderr[2m | tests/unit/mission-replay-object-page-limitation.test.ts[2m > [22m[2mmission replay object-page limitation [DON-278][2m > [22m[2mkeeps an unsent historical time draft through live-mission rerenders [DON-278]
Build and inspect Linux Electron artifacts	Full correctness unit gate	2026-09-13T21:17:43.5267646Z [22m[39mThe current testing environment is not configured to support act(...)
Build and inspect Linux Electron artifacts	Full correctness unit gate	2026-09-13T21:17:43.5268271Z 
Build and inspect Linux Electron artifacts	Full correctness unit gate	2026-09-13T21:17:43.5278612Z  [32m✓[39m tests/unit/mission-replay-object-page-limitation.test.ts [2m([22m[2m3 tests[22m[2m)[22m[32m 113[2mms[22m[39m
Build and inspect Linux Electron artifacts	Full correctness unit gate	2026-09-13T21:17:44.4375106Z  [32m✓[39m tests/unit/layer-panel-model.test.ts [2m([22m[2m5 tests[22m[2m)[22m[32m 24[2mms[22m[39m
Build and inspect Linux Electron artifacts	Full correctness unit gate	2026-09-13T21:17:45.3143444Z  [32m✓[39m tests/unit/offline-map-coverage.test.ts [2m([22m[2m11 tests[22m[2m)[22m[32m 8[2mms[22m[39m
Build and inspect Linux Electron artifacts	Full correctness unit gate	2026-09-13T21:17:46.3768314Z  [32m✓[39m tests/unit/electron-archive-plaintext-sweep-integration.test.ts [2m([22m[2m3 tests[22m[2m)[22m[32m 147[2mms[22m[39m
Build and inspect Linux Electron artifacts	Full correctness unit gate	2026-09-13T21:17:47.4781498Z [90mstderr[2m | tests/unit/marker-dialog-casualty-validation.test.ts[2m > [22m[2mMarkerDialog casualty required-field validation[2m > [22m[2mdisables Save when casualty status is empty
Build and inspect Linux Electron artifacts	Full correctness unit gate	2026-09-13T21:17:47.4784497Z [22m[39mThe current testing environment is not configured to support act(...)
Build and inspect Linux Electron artifacts	Full correctness unit gate	2026-09-13T21:17:47.4784978Z 
Build and inspect Linux Electron artifacts	Full correctness unit gate	2026-09-13T21:17:47.4823267Z [90mstderr[2m | tests/unit/marker-dialog-casualty-validation.test.ts[2m > [22m[2mMarkerDialog casualty required-field validation[2m > [22m[2mdisables Save when casualty status is empty
Build and inspect Linux Electron artifacts	Full correctness unit gate	2026-09-13T21:17:47.4825860Z [22m[39mThe current testing environment is not configured to support act(...)
Build and inspect Linux Electron artifacts	Full correctness unit gate	2026-09-13T21:17:47.4826759Z 
Build and inspect Linux Electron artifacts	Full correctness unit gate	2026-09-13T21:17:47.4968729Z [90mstderr[2m | tests/unit/marker-dialog-casualty-validation.test.ts[2m > [22m[2mMarkerDialog casualty required-field validation[2m > [22m[2mdisables Save when casualty evacuation priority is empty
Build and inspect Linux Electron artifacts	Full correctness unit gate	2026-09-13T21:17:47.4971477Z [22m[39mThe current testing environment is not configured to support act(...)
Build and inspect Linux Electron artifacts	Full correctness unit gate	2026-09-13T21:17:47.4972358Z 
Build and inspect Linux Electron artifacts	Full correctness unit gate	2026-09-13T21:17:47.4983880Z [90mstderr[2m | tests/unit/marker-dialog-casualty-validation.test.ts[2m > [22m[2mMarkerDialog casualty required-field validation[2m > [22m[2mdisables Save when casualty evacuation priority is empty
Build and inspect Linux Electron artifacts	Full correctness unit gate	2026-09-13T21:17:47.4987000Z [22m[39mThe current testing environment is not configured to support act(...)
Build and inspect Linux Electron artifacts	Full correctness unit gate	2026-09-13T21:17:47.4987968Z 
Build and inspect Linux Electron artifacts	Full correctness unit gate	2026-09-13T21:17:47.5107945Z [90mstderr[2m | tests/unit/marker-dialog-casualty-validation.test.ts[2m > [22m[2mMarkerDialog casualty required-field validation[2m > [22m[2mdisables Save when casualty name is empty
Build and inspect Linux Electron artifacts	Full correctness unit gate	2026-09-13T21:17:47.5109975Z [22m[39mThe current testing environment is not configured to support act(...)
Build and inspect Linux Electron artifacts	Full correctness unit gate	2026-09-13T21:17:47.5110554Z 
Build and inspect Linux Electron artifacts	Full correctness unit gate	2026-09-13T21:17:47.5118474Z [90mstderr[2m | tests/unit/marker-dialog-casualty-validation.test.ts[2m > [22m[2mMarkerDialog casualty required-field validation[2m > [22m[2mdisables Save when casualty name is empty
Build and inspect Linux Electron artifacts	Full correctness unit gate	2026-09-13T21:17:47.5120432Z [22m[39mThe current testing environment is not configured to support act(...)
Build and inspect Linux Electron artifacts	Full correctness unit gate	2026-09-13T21:17:47.5121007Z 
Build and inspect Linux Electron artifacts	Full correctness unit gate	2026-09-13T21:17:47.5223984Z [90mstderr[2m | tests/unit/marker-dialog-casualty-validation.test.ts[2m > [22m[2mMarkerDialog casualty required-field validation[2m > [22m[2menables Save when all required casualty fields are filled
Build and inspect Linux Electron artifacts	Full correctness unit gate	2026-09-13T21:17:47.5226406Z [22m[39mThe current testing environment is not configured to support act(...)
Build and inspect Linux Electron artifacts	Full correctness unit gate	2026-09-13T21:17:47.5226760Z 
Build and inspect Linux Electron artifacts	Full correctness unit gate	2026-09-13T21:17:47.5234731Z [90mstderr[2m | tests/unit/marker-dialog-casualty-validation.test.ts[2m > [22m[2mMarkerDialog casualty required-field validation[2m > [22m[2menables Save when all required casualty fields are filled
Build and inspect Linux Electron artifacts	Full correctness unit gate	2026-09-13T21:17:47.5235916Z [22m[39mThe current testing environment is not configured to support act(...)
Build and inspect Linux Electron artifacts	Full correctness unit gate	2026-09-13T21:17:47.5236237Z 
Build and inspect Linux Electron artifacts	Full correctness unit gate	2026-09-13T21:17:47.5465510Z [90mstderr[2m | tests/unit/marker-dialog-casualty-validation.test.ts[2m > [22m[2mMarkerDialog casualty required-field validation[2m > [22m[2mshows a validation error message when casualty fields are missing
Build and inspect Linux Electron artifacts	Full correctness unit gate	2026-09-13T21:17:47.5467688Z [22m[39mThe current testing environment is not configured to support act(...)
Build and inspect Linux Electron artifacts	Full correctness unit gate	2026-09-13T21:17:47.5522943Z 
Build and inspect Linux Electron artifacts	Full correctness unit gate	2026-09-13T21:17:47.5546699Z [90mstderr[2m | tests/unit/marker-dialog-casualty-validation.test.ts[2m > [22m[2mMarkerDialog casualty required-field validation[2m > [22m[2mshows a validation error message when casualty fields are missing
Build and inspect Linux Electron artifacts	Full correctness unit gate	2026-09-13T21:17:47.5571943Z [22m[39mThe current testing environment is not configured to support act(...)
Build and inspect Linux Electron artifacts	Full correctness unit gate	2026-09-13T21:17:47.5603113Z 
Build and inspect Linux Electron artifacts	Full correctness unit gate	2026-09-13T21:17:47.5616253Z [90mstderr[2m | tests/unit/marker-dialog-casualty-validation.test.ts[2m > [22m[2mMarkerDialog casualty required-field validation[2m > [22m[2mdoes not show validation error for non-casualty markers with empty fields
Build and inspect Linux Electron artifacts	Full correctness unit gate	2026-09-13T21:17:47.5618140Z [22m[39mThe current testing environment is not configured to support act(...)
Build and inspect Linux Electron artifacts	Full correctness unit gate	2026-09-13T21:17:47.5618645Z 
Build and inspect Linux Electron artifacts	Full correctness unit gate	2026-09-13T21:17:47.5620393Z [90mstderr[2m | tests/unit/marker-dialog-casualty-validation.test.ts[2m > [22m[2mMarkerDialog casualty required-field validation[2m > [22m[2mdoes not show validation error for non-casualty markers with empty fields
Build and inspect Linux Electron artifacts	Full correctness unit gate	2026-09-13T21:17:47.5622527Z [22m[39mThe current testing environment is not configured to support act(...)
Build and inspect Linux Electron artifacts	Full correctness unit gate	2026-09-13T21:17:47.5623391Z 
Build and inspect Linux Electron artifacts	Full correctness unit gate	2026-09-13T21:17:47.5737212Z [90mstderr[2m | tests/unit/marker-dialog-casualty-validation.test.ts[2m > [22m[2mMarkerDialog casualty required-field validation[2m > [22m[2mmarks condition field with aria-invalid when empty on casualty
Build and inspect Linux Electron artifacts	Full correctness unit gate	2026-09-13T21:17:47.5739853Z [22m[39mThe current testing environment is not configured to support act(...)
Build and inspect Linux Electron artifacts	Full correctness unit gate	2026-09-13T21:17:47.5740737Z 
Build and inspect Linux Electron artifacts	Full correctness unit gate	2026-09-13T21:17:47.5748306Z [90mstderr[2m | tests/unit/marker-dialog-casualty-validation.test.ts[2m > [22m[2mMarkerDialog casualty required-field validation[2m > [22m[2mmarks condition field with aria-invalid when empty on casualty
Build and inspect Linux Electron artifacts	Full correctness unit gate	2026-09-13T21:17:47.5750429Z [22m[39mThe current testing environment is not configured to support act(...)
Build and inspect Linux Electron artifacts	Full correctness unit gate	2026-09-13T21:17:47.5750942Z 
Build and inspect Linux Electron artifacts	Full correctness unit gate	2026-09-13T21:17:47.5887894Z [90mstderr[2m | tests/unit/marker-dialog-casualty-validation.test.ts[2m > [22m[2mMarkerDialog casualty required-field validation[2m > [22m[2mlabels casualty condition as Casualty Status and orders casualty options for coordinators
Build and inspect Linux Electron artifacts	Full correctness unit gate	2026-09-13T21:17:47.5890424Z [22m[39mThe current testing environment is not configured to support act(...)
Build and inspect Linux Electron artifacts	Full correctness unit gate	2026-09-13T21:17:47.5890775Z 
Build and inspect Linux Electron artifacts	Full correctness unit gate	2026-09-13T21:17:47.5894874Z [90mstderr[2m | tests/unit/marker-dialog-casualty-validation.test.ts[2m > [22m[2mMarkerDialog casualty required-field validation[2m > [22m[2mlabels casualty condition as Casualty Status and orders casualty options for coordinators
Build and inspect Linux Electron artifacts	Full correctness unit gate	2026-09-13T21:17:47.5896170Z [22m[39mThe current testing environment is not configured to support act(...)
Build and inspect Linux Electron artifacts	Full correctness unit gate	2026-09-13T21:17:47.5896494Z 
Build and inspect Linux Electron artifacts	Full correctness unit gate	2026-09-13T21:17:47.6005915Z [90mstderr[2m | tests/unit/marker-dialog-casualty-validation.test.ts[2m > [22m[2mMarkerDialog casualty required-field validation[2m > [22m[2mshows a marker label-size control with the casualty default
Build and inspect Linux Electron artifacts	Full correctness unit gate	2026-09-13T21:17:47.6007980Z [22m[39mThe current testing environment is not configured to support act(...)
Build and inspect Linux Electron artifacts	Full correctness unit gate	2026-09-13T21:17:47.6008679Z 
Build and inspect Linux Electron artifacts	Full correctness unit gate	2026-09-13T21:17:47.6014512Z [90mstderr[2m | tests/unit/marker-dialog-casualty-validation.test.ts[2m > [22m[2mMarkerDialog casualty required-field validation[2m > [22m[2mshows a marker label-size control with the casualty default
Build and inspect Linux Electron artifacts	Full correctness unit gate	2026-09-13T21:17:47.6015706Z [22m[39mThe current testing environment is not configured to support act(...)
Build and inspect Linux Electron artifacts	Full correctness unit gate	2026-09-13T21:17:47.6016028Z 
Build and inspect Linux Electron artifacts	Full correctness unit gate	2026-09-13T21:17:47.6032230Z  [32m✓[39m tests/unit/marker-dialog-casualty-validation.test.ts [2m([22m[2m9 tests[22m[2m)[22m[32m 191[2mms[22m[39m
Build and inspect Linux Electron artifacts	Full correctness unit gate	2026-09-13T21:17:48.5957246Z  [32m✓[39m tests/unit/app-runtime-controller.test.ts [2m([22m[2m7 tests[22m[2m)[22m[32m 113[2mms[22m[39m
Build and inspect Linux Electron artifacts	Full correctness unit gate	2026-09-13T21:17:49.6540843Z  [32m✓[39m tests/unit/stationary-attention-store.test.ts [2m([22m[2m7 tests[22m[2m)[22m[32m 12[2mms[22m[39m
Build and inspect Linux Electron artifacts	Full correctness unit gate	2026-09-13T21:17:50.8051680Z  [32m✓[39m tests/unit/linux-hang-collector.test.ts [2m([22m[2m3 tests[22m[2m)[22m[32m 280[2mms[22m[39m
Build and inspect Linux Electron artifacts	Full correctness unit gate	2026-09-13T21:17:51.6801764Z  [32m✓[39m tests/unit/electron-mission-replay-runner.test.ts [2m([22m[2m6 tests[22m[2m)[22m[32m 14[2mms[22m[39m
Build and inspect Linux Electron artifacts	Full correctness unit gate	2026-09-13T21:17:52.5620488Z  [32m✓[39m tests/unit/tracking-snapshot-health.test.ts [2m([22m[2m10 tests[22m[2m)[22m[32m 7[2mms[22m[39m
Build and inspect Linux Electron artifacts	Full correctness unit gate	2026-09-13T21:18:12.6504194Z  [32m✓[39m tests/unit/assurance/war-02a/backup.test.ts [2m([22m[2m13 tests[22m[2m)[22m[33m 19905[2mms[22m[39m
Build and inspect Linux Electron artifacts	Full correctness unit gate	2026-09-13T21:18:12.6505390Z      [33m[2m✓[22m[39m historical backup atomicity: EIO before sqlite.backup retains a whole mirror [33m 2216[2mms[22m[39m
Build and inspect Linux Electron artifacts	Full correctness unit gate	2026-09-13T21:18:12.6506493Z      [33m[2m✓[22m[39m historical backup atomicity: ENOSPC before sqlite.backup retains a whole mirror [33m 2219[2mms[22m[39m
Build and inspect Linux Electron artifacts	Full correctness unit gate	2026-09-13T21:18:12.6507595Z      [33m[2m✓[22m[39m historical backup atomicity: INTERRUPTED before sqlite.backup retains a whole mirror [33m 2122[2mms[22m[39m
Build and inspect Linux Electron artifacts	Full correctness unit gate	2026-09-13T21:18:12.6508682Z      [33m[2m✓[22m[39m historical backup atomicity: EIO after sqlite.backup retains a whole mirror [33m 2297[2mms[22m[39m
Build and inspect Linux Electron artifacts	Full correctness unit gate	2026-09-13T21:18:12.6509728Z      [33m[2m✓[22m[39m historical backup atomicity: ENOSPC after sqlite.backup retains a whole mirror [33m 2074[2mms[22m[39m
Build and inspect Linux Electron artifacts	Full correctness unit gate	2026-09-13T21:18:12.6510778Z      [33m[2m✓[22m[39m historical backup atomicity: INTERRUPTED after sqlite.backup retains a whole mirror [33m 2121[2mms[22m[39m
Build and inspect Linux Electron artifacts	Full correctness unit gate	2026-09-13T21:18:12.6511803Z      [33m[2m✓[22m[39m historical backup atomicity: EIO before file.rename retains a whole mirror [33m 2449[2mms[22m[39m
Build and inspect Linux Electron artifacts	Full correctness unit gate	2026-09-13T21:18:12.6513044Z      [33m[2m✓[22m[39m historical backup atomicity: ENOSPC before file.rename retains a whole mirror [33m 2072[2mms[22m[39m
Build and inspect Linux Electron artifacts	Full correctness unit gate	2026-09-13T21:18:12.6514110Z      [33m[2m✓[22m[39m historical backup atomicity: INTERRUPTED before file.rename retains a whole mirror [33m 2116[2mms[22m[39m
Build and inspect Linux Electron artifacts	Full correctness unit gate	2026-09-13T21:18:13.5706054Z  [32m✓[39m tests/unit/electron-archive-gpx-proof.test.ts [2m([22m[2m4 tests[22m[2m)[22m[32m 17[2mms[22m[39m
Build and inspect Linux Electron artifacts	Full correctness unit gate	2026-09-13T21:18:14.5004964Z  [32m✓[39m tests/unit/electron-archive-custody-file.test.ts [2m([22m[2m3 tests[22m[2m)[22m[32m 52[2mms[22m[39m
Build and inspect Linux Electron artifacts	Full correctness unit gate	2026-09-13T21:18:15.8078491Z  [32m✓[39m tests/unit/coverage-finalized-mission.test.ts [2m([22m[2m2 tests[22m[2m)[22m[33m 393[2mms[22m[39m
Build and inspect Linux Electron artifacts	Full correctness unit gate	2026-09-13T21:18:17.2584698Z  [32m✓[39m tests/unit/electron-gpx-forced-kill-recovery.test.ts [2m([22m[2m2 tests[22m[2m)[22m[33m 551[2mms[22m[39m
Build and inspect Linux Electron artifacts	Full correctness unit gate	2026-09-13T21:18:17.2586106Z      [33m[2m✓[22m[39m recovers an actual SIGKILL after the source receipt becomes retained [33m 318[2mms[22m[39m
Build and inspect Linux Electron artifacts	Full correctness unit gate	2026-09-13T21:18:18.1299031Z  [32m✓[39m tests/unit/participant-backfill-runtime.test.ts [2m([22m[2m5 tests[22m[2m)[22m[32m 14[2mms[22m[39m
Build and inspect Linux Electron artifacts	Full correctness unit gate	2026-09-13T21:18:19.0842985Z  [32m✓[39m tests/unit/electron-breadcrumb-dot-ipc.test.ts [2m([22m[2m2 tests[22m[2m)[22m[32m 59[2mms[22m[39m
Build and inspect Linux Electron artifacts	Full correctness unit gate	2026-09-13T21:18:19.9894878Z  [32m✓[39m tests/unit/sync-drawing-overlay.test.ts [2m([22m[2m6 tests[22m[2m)[22m[32m 13[2mms[22m[39m
Build and inspect Linux Electron artifacts	Full correctness unit gate	2026-09-13T21:18:20.9527160Z  [32m✓[39m tests/unit/start-exact-breadcrumb-dot-runtime.test.ts [2m([22m[2m2 tests[22m[2m)[22m[32m 86[2mms[22m[39m
Build and inspect Linux Electron artifacts	Full correctness unit gate	2026-09-13T21:18:22.0415329Z  [32m✓[39m tests/unit/gpx-import-panel-actions.test.tsx [2m([22m[2m4 tests[22m[2m)[22m[32m 76[2mms[22m[39m
Build and inspect Linux Electron artifacts	Full correctness unit gate	2026-09-13T21:18:23.0507366Z  [32m✓[39m tests/unit/electron-tracking-soak-mock-server.test.ts [2m([22m[2m2 tests[22m[2m)[22m[32m 92[2mms[22m[39m
Build and inspect Linux Electron artifacts	Full correctness unit gate	2026-09-13T21:18:24.1798798Z  [32m✓[39m tests/unit/electron-archive-finalization-progress.test.ts [2m([22m[2m5 tests[22m[2m)[22m[32m 14[2mms[22m[39m
Build and inspect Linux Electron artifacts	Full correctness unit gate	2026-09-13T21:18:25.3714362Z  [32m✓[39m tests/unit/bootstrap-app-runtime.test.ts [2m([22m[2m5 tests[22m[2m)[22m[32m 12[2mms[22m[39m
Build and inspect Linux Electron artifacts	Full correctness unit gate	2026-09-13T21:18:26.3025821Z  [32m✓[39m tests/unit/linux-package-inventory.test.ts [2m([22m[2m30 tests[22m[2m)[22m[32m 34[2mms[22m[39m
Build and inspect Linux Electron artifacts	Full correctness unit gate	2026-09-13T21:18:27.1927730Z  [32m✓[39m tests/unit/electron-gpx-evidence-import-runner.test.ts [2m([22m[2m6 tests[22m[2m)[22m[32m 13[2mms[22m[39m
Build and inspect Linux Electron artifacts	Full correctness unit gate	2026-09-13T21:18:28.0841787Z  [32m✓[39m tests/unit/drawing-hit-testing.test.ts [2m([22m[2m7 tests[22m[2m)[22m[32m 6[2mms[22m[39m
Build and inspect Linux Electron artifacts	Full correctness unit gate	2026-09-13T21:18:29.0790244Z  [32m✓[39m tests/unit/official-map-raster-refresh.test.ts [2m([22m[2m11 tests[22m[2m)[22m[32m 13[2mms[22m[39m
Build and inspect Linux Electron artifacts	Full correctness unit gate	2026-09-13T21:18:29.9669445Z  [32m✓[39m tests/unit/electron-map-freeze-probe-lib.test.ts [2m([22m[2m13 tests[22m[2m)[22m[32m 12[2mms[22m[39m
Build and inspect Linux Electron artifacts	Full correctness unit gate	2026-09-13T21:18:30.3455156Z  [32m✓[39m tests/unit/assurance/war-02a/renderer-lifecycle.test.ts [2m([22m[2m2 tests[22m[2m)[22m[32m 174[2mms[22m[39m
Build and inspect Linux Electron artifacts	Full correctness unit gate	2026-09-13T21:18:31.4930980Z  [32m✓[39m tests/unit/electron-archive-lifecycle-liveness-mock-traccar.test.ts [2m([22m[2m3 tests[22m[2m)[22m[32m 277[2mms[22m[39m
Build and inspect Linux Electron artifacts	Full correctness unit gate	2026-09-13T21:18:32.4131789Z  [32m✓[39m tests/unit/coverage-participant-scope.test.ts [2m([22m[2m1 test[22m[2m)[22m[32m 22[2mms[22m[39m
Build and inspect Linux Electron artifacts	Full correctness unit gate	2026-09-13T21:18:33.3010711Z  [32m✓[39m tests/unit/electron-archive-cleanup-startup.test.ts [2m([22m[2m3 tests[22m[2m)[22m[32m 12[2mms[22m[39m
Build and inspect Linux Electron artifacts	Full correctness unit gate	2026-09-13T21:18:34.2297073Z  [32m✓[39m tests/unit/replay-map-projection.test.ts [2m([22m[2m8 tests[22m[2m)[22m[32m 12[2mms[22m[39m
Build and inspect Linux Electron artifacts	Full correctness unit gate	2026-09-13T21:18:35.3041622Z [90mstderr[2m | tests/unit/marker-dialog-treatment-log.test.ts[2m > [22m[2mMarkerDialog casualty treatment log[2m > [22m[2mappends treatment updates while preserving earlier treatment notes
Build and inspect Linux Electron artifacts	Full correctness unit gate	2026-09-13T21:18:35.3044469Z [22m[39mThe current testing environment is not configured to support act(...)
Build and inspect Linux Electron artifacts	Full correctness unit gate	2026-09-13T21:18:35.3045799Z The current testing environment is not configured to support act(...)
Build and inspect Linux Electron artifacts	Full correctness unit gate	2026-09-13T21:18:35.3047011Z The current testing environment is not configured to support act(...)
Build and inspect Linux Electron artifacts	Full correctness unit gate	2026-09-13T21:18:35.3048037Z The current testing environment is not configured to support act(...)
Build and inspect Linux Electron artifacts	Full correctness unit gate	2026-09-13T21:18:35.3048351Z 
Build and inspect Linux Electron artifacts	Full correctness unit gate	2026-09-13T21:18:35.3078529Z [90mstderr[2m | tests/unit/marker-dialog-treatment-log.test.ts[2m > [22m[2mMarkerDialog casualty treatment log[2m > [22m[2mappends treatment updates while preserving earlier treatment notes
Build and inspect Linux Electron artifacts	Full correctness unit gate	2026-09-13T21:18:35.3080124Z [22m[39mThe current testing environment is not configured to support act(...)
Build and inspect Linux Electron artifacts	Full correctness unit gate	2026-09-13T21:18:35.3080608Z 
Build and inspect Linux Electron artifacts	Full correctness unit gate	2026-09-13T21:18:35.3405678Z [90mstderr[2m | tests/unit/marker-dialog-treatment-log.test.ts[2m > [22m[2mMarkerDialog casualty treatment log[2m > [22m[2mclears an unsaved treatment-size error when the dialog closes
Build and inspect Linux Electron artifacts	Full correctness unit gate	2026-09-13T21:18:35.3407148Z [22m[39mThe current testing environment is not configured to support act(...)
Build and inspect Linux Electron artifacts	Full correctness unit gate	2026-09-13T21:18:35.3407902Z The current testing environment is not configured to support act(...)
Build and inspect Linux Electron artifacts	Full correctness unit gate	2026-09-13T21:18:35.3408580Z The current testing environment is not configured to support act(...)
Build and inspect Linux Electron artifacts	Full correctness unit gate	2026-09-13T21:18:35.3409239Z The current testing environment is not configured to support act(...)
Build and inspect Linux Electron artifacts	Full correctness unit gate	2026-09-13T21:18:35.3409882Z The current testing environment is not configured to support act(...)
Build and inspect Linux Electron artifacts	Full correctness unit gate	2026-09-13T21:18:35.3410659Z 
Build and inspect Linux Electron artifacts	Full correctness unit gate	2026-09-13T21:18:35.3426194Z [90mstderr[2m | tests/unit/marker-dialog-treatment-log.test.ts[2m > [22m[2mMarkerDialog casualty treatment log[2m > [22m[2mclears an unsaved treatment-size error when the dialog closes
Build and inspect Linux Electron artifacts	Full correctness unit gate	2026-09-13T21:18:35.3427801Z [22m[39mThe current testing environment is not configured to support act(...)
Build and inspect Linux Electron artifacts	Full correctness unit gate	2026-09-13T21:18:35.3429933Z 
Build and inspect Linux Electron artifacts	Full correctness unit gate	2026-09-13T21:18:35.3445364Z  [32m✓[39m tests/unit/marker-dialog-treatment-log.test.ts [2m([22m[2m2 tests[22m[2m)[22m[32m 131[2mms[22m[39m
Build and inspect Linux Electron artifacts	Full correctness unit gate	2026-09-13T21:18:36.7107718Z Startup SQLite contention: {"maximumGapMs":11.157997000000023,"processCpuMs":13.174}
Build and inspect Linux Electron artifacts	Full correctness unit gate	2026-09-13T21:18:37.1383374Z Startup SQLite contention: {"maximumGapMs":11.210645000000113,"processCpuMs":7.989}
Build and inspect Linux Electron artifacts	Full correctness unit gate	2026-09-13T21:18:37.1453071Z  [32m✓[39m tests/unit/electron-startup-write-responsiveness.test.ts [2m([22m[2m2 tests[22m[2m)[22m[33m 889[2mms[22m[39m
Build and inspect Linux Electron artifacts	Full correctness unit gate	2026-09-13T21:18:37.1455316Z    [33m[2m✓[22m[39m keeps the main loop below 200 ms when startup archive bookkeeping meets a background SQLite writer during complete [DON-254] [33m 462[2mms[22m[39m
Build and inspect Linux Electron artifacts	Full correctness unit gate	2026-09-13T21:18:37.1457133Z    [33m[2m✓[22m[39m keeps the main loop below 200 ms when startup archive bookkeeping meets a background SQLite writer during shutdown [DON-254] [33m 426[2mms[22m[39m
Build and inspect Linux Electron artifacts	Full correctness unit gate	2026-09-13T21:18:38.4819228Z  [32m✓[39m tests/unit/mission-review-lifecycle.test.ts [2m([22m[2m3 tests[22m[2m)[22m[32m 86[2mms[22m[39m
Build and inspect Linux Electron artifacts	Full correctness unit gate	2026-09-13T21:18:39.3943913Z  [32m✓[39m tests/unit/release-responsiveness.test.ts [2m([22m[2m10 tests[22m[2m)[22m[32m 22[2mms[22m[39m
Build and inspect Linux Electron artifacts	Full correctness unit gate	2026-09-13T21:18:40.6540362Z  [32m✓[39m tests/unit/electron-gpx-foreground-priority.test.ts [2m([22m[2m2 tests[22m[2m)[22m[33m 334[2mms[22m[39m
Build and inspect Linux Electron artifacts	Full correctness unit gate	2026-09-13T21:18:41.5440088Z  [32m✓[39m tests/unit/layer-catalog-store.test.ts [2m([22m[2m1 test[22m[2m)[22m[32m 5[2mms[22m[39m
Build and inspect Linux Electron artifacts	Full correctness unit gate	2026-09-13T21:18:42.4417987Z  [32m✓[39m tests/unit/electron-mission-live-review-access.test.ts [2m([22m[2m4 tests[22m[2m)[22m[32m 12[2mms[22m[39m
Build and inspect Linux Electron artifacts	Full correctness unit gate	2026-09-13T21:18:43.3431700Z  [32m✓[39m tests/unit/responsiveness-attribution.test.ts [2m([22m[2m7 tests[22m[2m)[22m[32m 11[2mms[22m[39m
Build and inspect Linux Electron artifacts	Full correctness unit gate	2026-09-13T21:18:44.3276595Z [90mstderr[2m | tests/unit/replay-map-view.test.tsx[2m > [22m[2mclears a transient basemap failure when that source finishes loading
Build and inspect Linux Electron artifacts	Full correctness unit gate	2026-09-13T21:18:44.3303700Z [22m[39mThe current testing environment is not configured to support act(...)
Build and inspect Linux Electron artifacts	Full correctness unit gate	2026-09-13T21:18:44.3323263Z 
Build and inspect Linux Electron artifacts	Full correctness unit gate	2026-09-13T21:18:44.3678029Z [90mstderr[2m | tests/unit/replay-map-view.test.tsx[2m > [22m[2mclears a transient basemap failure when that source finishes loading
Build and inspect Linux Electron artifacts	Full correctness unit gate	2026-09-13T21:18:44.3679207Z [22m[39mThe current testing environment is not configured to support act(...)
Build and inspect Linux Electron artifacts	Full correctness unit gate	2026-09-13T21:18:44.3679618Z 
Build and inspect Linux Electron artifacts	Full correctness unit gate	2026-09-13T21:18:44.3845226Z [90mstderr[2m | tests/unit/replay-map-view.test.tsx[2m > [22m[2mclears a transient basemap failure when that source finishes loading
Build and inspect Linux Electron artifacts	Full correctness unit gate	2026-09-13T21:18:44.3846887Z [22m[39mThe current testing environment is not configured to support act(...)
Build and inspect Linux Electron artifacts	Full correctness unit gate	2026-09-13T21:18:44.3847651Z The current testing environment is not configured to support act(...)
Build and inspect Linux Electron artifacts	Full correctness unit gate	2026-09-13T21:18:44.3848331Z The current testing environment is not configured to support act(...)
Build and inspect Linux Electron artifacts	Full correctness unit gate	2026-09-13T21:18:44.3848702Z 
Build and inspect Linux Electron artifacts	Full correctness unit gate	2026-09-13T21:18:44.3865453Z [90mstderr[2m | tests/unit/replay-map-view.test.tsx[2m > [22m[2mclears a transient basemap failure when that source finishes loading
Build and inspect Linux Electron artifacts	Full correctness unit gate	2026-09-13T21:18:44.3866430Z [22m[39mThe current testing environment is not configured to support act(...)
Build and inspect Linux Electron artifacts	Full correctness unit gate	2026-09-13T21:18:44.3866747Z 
Build and inspect Linux Electron artifacts	Full correctness unit gate	2026-09-13T21:18:44.3876367Z [90mstderr[2m | tests/unit/replay-map-view.test.tsx[2m > [22m[2mdoes not clear an evidence error because an unrelated tile loaded
Build and inspect Linux Electron artifacts	Full correctness unit gate	2026-09-13T21:18:44.3877907Z [22m[39mThe current testing environment is not configured to support act(...)
Build and inspect Linux Electron artifacts	Full correctness unit gate	2026-09-13T21:18:44.3878464Z 
Build and inspect Linux Electron artifacts	Full correctness unit gate	2026-09-13T21:18:44.3901234Z [90mstderr[2m | tests/unit/replay-map-view.test.tsx[2m > [22m[2mdoes not clear an evidence error because an unrelated tile loaded
Build and inspect Linux Electron artifacts	Full correctness unit gate	2026-09-13T21:18:44.3903292Z [22m[39mThe current testing environment is not configured to support act(...)
Build and inspect Linux Electron artifacts	Full correctness unit gate	2026-09-13T21:18:44.3903855Z 
Build and inspect Linux Electron artifacts	Full correctness unit gate	2026-09-13T21:18:44.3951556Z [90mstderr[2m | tests/unit/replay-map-view.test.tsx[2m > [22m[2mdoes not clear an evidence error because an unrelated tile loaded
Build and inspect Linux Electron artifacts	Full correctness unit gate	2026-09-13T21:18:44.3953706Z [22m[39mThe current testing environment is not configured to support act(...)
Build and inspect Linux Electron artifacts	Full correctness unit gate	2026-09-13T21:18:44.3954979Z The current testing environment is not configured to support act(...)
Build and inspect Linux Electron artifacts	Full correctness unit gate	2026-09-13T21:18:44.3956068Z The current testing environment is not configured to support act(...)
Build and inspect Linux Electron artifacts	Full correctness unit gate	2026-09-13T21:18:44.3956697Z 
Build and inspect Linux Electron artifacts	Full correctness unit gate	2026-09-13T21:18:44.3958017Z [90mstderr[2m | tests/unit/replay-map-view.test.tsx[2m > [22m[2mdoes not clear an evidence error because an unrelated tile loaded
Build and inspect Linux Electron artifacts	Full correctness unit gate	2026-09-13T21:18:44.3959515Z [22m[39mThe current testing environment is not configured to support act(...)
Build and inspect Linux Electron artifacts	Full correctness unit gate	2026-09-13T21:18:44.3960080Z 
Build and inspect Linux Electron artifacts	Full correctness unit gate	2026-09-13T21:18:44.3965089Z [90mstderr[2m | tests/unit/replay-map-view.test.tsx[2m > [22m[2mshows one basemap warning while retaining each failed tile until its own recovery
Build and inspect Linux Electron artifacts	Full correctness unit gate	2026-09-13T21:18:44.3966102Z [22m[39mThe current testing environment is not configured to support act(...)
Build and inspect Linux Electron artifacts	Full correctness unit gate	2026-09-13T21:18:44.3966587Z 
Build and inspect Linux Electron artifacts	Full correctness unit gate	2026-09-13T21:18:44.4010234Z [90mstderr[2m | tests/unit/replay-map-view.test.tsx[2m > [22m[2mshows one basemap warning while retaining each failed tile until its own recovery
Build and inspect Linux Electron artifacts	Full correctness unit gate	2026-09-13T21:18:44.4012020Z [22m[39mThe current testing environment is not configured to support act(...)
Build and inspect Linux Electron artifacts	Full correctness unit gate	2026-09-13T21:18:44.4012645Z 
Build and inspect Linux Electron artifacts	Full correctness unit gate	2026-09-13T21:18:44.4075992Z [90mstderr[2m | tests/unit/replay-map-view.test.tsx[2m > [22m[2mshows one basemap warning while retaining each failed tile until its own recovery
Build and inspect Linux Electron artifacts	Full correctness unit gate	2026-09-13T21:18:44.4077800Z [22m[39mThe current testing environment is not configured to support act(...)
Build and inspect Linux Electron artifacts	Full correctness unit gate	2026-09-13T21:18:44.4078933Z The current testing environment is not configured to support act(...)
Build and inspect Linux Electron artifacts	Full correctness unit gate	2026-09-13T21:18:44.4080053Z The current testing environment is not configured to support act(...)
Build and inspect Linux Electron artifacts	Full correctness unit gate	2026-09-13T21:18:44.4081404Z The current testing environment is not configured to support act(...)
Build and inspect Linux Electron artifacts	Full correctness unit gate	2026-09-13T21:18:44.4081977Z 
Build and inspect Linux Electron artifacts	Full correctness unit gate	2026-09-13T21:18:44.4083669Z [90mstderr[2m | tests/unit/replay-map-view.test.tsx[2m > [22m[2mshows one basemap warning while retaining each failed tile until its own recovery
Build and inspect Linux Electron artifacts	Full correctness unit gate	2026-09-13T21:18:44.4085500Z [22m[39mThe current testing environment is not configured to support act(...)
Build and inspect Linux Electron artifacts	Full correctness unit gate	2026-09-13T21:18:44.4086090Z 
Build and inspect Linux Electron artifacts	Full correctness unit gate	2026-09-13T21:18:44.4091929Z [90mstderr[2m | tests/unit/replay-map-view.test.tsx[2m > [22m[2muses one point filter and includes rendered symbols and labels in click inspection
Build and inspect Linux Electron artifacts	Full correctness unit gate	2026-09-13T21:18:44.4093431Z [22m[39mThe current testing environment is not configured to support act(...)
Build and inspect Linux Electron artifacts	Full correctness unit gate	2026-09-13T21:18:44.4094005Z 
Build and inspect Linux Electron artifacts	Full correctness unit gate	2026-09-13T21:18:44.4112807Z [90mstderr[2m | tests/unit/replay-map-view.test.tsx[2m > [22m[2muses one point filter and includes rendered symbols and labels in click inspection
Build and inspect Linux Electron artifacts	Full correctness unit gate	2026-09-13T21:18:44.4114172Z [22m[39mThe current testing environment is not configured to support act(...)
Build and inspect Linux Electron artifacts	Full correctness unit gate	2026-09-13T21:18:44.4114508Z 
Build and inspect Linux Electron artifacts	Full correctness unit gate	2026-09-13T21:18:44.4152268Z [90mstderr[2m | tests/unit/replay-map-view.test.tsx[2m > [22m[2muses one point filter and includes rendered symbols and labels in click inspection
Build and inspect Linux Electron artifacts	Full correctness unit gate	2026-09-13T21:18:44.4153999Z [22m[39mThe current testing environment is not configured to support act(...)
Build and inspect Linux Electron artifacts	Full correctness unit gate	2026-09-13T21:18:44.4154402Z 
Build and inspect Linux Electron artifacts	Full correctness unit gate	2026-09-13T21:18:44.4165157Z  [32m✓[39m tests/unit/replay-map-view.test.tsx [2m([22m[2m4 tests[22m[2m)[22m[32m 97[2mms[22m[39m
Build and inspect Linux Electron artifacts	Full correctness unit gate	2026-09-13T21:18:45.4595657Z  [32m✓[39m tests/unit/electron-archive-review-projection-worker.test.ts [2m([22m[2m2 tests[22m[2m)[22m[32m 168[2mms[22m[39m
Build and inspect Linux Electron artifacts	Full correctness unit gate	2026-09-13T21:18:46.4968117Z [90mstderr[2m | tests/unit/marker-dialog-two-stage-delete.test.ts[2m > [22m[2mMarkerDialog two-stage delete confirmation[2m > [22m[2mdoes not delete on first click — shows confirmation instead
Build and inspect Linux Electron artifacts	Full correctness unit gate	2026-09-13T21:18:46.4970019Z [22m[39mThe current testing environment is not configured to support act(...)
Build and inspect Linux Electron artifacts	Full correctness unit gate	2026-09-13T21:18:46.4971565Z The current testing environment is not configured to support act(...)
Build and inspect Linux Electron artifacts	Full correctness unit gate	2026-09-13T21:18:46.4972269Z 
Build and inspect Linux Electron artifacts	Full correctness unit gate	2026-09-13T21:18:46.5003523Z [90mstderr[2m | tests/unit/marker-dialog-two-stage-delete.test.ts[2m > [22m[2mMarkerDialog two-stage delete confirmation[2m > [22m[2mdoes not delete on first click — shows confirmation instead
Build and inspect Linux Electron artifacts	Full correctness unit gate	2026-09-13T21:18:46.5005172Z [22m[39mThe current testing environment is not configured to support act(...)
Build and inspect Linux Electron artifacts	Full correctness unit gate	2026-09-13T21:18:46.5005507Z 
Build and inspect Linux Electron artifacts	Full correctness unit gate	2026-09-13T21:18:46.5217554Z [90mstderr[2m | tests/unit/marker-dialog-two-stage-delete.test.ts[2m > [22m[2mMarkerDialog two-stage delete confirmation[2m > [22m[2mdeletes on confirmation click after the first stage
Build and inspect Linux Electron artifacts	Full correctness unit gate	2026-09-13T21:18:46.5219604Z [22m[39mThe current testing environment is not configured to support act(...)
Build and inspect Linux Electron artifacts	Full correctness unit gate	2026-09-13T21:18:46.5220668Z The current testing environment is not configured to support act(...)
Build and inspect Linux Electron artifacts	Full correctness unit gate	2026-09-13T21:18:46.5221234Z 
Build and inspect Linux Electron artifacts	Full correctness unit gate	2026-09-13T21:18:46.5229769Z [90mstderr[2m | tests/unit/marker-dialog-two-stage-delete.test.ts[2m > [22m[2mMarkerDialog two-stage delete confirmation[2m > [22m[2mdeletes on confirmation click after the first stage
Build and inspect Linux Electron artifacts	Full correctness unit gate	2026-09-13T21:18:46.5231872Z [22m[39mThe current testing environment is not configured to support act(...)
Build and inspect Linux Electron artifacts	Full correctness unit gate	2026-09-13T21:18:46.5251496Z 
Build and inspect Linux Electron artifacts	Full correctness unit gate	2026-09-13T21:18:46.5436893Z [90mstderr[2m | tests/unit/marker-dialog-two-stage-delete.test.ts[2m > [22m[2mMarkerDialog two-stage delete confirmation[2m > [22m[2mcancels deletion when Keep is clicked
Build and inspect Linux Electron artifacts	Full correctness unit gate	2026-09-13T21:18:46.5438899Z [22m[39mThe current testing environment is not configured to support act(...)
Build and inspect Linux Electron artifacts	Full correctness unit gate	2026-09-13T21:18:46.5440009Z The current testing environment is not configured to support act(...)
Build and inspect Linux Electron artifacts	Full correctness unit gate	2026-09-13T21:18:46.5441042Z The current testing environment is not configured to support act(...)
Build and inspect Linux Electron artifacts	Full correctness unit gate	2026-09-13T21:18:46.5441567Z 
Build and inspect Linux Electron artifacts	Full correctness unit gate	2026-09-13T21:18:46.5450265Z [90mstderr[2m | tests/unit/marker-dialog-two-stage-delete.test.ts[2m > [22m[2mMarkerDialog two-stage delete confirmation[2m > [22m[2mcancels deletion when Keep is clicked
Build and inspect Linux Electron artifacts	Full correctness unit gate	2026-09-13T21:18:46.5452475Z [22m[39mThe current testing environment is not configured to support act(...)
Build and inspect Linux Electron artifacts	Full correctness unit gate	2026-09-13T21:18:46.5453589Z 
Build and inspect Linux Electron artifacts	Full correctness unit gate	2026-09-13T21:18:46.5782339Z [90mstderr[2m | tests/unit/marker-dialog-two-stage-delete.test.ts[2m > [22m[2mMarkerDialog two-stage delete confirmation[2m > [22m[2mshows the marker type in the confirmation message
Build and inspect Linux Electron artifacts	Full correctness unit gate	2026-09-13T21:18:46.5784934Z [22m[39mThe current testing environment is not configured to support act(...)
Build and inspect Linux Electron artifacts	Full correctness unit gate	2026-09-13T21:18:46.5786200Z The current testing environment is not configured to support act(...)
Build and inspect Linux Electron artifacts	Full correctness unit gate	2026-09-13T21:18:46.5786847Z 
Build and inspect Linux Electron artifacts	Full correctness unit gate	2026-09-13T21:18:46.5794570Z [90mstderr[2m | tests/unit/marker-dialog-two-stage-delete.test.ts[2m > [22m[2mMarkerDialog two-stage delete confirmation[2m > [22m[2mshows the marker type in the confirmation message
Build and inspect Linux Electron artifacts	Full correctness unit gate	2026-09-13T21:18:46.5795683Z [22m[39mThe current testing environment is not configured to support act(...)
Build and inspect Linux Electron artifacts	Full correctness unit gate	2026-09-13T21:18:46.5796443Z 
Build and inspect Linux Electron artifacts	Full correctness unit gate	2026-09-13T21:18:46.5951522Z [90mstderr[2m | tests/unit/marker-dialog-two-stage-delete.test.ts[2m > [22m[2mMarkerDialog two-stage delete confirmation[2m > [22m[2mstates that removal retires the marker while preserving mission history
Build and inspect Linux Electron artifacts	Full correctness unit gate	2026-09-13T21:18:46.5954010Z [22m[39mThe current testing environment is not configured to support act(...)
Build and inspect Linux Electron artifacts	Full correctness unit gate	2026-09-13T21:18:46.5955064Z The current testing environment is not configured to support act(...)
Build and inspect Linux Electron artifacts	Full correctness unit gate	2026-09-13T21:18:46.5955839Z 
Build and inspect Linux Electron artifacts	Full correctness unit gate	2026-09-13T21:18:46.5963809Z [90mstderr[2m | tests/unit/marker-dialog-two-stage-delete.test.ts[2m > [22m[2mMarkerDialog two-stage delete confirmation[2m > [22m[2mstates that removal retires the marker while preserving mission history
Build and inspect Linux Electron artifacts	Full correctness unit gate	2026-09-13T21:18:46.5966226Z [22m[39mThe current testing environment is not configured to support act(...)
Build and inspect Linux Electron artifacts	Full correctness unit gate	2026-09-13T21:18:46.5966989Z 
Build and inspect Linux Electron artifacts	Full correctness unit gate	2026-09-13T21:18:46.5982206Z  [32m✓[39m tests/unit/marker-dialog-two-stage-delete.test.ts [2m([22m[2m5 tests[22m[2m)[22m[32m 173[2mms[22m[39m
Build and inspect Linux Electron artifacts	Full correctness unit gate	2026-09-13T21:18:47.4695022Z  [32m✓[39m tests/unit/operational-position-retention.test.ts [2m([22m[2m4 tests[22m[2m)[22m[32m 7[2mms[22m[39m
Build and inspect Linux Electron artifacts	Full correctness unit gate	2026-09-13T21:18:48.5097958Z [90mstderr[2m | tests/unit/basemap-switcher.test.ts[2m > [22m[2mBasemapSwitcher[2m > [22m[2mgroups official maps separately from public fallback maps
Build and inspect Linux Electron artifacts	Full correctness unit gate	2026-09-13T21:18:48.5100191Z [22m[39mThe current testing environment is not configured to support act(...)
Build and inspect Linux Electron artifacts	Full correctness unit gate	2026-09-13T21:18:48.5101299Z The current testing environment is not configured to support act(...)
Build and inspect Linux Electron artifacts	Full correctness unit gate	2026-09-13T21:18:48.5101713Z 
Build and inspect Linux Electron artifacts	Full correctness unit gate	2026-09-13T21:18:48.5129161Z [90mstderr[2m | tests/unit/basemap-switcher.test.ts[2m > [22m[2mBasemapSwitcher[2m > [22m[2mgroups official maps separately from public fallback maps
Build and inspect Linux Electron artifacts	Full correctness unit gate	2026-09-13T21:18:48.5130929Z [22m[39mThe current testing environment is not configured to support act(...)
Build and inspect Linux Electron artifacts	Full correctness unit gate	2026-09-13T21:18:48.5131507Z 
Build and inspect Linux Electron artifacts	Full correctness unit gate	2026-09-13T21:18:48.5258789Z [90mstderr[2m | tests/unit/basemap-switcher.test.ts[2m > [22m[2mBasemapSwitcher[2m > [22m[2mrenders official maps as not configured while keeping public maps selectable
Build and inspect Linux Electron artifacts	Full correctness unit gate	2026-09-13T21:18:48.5261175Z [22m[39mThe current testing environment is not configured to support act(...)
Build and inspect Linux Electron artifacts	Full correctness unit gate	2026-09-13T21:18:48.5262459Z The current testing environment is not configured to support act(...)
Build and inspect Linux Electron artifacts	Full correctness unit gate	2026-09-13T21:18:48.5263996Z The current testing environment is not configured to support act(...)
Build and inspect Linux Electron artifacts	Full correctness unit gate	2026-09-13T21:18:48.5264648Z 
Build and inspect Linux Electron artifacts	Full correctness unit gate	2026-09-13T21:18:48.5266198Z [90mstderr[2m | tests/unit/basemap-switcher.test.ts[2m > [22m[2mBasemapSwitcher[2m > [22m[2mrenders official maps as not configured while keeping public maps selectable
Build and inspect Linux Electron artifacts	Full correctness unit gate	2026-09-13T21:18:48.5267334Z [22m[39mThe current testing environment is not configured to support act(...)
Build and inspect Linux Electron artifacts	Full correctness unit gate	2026-09-13T21:18:48.5267710Z 
Build and inspect Linux Electron artifacts	Full correctness unit gate	2026-09-13T21:18:48.5341660Z [90mstderr[2m | tests/unit/basemap-switcher.test.ts[2m > [22m[2mBasemapSwitcher[2m > [22m[2menables configured official maps and returns their map id on selection
Build and inspect Linux Electron artifacts	Full correctness unit gate	2026-09-13T21:18:48.5343459Z [22m[39mThe current testing environment is not configured to support act(...)
Build and inspect Linux Electron artifacts	Full correctness unit gate	2026-09-13T21:18:48.5344561Z The current testing environment is not configured to support act(...)
Build and inspect Linux Electron artifacts	Full correctness unit gate	2026-09-13T21:18:48.5345311Z The current testing environment is not configured to support act(...)
Build and inspect Linux Electron artifacts	Full correctness unit gate	2026-09-13T21:18:48.5345683Z 
Build and inspect Linux Electron artifacts	Full correctness unit gate	2026-09-13T21:18:48.5347168Z [90mstderr[2m | tests/unit/basemap-switcher.test.ts[2m > [22m[2mBasemapSwitcher[2m > [22m[2menables configured official maps and returns their map id on selection
Build and inspect Linux Electron artifacts	Full correctness unit gate	2026-09-13T21:18:48.5348855Z [22m[39mThe current testing environment is not configured to support act(...)
Build and inspect Linux Electron artifacts	Full correctness unit gate	2026-09-13T21:18:48.5349457Z 
Build and inspect Linux Electron artifacts	Full correctness unit gate	2026-09-13T21:18:48.5421935Z [90mstderr[2m | tests/unit/basemap-switcher.test.ts[2m > [22m[2mBasemapSwitcher[2m > [22m[2mshows official offline readiness in the maps status area
Build and inspect Linux Electron artifacts	Full correctness unit gate	2026-09-13T21:18:48.5423579Z [22m[39mThe current testing environment is not configured to support act(...)
Build and inspect Linux Electron artifacts	Full correctness unit gate	2026-09-13T21:18:48.5424299Z The current testing environment is not configured to support act(...)
Build and inspect Linux Electron artifacts	Full correctness unit gate	2026-09-13T21:18:48.5425054Z 
Build and inspect Linux Electron artifacts	Full correctness unit gate	2026-09-13T21:18:48.5428318Z [90mstderr[2m | tests/unit/basemap-switcher.test.ts[2m > [22m[2mBasemapSwitcher[2m > [22m[2mshows official offline readiness in the maps status area
Build and inspect Linux Electron artifacts	Full correctness unit gate	2026-09-13T21:18:48.5429383Z [22m[39mThe current testing environment is not configured to support act(...)
Build and inspect Linux Electron artifacts	Full correctness unit gate	2026-09-13T21:18:48.5429707Z 
Build and inspect Linux Electron artifacts	Full correctness unit gate	2026-09-13T21:18:48.5444916Z  [32m✓[39m tests/unit/basemap-switcher.test.ts [2m([22m[2m4 tests[22m[2m)[22m[32m 89[2mms[22m[39m
Build and inspect Linux Electron artifacts	Full correctness unit gate	2026-09-13T21:18:49.4221534Z  [32m✓[39m tests/unit/electron-mission-store-adapter.test.ts [2m([22m[2m2 tests[22m[2m)[22m[32m 13[2mms[22m[39m
Build and inspect Linux Electron artifacts	Full correctness unit gate	2026-09-13T21:18:50.3401223Z  [32m✓[39m tests/unit/electron-official-map-offline-smoke-lib.test.ts [2m([22m[2m4 tests[22m[2m)[22m[32m 27[2mms[22m[39m
Build and inspect Linux Electron artifacts	Full correctness unit gate	2026-09-13T21:18:51.2347890Z  [32m✓[39m tests/unit/map-interaction-mode-store.test.ts [2m([22m[2m14 tests[22m[2m)[22m[32m 9[2mms[22m[39m
Build and inspect Linux Electron artifacts	Full correctness unit gate	2026-09-13T21:18:52.2411542Z [90mstderr[2m | tests/unit/color-palette-input.test.ts[2m > [22m[2mColorPaletteInput[2m > [22m[2mrenders all SAR palette swatches
Build and inspect Linux Electron artifacts	Full correctness unit gate	2026-09-13T21:18:52.2413393Z [22m[39mThe current testing environment is not configured to support act(...)
Build and inspect Linux Electron artifacts	Full correctness unit gate	2026-09-13T21:18:52.2413761Z 
Build and inspect Linux Electron artifacts	Full correctness unit gate	2026-09-13T21:18:52.2434812Z [90mstderr[2m | tests/unit/color-palette-input.test.ts[2m > [22m[2mColorPaletteInput[2m > [22m[2mrenders all SAR palette swatches
Build and inspect Linux Electron artifacts	Full correctness unit gate	2026-09-13T21:18:52.2436213Z [22m[39mThe current testing environment is not configured to support act(...)
Build and inspect Linux Electron artifacts	Full correctness unit gate	2026-09-13T21:18:52.2436741Z 
Build and inspect Linux Electron artifacts	Full correctness unit gate	2026-09-13T21:18:52.2503740Z [90mstderr[2m | tests/unit/color-palette-input.test.ts[2m > [22m[2mColorPaletteInput[2m > [22m[2mmarks the currently selected swatch as aria-checked
Build and inspect Linux Electron artifacts	Full correctness unit gate	2026-09-13T21:18:52.2505540Z [22m[39mThe current testing environment is not configured to support act(...)
Build and inspect Linux Electron artifacts	Full correctness unit gate	2026-09-13T21:18:52.2506103Z 
Build and inspect Linux Electron artifacts	Full correctness unit gate	2026-09-13T21:18:52.2512231Z [90mstderr[2m | tests/unit/color-palette-input.test.ts[2m > [22m[2mColorPaletteInput[2m > [22m[2mmarks the currently selected swatch as aria-checked
Build and inspect Linux Electron artifacts	Full correctness unit gate	2026-09-13T21:18:52.2513965Z [22m[39mThe current testing environment is not configured to support act(...)
Build and inspect Linux Electron artifacts	Full correctness unit gate	2026-09-13T21:18:52.2514426Z 
Build and inspect Linux Electron artifacts	Full correctness unit gate	2026-09-13T21:18:52.2626976Z [90mstderr[2m | tests/unit/color-palette-input.test.ts[2m > [22m[2mColorPaletteInput[2m > [22m[2mcalls onChange when a swatch is clicked
Build and inspect Linux Electron artifacts	Full correctness unit gate	2026-09-13T21:18:52.2628630Z [22m[39mThe current testing environment is not configured to support act(...)
Build and inspect Linux Electron artifacts	Full correctness unit gate	2026-09-13T21:18:52.2629769Z The current testing environment is not configured to support act(...)
Build and inspect Linux Electron artifacts	Full correctness unit gate	2026-09-13T21:18:52.2630887Z The current testing environment is not configured to support act(...)
Build and inspect Linux Electron artifacts	Full correctness unit gate	2026-09-13T21:18:52.2631442Z 
Build and inspect Linux Electron artifacts	Full correctness unit gate	2026-09-13T21:18:52.2634855Z [90mstderr[2m | tests/unit/color-palette-input.test.ts[2m > [22m[2mColorPaletteInput[2m > [22m[2mcalls onChange when a swatch is clicked
Build and inspect Linux Electron artifacts	Full correctness unit gate	2026-09-13T21:18:52.2635851Z [22m[39mThe current testing environment is not configured to support act(...)
Build and inspect Linux Electron artifacts	Full correctness unit gate	2026-09-13T21:18:52.2636350Z 
Build and inspect Linux Electron artifacts	Full correctness unit gate	2026-09-13T21:18:52.2706896Z [90mstderr[2m | tests/unit/color-palette-input.test.ts[2m > [22m[2mColorPaletteInput[2m > [22m[2mupdates the value when a valid hex is typed
Build and inspect Linux Electron artifacts	Full correctness unit gate	2026-09-13T21:18:52.2708210Z [22m[39mThe current testing environment is not configured to support act(...)
Build and inspect Linux Electron artifacts	Full correctness unit gate	2026-09-13T21:18:52.2709123Z The current testing environment is not configured to support act(...)
Build and inspect Linux Electron artifacts	Full correctness unit gate	2026-09-13T21:18:52.2710001Z The current testing environment is not configured to support act(...)
Build and inspect Linux Electron artifacts	Full correctness unit gate	2026-09-13T21:18:52.2710417Z 
Build and inspect Linux Electron artifacts	Full correctness unit gate	2026-09-13T21:18:52.2712420Z [90mstderr[2m | tests/unit/color-palette-input.test.ts[2m > [22m[2mColorPaletteInput[2m > [22m[2mupdates the value when a valid hex is typed
Build and inspect Linux Electron artifacts	Full correctness unit gate	2026-09-13T21:18:52.2714429Z [22m[39mThe current testing environment is not configured to support act(...)
Build and inspect Linux Electron artifacts	Full correctness unit gate	2026-09-13T21:18:52.2715006Z 
Build and inspect Linux Electron artifacts	Full correctness unit gate	2026-09-13T21:18:52.2774451Z [90mstderr[2m | tests/unit/color-palette-input.test.ts[2m > [22m[2mColorPaletteInput[2m > [22m[2maccepts hex without # prefix and normalizes to uppercase
Build and inspect Linux Electron artifacts	Full correctness unit gate	2026-09-13T21:18:52.2776758Z [22m[39mThe current testing environment is not configured to support act(...)
Build and inspect Linux Electron artifacts	Full correctness unit gate	2026-09-13T21:18:52.2777738Z The current testing environment is not configured to support act(...)
Build and inspect Linux Electron artifacts	Full correctness unit gate	2026-09-13T21:18:52.2778764Z The current testing environment is not configured to support act(...)
Build and inspect Linux Electron artifacts	Full correctness unit gate	2026-09-13T21:18:52.2779310Z 
Build and inspect Linux Electron artifacts	Full correctness unit gate	2026-09-13T21:18:52.2780819Z [90mstderr[2m | tests/unit/color-palette-input.test.ts[2m > [22m[2mColorPaletteInput[2m > [22m[2maccepts hex without # prefix and normalizes to uppercase
Build and inspect Linux Electron artifacts	Full correctness unit gate	2026-09-13T21:18:52.2782828Z [22m[39mThe current testing environment is not configured to support act(...)
Build and inspect Linux Electron artifacts	Full correctness unit gate	2026-09-13T21:18:52.2783481Z 
Build and inspect Linux Electron artifacts	Full correctness unit gate	2026-09-13T21:18:52.2834956Z [90mstderr[2m | tests/unit/color-palette-input.test.ts[2m > [22m[2mColorPaletteInput[2m > [22m[2mrejects invalid hex values and does not call onChange
Build and inspect Linux Electron artifacts	Full correctness unit gate	2026-09-13T21:18:52.2836598Z [22m[39mThe current testing environment is not configured to support act(...)
Build and inspect Linux Electron artifacts	Full correctness unit gate	2026-09-13T21:18:52.2837712Z The current testing environment is not configured to support act(...)
Build and inspect Linux Electron artifacts	Full correctness unit gate	2026-09-13T21:18:52.2839164Z The current testing environment is not configured to support act(...)
Build and inspect Linux Electron artifacts	Full correctness unit gate	2026-09-13T21:18:52.2839672Z 
Build and inspect Linux Electron artifacts	Full correctness unit gate	2026-09-13T21:18:52.2841646Z [90mstderr[2m | tests/unit/color-palette-input.test.ts[2m > [22m[2mColorPaletteInput[2m > [22m[2mrejects invalid hex values and does not call onChange
Build and inspect Linux Electron artifacts	Full correctness unit gate	2026-09-13T21:18:52.2843997Z [22m[39mThe current testing environment is not configured to support act(...)
Build and inspect Linux Electron artifacts	Full correctness unit gate	2026-09-13T21:18:52.2844703Z 
Build and inspect Linux Electron artifacts	Full correctness unit gate	2026-09-13T21:18:52.2881148Z [90mstderr[2m | tests/unit/color-palette-input.test.ts[2m > [22m[2mColorPaletteInput[2m > [22m[2mrenders a preview swatch showing the current colour
Build and inspect Linux Electron artifacts	Full correctness unit gate	2026-09-13T21:18:52.2882485Z [22m[39mThe current testing environment is not configured to support act(...)
Build and inspect Linux Electron artifacts	Full correctness unit gate	2026-09-13T21:18:52.2883292Z 
Build and inspect Linux Electron artifacts	Full correctness unit gate	2026-09-13T21:18:52.2888340Z [90mstderr[2m | tests/unit/color-palette-input.test.ts[2m > [22m[2mColorPaletteInput[2m > [22m[2mrenders a preview swatch showing the current colour
Build and inspect Linux Electron artifacts	Full correctness unit gate	2026-09-13T21:18:52.2890497Z [22m[39mThe current testing environment is not configured to support act(...)
Build and inspect Linux Electron artifacts	Full correctness unit gate	2026-09-13T21:18:52.2891418Z 
Build and inspect Linux Electron artifacts	Full correctness unit gate	2026-09-13T21:18:52.2904444Z [90mstderr[2m | tests/unit/color-palette-input.test.ts[2m > [22m[2mColorPaletteInput[2m > [22m[2mexposes SAR_PALETTE with 12 high-contrast operational colours
Build and inspect Linux Electron artifacts	Full correctness unit gate	2026-09-13T21:18:52.2906213Z [22m[39mThe current testing environment is not configured to support act(...)
Build and inspect Linux Electron artifacts	Full correctness unit gate	2026-09-13T21:18:52.2906781Z 
Build and inspect Linux Electron artifacts	Full correctness unit gate	2026-09-13T21:18:52.2920121Z  [32m✓[39m tests/unit/color-palette-input.test.ts [2m([22m[2m8 tests[22m[2m)[22m[32m 104[2mms[22m[39m
Build and inspect Linux Electron artifacts	Full correctness unit gate	2026-09-13T21:18:53.1804030Z  [32m✓[39m tests/unit/start-measurement-runtime.test.ts [2m([22m[2m4 tests[22m[2m)[22m[32m 13[2mms[22m[39m
Build and inspect Linux Electron artifacts	Full correctness unit gate	2026-09-13T21:18:54.4505447Z  [32m✓[39m tests/unit/electron-archive-cleanup-runner.test.ts [2m([22m[2m3 tests[22m[2m)[22m[33m 399[2mms[22m[39m
Build and inspect Linux Electron artifacts	Full correctness unit gate	2026-09-13T21:18:55.4442947Z  [32m✓[39m tests/unit/linux-package-source.test.ts [2m([22m[2m2 tests[22m[2m)[22m[32m 133[2mms[22m[39m
Build and inspect Linux Electron artifacts	Full correctness unit gate	2026-09-13T21:18:56.4544213Z [90mstderr[2m | tests/unit/marker-at-grid-panel.test.ts[2m > [22m[2mMarkerAtGridPanel[2m > [22m[2mrefreshes marker runtime to the active mission before opening a grid marker draft
Build and inspect Linux Electron artifacts	Full correctness unit gate	2026-09-13T21:18:56.4546266Z [22m[39mThe current testing environment is not configured to support act(...)
Build and inspect Linux Electron artifacts	Full correctness unit gate	2026-09-13T21:18:56.4547337Z The current testing environment is not configured to support act(...)
Build and inspect Linux Electron artifacts	Full correctness unit gate	2026-09-13T21:18:56.4548332Z The current testing environment is not configured to support act(...)
Build and inspect Linux Electron artifacts	Full correctness unit gate	2026-09-13T21:18:56.4548850Z 
Build and inspect Linux Electron artifacts	Full correctness unit gate	2026-09-13T21:18:56.4549944Z [90mstderr[2m | tests/unit/marker-at-grid-panel.test.ts[2m > [22m[2mMarkerAtGridPanel[2m > [22m[2mrefreshes marker runtime to the active mission before opening a grid marker draft
Build and inspect Linux Electron artifacts	Full correctness unit gate	2026-09-13T21:18:56.4551130Z [22m[39mThe current testing environment is not configured to support act(...)
Build and inspect Linux Electron artifacts	Full correctness unit gate	2026-09-13T21:18:56.4551509Z 
Build and inspect Linux Electron artifacts	Full correctness unit gate	2026-09-13T21:18:56.4612933Z [90mstderr[2m | tests/unit/marker-at-grid-panel.test.ts[2m > [22m[2mMarkerAtGridPanel[2m > [22m[2mrefreshes marker runtime to the active mission before opening a grid marker draft
Build and inspect Linux Electron artifacts	Full correctness unit gate	2026-09-13T21:18:56.4615903Z [22m[39mThe current testing environment is not configured to support act(...)
Build and inspect Linux Electron artifacts	Full correctness unit gate	2026-09-13T21:18:56.4616613Z 
Build and inspect Linux Electron artifacts	Full correctness unit gate	2026-09-13T21:18:56.4625203Z  [32m✓[39m tests/unit/marker-at-grid-panel.test.ts [2m([22m[2m1 test[22m[2m)[22m[32m 79[2mms[22m[39m
Build and inspect Linux Electron artifacts	Full correctness unit gate	2026-09-13T21:18:57.3633004Z  [32m✓[39m tests/unit/map-interaction-guards.test.ts [2m([22m[2m11 tests[22m[2m)[22m[32m 24[2mms[22m[39m
Build and inspect Linux Electron artifacts	Full correctness unit gate	2026-09-13T21:18:58.2625443Z  [32m✓[39m tests/unit/diagnostic-event-log.test.ts [2m([22m[2m4 tests[22m[2m)[22m[32m 13[2mms[22m[39m
Build and inspect Linux Electron artifacts	Full correctness unit gate	2026-09-13T21:18:59.1327990Z  [32m✓[39m tests/unit/breadcrumb-pr3-manual.test.ts [2m([22m[2m2 tests[22m[2m)[22m[32m 9[2mms[22m[39m
Build and inspect Linux Electron artifacts	Full correctness unit gate	2026-09-13T21:19:00.0137290Z  [32m✓[39m tests/unit/electron-mission-review-read-query-ipc.test.ts [2m([22m[2m2 tests[22m[2m)[22m[32m 8[2mms[22m[39m
Build and inspect Linux Electron artifacts	Full correctness unit gate	2026-09-13T21:19:00.9034823Z  [32m✓[39m tests/unit/drawing-runtime-session.test.ts [2m([22m[2m6 tests[22m[2m)[22m[32m 14[2mms[22m[39m
Build and inspect Linux Electron artifacts	Full correctness unit gate	2026-09-13T21:19:01.7771487Z  [32m✓[39m tests/unit/electron-outing-fix-summary-ipc.test.ts [2m([22m[2m2 tests[22m[2m)[22m[32m 9[2mms[22m[39m
Build and inspect Linux Electron artifacts	Full correctness unit gate	2026-09-13T21:19:03.1991702Z  [32m✓[39m tests/unit/main-event-loop-probe.test.ts [2m([22m[2m5 tests[22m[2m)[22m[33m 559[2mms[22m[39m
Build and inspect Linux Electron artifacts	Full correctness unit gate	2026-09-13T21:19:03.1993228Z      [33m[2m✓[22m[39m rejects a real blocked Node main loop that the inspector interrupt path misses [33m 549[2mms[22m[39m
Build and inspect Linux Electron artifacts	Full correctness unit gate	2026-09-13T21:19:04.0880585Z  [32m✓[39m tests/unit/coverage-fairness.test.ts [2m([22m[2m4 tests[22m[2m)[22m[32m 17[2mms[22m[39m
Build and inspect Linux Electron artifacts	Full correctness unit gate	2026-09-13T21:19:06.2340975Z  [32m✓[39m tests/unit/appimage-launcher-safety.test.ts [2m([22m[2m15 tests[22m[2m)[22m[33m 1267[2mms[22m[39m
Build and inspect Linux Electron artifacts	Full correctness unit gate	2026-09-13T21:19:06.2342846Z      [33m[2m✓[22m[39m accepts the selected builder actual generated launcher, not just a fixture [33m 1247[2mms[22m[39m
Build and inspect Linux Electron artifacts	Full correctness unit gate	2026-09-13T21:19:07.0951681Z  [32m✓[39m tests/unit/map-config.test.ts [2m([22m[2m8 tests[22m[2m)[22m[32m 6[2mms[22m[39m
Build and inspect Linux Electron artifacts	Full correctness unit gate	2026-09-13T21:19:07.9788672Z  [32m✓[39m tests/unit/electron-archive-legacy-predecessor-envelope.test.ts [2m([22m[2m2 tests[22m[2m)[22m[32m 7[2mms[22m[39m
Build and inspect Linux Electron artifacts	Full correctness unit gate	2026-09-13T21:19:08.8395761Z  [32m✓[39m tests/unit/gpx-hit-testing.test.ts [2m([22m[2m7 tests[22m[2m)[22m[32m 5[2mms[22m[39m
Build and inspect Linux Electron artifacts	Full correctness unit gate	2026-09-13T21:19:09.7069755Z  [32m✓[39m tests/unit/electron-legacy-evidence-backfill-runner.test.ts [2m([22m[2m3 tests[22m[2m)[22m[32m 9[2mms[22m[39m
Build and inspect Linux Electron artifacts	Full correctness unit gate	2026-09-13T21:19:10.6289346Z  [32m✓[39m tests/unit/verification-scripts.test.ts [2m([22m[2m5 tests[22m[2m)[22m[32m 56[2mms[22m[39m
Build and inspect Linux Electron artifacts	Full correctness unit gate	2026-09-13T21:19:11.5108679Z  [32m✓[39m tests/unit/drawing-runtime-editor.test.ts [2m([22m[2m5 tests[22m[2m)[22m[32m 6[2mms[22m[39m
Build and inspect Linux Electron artifacts	Full correctness unit gate	2026-09-13T21:19:12.3723645Z  [32m✓[39m tests/unit/map-layer-filters.test.ts [2m([22m[2m6 tests[22m[2m)[22m[32m 6[2mms[22m[39m
Build and inspect Linux Electron artifacts	Full correctness unit gate	2026-09-13T21:19:13.4136615Z [90mstderr[2m | tests/unit/outing-controls-section.test.ts[2m > [22m[2mOutingControlsSection mission scope [DON-270][2m > [22m[2msuppresses and clears an edit draft when the UI mission identity changes
Build and inspect Linux Electron artifacts	Full correctness unit gate	2026-09-13T21:19:13.4139196Z [22m[39mThe current testing environment is not configured to support act(...)
Build and inspect Linux Electron artifacts	Full correctness unit gate	2026-09-13T21:19:13.4140011Z The current testing environment is not configured to support act(...)
Build and inspect Linux Electron artifacts	Full correctness unit gate	2026-09-13T21:19:13.4140723Z The current testing environment is not configured to support act(...)
Build and inspect Linux Electron artifacts	Full correctness unit gate	2026-09-13T21:19:13.4141341Z The current testing environment is not configured to support act(...)
Build and inspect Linux Electron artifacts	Full correctness unit gate	2026-09-13T21:19:13.4141942Z The current testing environment is not configured to support act(...)
Build and inspect Linux Electron artifacts	Full correctness unit gate	2026-09-13T21:19:13.4142545Z The current testing environment is not configured to support act(...)
Build and inspect Linux Electron artifacts	Full correctness unit gate	2026-09-13T21:19:13.4143506Z The current testing environment is not configured to support act(...)
Build and inspect Linux Electron artifacts	Full correctness unit gate	2026-09-13T21:19:13.4144463Z The current testing environment is not configured to support act(...)
Build and inspect Linux Electron artifacts	Full correctness unit gate	2026-09-13T21:19:13.4145579Z 
Build and inspect Linux Electron artifacts	Full correctness unit gate	2026-09-13T21:19:13.4147082Z [90mstderr[2m | tests/unit/outing-controls-section.test.ts[2m > [22m[2mOutingControlsSection mission scope [DON-270][2m > [22m[2msuppresses and clears an edit draft when the UI mission identity changes
Build and inspect Linux Electron artifacts	Full correctness unit gate	2026-09-13T21:19:13.4148357Z [22m[39mThe current testing environment is not configured to support act(...)
Build and inspect Linux Electron artifacts	Full correctness unit gate	2026-09-13T21:19:13.4148723Z 
Build and inspect Linux Electron artifacts	Full correctness unit gate	2026-09-13T21:19:13.4162054Z  [32m✓[39m tests/unit/outing-controls-section.test.ts [2m([22m[2m1 test[22m[2m)[22m[32m 74[2mms[22m[39m
Build and inspect Linux Electron artifacts	Full correctness unit gate	2026-09-13T21:19:13.5671412Z  [32m✓[39m tests/unit/assurance/war-02a/proof-result.test.ts [2m([22m[2m11 tests[22m[2m)[22m[32m 7[2mms[22m[39m
Build and inspect Linux Electron artifacts	Full correctness unit gate	2026-09-13T21:19:14.5281282Z  [32m✓[39m tests/unit/electron-zip-archive.test.ts [2m([22m[2m5 tests[22m[2m)[22m[32m 85[2mms[22m[39m
Build and inspect Linux Electron artifacts	Full correctness unit gate	2026-09-13T21:19:15.3933391Z  [32m✓[39m tests/unit/text-label-drag.test.ts [2m([22m[2m5 tests[22m[2m)[22m[32m 5[2mms[22m[39m
Build and inspect Linux Electron artifacts	Full correctness unit gate	2026-09-13T21:19:16.4089074Z [90mstderr[2m | tests/unit/measurement-panel-clear-confirm.test.ts[2m > [22m[2mMeasurementPanel two-stage clear confirmation[2m > [22m[2mdoes not clear on first click — shows confirmation instead
Build and inspect Linux Electron artifacts	Full correctness unit gate	2026-09-13T21:19:16.4090961Z [22m[39mThe current testing environment is not configured to support act(...)
Build and inspect Linux Electron artifacts	Full correctness unit gate	2026-09-13T21:19:16.4091878Z The current testing environment is not configured to support act(...)
Build and inspect Linux Electron artifacts	Full correctness unit gate	2026-09-13T21:19:16.4092325Z 
Build and inspect Linux Electron artifacts	Full correctness unit gate	2026-09-13T21:19:16.4105641Z [90mstderr[2m | tests/unit/measurement-panel-clear-confirm.test.ts[2m > [22m[2mMeasurementPanel two-stage clear confirmation[2m > [22m[2mdoes not clear on first click — shows confirmation instead
Build and inspect Linux Electron artifacts	Full correctness unit gate	2026-09-13T21:19:16.4107056Z [22m[39mThe current testing environment is not configured to support act(...)
Build and inspect Linux Electron artifacts	Full correctness unit gate	2026-09-13T21:19:16.4107459Z 
Build and inspect Linux Electron artifacts	Full correctness unit gate	2026-09-13T21:19:16.4174974Z [90mstderr[2m | tests/unit/measurement-panel-clear-confirm.test.ts[2m > [22m[2mMeasurementPanel two-stage clear confirmation[2m > [22m[2mclears on confirmation click after the first stage
Build and inspect Linux Electron artifacts	Full correctness unit gate	2026-09-13T21:19:16.4176990Z [22m[39mThe current testing environment is not configured to support act(...)
Build and inspect Linux Electron artifacts	Full correctness unit gate	2026-09-13T21:19:16.4177676Z The current testing environment is not configured to support act(...)
Build and inspect Linux Electron artifacts	Full correctness unit gate	2026-09-13T21:19:16.4178295Z The current testing environment is not configured to support act(...)
Build and inspect Linux Electron artifacts	Full correctness unit gate	2026-09-13T21:19:16.4178725Z 
Build and inspect Linux Electron artifacts	Full correctness unit gate	2026-09-13T21:19:16.4181296Z [90mstderr[2m | tests/unit/measurement-panel-clear-confirm.test.ts[2m > [22m[2mMeasurementPanel two-stage clear confirmation[2m > [22m[2mclears on confirmation click after the first stage
Build and inspect Linux Electron artifacts	Full correctness unit gate	2026-09-13T21:19:16.4182551Z [22m[39mThe current testing environment is not configured to support act(...)
Build and inspect Linux Electron artifacts	Full correctness unit gate	2026-09-13T21:19:16.4183252Z 
Build and inspect Linux Electron artifacts	Full correctness unit gate	2026-09-13T21:19:16.4254751Z [90mstderr[2m | tests/unit/measurement-panel-clear-confirm.test.ts[2m > [22m[2mMeasurementPanel two-stage clear confirmation[2m > [22m[2mcancels clear when Keep is clicked
Build and inspect Linux Electron artifacts	Full correctness unit gate	2026-09-13T21:19:16.4255838Z [22m[39mThe current testing environment is not configured to support act(...)
Build and inspect Linux Electron artifacts	Full correctness unit gate	2026-09-13T21:19:16.4256813Z The current testing environment is not configured to support act(...)
Build and inspect Linux Electron artifacts	Full correctness unit gate	2026-09-13T21:19:16.4257786Z The current testing environment is not configured to support act(...)
Build and inspect Linux Electron artifacts	Full correctness unit gate	2026-09-13T21:19:16.4258321Z 
Build and inspect Linux Electron artifacts	Full correctness unit gate	2026-09-13T21:19:16.4259786Z [90mstderr[2m | tests/unit/measurement-panel-clear-confirm.test.ts[2m > [22m[2mMeasurementPanel two-stage clear confirmation[2m > [22m[2mcancels clear when Keep is clicked
Build and inspect Linux Electron artifacts	Full correctness unit gate	2026-09-13T21:19:16.4260822Z [22m[39mThe current testing environment is not configured to support act(...)
Build and inspect Linux Electron artifacts	Full correctness unit gate	2026-09-13T21:19:16.4261140Z 
Build and inspect Linux Electron artifacts	Full correctness unit gate	2026-09-13T21:19:16.4272913Z  [32m✓[39m tests/unit/measurement-panel-clear-confirm.test.ts [2m([22m[2m3 tests[22m[2m)[22m[32m 63[2mms[22m[39m
Build and inspect Linux Electron artifacts	Full correctness unit gate	2026-09-13T21:19:17.2958778Z  [32m✓[39m tests/unit/effective-overlay-visibility.test.ts [2m([22m[2m3 tests[22m[2m)[22m[32m 6[2mms[22m[39m
Build and inspect Linux Electron artifacts	Full correctness unit gate	2026-09-13T21:19:18.1874114Z  [32m✓[39m tests/unit/electron-durable-file.test.ts [2m([22m[2m2 tests[22m[2m)[22m[32m 8[2mms[22m[39m
Build and inspect Linux Electron artifacts	Full correctness unit gate	2026-09-13T21:19:19.0947000Z  [32m✓[39m tests/unit/official-map-view-qualification.test.ts [2m([22m[2m11 tests[22m[2m)[22m[32m 14[2mms[22m[39m
Build and inspect Linux Electron artifacts	Full correctness unit gate	2026-09-13T21:19:19.9889548Z  [32m✓[39m tests/unit/tauri-layer-catalog-store.test.ts [2m([22m[2m1 test[22m[2m)[22m[32m 10[2mms[22m[39m
Build and inspect Linux Electron artifacts	Full correctness unit gate	2026-09-13T21:19:22.4877608Z  [32m✓[39m tests/unit/assurance/war-02a/reporter.test.ts [2m([22m[2m3 tests[22m[2m)[22m[33m 2351[2mms[22m[39m
Build and inspect Linux Electron artifacts	Full correctness unit gate	2026-09-13T21:19:22.4878581Z      [33m[2m✓[22m[39m refuses the intended assertion plus a cleanup error [33m 777[2mms[22m[39m
Build and inspect Linux Electron artifacts	Full correctness unit gate	2026-09-13T21:19:22.4879598Z      [33m[2m✓[22m[39m refuses the intended assertion plus a suite error [33m 797[2mms[22m[39m
Build and inspect Linux Electron artifacts	Full correctness unit gate	2026-09-13T21:19:22.4887981Z      [33m[2m✓[22m[39m refuses the intended assertion plus a unhandled error [33m 775[2mms[22m[39m
Build and inspect Linux Electron artifacts	Full correctness unit gate	2026-09-13T21:19:23.3671615Z  [32m✓[39m tests/unit/marker-hit-testing.test.ts [2m([22m[2m3 tests[22m[2m)[22m[32m 5[2mms[22m[39m
Build and inspect Linux Electron artifacts	Full correctness unit gate	2026-09-13T21:19:24.2554928Z  [32m✓[39m tests/unit/assurance/war-02a/scheduler.test.ts [2m([22m[2m6 tests[22m[2m)[22m[32m 10[2mms[22m[39m
Build and inspect Linux Electron artifacts	Full correctness unit gate	2026-09-13T21:19:25.1654870Z  [32m✓[39m tests/unit/focus-management.test.ts [2m([22m[2m5 tests[22m[2m)[22m[32m 41[2mms[22m[39m
Build and inspect Linux Electron artifacts	Full correctness unit gate	2026-09-13T21:19:26.0522260Z  [32m✓[39m tests/unit/electron-coverage-tile-catalog.test.ts [2m([22m[2m2 tests[22m[2m)[22m[32m 6[2mms[22m[39m
Build and inspect Linux Electron artifacts	Full correctness unit gate	2026-09-13T21:19:26.9345777Z  [32m✓[39m tests/unit/electron-storage-diagnostics-kill-probe-lib.test.ts [2m([22m[2m4 tests[22m[2m)[22m[32m 7[2mms[22m[39m
Build and inspect Linux Electron artifacts	Full correctness unit gate	2026-09-13T21:19:27.8900195Z  [32m✓[39m tests/unit/electron-outing-fix-summary-runner.test.ts [2m([22m[2m3 tests[22m[2m)[22m[32m 71[2mms[22m[39m
Build and inspect Linux Electron artifacts	Full correctness unit gate	2026-09-13T21:19:28.7730683Z  [32m✓[39m tests/unit/layer-catalog-tree.test.ts [2m([22m[2m3 tests[22m[2m)[22m[32m 10[2mms[22m[39m
Build and inspect Linux Electron artifacts	Full correctness unit gate	2026-09-13T21:19:29.6701207Z  [32m✓[39m tests/unit/command-mast-tracking-readout.test.ts [2m([22m[2m8 tests[22m[2m)[22m[32m 5[2mms[22m[39m
Build and inspect Linux Electron artifacts	Full correctness unit gate	2026-09-13T21:19:30.5704627Z  [32m✓[39m tests/unit/coverage-store.test.ts [2m([22m[2m3 tests[22m[2m)[22m[32m 6[2mms[22m[39m
Build and inspect Linux Electron artifacts	Full correctness unit gate	2026-09-13T21:19:31.4544759Z  [32m✓[39m tests/unit/rejected-position-evidence.test.ts [2m([22m[2m5 tests[22m[2m)[22m[32m 8[2mms[22m[39m
Build and inspect Linux Electron artifacts	Full correctness unit gate	2026-09-13T21:19:32.3407860Z  [32m✓[39m tests/unit/electron-coverage-query-result-attestation.test.ts [2m([22m[2m2 tests[22m[2m)[22m[32m 12[2mms[22m[39m
Build and inspect Linux Electron artifacts	Full correctness unit gate	2026-09-13T21:19:33.2781552Z  [32m✓[39m tests/unit/coverage-filter-store.test.ts [2m([22m[2m2 tests[22m[2m)[22m[32m 8[2mms[22m[39m
Build and inspect Linux Electron artifacts	Full correctness unit gate	2026-09-13T21:19:34.1725003Z  [32m✓[39m tests/unit/mission-correction-evidence-recovery-failure.test.ts [2m([22m[2m2 tests[22m[2m)[22m[32m 6[2mms[22m[39m
Build and inspect Linux Electron artifacts	Full correctness unit gate	2026-09-13T21:19:35.0389250Z  [32m✓[39m tests/unit/coverage-period-resolver.test.ts [2m([22m[2m7 tests[22m[2m)[22m[32m 6[2mms[22m[39m
Build and inspect Linux Electron artifacts	Full correctness unit gate	2026-09-13T21:19:35.9273194Z  [32m✓[39m tests/unit/gpx-geojson.test.ts [2m([22m[2m6 tests[22m[2m)[22m[32m 8[2mms[22m[39m
Build and inspect Linux Electron artifacts	Full correctness unit gate	2026-09-13T21:19:36.7978621Z  [32m✓[39m tests/unit/electron-sqlite-snapshot-sanity.test.ts [2m([22m[2m2 tests[22m[2m)[22m[32m 12[2mms[22m[39m
Build and inspect Linux Electron artifacts	Full correctness unit gate	2026-09-13T21:19:37.7718939Z  [32m✓[39m tests/unit/electron-archive-review-projection-query.test.ts [2m([22m[2m3 tests[22m[2m)[22m[32m 83[2mms[22m[39m
Build and inspect Linux Electron artifacts	Full correctness unit gate	2026-09-13T21:19:38.6673469Z  [32m✓[39m tests/unit/coverage-claim-revocation.test.ts [2m([22m[2m2 tests[22m[2m)[22m[32m 9[2mms[22m[39m
Build and inspect Linux Electron artifacts	Full correctness unit gate	2026-09-13T21:19:39.5482340Z  [32m✓[39m tests/unit/electron-archive-correction-attachment-references.test.ts [2m([22m[2m4 tests[22m[2m)[22m[32m 11[2mms[22m[39m
Build and inspect Linux Electron artifacts	Full correctness unit gate	2026-09-13T21:19:40.4433236Z  [32m✓[39m tests/unit/position-ingest-policy.test.ts [2m([22m[2m6 tests[22m[2m)[22m[32m 6[2mms[22m[39m
Build and inspect Linux Electron artifacts	Full correctness unit gate	2026-09-13T21:19:41.3437964Z  [32m✓[39m tests/unit/coverage-current-position-isolation.test.ts [2m([22m[2m1 test[22m[2m)[22m[32m 16[2mms[22m[39m
Build and inspect Linux Electron artifacts	Full correctness unit gate	2026-09-13T21:19:42.2328312Z  [32m✓[39m tests/unit/electron-coverage-query-plan.test.ts [2m([22m[2m2 tests[22m[2m)[22m[32m 10[2mms[22m[39m
Build and inspect Linux Electron artifacts	Full correctness unit gate	2026-09-13T21:19:43.1210492Z  [32m✓[39m tests/unit/use-participant-selection-view-model.test.ts [2m([22m[2m3 tests[22m[2m)[22m[32m 7[2mms[22m[39m
Build and inspect Linux Electron artifacts	Full correctness unit gate	2026-09-13T21:19:43.9834671Z  [32m✓[39m tests/unit/start-helicopter-runtime.test.ts [2m([22m[2m2 tests[22m[2m)[22m[32m 6[2mms[22m[39m
Build and inspect Linux Electron artifacts	Full correctness unit gate	2026-09-13T21:19:44.8893206Z  [32m✓[39m tests/unit/marker-geojson.test.ts [2m([22m[2m2 tests[22m[2m)[22m[32m 6[2mms[22m[39m
Build and inspect Linux Electron artifacts	Full correctness unit gate	2026-09-13T21:19:45.7890201Z  [32m✓[39m tests/unit/map-drawing-interactions.test.ts [2m([22m[2m11 tests[22m[2m)[22m[32m 19[2mms[22m[39m
Build and inspect Linux Electron artifacts	Full correctness unit gate	2026-09-13T21:19:46.6922574Z  [32m✓[39m tests/unit/legacy-recovery-completion.test.ts [2m([22m[2m8 tests[22m[2m)[22m[32m 14[2mms[22m[39m
Build and inspect Linux Electron artifacts	Full correctness unit gate	2026-09-13T21:19:47.5773794Z  [32m✓[39m tests/unit/electron-gpx-file-system.test.ts [2m([22m[2m3 tests[22m[2m)[22m[32m 22[2mms[22m[39m
Build and inspect Linux Electron artifacts	Full correctness unit gate	2026-09-13T21:19:48.5356364Z [90mstderr[2m | tests/unit/use-mission-timer.test.ts[2m > [22m[2museMissionTimer[2m > [22m[2mreturns null when there is no current mission
Build and inspect Linux Electron artifacts	Full correctness unit gate	2026-09-13T21:19:48.5358297Z [22m[39mThe current testing environment is not configured to support act(...)
Build and inspect Linux Electron artifacts	Full correctness unit gate	2026-09-13T21:19:48.5358932Z 
Build and inspect Linux Electron artifacts	Full correctness unit gate	2026-09-13T21:19:48.5377853Z [90mstderr[2m | tests/unit/use-mission-timer.test.ts[2m > [22m[2museMissionTimer[2m > [22m[2mreturns null when there is no current mission
Build and inspect Linux Electron artifacts	Full correctness unit gate	2026-09-13T21:19:48.5379610Z [22m[39mThe current testing environment is not configured to support act(...)
Build and inspect Linux Electron artifacts	Full correctness unit gate	2026-09-13T21:19:48.5380238Z 
Build and inspect Linux Electron artifacts	Full correctness unit gate	2026-09-13T21:19:48.5431738Z [90mstderr[2m | tests/unit/use-mission-timer.test.ts[2m > [22m[2museMissionTimer[2m > [22m[2mticks active mission elapsed and active-search time from one clock
Build and inspect Linux Electron artifacts	Full correctness unit gate	2026-09-13T21:19:48.5433936Z [22m[39mThe current testing environment is not configured to support act(...)
Build and inspect Linux Electron artifacts	Full correctness unit gate	2026-09-13T21:19:48.5435076Z The current testing environment is not configured to support act(...)
Build and inspect Linux Electron artifacts	Full correctness unit gate	2026-09-13T21:19:48.5436149Z The current testing environment is not configured to support act(...)
Build and inspect Linux Electron artifacts	Full correctness unit gate	2026-09-13T21:19:48.5436719Z 
Build and inspect Linux Electron artifacts	Full correctness unit gate	2026-09-13T21:19:48.5440023Z [90mstderr[2m | tests/unit/use-mission-timer.test.ts[2m > [22m[2museMissionTimer[2m > [22m[2mticks active mission elapsed and active-search time from one clock
Build and inspect Linux Electron artifacts	Full correctness unit gate	2026-09-13T21:19:48.5441945Z [22m[39mThe current testing environment is not configured to support act(...)
Build and inspect Linux Electron artifacts	Full correctness unit gate	2026-09-13T21:19:48.5453028Z 
Build and inspect Linux Electron artifacts	Full correctness unit gate	2026-09-13T21:19:48.5454062Z  [32m✓[39m tests/unit/use-mission-timer.test.ts [2m([22m[2m2 tests[22m[2m)[22m[32m 25[2mms[22m[39m
Build and inspect Linux Electron artifacts	Full correctness unit gate	2026-09-13T21:19:49.5773484Z  [32m✓[39m tests/unit/gpx-import-pagination.test.ts [2m([22m[2m2 tests[22m[2m)[22m[32m 84[2mms[22m[39m
Build and inspect Linux Electron artifacts	Full correctness unit gate	2026-09-13T21:19:50.4554441Z  [32m✓[39m tests/unit/electron-outing-fix-summary.test.ts [2m([22m[2m2 tests[22m[2m)[22m[32m 9[2mms[22m[39m
Build and inspect Linux Electron artifacts	Full correctness unit gate	2026-09-13T21:19:51.3486984Z  [32m✓[39m tests/unit/open-external-url.test.ts [2m([22m[2m6 tests[22m[2m)[22m[32m 10[2mms[22m[39m
Build and inspect Linux Electron artifacts	Full correctness unit gate	2026-09-13T21:19:52.2260097Z  [32m✓[39m tests/unit/coverage-catalog-delivery-plan.test.ts [2m([22m[2m2 tests[22m[2m)[22m[32m 6[2mms[22m[39m
Build and inspect Linux Electron artifacts	Full correctness unit gate	2026-09-13T21:19:53.1047333Z  [32m✓[39m tests/unit/electron-coverage-query-result-envelope.test.ts [2m([22m[2m3 tests[22m[2m)[22m[32m 7[2mms[22m[39m
Build and inspect Linux Electron artifacts	Full correctness unit gate	2026-09-13T21:19:53.9996976Z  [32m✓[39m tests/unit/coverage-bench-window-lifecycle.test.ts [2m([22m[2m3 tests[22m[2m)[22m[32m 7[2mms[22m[39m
Build and inspect Linux Electron artifacts	Full correctness unit gate	2026-09-13T21:19:54.8858964Z  [32m✓[39m tests/unit/breadcrumb-identity-index.test.ts [2m([22m[2m3 tests[22m[2m)[22m[32m 18[2mms[22m[39m
Build and inspect Linux Electron artifacts	Full correctness unit gate	2026-09-13T21:19:55.7579118Z  [32m✓[39m tests/unit/current-transport-freshness.test.ts [2m([22m[2m2 tests[22m[2m)[22m[32m 7[2mms[22m[39m
Build and inspect Linux Electron artifacts	Full correctness unit gate	2026-09-13T21:19:56.6336276Z  [32m✓[39m tests/unit/helicopter-panel-slots.test.ts [2m([22m[2m6 tests[22m[2m)[22m[32m 7[2mms[22m[39m
Build and inspect Linux Electron artifacts	Full correctness unit gate	2026-09-13T21:19:57.5272225Z  [32m✓[39m tests/unit/dublin-local-time.test.ts [2m([22m[2m6 tests[22m[2m)[22m[32m 26[2mms[22m[39m
Build and inspect Linux Electron artifacts	Full correctness unit gate	2026-09-13T21:19:58.5323492Z [90mstderr[2m | tests/unit/coordinate-bar.test.ts[2m > [22m[2mCoordinateBar[2m > [22m[2mkeeps operator coordinates visible without low-use CRS cells
Build and inspect Linux Electron artifacts	Full correctness unit gate	2026-09-13T21:19:58.5325621Z [22m[39mThe current testing environment is not configured to support act(...)
Build and inspect Linux Electron artifacts	Full correctness unit gate	2026-09-13T21:19:58.5326269Z 
Build and inspect Linux Electron artifacts	Full correctness unit gate	2026-09-13T21:19:58.5350355Z [90mstderr[2m | tests/unit/coordinate-bar.test.ts[2m > [22m[2mCoordinateBar[2m > [22m[2mkeeps operator coordinates visible without low-use CRS cells
Build and inspect Linux Electron artifacts	Full correctness unit gate	2026-09-13T21:19:58.5352154Z [22m[39mThe current testing environment is not configured to support act(...)
Build and inspect Linux Electron artifacts	Full correctness unit gate	2026-09-13T21:19:58.5353038Z 
Build and inspect Linux Electron artifacts	Full correctness unit gate	2026-09-13T21:19:58.5403386Z [90mstderr[2m | tests/unit/coordinate-bar.test.ts[2m > [22m[2mCoordinateBar[2m > [22m[2mrenders a safe placeholder instead of throwing for impossible coordinate props
Build and inspect Linux Electron artifacts	Full correctness unit gate	2026-09-13T21:19:58.5405388Z [22m[39mThe current testing environment is not configured to support act(...)
Build and inspect Linux Electron artifacts	Full correctness unit gate	2026-09-13T21:19:58.5405994Z 
Build and inspect Linux Electron artifacts	Full correctness unit gate	2026-09-13T21:19:58.5411705Z [90mstderr[2m | tests/unit/coordinate-bar.test.ts[2m > [22m[2mCoordinateBar[2m > [22m[2mrenders a safe placeholder instead of throwing for impossible coordinate props
Build and inspect Linux Electron artifacts	Full correctness unit gate	2026-09-13T21:19:58.5414095Z [22m[39mThe current testing environment is not configured to support act(...)
Build and inspect Linux Electron artifacts	Full correctness unit gate	2026-09-13T21:19:58.5414907Z 
Build and inspect Linux Electron artifacts	Full correctness unit gate	2026-09-13T21:19:58.5427255Z  [32m✓[39m tests/unit/coordinate-bar.test.ts [2m([22m[2m2 tests[22m[2m)[22m[32m 49[2mms[22m[39m
Build and inspect Linux Electron artifacts	Full correctness unit gate	2026-09-13T21:19:59.4489406Z  [32m✓[39m tests/unit/electron-tracking-memory-attribution-lib.test.ts [2m([22m[2m2 tests[22m[2m)[22m[32m 16[2mms[22m[39m
Build and inspect Linux Electron artifacts	Full correctness unit gate	2026-09-13T21:20:00.3545114Z  [32m✓[39m tests/unit/tracking-viewport.test.ts [2m([22m[2m4 tests[22m[2m)[22m[32m 7[2mms[22m[39m
Build and inspect Linux Electron artifacts	Full correctness unit gate	2026-09-13T21:20:01.2171623Z  [32m✓[39m tests/unit/mission-phase-presentation.test.ts [2m([22m[2m4 tests[22m[2m)[22m[32m 7[2mms[22m[39m
Build and inspect Linux Electron artifacts	Full correctness unit gate	2026-09-13T21:20:02.2000630Z [90mstderr[2m | tests/unit/use-workspace-visibility.test.tsx[2m > [22m[2mdoes not reuse hiding choices across mission:paused
Build and inspect Linux Electron artifacts	Full correctness unit gate	2026-09-13T21:20:02.2001653Z [22m[39mThe current testing environment is not configured to support act(...)
Build and inspect Linux Electron artifacts	Full correctness unit gate	2026-09-13T21:20:02.2002267Z The current testing environment is not configured to support act(...)
Build and inspect Linux Electron artifacts	Full correctness unit gate	2026-09-13T21:20:02.2003081Z The current testing environment is not configured to support act(...)
Build and inspect Linux Electron artifacts	Full correctness unit gate	2026-09-13T21:20:02.2003628Z The current testing environment is not configured to support act(...)
Build and inspect Linux Electron artifacts	Full correctness unit gate	2026-09-13T21:20:02.2004152Z The current testing environment is not configured to support act(...)
Build and inspect Linux Electron artifacts	Full correctness unit gate	2026-09-13T21:20:02.2004677Z The current testing environment is not configured to support act(...)
Build and inspect Linux Electron artifacts	Full correctness unit gate	2026-09-13T21:20:02.2004960Z 
Build and inspect Linux Electron artifacts	Full correctness unit gate	2026-09-13T21:20:02.2037920Z [90mstderr[2m | tests/unit/use-workspace-visibility.test.tsx[2m > [22m[2mdoes not reuse hiding choices across mission:recovery
Build and inspect Linux Electron artifacts	Full correctness unit gate	2026-09-13T21:20:02.2038842Z [22m[39mThe current testing environment is not configured to support act(...)
Build and inspect Linux Electron artifacts	Full correctness unit gate	2026-09-13T21:20:02.2039432Z The current testing environment is not configured to support act(...)
Build and inspect Linux Electron artifacts	Full correctness unit gate	2026-09-13T21:20:02.2040382Z The current testing environment is not configured to support act(...)
Build and inspect Linux Electron artifacts	Full correctness unit gate	2026-09-13T21:20:02.2040920Z The current testing environment is not configured to support act(...)
Build and inspect Linux Electron artifacts	Full correctness unit gate	2026-09-13T21:20:02.2041441Z The current testing environment is not configured to support act(...)
Build and inspect Linux Electron artifacts	Full correctness unit gate	2026-09-13T21:20:02.2041964Z The current testing environment is not configured to support act(...)
Build and inspect Linux Electron artifacts	Full correctness unit gate	2026-09-13T21:20:02.2042239Z 
Build and inspect Linux Electron artifacts	Full correctness unit gate	2026-09-13T21:20:02.2063041Z [90mstderr[2m | tests/unit/use-workspace-visibility.test.tsx[2m > [22m[2mdoes not reuse hiding choices across none:idle
Build and inspect Linux Electron artifacts	Full correctness unit gate	2026-09-13T21:20:02.2064082Z [22m[39mThe current testing environment is not configured to support act(...)
Build and inspect Linux Electron artifacts	Full correctness unit gate	2026-09-13T21:20:02.2064710Z The current testing environment is not configured to support act(...)
Build and inspect Linux Electron artifacts	Full correctness unit gate	2026-09-13T21:20:02.2065262Z The current testing environment is not configured to support act(...)
Build and inspect Linux Electron artifacts	Full correctness unit gate	2026-09-13T21:20:02.2065785Z The current testing environment is not configured to support act(...)
Build and inspect Linux Electron artifacts	Full correctness unit gate	2026-09-13T21:20:02.2066337Z The current testing environment is not configured to support act(...)
Build and inspect Linux Electron artifacts	Full correctness unit gate	2026-09-13T21:20:02.2067149Z The current testing environment is not configured to support act(...)
Build and inspect Linux Electron artifacts	Full correctness unit gate	2026-09-13T21:20:02.2067421Z 
Build and inspect Linux Electron artifacts	Full correctness unit gate	2026-09-13T21:20:02.2079025Z [90mstderr[2m | tests/unit/use-workspace-visibility.test.tsx[2m > [22m[2mdoes not reuse hiding choices across other:active
Build and inspect Linux Electron artifacts	Full correctness unit gate	2026-09-13T21:20:02.2080005Z [22m[39mThe current testing environment is not configured to support act(...)
Build and inspect Linux Electron artifacts	Full correctness unit gate	2026-09-13T21:20:02.2080602Z The current testing environment is not configured to support act(...)
Build and inspect Linux Electron artifacts	Full correctness unit gate	2026-09-13T21:20:02.2081143Z The current testing environment is not configured to support act(...)
Build and inspect Linux Electron artifacts	Full correctness unit gate	2026-09-13T21:20:02.2081672Z The current testing environment is not configured to support act(...)
Build and inspect Linux Electron artifacts	Full correctness unit gate	2026-09-13T21:20:02.2082189Z The current testing environment is not configured to support act(...)
Build and inspect Linux Electron artifacts	Full correctness unit gate	2026-09-13T21:20:02.2083021Z The current testing environment is not configured to support act(...)
Build and inspect Linux Electron artifacts	Full correctness unit gate	2026-09-13T21:20:02.2083314Z 
Build and inspect Linux Electron artifacts	Full correctness unit gate	2026-09-13T21:20:02.2101294Z [90mstderr[2m | tests/unit/use-workspace-visibility.test.tsx[2m > [22m[2man open decision cancels a hiding choice within the same mission context
Build and inspect Linux Electron artifacts	Full correctness unit gate	2026-09-13T21:20:02.2102286Z [22m[39mThe current testing environment is not configured to support act(...)
Build and inspect Linux Electron artifacts	Full correctness unit gate	2026-09-13T21:20:02.2103154Z The current testing environment is not configured to support act(...)
Build and inspect Linux Electron artifacts	Full correctness unit gate	2026-09-13T21:20:02.2103698Z The current testing environment is not configured to support act(...)
Build and inspect Linux Electron artifacts	Full correctness unit gate	2026-09-13T21:20:02.2104220Z The current testing environment is not configured to support act(...)
Build and inspect Linux Electron artifacts	Full correctness unit gate	2026-09-13T21:20:02.2104734Z The current testing environment is not configured to support act(...)
Build and inspect Linux Electron artifacts	Full correctness unit gate	2026-09-13T21:20:02.2105006Z 
Build and inspect Linux Electron artifacts	Full correctness unit gate	2026-09-13T21:20:02.2113558Z  [32m✓[39m tests/unit/use-workspace-visibility.test.tsx [2m([22m[2m5 tests[22m[2m)[22m[32m 32[2mms[22m[39m
Build and inspect Linux Electron artifacts	Full correctness unit gate	2026-09-13T21:20:03.1324330Z [90mstderr[2m | tests/unit/install-app-runtime-teardown.test.ts[2m > [22m[2mapp runtime teardown bridge[2m > [22m[2mreturns a negative acknowledgement when runtime cleanup fails
Build and inspect Linux Electron artifacts	Full correctness unit gate	2026-09-13T21:20:03.1326132Z [22m[39mApp runtime teardown could not drain renderer evidence. Error: rejection evidence drain failed
Build and inspect Linux Electron artifacts	Full correctness unit gate	2026-09-13T21:20:03.1327606Z     at Object.<anonymous> [90m(/home/runner/work/sartracker-web/sartracker-web/[39mtests/unit/install-app-runtime-teardown.test.ts:47:15[90m)[39m
Build and inspect Linux Electron artifacts	Full correctness unit gate	2026-09-13T21:20:03.1329285Z     at Object.Mock [as disposeAppRuntime] [90m(file:///home/runner/work/sartracker-web/sartracker-web/[39mnode_modules/[4m@vitest/spy[24m/dist/index.js:332:34[90m)[39m
Build and inspect Linux Electron artifacts	Full correctness unit gate	2026-09-13T21:20:03.1331001Z     at acknowledgeAfterCleanup [90m(/home/runner/work/sartracker-web/sartracker-web/[39msrc/features/runtime/install-app-runtime-teardown.ts:61:17[90m)[39m
Build and inspect Linux Electron artifacts	Full correctness unit gate	2026-09-13T21:20:03.1331719Z 
Build and inspect Linux Electron artifacts	Full correctness unit gate	2026-09-13T21:20:03.1813838Z  [32m✓[39m tests/unit/install-app-runtime-teardown.test.ts [2m([22m[2m2 tests[22m[2m)[22m[32m 110[2mms[22m[39m
Build and inspect Linux Electron artifacts	Full correctness unit gate	2026-09-13T21:20:04.0461250Z  [32m✓[39m tests/unit/electron-coverage-build-attestation.test.ts [2m([22m[2m2 tests[22m[2m)[22m[32m 5[2mms[22m[39m
Build and inspect Linux Electron artifacts	Full correctness unit gate	2026-09-13T21:20:04.9851621Z  [32m✓[39m tests/unit/map-marker-interactions.test.ts [2m([22m[2m9 tests[22m[2m)[22m[32m 18[2mms[22m[39m
Build and inspect Linux Electron artifacts	Full correctness unit gate	2026-09-13T21:20:05.8645952Z  [32m✓[39m tests/unit/trail-segmentation.test.ts [2m([22m[2m4 tests[22m[2m)[22m[32m 6[2mms[22m[39m
Build and inspect Linux Electron artifacts	Full correctness unit gate	2026-09-13T21:20:06.8476157Z [90mstderr[2m | tests/unit/participant-controls-section.test.ts[2m > [22m[2mParticipantControlsSection [DON-271][2m > [22m[2msurfaces active-mission membership bookkeeping failures
Build and inspect Linux Electron artifacts	Full correctness unit gate	2026-09-13T21:20:06.8478642Z [22m[39mThe current testing environment is not configured to support act(...)
Build and inspect Linux Electron artifacts	Full correctness unit gate	2026-09-13T21:20:06.8479533Z 
Build and inspect Linux Electron artifacts	Full correctness unit gate	2026-09-13T21:20:06.8505587Z [90mstderr[2m | tests/unit/participant-controls-section.test.ts[2m > [22m[2mParticipantControlsSection [DON-271][2m > [22m[2msurfaces active-mission membership bookkeeping failures
Build and inspect Linux Electron artifacts	Full correctness unit gate	2026-09-13T21:20:06.8507733Z [22m[39mThe current testing environment is not configured to support act(...)
Build and inspect Linux Electron artifacts	Full correctness unit gate	2026-09-13T21:20:06.8508613Z 
Build and inspect Linux Electron artifacts	Full correctness unit gate	2026-09-13T21:20:06.8783760Z [90mstderr[2m | tests/unit/participant-controls-section.test.ts[2m > [22m[2mParticipantControlsSection [DON-271][2m > [22m[2mexposes bounded participant identity for packaged readiness checks
Build and inspect Linux Electron artifacts	Full correctness unit gate	2026-09-13T21:20:06.8785367Z [22m[39mThe current testing environment is not configured to support act(...)
Build and inspect Linux Electron artifacts	Full correctness unit gate	2026-09-13T21:20:06.8785774Z 
Build and inspect Linux Electron artifacts	Full correctness unit gate	2026-09-13T21:20:06.8793271Z [90mstderr[2m | tests/unit/participant-controls-section.test.ts[2m > [22m[2mParticipantControlsSection [DON-271][2m > [22m[2mexposes bounded participant identity for packaged readiness checks
Build and inspect Linux Electron artifacts	Full correctness unit gate	2026-09-13T21:20:06.8794573Z [22m[39mThe current testing environment is not configured to support act(...)
Build and inspect Linux Electron artifacts	Full correctness unit gate	2026-09-13T21:20:06.8794946Z 
Build and inspect Linux Electron artifacts	Full correctness unit gate	2026-09-13T21:20:06.8808196Z  [32m✓[39m tests/unit/participant-controls-section.test.ts [2m([22m[2m2 tests[22m[2m)[22m[32m 78[2mms[22m[39m
Build and inspect Linux Electron artifacts	Full correctness unit gate	2026-09-13T21:20:07.7713051Z  [32m✓[39m tests/unit/electron-mission-replay-database.test.ts [2m([22m[2m2 tests[22m[2m)[22m[32m 12[2mms[22m[39m
Build and inspect Linux Electron artifacts	Full correctness unit gate	2026-09-13T21:20:08.6575715Z  [32m✓[39m tests/unit/mission-active-tracking.test.ts [2m([22m[2m2 tests[22m[2m)[22m[32m 6[2mms[22m[39m
Build and inspect Linux Electron artifacts	Full correctness unit gate	2026-09-13T21:20:09.5345334Z  [32m✓[39m tests/unit/electron-diagnostic-sanitizer.test.ts [2m([22m[2m2 tests[22m[2m)[22m[32m 6[2mms[22m[39m
Build and inspect Linux Electron artifacts	Full correctness unit gate	2026-09-13T21:20:10.4085138Z  [32m✓[39m tests/unit/history-completeness-warning.test.ts [2m([22m[2m3 tests[22m[2m)[22m[32m 5[2mms[22m[39m
Build and inspect Linux Electron artifacts	Full correctness unit gate	2026-09-13T21:20:11.2971850Z  [32m✓[39m tests/unit/electron-tracking-soak-ci-lib.test.ts [2m([22m[2m3 tests[22m[2m)[22m[32m 5[2mms[22m[39m
Build and inspect Linux Electron artifacts	Full correctness unit gate	2026-09-13T21:20:12.2724368Z  [32m✓[39m tests/unit/electron-sqlite-backup-runner.test.ts [2m([22m[2m2 tests[22m[2m)[22m[32m 106[2mms[22m[39m
Build and inspect Linux Electron artifacts	Full correctness unit gate	2026-09-13T21:20:13.1541972Z  [32m✓[39m tests/unit/electron-archive-review-work-queue.test.ts [2m([22m[2m2 tests[22m[2m)[22m[32m 11[2mms[22m[39m
Build and inspect Linux Electron artifacts	Full correctness unit gate	2026-09-13T21:20:14.2257704Z [90mstderr[2m | tests/unit/mission-replay-dst-overlap.test.ts[2m > [22m[2mmission replay Dublin overlap selection [DON-278][2m > [22m[2mkeeps 2026-10-25T00:30:00.000Z seekable with its exact repeated-time occurrence
Build and inspect Linux Electron artifacts	Full correctness unit gate	2026-09-13T21:20:14.2259258Z [22m[39mThe current testing environment is not configured to support act(...)
Build and inspect Linux Electron artifacts	Full correctness unit gate	2026-09-13T21:20:14.2259659Z 
Build and inspect Linux Electron artifacts	Full correctness unit gate	2026-09-13T21:20:14.2782079Z [90mstderr[2m | tests/unit/mission-replay-dst-overlap.test.ts[2m > [22m[2mmission replay Dublin overlap selection [DON-278][2m > [22m[2mkeeps 2026-10-25T00:30:00.000Z seekable with its exact repeated-time occurrence
Build and inspect Linux Electron artifacts	Full correctness unit gate	2026-09-13T21:20:14.2783982Z [22m[39mThe current testing environment is not configured to support act(...)
Build and inspect Linux Electron artifacts	Full correctness unit gate	2026-09-13T21:20:14.2784360Z 
Build and inspect Linux Electron artifacts	Full correctness unit gate	2026-09-13T21:20:14.2799350Z [90mstderr[2m | tests/unit/mission-replay-dst-overlap.test.ts[2m > [22m[2mmission replay Dublin overlap selection [DON-278][2m > [22m[2mkeeps 2026-10-25T01:30:00.000Z seekable with its exact repeated-time occurrence
Build and inspect Linux Electron artifacts	Full correctness unit gate	2026-09-13T21:20:14.2801455Z [22m[39mThe current testing environment is not configured to support act(...)
Build and inspect Linux Electron artifacts	Full correctness unit gate	2026-09-13T21:20:14.2802283Z 
Build and inspect Linux Electron artifacts	Full correctness unit gate	2026-09-13T21:20:14.2861949Z [90mstderr[2m | tests/unit/mission-replay-dst-overlap.test.ts[2m > [22m[2mmission replay Dublin overlap selection [DON-278][2m > [22m[2mkeeps 2026-10-25T01:30:00.000Z seekable with its exact repeated-time occurrence
Build and inspect Linux Electron artifacts	Full correctness unit gate	2026-09-13T21:20:14.2864861Z [22m[39mThe current testing environment is not configured to support act(...)
Build and inspect Linux Electron artifacts	Full correctness unit gate	2026-09-13T21:20:14.2865511Z 
Build and inspect Linux Electron artifacts	Full correctness unit gate	2026-09-13T21:20:14.2874722Z  [32m✓[39m tests/unit/mission-replay-dst-overlap.test.ts [2m([22m[2m2 tests[22m[2m)[22m[32m 67[2mms[22m[39m
Build and inspect Linux Electron artifacts	Full correctness unit gate	2026-09-13T21:20:15.1463802Z  [32m✓[39m tests/unit/coverage-progress.test.ts [2m([22m[2m3 tests[22m[2m)[22m[32m 5[2mms[22m[39m
Build and inspect Linux Electron artifacts	Full correctness unit gate	2026-09-13T21:20:16.0231809Z  [32m✓[39m tests/unit/electron-archive-correction-attachment-copy.test.ts [2m([22m[2m1 test[22m[2m)[22m[32m 5[2mms[22m[39m
Build and inspect Linux Electron artifacts	Full correctness unit gate	2026-09-13T21:20:16.9578824Z  [32m✓[39m tests/unit/async-map-overlay-cancellation.test.ts [2m([22m[2m2 tests[22m[2m)[22m[32m 7[2mms[22m[39m
Build and inspect Linux Electron artifacts	Full correctness unit gate	2026-09-13T21:20:17.8358860Z  [32m✓[39m tests/unit/coverage-bench-renderer-contract.test.ts [2m([22m[2m2 tests[22m[2m)[22m[32m 4[2mms[22m[39m
Build and inspect Linux Electron artifacts	Full correctness unit gate	2026-09-13T21:20:18.7336835Z  [32m✓[39m tests/unit/ingest-health-store.test.ts [2m([22m[2m3 tests[22m[2m)[22m[32m 8[2mms[22m[39m
Build and inspect Linux Electron artifacts	Full correctness unit gate	2026-09-13T21:20:18.9664986Z  [32m✓[39m tests/unit/assurance/war-02a/filesystem.test.ts [2m([22m[2m30 tests[22m[2m)[22m[32m 76[2mms[22m[39m
Build and inspect Linux Electron artifacts	Full correctness unit gate	2026-09-13T21:20:19.8265524Z  [32m✓[39m tests/unit/is-tile-error-event.test.ts [2m([22m[2m6 tests[22m[2m)[22m[32m 5[2mms[22m[39m
Build and inspect Linux Electron artifacts	Full correctness unit gate	2026-09-13T21:20:20.7313792Z  [32m✓[39m tests/unit/coverage-diagnostics.test.ts [2m([22m[2m1 test[22m[2m)[22m[32m 5[2mms[22m[39m
Build and inspect Linux Electron artifacts	Full correctness unit gate	2026-09-13T21:20:21.6382123Z  [32m✓[39m tests/unit/merge-deferred-tracking-cache.test.ts [2m([22m[2m2 tests[22m[2m)[22m[32m 16[2mms[22m[39m
Build and inspect Linux Electron artifacts	Full correctness unit gate	2026-09-13T21:20:22.5096164Z  [32m✓[39m tests/unit/canonical-fix-time-evidence.test.ts [2m([22m[2m1 test[22m[2m)[22m[32m 5[2mms[22m[39m
Build and inspect Linux Electron artifacts	Full correctness unit gate	2026-09-13T21:20:23.4026753Z  [32m✓[39m tests/unit/coverage-catalog-activation.test.ts [2m([22m[2m2 tests[22m[2m)[22m[32m 7[2mms[22m[39m
Build and inspect Linux Electron artifacts	Full correctness unit gate	2026-09-13T21:20:24.2773780Z  [32m✓[39m tests/unit/runtime-boot-store.test.ts [2m([22m[2m5 tests[22m[2m)[22m[32m 6[2mms[22m[39m
Build and inspect Linux Electron artifacts	Full correctness unit gate	2026-09-13T21:20:25.1699039Z  [32m✓[39m tests/unit/mission-tracking-status-bridge.test.ts [2m([22m[2m2 tests[22m[2m)[22m[32m 7[2mms[22m[39m
Build and inspect Linux Electron artifacts	Full correctness unit gate	2026-09-13T21:20:26.0353605Z  [32m✓[39m tests/unit/coverage-production-qualification-contract.test.ts [2m([22m[2m2 tests[22m[2m)[22m[32m 4[2mms[22m[39m
Build and inspect Linux Electron artifacts	Full correctness unit gate	2026-09-13T21:20:26.9221723Z  [32m✓[39m tests/unit/electron-tracking-soak-validation.test.ts [2m([22m[2m3 tests[22m[2m)[22m[32m 5[2mms[22m[39m
Build and inspect Linux Electron artifacts	Full correctness unit gate	2026-09-13T21:20:27.8218221Z  [32m✓[39m tests/unit/bulk-device-observations.test.ts [2m([22m[2m2 tests[22m[2m)[22m[32m 6[2mms[22m[39m
Build and inspect Linux Electron artifacts	Full correctness unit gate	2026-09-13T21:20:27.9804550Z  [32m✓[39m tests/unit/assurance/war-02a/isolated-commonjs.test.ts [2m([22m[2m2 tests[22m[2m)[22m[32m 8[2mms[22m[39m
Build and inspect Linux Electron artifacts	Full correctness unit gate	2026-09-13T21:20:28.8556632Z  [32m✓[39m tests/unit/persistent-tracking-health.test.ts [2m([22m[2m5 tests[22m[2m)[22m[32m 6[2mms[22m[39m
Build and inspect Linux Electron artifacts	Full correctness unit gate	2026-09-13T21:20:29.8260299Z [90mstderr[2m | tests/unit/tracking-style-store-selector.test.ts[2m > [22m[2museTrackingStylePreferences[2m > [22m[2mreturns the persisted tracking style through a stable selector-safe hook
Build and inspect Linux Electron artifacts	Full correctness unit gate	2026-09-13T21:20:29.8263006Z [22m[39mThe current testing environment is not configured to support act(...)
Build and inspect Linux Electron artifacts	Full correctness unit gate	2026-09-13T21:20:29.8264005Z 
Build and inspect Linux Electron artifacts	Full correctness unit gate	2026-09-13T21:20:29.8296960Z [90mstderr[2m | tests/unit/tracking-style-store-selector.test.ts[2m > [22m[2museTrackingStylePreferences[2m > [22m[2mreturns the persisted tracking style through a stable selector-safe hook
Build and inspect Linux Electron artifacts	Full correctness unit gate	2026-09-13T21:20:29.8299248Z [22m[39mThe current testing environment is not configured to support act(...)
Build and inspect Linux Electron artifacts	Full correctness unit gate	2026-09-13T21:20:29.8300032Z 
Build and inspect Linux Electron artifacts	Full correctness unit gate	2026-09-13T21:20:29.8316558Z [90mstderr[2m | tests/unit/tracking-style-store-selector.test.ts[2m > [22m[2museTrackingStylePreferences[2m > [22m[2muses the default style when no operator preferences exist
Build and inspect Linux Electron artifacts	Full correctness unit gate	2026-09-13T21:20:29.8319243Z [22m[39mThe current testing environment is not configured to support act(...)
Build and inspect Linux Electron artifacts	Full correctness unit gate	2026-09-13T21:20:29.8319878Z 
Build and inspect Linux Electron artifacts	Full correctness unit gate	2026-09-13T21:20:29.8325480Z [90mstderr[2m | tests/unit/tracking-style-store-selector.test.ts[2m > [22m[2museTrackingStylePreferences[2m > [22m[2muses the default style when no operator preferences exist
Build and inspect Linux Electron artifacts	Full correctness unit gate	2026-09-13T21:20:29.8327536Z [22m[39mThe current testing environment is not configured to support act(...)
Build and inspect Linux Electron artifacts	Full correctness unit gate	2026-09-13T21:20:29.8328172Z 
Build and inspect Linux Electron artifacts	Full correctness unit gate	2026-09-13T21:20:29.8342485Z  [32m✓[39m tests/unit/tracking-style-store-selector.test.ts [2m([22m[2m2 tests[22m[2m)[22m[32m 28[2mms[22m[39m
Build and inspect Linux Electron artifacts	Full correctness unit gate	2026-09-13T21:20:30.7254193Z  [32m✓[39m tests/unit/mission-timers.test.ts [2m([22m[2m4 tests[22m[2m)[22m[32m 4[2mms[22m[39m
Build and inspect Linux Electron artifacts	Full correctness unit gate	2026-09-13T21:20:31.6067374Z  [32m✓[39m tests/unit/appimage-offset.test.ts [2m([22m[2m4 tests[22m[2m)[22m[32m 12[2mms[22m[39m
Build and inspect Linux Electron artifacts	Full correctness unit gate	2026-09-13T21:20:32.4768466Z  [32m✓[39m tests/unit/official-map-protocol.test.ts [2m([22m[2m2 tests[22m[2m)[22m[32m 9[2mms[22m[39m
Build and inspect Linux Electron artifacts	Full correctness unit gate	2026-09-13T21:20:33.3395176Z  [32m✓[39m tests/unit/mission-model-flag.test.ts [2m([22m[2m4 tests[22m[2m)[22m[32m 4[2mms[22m[39m
Build and inspect Linux Electron artifacts	Full correctness unit gate	2026-09-13T21:20:34.2359945Z  [32m✓[39m tests/unit/official-map-source.test.ts [2m([22m[2m2 tests[22m[2m)[22m[32m 5[2mms[22m[39m
Build and inspect Linux Electron artifacts	Full correctness unit gate	2026-09-13T21:20:35.1822422Z  [32m✓[39m tests/unit/replay-map-worker.test.ts [2m([22m[2m3 tests[22m[2m)[22m[32m 77[2mms[22m[39m
Build and inspect Linux Electron artifacts	Full correctness unit gate	2026-09-13T21:20:36.0715601Z  [32m✓[39m tests/unit/electron-transferred-file-handle-cleanup.test.ts [2m([22m[2m2 tests[22m[2m)[22m[32m 21[2mms[22m[39m
Build and inspect Linux Electron artifacts	Full correctness unit gate	2026-09-13T21:20:36.9428235Z  [32m✓[39m tests/unit/electron-archive-secret-lifetime.test.ts [2m([22m[2m2 tests[22m[2m)[22m[32m 5[2mms[22m[39m
Build and inspect Linux Electron artifacts	Full correctness unit gate	2026-09-13T21:20:37.8257107Z  [32m✓[39m tests/unit/electron-traccar-fetch.test.ts [2m([22m[2m2 tests[22m[2m)[22m[32m 11[2mms[22m[39m
Build and inspect Linux Electron artifacts	Full correctness unit gate	2026-09-13T21:20:38.7081607Z  [32m✓[39m tests/unit/foreground-write-priority.test.ts [2m([22m[2m3 tests[22m[2m)[22m[32m 19[2mms[22m[39m
Build and inspect Linux Electron artifacts	Full correctness unit gate	2026-09-13T21:20:39.5864234Z  [32m✓[39m tests/unit/electron-finalization-boundary-consumers.test.ts [2m([22m[2m13 tests[22m[2m)[22m[32m 10[2mms[22m[39m
Build and inspect Linux Electron artifacts	Full correctness unit gate	2026-09-13T21:20:40.4596213Z  [32m✓[39m tests/unit/coverage-flag.test.ts [2m([22m[2m3 tests[22m[2m)[22m[32m 4[2mms[22m[39m
Build and inspect Linux Electron artifacts	Full correctness unit gate	2026-09-13T21:20:41.3451701Z  [32m✓[39m tests/unit/official-map-export.test.ts [2m([22m[2m2 tests[22m[2m)[22m[32m 7[2mms[22m[39m
Build and inspect Linux Electron artifacts	Full correctness unit gate	2026-09-13T21:20:42.2490705Z  [32m✓[39m tests/unit/tauri-traccar-fetch.test.ts [2m([22m[2m1 test[22m[2m)[22m[32m 9[2mms[22m[39m
Build and inspect Linux Electron artifacts	Full correctness unit gate	2026-09-13T21:20:43.2313051Z  [32m✓[39m tests/unit/electron-archive-review-result-budget.test.ts [2m([22m[2m9 tests[22m[2m)[22m[32m 123[2mms[22m[39m
Build and inspect Linux Electron artifacts	Full correctness unit gate	2026-09-13T21:20:44.1523357Z  [32m✓[39m tests/unit/electron-archive-cleanup-preview.test.ts [2m([22m[2m2 tests[22m[2m)[22m[32m 58[2mms[22m[39m
Build and inspect Linux Electron artifacts	Full correctness unit gate	2026-09-13T21:20:45.1379743Z  [32m✓[39m tests/unit/map-style.test.ts [2m([22m[2m3 tests[22m[2m)[22m[32m 5[2mms[22m[39m
Build and inspect Linux Electron artifacts	Full correctness unit gate	2026-09-13T21:20:46.0139403Z  [32m✓[39m tests/unit/linux-package-policy.test.ts [2m([22m[2m7 tests[22m[2m)[22m[32m 8[2mms[22m[39m
Build and inspect Linux Electron artifacts	Full correctness unit gate	2026-09-13T21:20:46.8891678Z  [32m✓[39m tests/unit/electron-archive-output-settlement.test.ts [2m([22m[2m2 tests[22m[2m)[22m[32m 9[2mms[22m[39m
Build and inspect Linux Electron artifacts	Full correctness unit gate	2026-09-13T21:20:47.7589066Z  [32m✓[39m tests/unit/read-gpx-import-pages.test.ts [2m([22m[2m2 tests[22m[2m)[22m[32m 7[2mms[22m[39m
Build and inspect Linux Electron artifacts	Full correctness unit gate	2026-09-13T21:20:48.6304293Z  [32m✓[39m tests/unit/mission-coverage-scope.test.ts [2m([22m[2m2 tests[22m[2m)[22m[32m 5[2mms[22m[39m
Build and inspect Linux Electron artifacts	Full correctness unit gate	2026-09-13T21:20:49.5119720Z  [32m✓[39m tests/unit/measurement-geojson.test.ts [2m([22m[2m3 tests[22m[2m)[22m[32m 7[2mms[22m[39m
Build and inspect Linux Electron artifacts	Full correctness unit gate	2026-09-13T21:20:51.3573117Z  [32m✓[39m tests/unit/linux-package-toolchain.test.ts [2m([22m[2m3 tests[22m[2m)[22m[33m 988[2mms[22m[39m
Build and inspect Linux Electron artifacts	Full correctness unit gate	2026-09-13T21:20:51.3575817Z      [33m[2m✓[22m[39m requires exact declared versions and the pinned builder internal API [33m 982[2mms[22m[39m
Build and inspect Linux Electron artifacts	Full correctness unit gate	2026-09-13T21:20:52.4954100Z  [32m✓[39m tests/unit/mission-browser-harness-gating.test.ts [2m([22m[2m4 tests[22m[2m)[22m[32m 4[2mms[22m[39m
Build and inspect Linux Electron artifacts	Full correctness unit gate	2026-09-13T21:20:53.3621083Z  [32m✓[39m tests/unit/map-preferences.test.ts [2m([22m[2m5 tests[22m[2m)[22m[32m 7[2mms[22m[39m
Build and inspect Linux Electron artifacts	Full correctness unit gate	2026-09-13T21:20:54.2808171Z  [32m✓[39m tests/unit/electron-gpx-source-reader.test.ts [2m([22m[2m1 test[22m[2m)[22m[32m 56[2mms[22m[39m
Build and inspect Linux Electron artifacts	Full correctness unit gate	2026-09-13T21:20:55.1450056Z  [32m✓[39m tests/unit/register-service-worker.test.ts [2m([22m[2m2 tests[22m[2m)[22m[32m 9[2mms[22m[39m
Build and inspect Linux Electron artifacts	Full correctness unit gate	2026-09-13T21:20:56.1465097Z [90mstderr[2m | tests/unit/theme-toggle.test.tsx[2m > [22m[2mapplies the selected theme and persists the actual operator toggle
Build and inspect Linux Electron artifacts	Full correctness unit gate	2026-09-13T21:20:56.1466867Z [22m[39mThe current testing environment is not configured to support act(...)
Build and inspect Linux Electron artifacts	Full correctness unit gate	2026-09-13T21:20:56.1468586Z The current testing environment is not configured to support act(...)
Build and inspect Linux Electron artifacts	Full correctness unit gate	2026-09-13T21:20:56.1469647Z The current testing environment is not configured to support act(...)
Build and inspect Linux Electron artifacts	Full correctness unit gate	2026-09-13T21:20:56.1470699Z The current testing environment is not configured to support act(...)
Build and inspect Linux Electron artifacts	Full correctness unit gate	2026-09-13T21:20:56.1471250Z 
Build and inspect Linux Electron artifacts	Full correctness unit gate	2026-09-13T21:20:56.1586854Z [90mstderr[2m | tests/unit/theme-toggle.test.tsx[2m > [22m[2mkeeps the applied theme and exposes a failed preference write
Build and inspect Linux Electron artifacts	Full correctness unit gate	2026-09-13T21:20:56.1588992Z [22m[39mThe current testing environment is not configured to support act(...)
Build and inspect Linux Electron artifacts	Full correctness unit gate	2026-09-13T21:20:56.1590471Z The current testing environment is not configured to support act(...)
Build and inspect Linux Electron artifacts	Full correctness unit gate	2026-09-13T21:20:56.1591854Z The current testing environment is not configured to support act(...)
Build and inspect Linux Electron artifacts	Full correctness unit gate	2026-09-13T21:20:56.1593529Z The current testing environment is not configured to support act(...)
Build and inspect Linux Electron artifacts	Full correctness unit gate	2026-09-13T21:20:56.1594389Z 
Build and inspect Linux Electron artifacts	Full correctness unit gate	2026-09-13T21:20:56.1601623Z  [32m✓[39m tests/unit/theme-toggle.test.tsx [2m([22m[2m2 tests[22m[2m)[22m[32m 55[2mms[22m[39m
Build and inspect Linux Electron artifacts	Full correctness unit gate	2026-09-13T21:20:57.0179195Z  [32m✓[39m tests/unit/electron-coverage-tile-cache-ledger.test.ts [2m([22m[2m2 tests[22m[2m)[22m[32m 4[2mms[22m[39m
Build and inspect Linux Electron artifacts	Full correctness unit gate	2026-09-13T21:20:57.9079847Z  [32m✓[39m tests/unit/electron-archive-restored-digest.test.ts [2m([22m[2m1 test[22m[2m)[22m[32m 15[2mms[22m[39m
Build and inspect Linux Electron artifacts	Full correctness unit gate	2026-09-13T21:20:58.7974872Z  [32m✓[39m tests/unit/operator-time.test.ts [2m([22m[2m4 tests[22m[2m)[22m[32m 19[2mms[22m[39m
Build and inspect Linux Electron artifacts	Full correctness unit gate	2026-09-13T21:20:59.6655247Z  [32m✓[39m tests/unit/electron-archive-review-cleanup-ownership.test.ts [2m([22m[2m1 test[22m[2m)[22m[32m 6[2mms[22m[39m
Build and inspect Linux Electron artifacts	Full correctness unit gate	2026-09-13T21:21:00.5827859Z  [32m✓[39m tests/unit/electron-official-map-no-coverage.test.ts [2m([22m[2m2 tests[22m[2m)[22m[32m 27[2mms[22m[39m
Build and inspect Linux Electron artifacts	Full correctness unit gate	2026-09-13T21:21:01.4666963Z  [32m✓[39m tests/unit/exact-breadcrumb-dot-manual.test.ts [2m([22m[2m1 test[22m[2m)[22m[32m 6[2mms[22m[39m
Build and inspect Linux Electron artifacts	Full correctness unit gate	2026-09-13T21:21:02.6086013Z [90mstderr[2m | tests/unit/hidden-current-display-warning.test.ts[2m > [22m[2mdescribes hidden device display choices without inventing current fixes
Build and inspect Linux Electron artifacts	Full correctness unit gate	2026-09-13T21:21:02.6088090Z [22m[39mThe current testing environment is not configured to support act(...)
Build and inspect Linux Electron artifacts	Full correctness unit gate	2026-09-13T21:21:02.6089269Z The current testing environment is not configured to support act(...)
Build and inspect Linux Electron artifacts	Full correctness unit gate	2026-09-13T21:21:02.6089833Z 
Build and inspect Linux Electron artifacts	Full correctness unit gate	2026-09-13T21:21:02.6100050Z  [32m✓[39m tests/unit/hidden-current-display-warning.test.ts [2m([22m[2m1 test[22m[2m)[22m[32m 25[2mms[22m[39m
Build and inspect Linux Electron artifacts	Full correctness unit gate	2026-09-13T21:21:03.4810260Z  [32m✓[39m tests/unit/electron-support-report-store.test.ts [2m([22m[2m1 test[22m[2m)[22m[32m 8[2mms[22m[39m
Build and inspect Linux Electron artifacts	Full correctness unit gate	2026-09-13T21:21:04.3555663Z  [32m✓[39m tests/unit/renderer-teardown-wiring.test.ts [2m([22m[2m3 tests[22m[2m)[22m[32m 4[2mms[22m[39m
Build and inspect Linux Electron artifacts	Full correctness unit gate	2026-09-13T21:21:05.2357751Z  [32m✓[39m tests/unit/assurance/war-02a/fault-plan.test.ts [2m([22m[2m7 tests[22m[2m)[22m[32m 9[2mms[22m[39m
Build and inspect Linux Electron artifacts	Full correctness unit gate	2026-09-13T21:21:06.1235107Z  [32m✓[39m tests/unit/electron-archive-workload-watchdog.test.ts [2m([22m[2m11 tests[22m[2m)[22m[32m 5[2mms[22m[39m
Build and inspect Linux Electron artifacts	Full correctness unit gate	2026-09-13T21:21:07.0187479Z  [32m✓[39m tests/unit/electron-gpx-import-source.test.ts [2m([22m[2m1 test[22m[2m)[22m[32m 7[2mms[22m[39m
Build and inspect Linux Electron artifacts	Full correctness unit gate	2026-09-13T21:21:07.8927874Z  [32m✓[39m tests/unit/apply-map-style-preserving-camera.test.ts [2m([22m[2m1 test[22m[2m)[22m[32m 7[2mms[22m[39m
Build and inspect Linux Electron artifacts	Full correctness unit gate	2026-09-13T21:21:08.7702402Z  [32m✓[39m tests/unit/map-scale-readout.test.ts [2m([22m[2m3 tests[22m[2m)[22m[32m 4[2mms[22m[39m
Build and inspect Linux Electron artifacts	Full correctness unit gate	2026-09-13T21:21:09.6398111Z  [32m✓[39m tests/unit/electron-tracking-cache.test.ts [2m([22m[2m1 test[22m[2m)[22m[32m 7[2mms[22m[39m
Build and inspect Linux Electron artifacts	Full correctness unit gate	2026-09-13T21:21:10.5105947Z  [32m✓[39m tests/unit/audit-events.test.ts [2m([22m[2m3 tests[22m[2m)[22m[32m 6[2mms[22m[39m
Build and inspect Linux Electron artifacts	Full correctness unit gate	2026-09-13T21:21:11.3811404Z  [32m✓[39m tests/unit/coverage-tile-address.test.ts [2m([22m[2m1 test[22m[2m)[22m[32m 5[2mms[22m[39m
Build and inspect Linux Electron artifacts	Full correctness unit gate	2026-09-13T21:21:12.2565990Z  [32m✓[39m tests/unit/electron-layer-catalog-store.test.ts [2m([22m[2m2 tests[22m[2m)[22m[32m 7[2mms[22m[39m
Build and inspect Linux Electron artifacts	Full correctness unit gate	2026-09-13T21:21:19.7244336Z  [32m✓[39m tests/unit/assurance/war-02a/negative-controls.test.ts [2m([22m[2m1 test[22m[2m)[22m[33m 7319[2mms[22m[39m
Build and inspect Linux Electron artifacts	Full correctness unit gate	2026-09-13T21:21:19.7245435Z    [33m[2m✓[22m[39m keeps both historical controls falsifiable in the normal source gate [33m 7317[2mms[22m[39m
Build and inspect Linux Electron artifacts	Full correctness unit gate	2026-09-13T21:21:20.5799054Z  [32m✓[39m tests/unit/electron-marker-attachment-store.test.ts [2m([22m[2m1 test[22m[2m)[22m[32m 7[2mms[22m[39m
Build and inspect Linux Electron artifacts	Full correctness unit gate	2026-09-13T21:21:21.4471007Z  [32m✓[39m tests/unit/map-health.test.ts [2m([22m[2m4 tests[22m[2m)[22m[32m 5[2mms[22m[39m
Build and inspect Linux Electron artifacts	Full correctness unit gate	2026-09-13T21:21:22.3284237Z  [32m✓[39m tests/unit/tauri-tracking-cache.test.ts [2m([22m[2m1 test[22m[2m)[22m[32m 8[2mms[22m[39m
Build and inspect Linux Electron artifacts	Full correctness unit gate	2026-09-13T21:21:23.1949242Z  [32m✓[39m tests/unit/electron-mission-replay-message-policy.test.ts [2m([22m[2m2 tests[22m[2m)[22m[32m 8[2mms[22m[39m
Build and inspect Linux Electron artifacts	Full correctness unit gate	2026-09-13T21:21:24.0679869Z  [32m✓[39m tests/unit/vite-manual-chunks.test.ts [2m([22m[2m4 tests[22m[2m)[22m[32m 4[2mms[22m[39m
Build and inspect Linux Electron artifacts	Full correctness unit gate	2026-09-13T21:21:24.9579237Z  [32m✓[39m tests/unit/generate-app-version-contract.test.ts [2m([22m[2m2 tests[22m[2m)[22m[32m 4[2mms[22m[39m
Build and inspect Linux Electron artifacts	Full correctness unit gate	2026-09-13T21:21:26.0557874Z  [32m✓[39m tests/unit/electron-mission-worker.test.ts [2m([22m[2m1 test[22m[2m)[22m[32m 228[2mms[22m[39m
Build and inspect Linux Electron artifacts	Full correctness unit gate	2026-09-13T21:21:26.9169604Z  [32m✓[39m tests/unit/participant-envelope.test.ts [2m([22m[2m2 tests[22m[2m)[22m[32m 5[2mms[22m[39m
Build and inspect Linux Electron artifacts	Full correctness unit gate	2026-09-13T21:21:27.8004240Z  [32m✓[39m tests/unit/outing-schedule.test.ts [2m([22m[2m5 tests[22m[2m)[22m[32m 6[2mms[22m[39m
Build and inspect Linux Electron artifacts	Full correctness unit gate	2026-09-13T21:21:40.3928951Z  [32m✓[39m tests/unit/assurance/war-06/negative-controls.test.ts [2m([22m[2m1 test[22m[2m)[22m[33m 12440[2mms[22m[39m
Build and inspect Linux Electron artifacts	Full correctness unit gate	2026-09-13T21:21:40.3940809Z    [33m[2m✓[22m[39m keeps all WAR-06 repair oracles falsifiable [33m 12438[2mms[22m[39m
Build and inspect Linux Electron artifacts	Full correctness unit gate	2026-09-13T21:21:41.2528946Z  [32m✓[39m tests/unit/participant-mission-context.test.ts [2m([22m[2m2 tests[22m[2m)[22m[32m 4[2mms[22m[39m
Build and inspect Linux Electron artifacts	Full correctness unit gate	2026-09-13T21:21:42.1404773Z  [32m✓[39m tests/unit/runtime-cleanup.test.ts [2m([22m[2m1 test[22m[2m)[22m[32m 8[2mms[22m[39m
Build and inspect Linux Electron artifacts	Full correctness unit gate	2026-09-13T21:21:43.0190454Z  [32m✓[39m tests/unit/breadcrumb-pr1-manual.test.ts [2m([22m[2m1 test[22m[2m)[22m[32m 6[2mms[22m[39m
Build and inspect Linux Electron artifacts	Full correctness unit gate	2026-09-13T21:21:43.8909878Z  [32m✓[39m tests/unit/app-version.test.ts [2m([22m[2m3 tests[22m[2m)[22m[32m 4[2mms[22m[39m
Build and inspect Linux Electron artifacts	Full correctness unit gate	2026-09-13T21:21:44.7831879Z  [32m✓[39m tests/unit/lpb-data.test.ts [2m([22m[2m2 tests[22m[2m)[22m[32m 6[2mms[22m[39m
Build and inspect Linux Electron artifacts	Full correctness unit gate	2026-09-13T21:21:45.6694502Z  [32m✓[39m tests/unit/map-location-target-style.test.ts [2m([22m[2m1 test[22m[2m)[22m[32m 3[2mms[22m[39m
Build and inspect Linux Electron artifacts	Full correctness unit gate	2026-09-13T21:21:46.5442518Z  [32m✓[39m tests/unit/desktop-runtime.test.ts [2m([22m[2m1 test[22m[2m)[22m[32m 4[2mms[22m[39m
Build and inspect Linux Electron artifacts	Full correctness unit gate	2026-09-13T21:21:47.4449430Z  [32m✓[39m tests/unit/operational-contrast-css.test.ts [2m([22m[2m2 tests[22m[2m)[22m[32m 4[2mms[22m[39m
Build and inspect Linux Electron artifacts	Full correctness unit gate	2026-09-13T21:21:48.3334654Z  [32m✓[39m tests/unit/theme-preference.test.ts [2m([22m[2m2 tests[22m[2m)[22m[32m 8[2mms[22m[39m
Build and inspect Linux Electron artifacts	Full correctness unit gate	2026-09-13T21:21:49.2021528Z  [32m✓[39m tests/unit/project-replay-map-async.test.ts [2m([22m[2m1 test[22m[2m)[22m[32m 8[2mms[22m[39m
Build and inspect Linux Electron artifacts	Full correctness unit gate	2026-09-13T21:21:50.0778239Z  [32m✓[39m tests/unit/focus-mode-store.test.ts [2m([22m[2m3 tests[22m[2m)[22m[32m 6[2mms[22m[39m
Build and inspect Linux Electron artifacts	Full correctness unit gate	2026-09-13T21:21:50.9600354Z  [32m✓[39m tests/unit/outing-store.test.ts [2m([22m[2m1 test[22m[2m)[22m[32m 5[2mms[22m[39m
Build and inspect Linux Electron artifacts	Full correctness unit gate	2026-09-13T21:21:51.8204532Z  [32m✓[39m tests/unit/tracking-color.test.ts [2m([22m[2m3 tests[22m[2m)[22m[32m 4[2mms[22m[39m
Build and inspect Linux Electron artifacts	Full correctness unit gate	2026-09-13T21:21:52.7020727Z  [32m✓[39m tests/unit/outing-overlap-policy.test.ts [2m([22m[2m4 tests[22m[2m)[22m[32m 4[2mms[22m[39m
Build and inspect Linux Electron artifacts	Full correctness unit gate	2026-09-13T21:21:53.5839480Z  [32m✓[39m tests/unit/coordinate-preferences.test.ts [2m([22m[2m2 tests[22m[2m)[22m[32m 4[2mms[22m[39m
Build and inspect Linux Electron artifacts	Full correctness unit gate	2026-09-13T21:21:54.4682961Z  [32m✓[39m tests/unit/bundle-budgets.test.ts [2m([22m[2m3 tests[22m[2m)[22m[32m 5[2mms[22m[39m
Build and inspect Linux Electron artifacts	Full correctness unit gate	2026-09-13T21:21:55.3284715Z  [32m✓[39m tests/unit/map-renderer-mode.test.ts [2m([22m[2m2 tests[22m[2m)[22m[32m 4[2mms[22m[39m
Build and inspect Linux Electron artifacts	Full correctness unit gate	2026-09-13T21:21:56.2033008Z  [32m✓[39m tests/unit/breadcrumb-coverage-visibility.test.ts [2m([22m[2m2 tests[22m[2m)[22m[32m 4[2mms[22m[39m
Build and inspect Linux Electron artifacts	Full correctness unit gate	2026-09-13T21:21:57.0704357Z  [32m✓[39m tests/unit/mission-archive-error.test.ts [2m([22m[2m1 test[22m[2m)[22m[32m 4[2mms[22m[39m
Build and inspect Linux Electron artifacts	Full correctness unit gate	2026-09-13T21:21:57.9275922Z  [32m✓[39m tests/unit/mission-review-selection-contrast.test.ts [2m([22m[2m1 test[22m[2m)[22m[32m 3[2mms[22m[39m
Build and inspect Linux Electron artifacts	Full correctness unit gate	2026-09-13T21:21:58.8876073Z  [32m✓[39m tests/unit/map-operational-cursor.test.ts [2m([22m[2m1 test[22m[2m)[22m[32m 5[2mms[22m[39m
Build and inspect Linux Electron artifacts	Full correctness unit gate	2026-09-13T21:22:00.0086806Z  [32m✓[39m tests/unit/scaffold-smoke.test.ts [2m([22m[2m1 test[22m[2m)[22m[32m 4[2mms[22m[39m
Build and inspect Linux Electron artifacts	Full correctness unit gate	2026-09-13T21:22:00.9856705Z  [32m✓[39m tests/unit/vite-config.test.ts [2m([22m[2m1 test[22m[2m)[22m[32m 4[2mms[22m[39m
Build and inspect Linux Electron artifacts	Full correctness unit gate	2026-09-13T21:22:00.9981670Z 
Build and inspect Linux Electron artifacts	Full correctness unit gate	2026-09-13T21:22:00.9982488Z [31m⎯⎯⎯⎯⎯⎯⎯[39m[1m[41m Failed Tests 1 [49m[22m[31m⎯⎯⎯⎯⎯⎯⎯[39m
Build and inspect Linux Electron artifacts	Full correctness unit gate	2026-09-13T21:22:00.9983208Z 
Build and inspect Linux Electron artifacts	Full correctness unit gate	2026-09-13T21:22:00.9987069Z [41m[1m FAIL [22m[49m tests/unit/electron-linux-renderer-workflows.test.ts[2m > [22mLinux Electron renderer workflows [DON-260][2m > [22mchecks out and proves the exact PR head before packaged PR6 archive qualification
Build and inspect Linux Electron artifacts	Full correctness unit gate	2026-09-13T21:22:01.0010923Z [31m[1mAssertionError[22m: expected 'set -euo pipefail\nACTUAL_SOURCE_SHA=…' to contain 'git rev-parse HEAD^{tree}'[39m
Build and inspect Linux Electron artifacts	Full correctness unit gate	2026-09-13T21:22:01.0011553Z 
Build and inspect Linux Electron artifacts	Full correctness unit gate	2026-09-13T21:22:01.0011778Z [32m- Expected[39m
Build and inspect Linux Electron artifacts	Full correctness unit gate	2026-09-13T21:22:01.0012083Z [31m+ Received[39m
Build and inspect Linux Electron artifacts	Full correctness unit gate	2026-09-13T21:22:01.0012236Z 
Build and inspect Linux Electron artifacts	Full correctness unit gate	2026-09-13T21:22:01.0012456Z [32m- git rev-parse HEAD^{tree}[39m
Build and inspect Linux Electron artifacts	Full correctness unit gate	2026-09-13T21:22:01.0013223Z [31m+ set -euo pipefail[39m
Build and inspect Linux Electron artifacts	Full correctness unit gate	2026-09-13T21:22:01.0013916Z [31m+ ACTUAL_SOURCE_SHA="$(git rev-parse HEAD)"[39m
Build and inspect Linux Electron artifacts	Full correctness unit gate	2026-09-13T21:22:01.0014589Z [31m+ [7mSOURCE_TREE_SHA="$([27mgit rev-parse [7m'[27mHEAD^{tree}[7m')"[27m[39m
Build and inspect Linux Electron artifacts	Full correctness unit gate	2026-09-13T21:22:01.0015246Z [31m+ SOURCE_DIRTY="$(git status --porcelain --untracked-files=all)"[39m
Build and inspect Linux Electron artifacts	Full correctness unit gate	2026-09-13T21:22:01.0015841Z [31m+ if [ "$ACTUAL_SOURCE_SHA" != "$EXPECTED_SOURCE_SHA" ]; then[39m
Build and inspect Linux Electron artifacts	Full correctness unit gate	2026-09-13T21:22:01.0016865Z [31m+   echo "::error::Checked-out source head does not match EXPECTED_SOURCE_SHA."[39m
Build and inspect Linux Electron artifacts	Full correctness unit gate	2026-09-13T21:22:01.0017325Z [31m+   exit 1[39m
Build and inspect Linux Electron artifacts	Full correctness unit gate	2026-09-13T21:22:01.0017558Z [31m+ fi[39m
Build and inspect Linux Electron artifacts	Full correctness unit gate	2026-09-13T21:22:01.0017863Z [31m+ if [ -n "$SOURCE_DIRTY" ]; then[39m
Build and inspect Linux Electron artifacts	Full correctness unit gate	2026-09-13T21:22:01.0018360Z [31m+   echo "::error::Checked-out source tree is not clean."[39m
Build and inspect Linux Electron artifacts	Full correctness unit gate	2026-09-13T21:22:01.0018726Z [31m+   exit 1[39m
Build and inspect Linux Electron artifacts	Full correctness unit gate	2026-09-13T21:22:01.0018950Z [31m+ fi[39m
Build and inspect Linux Electron artifacts	Full correctness unit gate	2026-09-13T21:22:01.0019318Z [31m+ mkdir -p tmp/electron-validation-evidence[39m
Build and inspect Linux Electron artifacts	Full correctness unit gate	2026-09-13T21:22:01.0019769Z [31m+ export ACTUAL_SOURCE_SHA SOURCE_TREE_SHA[39m
Build and inspect Linux Electron artifacts	Full correctness unit gate	2026-09-13T21:22:01.0020188Z [31m+ node --input-type=module <<'NODE' \[39m
Build and inspect Linux Electron artifacts	Full correctness unit gate	2026-09-13T21:22:01.0021017Z [31m+   > tmp/electron-validation-evidence/source-binding.json[39m
Build and inspect Linux Electron artifacts	Full correctness unit gate	2026-09-13T21:22:01.0021427Z [31m+ const binding = {[39m
Build and inspect Linux Electron artifacts	Full correctness unit gate	2026-09-13T21:22:01.0021885Z [31m+   schema: 'sartracker-electron-linux-source-binding-v1',[39m
Build and inspect Linux Electron artifacts	Full correctness unit gate	2026-09-13T21:22:01.0022429Z [31m+   repositoryHead: process.env.ACTUAL_SOURCE_SHA,[39m
Build and inspect Linux Electron artifacts	Full correctness unit gate	2026-09-13T21:22:01.0023593Z [31m+   repositoryTree: process.env.SOURCE_TREE_SHA,[39m
Build and inspect Linux Electron artifacts	Full correctness unit gate	2026-09-13T21:22:01.0024341Z [31m+   repositoryDirty: false,[39m
Build and inspect Linux Electron artifacts	Full correctness unit gate	2026-09-13T21:22:01.0024860Z [31m+ }[39m
Build and inspect Linux Electron artifacts	Full correctness unit gate	2026-09-13T21:22:01.0025645Z [31m+ process.stdout.write(`${JSON.stringify(binding, null, 2)}\n`)[39m
Build and inspect Linux Electron artifacts	Full correctness unit gate	2026-09-13T21:22:01.0026199Z [31m+ NODE[39m
Build and inspect Linux Electron artifacts	Full correctness unit gate	2026-09-13T21:22:01.0026417Z [31m+[39m
Build and inspect Linux Electron artifacts	Full correctness unit gate	2026-09-13T21:22:01.0026534Z 
Build and inspect Linux Electron artifacts	Full correctness unit gate	2026-09-13T21:22:01.0026981Z [36m [2m❯[22m tests/unit/electron-linux-renderer-workflows.test.ts:[2m197:25[22m[39m
Build and inspect Linux Electron artifacts	Full correctness unit gate	2026-09-13T21:22:01.0046518Z     [90m195|[39m     expect(checkout.with).toMatchObject({ ref: '${{ env.EXPECTED_SOURC…
Build and inspect Linux Electron artifacts	Full correctness unit gate	2026-09-13T21:22:01.0047636Z     [90m196|[39m     [34mexpect[39m(binding[33m.[39mrun)[33m.[39m[34mtoContain[39m([32m'git rev-parse HEAD'[39m)
Build and inspect Linux Electron artifacts	Full correctness unit gate	2026-09-13T21:22:01.0048773Z     [90m197|[39m     [34mexpect[39m(binding[33m.[39mrun)[33m.[39m[34mtoContain[39m([32m'git rev-parse HEAD^{tree}'[39m)
Build and inspect Linux Electron artifacts	Full correctness unit gate	2026-09-13T21:22:01.0049488Z     [90m   |[39m                         [31m^[39m
Build and inspect Linux Electron artifacts	Full correctness unit gate	2026-09-13T21:22:01.0050307Z     [90m198|[39m     [34mexpect[39m(binding[33m.[39mrun)[33m.[39m[34mtoContain[39m([32m'git status --porcelain'[39m)
Build and inspect Linux Electron artifacts	Full correctness unit gate	2026-09-13T21:22:01.0051224Z     [90m199|[39m     [34mexpect[39m(binding[33m.[39mrun)[33m.[39m[34mtoContain[39m([32m'source-binding.json'[39m)
Build and inspect Linux Electron artifacts	Full correctness unit gate	2026-09-13T21:22:01.0051645Z 
Build and inspect Linux Electron artifacts	Full correctness unit gate	2026-09-13T21:22:01.0051892Z [31m[2m⎯⎯⎯⎯⎯⎯⎯⎯⎯⎯⎯⎯⎯⎯⎯⎯⎯⎯⎯⎯⎯⎯⎯⎯[1/1]⎯[22m[39m
Build and inspect Linux Electron artifacts	Full correctness unit gate	2026-09-13T21:22:01.0052102Z 
Build and inspect Linux Electron artifacts	Full correctness unit gate	2026-09-13T21:22:01.0054502Z 
Build and inspect Linux Electron artifacts	Full correctness unit gate	2026-09-13T21:22:01.0070190Z [2m Test Files [22m [1m[31m1 failed[39m[22m[2m | [22m[1m[32m455 passed[39m[22m[90m (456)[39m
Build and inspect Linux Electron artifacts	Full correctness unit gate	2026-09-13T21:22:01.0111356Z [2m      Tests [22m [1m[31m1 failed[39m[22m[2m | [22m[1m[32m4848 passed[39m[22m[2m | [22m[33m6 skipped[39m[90m (4855)[39m
Build and inspect Linux Electron artifacts	Full correctness unit gate	2026-09-13T21:22:01.0112820Z [2m   Start at [22m 21:04:38
Build and inspect Linux Electron artifacts	Full correctness unit gate	2026-09-13T21:22:01.0118109Z [2m   Duration [22m 1042.30s[2m (transform 10.74s, setup 0ms, import 34.77s, tests 627.03s, environment 316.57s)[22m
Build and inspect Linux Electron artifacts	Full correctness unit gate	2026-09-13T21:22:01.0119624Z 
Build and inspect Linux Electron artifacts	Full correctness unit gate	2026-09-13T21:22:01.0178137Z 
Build and inspect Linux Electron artifacts	Full correctness unit gate	2026-09-13T21:22:01.0218211Z ##[error]AssertionError: expected 'set -euo pipefail\nACTUAL_SOURCE_SHA=…' to contain 'git rev-parse HEAD^{tree}'
Build and inspect Linux Electron artifacts	Full correctness unit gate	
Build and inspect Linux Electron artifacts	Full correctness unit gate	- Expected
Build and inspect Linux Electron artifacts	Full correctness unit gate	+ Received
Build and inspect Linux Electron artifacts	Full correctness unit gate	
Build and inspect Linux Electron artifacts	Full correctness unit gate	- git rev-parse HEAD^{tree}
Build and inspect Linux Electron artifacts	Full correctness unit gate	+ set -euo pipefail
Build and inspect Linux Electron artifacts	Full correctness unit gate	+ ACTUAL_SOURCE_SHA="$(git rev-parse HEAD)"
Build and inspect Linux Electron artifacts	Full correctness unit gate	+ SOURCE_TREE_SHA="$(git rev-parse 'HEAD^{tree}')"
Build and inspect Linux Electron artifacts	Full correctness unit gate	+ SOURCE_DIRTY="$(git status --porcelain --untracked-files=all)"
Build and inspect Linux Electron artifacts	Full correctness unit gate	+ if [ "$ACTUAL_SOURCE_SHA" != "$EXPECTED_SOURCE_SHA" ]; then
Build and inspect Linux Electron artifacts	Full correctness unit gate	+   echo "::error::Checked-out source head does not match EXPECTED_SOURCE_SHA."
Build and inspect Linux Electron artifacts	Full correctness unit gate	+   exit 1
Build and inspect Linux Electron artifacts	Full correctness unit gate	+ fi
Build and inspect Linux Electron artifacts	Full correctness unit gate	+ if [ -n "$SOURCE_DIRTY" ]; then
Build and inspect Linux Electron artifacts	Full correctness unit gate	+   echo "::error::Checked-out source tree is not clean."
Build and inspect Linux Electron artifacts	Full correctness unit gate	+   exit 1
Build and inspect Linux Electron artifacts	Full correctness unit gate	+ fi
Build and inspect Linux Electron artifacts	Full correctness unit gate	+ mkdir -p tmp/electron-validation-evidence
Build and inspect Linux Electron artifacts	Full correctness unit gate	+ export ACTUAL_SOURCE_SHA SOURCE_TREE_SHA
Build and inspect Linux Electron artifacts	Full correctness unit gate	+ node --input-type=module <<'NODE' \
Build and inspect Linux Electron artifacts	Full correctness unit gate	+   > tmp/electron-validation-evidence/source-binding.json
Build and inspect Linux Electron artifacts	Full correctness unit gate	+ const binding = {
Build and inspect Linux Electron artifacts	Full correctness unit gate	+   schema: 'sartracker-electron-linux-source-binding-v1',
Build and inspect Linux Electron artifacts	Full correctness unit gate	+   repositoryHead: process.env.ACTUAL_SOURCE_SHA,
Build and inspect Linux Electron artifacts	Full correctness unit gate	+   repositoryTree: process.env.SOURCE_TREE_SHA,
Build and inspect Linux Electron artifacts	Full correctness unit gate	+   repositoryDirty: false,
Build and inspect Linux Electron artifacts	Full correctness unit gate	+ }
Build and inspect Linux Electron artifacts	Full correctness unit gate	+ process.stdout.write(`${JSON.stringify(binding, null, 2)}\n`)
Build and inspect Linux Electron artifacts	Full correctness unit gate	+ NODE
Build and inspect Linux Electron artifacts	Full correctness unit gate	+
Build and inspect Linux Electron artifacts	Full correctness unit gate	
Build and inspect Linux Electron artifacts	Full correctness unit gate	 ❯ tests/unit/electron-linux-renderer-workflows.test.ts:197:25
Build and inspect Linux Electron artifacts	Full correctness unit gate	
Build and inspect Linux Electron artifacts	Full correctness unit gate	
Build and inspect Linux Electron artifacts	Full correctness unit gate	2026-09-13T21:22:01.0927641Z ##[error]Process completed with exit code 1.
